solid Uranium STLWriter Thu 07 May 2020 09:27:02
facet normal 0.0 0.0 0.0
  outer loop
    vertex 1.8352590799331665 74.25 6.508240699768066
    vertex 1.352296233177185 73.75 6.637650489807129
    vertex 1.899999976158142 74.25 7.000000953674316
  endloop
endfacet
facet normal 0.0 0.0 0.0
  outer loop
    vertex 1.899999976158142 74.25 7.000000953674316
    vertex 1.352296233177185 73.75 6.637650489807129
    vertex 1.4000000953674316 73.75 7.000000953674316
  endloop
endfacet
facet normal 0.0 0.0 0.0
  outer loop
    vertex 1.899999976158142 74.25 7.000000953674316
    vertex 1.4000000953674316 73.75 7.000000953674316
    vertex 1.8352590799331665 74.25 7.491753578186035
  endloop
endfacet
facet normal 0.0 0.0 0.0
  outer loop
    vertex 1.8352590799331665 74.25 7.491753578186035
    vertex 1.4000000953674316 73.75 7.000000953674316
    vertex 1.352296233177185 73.75 7.362343788146973
  endloop
endfacet
facet normal 0.0 0.0 0.0
  outer loop
    vertex 1.8352590799331665 74.25 7.491753578186035
    vertex 1.352296233177185 73.75 7.362343788146973
    vertex 1.6454482078552246 74.25 7.949997901916504
  endloop
endfacet
facet normal 0.0 0.0 0.0
  outer loop
    vertex 1.6454482078552246 74.25 7.949997901916504
    vertex 1.352296233177185 73.75 7.362343788146973
    vertex 1.2124357223510742 73.75 7.699997901916504
  endloop
endfacet
facet normal 0.0 0.0 0.0
  outer loop
    vertex 1.6454482078552246 74.25 7.949997901916504
    vertex 1.2124357223510742 73.75 7.699997901916504
    vertex 1.3435029983520508 74.25 8.343499183654785
  endloop
endfacet
facet normal 0.0 0.0 0.0
  outer loop
    vertex 1.3435029983520508 74.25 8.343499183654785
    vertex 1.2124357223510742 73.75 7.699997901916504
    vertex 0.9899494647979736 73.75 7.989945411682129
  endloop
endfacet
facet normal 0.0 0.0 0.0
  outer loop
    vertex 1.3435029983520508 74.25 8.343499183654785
    vertex 0.9899494647979736 73.75 7.989945411682129
    vertex 0.949999988079071 74.25 8.645447731018066
  endloop
endfacet
facet normal 0.0 0.0 0.0
  outer loop
    vertex 0.949999988079071 74.25 8.645447731018066
    vertex 0.9899494647979736 73.75 7.989945411682129
    vertex 0.7000000476837158 73.75 8.212433815002441
  endloop
endfacet
facet normal 0.0 0.0 0.0
  outer loop
    vertex 0.949999988079071 74.25 8.645447731018066
    vertex 0.7000000476837158 73.75 8.212433815002441
    vertex 0.4917562007904053 74.25 8.835259437561035
  endloop
endfacet
facet normal 0.0 0.0 0.0
  outer loop
    vertex 0.4917562007904053 74.25 8.835259437561035
    vertex 0.7000000476837158 73.75 8.212433815002441
    vertex 0.36234673857688904 73.75 8.352295875549316
  endloop
endfacet
facet normal 0.0 0.0 0.0
  outer loop
    vertex 0.4917562007904053 74.25 8.835259437561035
    vertex 0.36234673857688904 73.75 8.352295875549316
    vertex 1.0358726854065026e-07 74.25 8.899994850158691
  endloop
endfacet
facet normal 0.0 0.0 0.0
  outer loop
    vertex 1.0358726854065026e-07 74.25 8.899994850158691
    vertex 0.36234673857688904 73.75 8.352295875549316
    vertex 1.2532329662917618e-07 73.75 8.399994850158691
  endloop
endfacet
facet normal 0.0 0.0 0.0
  outer loop
    vertex 1.0358726854065026e-07 74.25 8.899994850158691
    vertex 1.2532329662917618e-07 73.75 8.399994850158691
    vertex -0.49175602197647095 74.25 8.835259437561035
  endloop
endfacet
facet normal 0.0 0.0 0.0
  outer loop
    vertex -0.49175602197647095 74.25 8.835259437561035
    vertex 1.2532329662917618e-07 73.75 8.399994850158691
    vertex -0.36234650015830994 73.75 8.352295875549316
  endloop
endfacet
facet normal 0.0 0.0 0.0
  outer loop
    vertex -0.49175602197647095 74.25 8.835259437561035
    vertex -0.36234650015830994 73.75 8.352295875549316
    vertex -0.9499997496604919 74.25 8.645447731018066
  endloop
endfacet
facet normal 0.0 0.0 0.0
  outer loop
    vertex -0.9499997496604919 74.25 8.645447731018066
    vertex -0.36234650015830994 73.75 8.352295875549316
    vertex -0.6999998092651367 73.75 8.212433815002441
  endloop
endfacet
facet normal 0.0 0.0 0.0
  outer loop
    vertex -0.9499997496604919 74.25 8.645447731018066
    vertex -0.6999998092651367 73.75 8.212433815002441
    vertex -1.3435025215148926 74.25 8.343499183654785
  endloop
endfacet
facet normal 0.0 0.0 0.0
  outer loop
    vertex -1.3435025215148926 74.25 8.343499183654785
    vertex -0.6999998092651367 73.75 8.212433815002441
    vertex -0.9899492263793945 73.75 7.989945411682129
  endloop
endfacet
facet normal 0.0 0.0 0.0
  outer loop
    vertex -1.3435025215148926 74.25 8.343499183654785
    vertex -0.9899492263793945 73.75 7.989945411682129
    vertex -1.6454477310180664 74.25 7.949997901916504
  endloop
endfacet
facet normal 0.0 0.0 0.0
  outer loop
    vertex -1.6454477310180664 74.25 7.949997901916504
    vertex -0.9899492263793945 73.75 7.989945411682129
    vertex -1.212435245513916 73.75 7.699997901916504
  endloop
endfacet
facet normal 0.0 0.0 0.0
  outer loop
    vertex -1.6454477310180664 74.25 7.949997901916504
    vertex -1.212435245513916 73.75 7.699997901916504
    vertex -1.8352586030960083 74.25 7.491753578186035
  endloop
endfacet
facet normal 0.0 0.0 0.0
  outer loop
    vertex -1.8352586030960083 74.25 7.491753578186035
    vertex -1.212435245513916 73.75 7.699997901916504
    vertex -1.3522957563400269 73.75 7.362343788146973
  endloop
endfacet
facet normal 0.0 0.0 0.0
  outer loop
    vertex -1.8352586030960083 74.25 7.491753578186035
    vertex -1.3522957563400269 73.75 7.362343788146973
    vertex -1.8999994993209839 74.25 7.000000953674316
  endloop
endfacet
facet normal 0.0 0.0 0.0
  outer loop
    vertex -1.8999994993209839 74.25 7.000000953674316
    vertex -1.3522957563400269 73.75 7.362343788146973
    vertex -1.3999996185302734 73.75 7.000000953674316
  endloop
endfacet
facet normal 0.0 0.0 0.0
  outer loop
    vertex -1.8999994993209839 74.25 7.000000953674316
    vertex -1.3999996185302734 73.75 7.000000953674316
    vertex -1.8352586030960083 74.25 6.508240699768066
  endloop
endfacet
facet normal 0.0 0.0 0.0
  outer loop
    vertex -1.8352586030960083 74.25 6.508240699768066
    vertex -1.3999996185302734 73.75 7.000000953674316
    vertex -1.3522957563400269 73.75 6.637650489807129
  endloop
endfacet
facet normal 0.0 0.0 0.0
  outer loop
    vertex -1.8352586030960083 74.25 6.508240699768066
    vertex -1.3522957563400269 73.75 6.637650489807129
    vertex -1.6454477310180664 74.25 6.049996376037598
  endloop
endfacet
facet normal 0.0 0.0 0.0
  outer loop
    vertex -1.6454477310180664 74.25 6.049996376037598
    vertex -1.3522957563400269 73.75 6.637650489807129
    vertex -1.212435245513916 73.75 6.299996376037598
  endloop
endfacet
facet normal 0.0 0.0 0.0
  outer loop
    vertex -1.6454477310180664 74.25 6.049996376037598
    vertex -1.212435245513916 73.75 6.299996376037598
    vertex -1.3435025215148926 74.25 5.656495571136475
  endloop
endfacet
facet normal 0.0 0.0 0.0
  outer loop
    vertex -1.3435025215148926 74.25 5.656495571136475
    vertex -1.212435245513916 73.75 6.299996376037598
    vertex -0.989949107170105 73.75 6.010048866271973
  endloop
endfacet
facet normal 0.0 0.0 0.0
  outer loop
    vertex -1.3435025215148926 74.25 5.656495571136475
    vertex -0.989949107170105 73.75 6.010048866271973
    vertex -0.9499996304512024 74.25 5.354547023773193
  endloop
endfacet
facet normal 0.0 0.0 0.0
  outer loop
    vertex -0.9499996304512024 74.25 5.354547023773193
    vertex -0.989949107170105 73.75 6.010048866271973
    vertex -0.6999996900558472 73.75 5.787560939788818
  endloop
endfacet
facet normal 0.0 0.0 0.0
  outer loop
    vertex -0.9499996304512024 74.25 5.354547023773193
    vertex -0.6999996900558472 73.75 5.787560939788818
    vertex -0.4917558431625366 74.25 5.164735317230225
  endloop
endfacet
facet normal 0.0 0.0 0.0
  outer loop
    vertex -0.4917558431625366 74.25 5.164735317230225
    vertex -0.6999996900558472 73.75 5.787560939788818
    vertex -0.3623463809490204 73.75 5.647698879241943
  endloop
endfacet
facet normal 0.0 0.0 0.0
  outer loop
    vertex -0.4917558431625366 74.25 5.164735317230225
    vertex -0.3623463809490204 73.75 5.647698879241943
    vertex 2.687809228518745e-07 74.25 5.099999904632568
  endloop
endfacet
facet normal 0.0 0.0 0.0
  outer loop
    vertex 2.687809228518745e-07 74.25 5.099999904632568
    vertex -0.3623463809490204 73.75 5.647698879241943
    vertex 2.4704488055249385e-07 73.75 5.599999904632568
  endloop
endfacet
facet normal 0.0 0.0 0.0
  outer loop
    vertex 2.687809228518745e-07 74.25 5.099999904632568
    vertex 2.4704488055249385e-07 73.75 5.599999904632568
    vertex 0.4917563796043396 74.25 5.164735317230225
  endloop
endfacet
facet normal 0.0 0.0 0.0
  outer loop
    vertex 0.4917563796043396 74.25 5.164735317230225
    vertex 2.4704488055249385e-07 73.75 5.599999904632568
    vertex 0.3623468577861786 73.75 5.647698879241943
  endloop
endfacet
facet normal 0.0 0.0 0.0
  outer loop
    vertex 0.4917563796043396 74.25 5.164735317230225
    vertex 0.3623468577861786 73.75 5.647698879241943
    vertex 0.9500001072883606 74.25 5.354547023773193
  endloop
endfacet
facet normal 0.0 0.0 0.0
  outer loop
    vertex 0.9500001072883606 74.25 5.354547023773193
    vertex 0.3623468577861786 73.75 5.647698879241943
    vertex 0.7000001668930054 73.75 5.787560939788818
  endloop
endfacet
facet normal 0.0 0.0 0.0
  outer loop
    vertex 0.9500001072883606 74.25 5.354547023773193
    vertex 0.7000001668930054 73.75 5.787560939788818
    vertex 1.3435029983520508 74.25 5.656495571136475
  endloop
endfacet
facet normal 0.0 0.0 0.0
  outer loop
    vertex 1.3435029983520508 74.25 5.656495571136475
    vertex 0.7000001668930054 73.75 5.787560939788818
    vertex 0.9899495840072632 73.75 6.010048866271973
  endloop
endfacet
facet normal 0.0 0.0 0.0
  outer loop
    vertex 1.3435029983520508 74.25 5.656495571136475
    vertex 0.9899495840072632 73.75 6.010048866271973
    vertex 1.6454482078552246 74.25 6.049996376037598
  endloop
endfacet
facet normal 0.0 0.0 0.0
  outer loop
    vertex 1.6454482078552246 74.25 6.049996376037598
    vertex 0.9899495840072632 73.75 6.010048866271973
    vertex 1.2124357223510742 73.75 6.299996376037598
  endloop
endfacet
facet normal 0.0 0.0 0.0
  outer loop
    vertex 1.6454482078552246 74.25 6.049996376037598
    vertex 1.2124357223510742 73.75 6.299996376037598
    vertex 1.8352590799331665 74.25 6.508240699768066
  endloop
endfacet
facet normal 0.0 0.0 0.0
  outer loop
    vertex 1.8352590799331665 74.25 6.508240699768066
    vertex 1.2124357223510742 73.75 6.299996376037598
    vertex 1.352296233177185 73.75 6.637650489807129
  endloop
endfacet
facet normal 0.0 0.0 0.0
  outer loop
    vertex 1.352296233177185 69.25 7.362343788146973
    vertex 1.352296233177185 73.75 7.362343788146973
    vertex 1.4000000953674316 69.25 7.000000953674316
  endloop
endfacet
facet normal 0.0 0.0 0.0
  outer loop
    vertex 1.4000000953674316 69.25 7.000000953674316
    vertex 1.352296233177185 73.75 7.362343788146973
    vertex 1.4000000953674316 73.75 7.000000953674316
  endloop
endfacet
facet normal 0.0 0.0 0.0
  outer loop
    vertex 1.4000000953674316 69.25 7.000000953674316
    vertex 1.4000000953674316 73.75 7.000000953674316
    vertex 1.352296233177185 69.25 6.637650489807129
  endloop
endfacet
facet normal 0.0 0.0 0.0
  outer loop
    vertex 1.352296233177185 69.25 6.637650489807129
    vertex 1.4000000953674316 73.75 7.000000953674316
    vertex 1.352296233177185 73.75 6.637650489807129
  endloop
endfacet
facet normal 0.0 0.0 0.0
  outer loop
    vertex 1.352296233177185 69.25 6.637650489807129
    vertex 1.352296233177185 73.75 6.637650489807129
    vertex 1.2124357223510742 69.25 6.299996376037598
  endloop
endfacet
facet normal 0.0 0.0 0.0
  outer loop
    vertex 1.2124357223510742 69.25 6.299996376037598
    vertex 1.352296233177185 73.75 6.637650489807129
    vertex 1.2124357223510742 73.75 6.299996376037598
  endloop
endfacet
facet normal 0.0 0.0 0.0
  outer loop
    vertex 1.2124357223510742 69.25 6.299996376037598
    vertex 1.2124357223510742 73.75 6.299996376037598
    vertex 0.9899495840072632 69.25 6.010048866271973
  endloop
endfacet
facet normal 0.0 0.0 0.0
  outer loop
    vertex 0.9899495840072632 69.25 6.010048866271973
    vertex 1.2124357223510742 73.75 6.299996376037598
    vertex 0.9899495840072632 73.75 6.010048866271973
  endloop
endfacet
facet normal 0.0 0.0 0.0
  outer loop
    vertex 0.9899495840072632 69.25 6.010048866271973
    vertex 0.9899495840072632 73.75 6.010048866271973
    vertex 0.7000001668930054 69.25 5.787560939788818
  endloop
endfacet
facet normal 0.0 0.0 0.0
  outer loop
    vertex 0.7000001668930054 69.25 5.787560939788818
    vertex 0.9899495840072632 73.75 6.010048866271973
    vertex 0.7000001668930054 73.75 5.787560939788818
  endloop
endfacet
facet normal 0.0 0.0 0.0
  outer loop
    vertex 0.7000001668930054 69.25 5.787560939788818
    vertex 0.7000001668930054 73.75 5.787560939788818
    vertex 0.3623468577861786 69.25 5.647698879241943
  endloop
endfacet
facet normal 0.0 0.0 0.0
  outer loop
    vertex 0.3623468577861786 69.25 5.647698879241943
    vertex 0.7000001668930054 73.75 5.787560939788818
    vertex 0.3623468577861786 73.75 5.647698879241943
  endloop
endfacet
facet normal 0.0 0.0 0.0
  outer loop
    vertex 0.3623468577861786 69.25 5.647698879241943
    vertex 0.3623468577861786 73.75 5.647698879241943
    vertex 2.4704488055249385e-07 69.25 5.599999904632568
  endloop
endfacet
facet normal 0.0 0.0 0.0
  outer loop
    vertex 2.4704488055249385e-07 69.25 5.599999904632568
    vertex 0.3623468577861786 73.75 5.647698879241943
    vertex 2.4704488055249385e-07 73.75 5.599999904632568
  endloop
endfacet
facet normal 0.0 0.0 0.0
  outer loop
    vertex 2.4704488055249385e-07 69.25 5.599999904632568
    vertex 2.4704488055249385e-07 73.75 5.599999904632568
    vertex -0.3623463809490204 69.25 5.647698879241943
  endloop
endfacet
facet normal 0.0 0.0 0.0
  outer loop
    vertex -0.3623463809490204 69.25 5.647698879241943
    vertex 2.4704488055249385e-07 73.75 5.599999904632568
    vertex -0.3623463809490204 73.75 5.647698879241943
  endloop
endfacet
facet normal 0.0 0.0 0.0
  outer loop
    vertex -0.3623463809490204 69.25 5.647698879241943
    vertex -0.3623463809490204 73.75 5.647698879241943
    vertex -0.6999996900558472 69.25 5.787560939788818
  endloop
endfacet
facet normal 0.0 0.0 0.0
  outer loop
    vertex -0.6999996900558472 69.25 5.787560939788818
    vertex -0.3623463809490204 73.75 5.647698879241943
    vertex -0.6999996900558472 73.75 5.787560939788818
  endloop
endfacet
facet normal 0.0 0.0 0.0
  outer loop
    vertex -0.6999996900558472 69.25 5.787560939788818
    vertex -0.6999996900558472 73.75 5.787560939788818
    vertex -0.989949107170105 69.25 6.010048866271973
  endloop
endfacet
facet normal 0.0 0.0 0.0
  outer loop
    vertex -0.989949107170105 69.25 6.010048866271973
    vertex -0.6999996900558472 73.75 5.787560939788818
    vertex -0.989949107170105 73.75 6.010048866271973
  endloop
endfacet
facet normal 0.0 0.0 0.0
  outer loop
    vertex -0.989949107170105 69.25 6.010048866271973
    vertex -0.989949107170105 73.75 6.010048866271973
    vertex -1.212435245513916 69.25 6.299996376037598
  endloop
endfacet
facet normal 0.0 0.0 0.0
  outer loop
    vertex -1.212435245513916 69.25 6.299996376037598
    vertex -0.989949107170105 73.75 6.010048866271973
    vertex -1.212435245513916 73.75 6.299996376037598
  endloop
endfacet
facet normal 0.0 0.0 0.0
  outer loop
    vertex -1.212435245513916 69.25 6.299996376037598
    vertex -1.212435245513916 73.75 6.299996376037598
    vertex -1.3522957563400269 69.25 6.637650489807129
  endloop
endfacet
facet normal 0.0 0.0 0.0
  outer loop
    vertex -1.3522957563400269 69.25 6.637650489807129
    vertex -1.212435245513916 73.75 6.299996376037598
    vertex -1.3522957563400269 73.75 6.637650489807129
  endloop
endfacet
facet normal 0.0 0.0 0.0
  outer loop
    vertex -1.3522957563400269 69.25 6.637650489807129
    vertex -1.3522957563400269 73.75 6.637650489807129
    vertex -1.3999996185302734 69.25 7.000000953674316
  endloop
endfacet
facet normal 0.0 0.0 0.0
  outer loop
    vertex -1.3999996185302734 69.25 7.000000953674316
    vertex -1.3522957563400269 73.75 6.637650489807129
    vertex -1.3999996185302734 73.75 7.000000953674316
  endloop
endfacet
facet normal 0.0 0.0 0.0
  outer loop
    vertex -1.3999996185302734 69.25 7.000000953674316
    vertex -1.3999996185302734 73.75 7.000000953674316
    vertex -1.3522957563400269 69.25 7.362343788146973
  endloop
endfacet
facet normal 0.0 0.0 0.0
  outer loop
    vertex -1.3522957563400269 69.25 7.362343788146973
    vertex -1.3999996185302734 73.75 7.000000953674316
    vertex -1.3522957563400269 73.75 7.362343788146973
  endloop
endfacet
facet normal 0.0 0.0 0.0
  outer loop
    vertex -1.3522957563400269 69.25 7.362343788146973
    vertex -1.3522957563400269 73.75 7.362343788146973
    vertex -1.212435245513916 69.25 7.699997901916504
  endloop
endfacet
facet normal 0.0 0.0 0.0
  outer loop
    vertex -1.212435245513916 69.25 7.699997901916504
    vertex -1.3522957563400269 73.75 7.362343788146973
    vertex -1.212435245513916 73.75 7.699997901916504
  endloop
endfacet
facet normal 0.0 0.0 0.0
  outer loop
    vertex -1.212435245513916 69.25 7.699997901916504
    vertex -1.212435245513916 73.75 7.699997901916504
    vertex -0.9899492263793945 69.25 7.989945411682129
  endloop
endfacet
facet normal 0.0 0.0 0.0
  outer loop
    vertex -0.9899492263793945 69.25 7.989945411682129
    vertex -1.212435245513916 73.75 7.699997901916504
    vertex -0.9899492263793945 73.75 7.989945411682129
  endloop
endfacet
facet normal 0.0 0.0 0.0
  outer loop
    vertex -0.9899492263793945 69.25 7.989945411682129
    vertex -0.9899492263793945 73.75 7.989945411682129
    vertex -0.6999998092651367 69.25 8.212433815002441
  endloop
endfacet
facet normal 0.0 0.0 0.0
  outer loop
    vertex -0.6999998092651367 69.25 8.212433815002441
    vertex -0.9899492263793945 73.75 7.989945411682129
    vertex -0.6999998092651367 73.75 8.212433815002441
  endloop
endfacet
facet normal 0.0 0.0 0.0
  outer loop
    vertex -0.6999998092651367 69.25 8.212433815002441
    vertex -0.6999998092651367 73.75 8.212433815002441
    vertex -0.36234650015830994 69.25 8.352295875549316
  endloop
endfacet
facet normal 0.0 0.0 0.0
  outer loop
    vertex -0.36234650015830994 69.25 8.352295875549316
    vertex -0.6999998092651367 73.75 8.212433815002441
    vertex -0.36234650015830994 73.75 8.352295875549316
  endloop
endfacet
facet normal 0.0 0.0 0.0
  outer loop
    vertex -0.36234650015830994 69.25 8.352295875549316
    vertex -0.36234650015830994 73.75 8.352295875549316
    vertex 1.2532329662917618e-07 69.25 8.399994850158691
  endloop
endfacet
facet normal 0.0 0.0 0.0
  outer loop
    vertex 1.2532329662917618e-07 69.25 8.399994850158691
    vertex -0.36234650015830994 73.75 8.352295875549316
    vertex 1.2532329662917618e-07 73.75 8.399994850158691
  endloop
endfacet
facet normal 0.0 0.0 0.0
  outer loop
    vertex 1.2532329662917618e-07 69.25 8.399994850158691
    vertex 1.2532329662917618e-07 73.75 8.399994850158691
    vertex 0.36234673857688904 69.25 8.352295875549316
  endloop
endfacet
facet normal 0.0 0.0 0.0
  outer loop
    vertex 0.36234673857688904 69.25 8.352295875549316
    vertex 1.2532329662917618e-07 73.75 8.399994850158691
    vertex 0.36234673857688904 73.75 8.352295875549316
  endloop
endfacet
facet normal 0.0 0.0 0.0
  outer loop
    vertex 0.36234673857688904 69.25 8.352295875549316
    vertex 0.36234673857688904 73.75 8.352295875549316
    vertex 0.7000000476837158 69.25 8.212433815002441
  endloop
endfacet
facet normal 0.0 0.0 0.0
  outer loop
    vertex 0.7000000476837158 69.25 8.212433815002441
    vertex 0.36234673857688904 73.75 8.352295875549316
    vertex 0.7000000476837158 73.75 8.212433815002441
  endloop
endfacet
facet normal 0.0 0.0 0.0
  outer loop
    vertex 0.7000000476837158 69.25 8.212433815002441
    vertex 0.7000000476837158 73.75 8.212433815002441
    vertex 0.9899494647979736 69.25 7.989945411682129
  endloop
endfacet
facet normal 0.0 0.0 0.0
  outer loop
    vertex 0.9899494647979736 69.25 7.989945411682129
    vertex 0.7000000476837158 73.75 8.212433815002441
    vertex 0.9899494647979736 73.75 7.989945411682129
  endloop
endfacet
facet normal 0.0 0.0 0.0
  outer loop
    vertex 0.9899494647979736 69.25 7.989945411682129
    vertex 0.9899494647979736 73.75 7.989945411682129
    vertex 1.2124357223510742 69.25 7.699997901916504
  endloop
endfacet
facet normal 0.0 0.0 0.0
  outer loop
    vertex 1.2124357223510742 69.25 7.699997901916504
    vertex 0.9899494647979736 73.75 7.989945411682129
    vertex 1.2124357223510742 73.75 7.699997901916504
  endloop
endfacet
facet normal 0.0 0.0 0.0
  outer loop
    vertex 1.2124357223510742 69.25 7.699997901916504
    vertex 1.2124357223510742 73.75 7.699997901916504
    vertex 1.352296233177185 69.25 7.362343788146973
  endloop
endfacet
facet normal 0.0 0.0 0.0
  outer loop
    vertex 1.352296233177185 69.25 7.362343788146973
    vertex 1.2124357223510742 73.75 7.699997901916504
    vertex 1.352296233177185 73.75 7.362343788146973
  endloop
endfacet
facet normal 0.0 0.0 0.0
  outer loop
    vertex 5.25 74.25 1.9073486328125e-06
    vertex 1.899999976158142 74.25 7.000000953674316
    vertex 5.249999523162842 74.25 12.25
  endloop
endfacet
facet normal 0.0 0.0 0.0
  outer loop
    vertex 5.249999523162842 74.25 12.25
    vertex 1.899999976158142 74.25 7.000000953674316
    vertex 1.8352590799331665 74.25 7.491753578186035
  endloop
endfacet
facet normal 0.0 0.0 0.0
  outer loop
    vertex 5.249999523162842 74.25 12.25
    vertex 1.8352590799331665 74.25 7.491753578186035
    vertex 1.6454482078552246 74.25 7.949997901916504
  endloop
endfacet
facet normal 0.0 0.0 0.0
  outer loop
    vertex -5.249999046325684 74.25 1.9073486328125e-06
    vertex 2.687809228518745e-07 74.25 5.099999904632568
    vertex 5.25 74.25 1.9073486328125e-06
  endloop
endfacet
facet normal 0.0 0.0 0.0
  outer loop
    vertex 5.25 74.25 1.9073486328125e-06
    vertex 2.687809228518745e-07 74.25 5.099999904632568
    vertex 0.4917563796043396 74.25 5.164735317230225
  endloop
endfacet
facet normal 0.0 0.0 0.0
  outer loop
    vertex 5.25 74.25 1.9073486328125e-06
    vertex 0.4917563796043396 74.25 5.164735317230225
    vertex 0.9500001072883606 74.25 5.354547023773193
  endloop
endfacet
facet normal 0.0 0.0 0.0
  outer loop
    vertex -5.249999523162842 74.25 12.25
    vertex -1.8999994993209839 74.25 7.000000953674316
    vertex -5.249999046325684 74.25 1.9073486328125e-06
  endloop
endfacet
facet normal 0.0 0.0 0.0
  outer loop
    vertex -5.249999046325684 74.25 1.9073486328125e-06
    vertex -1.8999994993209839 74.25 7.000000953674316
    vertex -1.8352586030960083 74.25 6.508240699768066
  endloop
endfacet
facet normal 0.0 0.0 0.0
  outer loop
    vertex -5.249999046325684 74.25 1.9073486328125e-06
    vertex -1.8352586030960083 74.25 6.508240699768066
    vertex -1.6454477310180664 74.25 6.049996376037598
  endloop
endfacet
facet normal 0.0 0.0 0.0
  outer loop
    vertex 5.249999523162842 74.25 12.25
    vertex 1.0358726854065026e-07 74.25 8.899994850158691
    vertex -5.249999523162842 74.25 12.25
  endloop
endfacet
facet normal 0.0 0.0 0.0
  outer loop
    vertex -5.249999523162842 74.25 12.25
    vertex 1.0358726854065026e-07 74.25 8.899994850158691
    vertex -0.49175602197647095 74.25 8.835259437561035
  endloop
endfacet
facet normal 0.0 0.0 0.0
  outer loop
    vertex -5.249999523162842 74.25 12.25
    vertex -0.49175602197647095 74.25 8.835259437561035
    vertex -0.9499997496604919 74.25 8.645447731018066
  endloop
endfacet
facet normal 0.0 0.0 0.0
  outer loop
    vertex 1.6454482078552246 74.25 7.949997901916504
    vertex 1.3435029983520508 74.25 8.343499183654785
    vertex 5.249999523162842 74.25 12.25
  endloop
endfacet
facet normal 0.0 0.0 0.0
  outer loop
    vertex 5.249999523162842 74.25 12.25
    vertex 1.3435029983520508 74.25 8.343499183654785
    vertex 0.949999988079071 74.25 8.645447731018066
  endloop
endfacet
facet normal 0.0 0.0 0.0
  outer loop
    vertex 5.249999523162842 74.25 12.25
    vertex 0.949999988079071 74.25 8.645447731018066
    vertex 0.4917562007904053 74.25 8.835259437561035
  endloop
endfacet
facet normal 0.0 0.0 0.0
  outer loop
    vertex 0.4917562007904053 74.25 8.835259437561035
    vertex 1.0358726854065026e-07 74.25 8.899994850158691
    vertex 5.249999523162842 74.25 12.25
  endloop
endfacet
facet normal 0.0 0.0 0.0
  outer loop
    vertex -0.9499997496604919 74.25 8.645447731018066
    vertex -1.3435025215148926 74.25 8.343499183654785
    vertex -5.249999523162842 74.25 12.25
  endloop
endfacet
facet normal 0.0 0.0 0.0
  outer loop
    vertex -5.249999523162842 74.25 12.25
    vertex -1.3435025215148926 74.25 8.343499183654785
    vertex -1.6454477310180664 74.25 7.949997901916504
  endloop
endfacet
facet normal 0.0 0.0 0.0
  outer loop
    vertex -5.249999523162842 74.25 12.25
    vertex -1.6454477310180664 74.25 7.949997901916504
    vertex -1.8352586030960083 74.25 7.491753578186035
  endloop
endfacet
facet normal 0.0 0.0 0.0
  outer loop
    vertex -1.8352586030960083 74.25 7.491753578186035
    vertex -1.8999994993209839 74.25 7.000000953674316
    vertex -5.249999523162842 74.25 12.25
  endloop
endfacet
facet normal 0.0 0.0 0.0
  outer loop
    vertex -1.6454477310180664 74.25 6.049996376037598
    vertex -1.3435025215148926 74.25 5.656495571136475
    vertex -5.249999046325684 74.25 1.9073486328125e-06
  endloop
endfacet
facet normal 0.0 0.0 0.0
  outer loop
    vertex -5.249999046325684 74.25 1.9073486328125e-06
    vertex -1.3435025215148926 74.25 5.656495571136475
    vertex -0.9499996304512024 74.25 5.354547023773193
  endloop
endfacet
facet normal 0.0 0.0 0.0
  outer loop
    vertex -5.249999046325684 74.25 1.9073486328125e-06
    vertex -0.9499996304512024 74.25 5.354547023773193
    vertex -0.4917558431625366 74.25 5.164735317230225
  endloop
endfacet
facet normal 0.0 0.0 0.0
  outer loop
    vertex -0.4917558431625366 74.25 5.164735317230225
    vertex 2.687809228518745e-07 74.25 5.099999904632568
    vertex -5.249999046325684 74.25 1.9073486328125e-06
  endloop
endfacet
facet normal 0.0 0.0 0.0
  outer loop
    vertex 0.9500001072883606 74.25 5.354547023773193
    vertex 1.3435029983520508 74.25 5.656495571136475
    vertex 5.25 74.25 1.9073486328125e-06
  endloop
endfacet
facet normal 0.0 0.0 0.0
  outer loop
    vertex 5.25 74.25 1.9073486328125e-06
    vertex 1.3435029983520508 74.25 5.656495571136475
    vertex 1.6454482078552246 74.25 6.049996376037598
  endloop
endfacet
facet normal 0.0 0.0 0.0
  outer loop
    vertex 5.25 74.25 1.9073486328125e-06
    vertex 1.6454482078552246 74.25 6.049996376037598
    vertex 1.8352590799331665 74.25 6.508240699768066
  endloop
endfacet
facet normal 0.0 0.0 0.0
  outer loop
    vertex 1.8352590799331665 74.25 6.508240699768066
    vertex 1.899999976158142 74.25 7.000000953674316
    vertex 5.25 74.25 1.9073486328125e-06
  endloop
endfacet
facet normal 0.0 0.0 0.0
  outer loop
    vertex 10.568147659301758 -78.25 19.482358932495117
    vertex 9.602221488952637 -77.25 19.223539352416992
    vertex 10.499999046325684 -78.25 19.999998092651367
  endloop
endfacet
facet normal 0.0 0.0 0.0
  outer loop
    vertex 10.499999046325684 -78.25 19.999998092651367
    vertex 9.602221488952637 -77.25 19.223539352416992
    vertex 9.499999046325684 -77.25 19.999998092651367
  endloop
endfacet
facet normal 0.0 0.0 0.0
  outer loop
    vertex 10.499999046325684 -78.25 19.999998092651367
    vertex 9.499999046325684 -77.25 19.999998092651367
    vertex 10.568147659301758 -78.25 20.517629623413086
  endloop
endfacet
facet normal 0.0 0.0 0.0
  outer loop
    vertex 10.568147659301758 -78.25 20.517629623413086
    vertex 9.499999046325684 -77.25 19.999998092651367
    vertex 9.602221488952637 -77.25 20.77644920349121
  endloop
endfacet
facet normal 0.0 0.0 0.0
  outer loop
    vertex 10.568147659301758 -78.25 20.517629623413086
    vertex 9.602221488952637 -77.25 20.77644920349121
    vertex 10.767948150634766 -78.25 20.999998092651367
  endloop
endfacet
facet normal 0.0 0.0 0.0
  outer loop
    vertex 10.767948150634766 -78.25 20.999998092651367
    vertex 9.602221488952637 -77.25 20.77644920349121
    vertex 9.901923179626465 -77.25 21.499998092651367
  endloop
endfacet
facet normal 0.0 0.0 0.0
  outer loop
    vertex 10.767948150634766 -78.25 20.999998092651367
    vertex 9.901923179626465 -77.25 21.499998092651367
    vertex 11.085785865783691 -78.25 21.41420555114746
  endloop
endfacet
facet normal 0.0 0.0 0.0
  outer loop
    vertex 11.085785865783691 -78.25 21.41420555114746
    vertex 9.901923179626465 -77.25 21.499998092651367
    vertex 10.378678321838379 -77.25 22.121313095092773
  endloop
endfacet
facet normal 0.0 0.0 0.0
  outer loop
    vertex 11.085785865783691 -78.25 21.41420555114746
    vertex 10.378678321838379 -77.25 22.121313095092773
    vertex 11.499999046325684 -78.25 21.732046127319336
  endloop
endfacet
facet normal 0.0 0.0 0.0
  outer loop
    vertex 11.499999046325684 -78.25 21.732046127319336
    vertex 10.378678321838379 -77.25 22.121313095092773
    vertex 10.999999046325684 -77.25 22.598073959350586
  endloop
endfacet
facet normal 0.0 0.0 0.0
  outer loop
    vertex 11.499999046325684 -78.25 21.732046127319336
    vertex 10.999999046325684 -77.25 22.598073959350586
    vertex 11.98236083984375 -78.25 21.93184471130371
  endloop
endfacet
facet normal 0.0 0.0 0.0
  outer loop
    vertex 11.98236083984375 -78.25 21.93184471130371
    vertex 10.999999046325684 -77.25 22.598073959350586
    vertex 11.723542213439941 -77.25 22.89777183532715
  endloop
endfacet
facet normal 0.0 0.0 0.0
  outer loop
    vertex 11.98236083984375 -78.25 21.93184471130371
    vertex 11.723542213439941 -77.25 22.89777183532715
    vertex 12.499998092651367 -78.25 21.999998092651367
  endloop
endfacet
facet normal 0.0 0.0 0.0
  outer loop
    vertex 12.499998092651367 -78.25 21.999998092651367
    vertex 11.723542213439941 -77.25 22.89777183532715
    vertex 12.499998092651367 -77.25 22.999998092651367
  endloop
endfacet
facet normal 0.0 0.0 0.0
  outer loop
    vertex 12.499998092651367 -78.25 21.999998092651367
    vertex 12.499998092651367 -77.25 22.999998092651367
    vertex 13.0176362991333 -78.25 21.93184471130371
  endloop
endfacet
facet normal 0.0 0.0 0.0
  outer loop
    vertex 13.0176362991333 -78.25 21.93184471130371
    vertex 12.499998092651367 -77.25 22.999998092651367
    vertex 13.27645492553711 -77.25 22.89777183532715
  endloop
endfacet
facet normal 0.0 0.0 0.0
  outer loop
    vertex 13.0176362991333 -78.25 21.93184471130371
    vertex 13.27645492553711 -77.25 22.89777183532715
    vertex 13.499998092651367 -78.25 21.732046127319336
  endloop
endfacet
facet normal 0.0 0.0 0.0
  outer loop
    vertex 13.499998092651367 -78.25 21.732046127319336
    vertex 13.27645492553711 -77.25 22.89777183532715
    vertex 13.999998092651367 -77.25 22.598073959350586
  endloop
endfacet
facet normal 0.0 0.0 0.0
  outer loop
    vertex 13.499998092651367 -78.25 21.732046127319336
    vertex 13.999998092651367 -77.25 22.598073959350586
    vertex 13.91421127319336 -78.25 21.41420555114746
  endloop
endfacet
facet normal 0.0 0.0 0.0
  outer loop
    vertex 13.91421127319336 -78.25 21.41420555114746
    vertex 13.999998092651367 -77.25 22.598073959350586
    vertex 14.621318817138672 -77.25 22.121313095092773
  endloop
endfacet
facet normal 0.0 0.0 0.0
  outer loop
    vertex 13.91421127319336 -78.25 21.41420555114746
    vertex 14.621318817138672 -77.25 22.121313095092773
    vertex 14.232048988342285 -78.25 20.999998092651367
  endloop
endfacet
facet normal 0.0 0.0 0.0
  outer loop
    vertex 14.232048988342285 -78.25 20.999998092651367
    vertex 14.621318817138672 -77.25 22.121313095092773
    vertex 15.098073959350586 -77.25 21.499998092651367
  endloop
endfacet
facet normal 0.0 0.0 0.0
  outer loop
    vertex 14.232048988342285 -78.25 20.999998092651367
    vertex 15.098073959350586 -77.25 21.499998092651367
    vertex 14.431849479675293 -78.25 20.517629623413086
  endloop
endfacet
facet normal 0.0 0.0 0.0
  outer loop
    vertex 14.431849479675293 -78.25 20.517629623413086
    vertex 15.098073959350586 -77.25 21.499998092651367
    vertex 15.397775650024414 -77.25 20.77644920349121
  endloop
endfacet
facet normal 0.0 0.0 0.0
  outer loop
    vertex 14.431849479675293 -78.25 20.517629623413086
    vertex 15.397775650024414 -77.25 20.77644920349121
    vertex 14.499998092651367 -78.25 19.999998092651367
  endloop
endfacet
facet normal 0.0 0.0 0.0
  outer loop
    vertex 14.499998092651367 -78.25 19.999998092651367
    vertex 15.397775650024414 -77.25 20.77644920349121
    vertex 15.499998092651367 -77.25 19.999998092651367
  endloop
endfacet
facet normal 0.0 0.0 0.0
  outer loop
    vertex 14.499998092651367 -78.25 19.999998092651367
    vertex 15.499998092651367 -77.25 19.999998092651367
    vertex 14.431849479675293 -78.25 19.482358932495117
  endloop
endfacet
facet normal 0.0 0.0 0.0
  outer loop
    vertex 14.431849479675293 -78.25 19.482358932495117
    vertex 15.499998092651367 -77.25 19.999998092651367
    vertex 15.397775650024414 -77.25 19.223539352416992
  endloop
endfacet
facet normal 0.0 0.0 0.0
  outer loop
    vertex 14.431849479675293 -78.25 19.482358932495117
    vertex 15.397775650024414 -77.25 19.223539352416992
    vertex 14.232048988342285 -78.25 19.0
  endloop
endfacet
facet normal 0.0 0.0 0.0
  outer loop
    vertex 14.232048988342285 -78.25 19.0
    vertex 15.397775650024414 -77.25 19.223539352416992
    vertex 15.098073959350586 -77.25 18.5
  endloop
endfacet
facet normal 0.0 0.0 0.0
  outer loop
    vertex 14.232048988342285 -78.25 19.0
    vertex 15.098073959350586 -77.25 18.5
    vertex 13.91421127319336 -78.25 18.585784912109375
  endloop
endfacet
facet normal 0.0 0.0 0.0
  outer loop
    vertex 13.91421127319336 -78.25 18.585784912109375
    vertex 15.098073959350586 -77.25 18.5
    vertex 14.621318817138672 -77.25 17.878677368164062
  endloop
endfacet
facet normal 0.0 0.0 0.0
  outer loop
    vertex 13.91421127319336 -78.25 18.585784912109375
    vertex 14.621318817138672 -77.25 17.878677368164062
    vertex 13.499998092651367 -78.25 18.2679443359375
  endloop
endfacet
facet normal 0.0 0.0 0.0
  outer loop
    vertex 13.499998092651367 -78.25 18.2679443359375
    vertex 14.621318817138672 -77.25 17.878677368164062
    vertex 13.999998092651367 -77.25 17.40191650390625
  endloop
endfacet
facet normal 0.0 0.0 0.0
  outer loop
    vertex 13.499998092651367 -78.25 18.2679443359375
    vertex 13.999998092651367 -77.25 17.40191650390625
    vertex 13.0176362991333 -78.25 18.068145751953125
  endloop
endfacet
facet normal 0.0 0.0 0.0
  outer loop
    vertex 13.0176362991333 -78.25 18.068145751953125
    vertex 13.999998092651367 -77.25 17.40191650390625
    vertex 13.27645492553711 -77.25 17.102218627929688
  endloop
endfacet
facet normal 0.0 0.0 0.0
  outer loop
    vertex 13.0176362991333 -78.25 18.068145751953125
    vertex 13.27645492553711 -77.25 17.102218627929688
    vertex 12.499998092651367 -78.25 18.0
  endloop
endfacet
facet normal 0.0 0.0 0.0
  outer loop
    vertex 12.499998092651367 -78.25 18.0
    vertex 13.27645492553711 -77.25 17.102218627929688
    vertex 12.499998092651367 -77.25 17.0
  endloop
endfacet
facet normal 0.0 0.0 0.0
  outer loop
    vertex 12.499998092651367 -78.25 18.0
    vertex 12.499998092651367 -77.25 17.0
    vertex 11.98236083984375 -78.25 18.068145751953125
  endloop
endfacet
facet normal 0.0 0.0 0.0
  outer loop
    vertex 11.98236083984375 -78.25 18.068145751953125
    vertex 12.499998092651367 -77.25 17.0
    vertex 11.723542213439941 -77.25 17.102218627929688
  endloop
endfacet
facet normal 0.0 0.0 0.0
  outer loop
    vertex 11.98236083984375 -78.25 18.068145751953125
    vertex 11.723542213439941 -77.25 17.102218627929688
    vertex 11.499999046325684 -78.25 18.2679443359375
  endloop
endfacet
facet normal 0.0 0.0 0.0
  outer loop
    vertex 11.499999046325684 -78.25 18.2679443359375
    vertex 11.723542213439941 -77.25 17.102218627929688
    vertex 10.999999046325684 -77.25 17.40191650390625
  endloop
endfacet
facet normal 0.0 0.0 0.0
  outer loop
    vertex 11.499999046325684 -78.25 18.2679443359375
    vertex 10.999999046325684 -77.25 17.40191650390625
    vertex 11.085785865783691 -78.25 18.585784912109375
  endloop
endfacet
facet normal 0.0 0.0 0.0
  outer loop
    vertex 11.085785865783691 -78.25 18.585784912109375
    vertex 10.999999046325684 -77.25 17.40191650390625
    vertex 10.378678321838379 -77.25 17.878677368164062
  endloop
endfacet
facet normal 0.0 0.0 0.0
  outer loop
    vertex 11.085785865783691 -78.25 18.585784912109375
    vertex 10.378678321838379 -77.25 17.878677368164062
    vertex 10.767948150634766 -78.25 19.0
  endloop
endfacet
facet normal 0.0 0.0 0.0
  outer loop
    vertex 10.767948150634766 -78.25 19.0
    vertex 10.378678321838379 -77.25 17.878677368164062
    vertex 9.901923179626465 -77.25 18.5
  endloop
endfacet
facet normal 0.0 0.0 0.0
  outer loop
    vertex 10.767948150634766 -78.25 19.0
    vertex 9.901923179626465 -77.25 18.5
    vertex 10.568147659301758 -78.25 19.482358932495117
  endloop
endfacet
facet normal 0.0 0.0 0.0
  outer loop
    vertex 10.568147659301758 -78.25 19.482358932495117
    vertex 9.901923179626465 -77.25 18.5
    vertex 9.602221488952637 -77.25 19.223539352416992
  endloop
endfacet
facet normal 0.0 0.0 0.0
  outer loop
    vertex -15.397775650024414 -77.25 20.77644920349121
    vertex -15.499998092651367 -77.25 19.999998092651367
    vertex -18.999998092651367 -77.25 23.999998092651367
  endloop
endfacet
facet normal 0.0 0.0 0.0
  outer loop
    vertex -18.999998092651367 -77.25 23.999998092651367
    vertex -15.499998092651367 -77.25 19.999998092651367
    vertex -15.397775650024414 -77.25 19.223539352416992
  endloop
endfacet
facet normal 0.0 0.0 0.0
  outer loop
    vertex -18.999998092651367 -77.25 23.999998092651367
    vertex -15.397775650024414 -77.25 19.223539352416992
    vertex -15.098073959350586 -77.25 18.5
  endloop
endfacet
facet normal 0.0 0.0 0.0
  outer loop
    vertex -18.999998092651367 -77.25 23.999998092651367
    vertex -15.098073959350586 -77.25 18.5
    vertex -18.999998092651367 -77.25 1.9073486328125e-06
  endloop
endfacet
facet normal 0.0 0.0 0.0
  outer loop
    vertex -18.999998092651367 -77.25 1.9073486328125e-06
    vertex -15.098073959350586 -77.25 18.5
    vertex -14.621318817138672 -77.25 17.878677368164062
  endloop
endfacet
facet normal 0.0 0.0 0.0
  outer loop
    vertex -18.999998092651367 -77.25 1.9073486328125e-06
    vertex -14.621318817138672 -77.25 17.878677368164062
    vertex -13.999998092651367 -77.25 17.40191650390625
  endloop
endfacet
facet normal 0.0 0.0 0.0
  outer loop
    vertex -13.999998092651367 -77.25 17.40191650390625
    vertex -13.27645492553711 -77.25 17.102218627929688
    vertex -18.999998092651367 -77.25 1.9073486328125e-06
  endloop
endfacet
facet normal 0.0 0.0 0.0
  outer loop
    vertex -18.999998092651367 -77.25 1.9073486328125e-06
    vertex -13.27645492553711 -77.25 17.102218627929688
    vertex -7.999999046325684 -77.25 13.0
  endloop
endfacet
facet normal 0.0 0.0 0.0
  outer loop
    vertex -18.999998092651367 -77.25 1.9073486328125e-06
    vertex -7.999999046325684 -77.25 13.0
    vertex -7.999998569488525 -77.25 1.9073486328125e-06
  endloop
endfacet
facet normal 0.0 0.0 0.0
  outer loop
    vertex -13.27645492553711 -77.25 17.102218627929688
    vertex -12.499998092651367 -77.25 17.0
    vertex -7.999999046325684 -77.25 13.0
  endloop
endfacet
facet normal 0.0 0.0 0.0
  outer loop
    vertex -7.999999046325684 -77.25 13.0
    vertex -12.499998092651367 -77.25 17.0
    vertex -7.931850910186768 -77.25 13.517631530761719
  endloop
endfacet
facet normal 0.0 0.0 0.0
  outer loop
    vertex -7.931850910186768 -77.25 13.517631530761719
    vertex -12.499998092651367 -77.25 17.0
    vertex -7.732049942016602 -77.25 14.0
  endloop
endfacet
facet normal 0.0 0.0 0.0
  outer loop
    vertex -7.732049942016602 -77.25 14.0
    vertex -12.499998092651367 -77.25 17.0
    vertex -11.723542213439941 -77.25 17.102218627929688
  endloop
endfacet
facet normal 0.0 0.0 0.0
  outer loop
    vertex -7.732049942016602 -77.25 14.0
    vertex -11.723542213439941 -77.25 17.102218627929688
    vertex -7.414212703704834 -77.25 14.414207458496094
  endloop
endfacet
facet normal 0.0 0.0 0.0
  outer loop
    vertex -7.414212703704834 -77.25 14.414207458496094
    vertex -11.723542213439941 -77.25 17.102218627929688
    vertex -10.999999046325684 -77.25 17.40191650390625
  endloop
endfacet
facet normal 0.0 0.0 0.0
  outer loop
    vertex -7.414212703704834 -77.25 14.414207458496094
    vertex -10.999999046325684 -77.25 17.40191650390625
    vertex -6.999999046325684 -77.25 14.732048034667969
  endloop
endfacet
facet normal 0.0 0.0 0.0
  outer loop
    vertex -6.999999046325684 -77.25 14.732048034667969
    vertex -10.999999046325684 -77.25 17.40191650390625
    vertex -6.517637252807617 -77.25 14.931846618652344
  endloop
endfacet
facet normal 0.0 0.0 0.0
  outer loop
    vertex -6.517637252807617 -77.25 14.931846618652344
    vertex -10.999999046325684 -77.25 17.40191650390625
    vertex -10.378678321838379 -77.25 17.878677368164062
  endloop
endfacet
facet normal 0.0 0.0 0.0
  outer loop
    vertex -6.517637252807617 -77.25 14.931846618652344
    vertex -10.378678321838379 -77.25 17.878677368164062
    vertex -5.999999046325684 -77.25 15.0
  endloop
endfacet
facet normal 0.0 0.0 0.0
  outer loop
    vertex -5.999999046325684 -77.25 15.0
    vertex -10.378678321838379 -77.25 17.878677368164062
    vertex -9.901923179626465 -77.25 18.5
  endloop
endfacet
facet normal 0.0 0.0 0.0
  outer loop
    vertex -5.999999046325684 -77.25 15.0
    vertex -9.901923179626465 -77.25 18.5
    vertex -9.602221488952637 -77.25 19.223539352416992
  endloop
endfacet
facet normal 0.0 0.0 0.0
  outer loop
    vertex -9.602221488952637 -77.25 19.223539352416992
    vertex -9.499999046325684 -77.25 19.999998092651367
    vertex -5.999999046325684 -77.25 15.0
  endloop
endfacet
facet normal 0.0 0.0 0.0
  outer loop
    vertex -5.999999046325684 -77.25 15.0
    vertex -9.499999046325684 -77.25 19.999998092651367
    vertex 9.499999046325684 -77.25 19.999998092651367
  endloop
endfacet
facet normal 0.0 0.0 0.0
  outer loop
    vertex -5.999999046325684 -77.25 15.0
    vertex 9.499999046325684 -77.25 19.999998092651367
    vertex 5.999999046325684 -77.25 15.0
  endloop
endfacet
facet normal 0.0 0.0 0.0
  outer loop
    vertex 5.999999046325684 -77.25 15.0
    vertex 9.499999046325684 -77.25 19.999998092651367
    vertex 9.602221488952637 -77.25 19.223539352416992
  endloop
endfacet
facet normal 0.0 0.0 0.0
  outer loop
    vertex 5.999999046325684 -77.25 15.0
    vertex 9.602221488952637 -77.25 19.223539352416992
    vertex 9.901923179626465 -77.25 18.5
  endloop
endfacet
facet normal 0.0 0.0 0.0
  outer loop
    vertex 9.499999046325684 -77.25 19.999998092651367
    vertex -9.499999046325684 -77.25 19.999998092651367
    vertex 9.602221488952637 -77.25 20.77644920349121
  endloop
endfacet
facet normal 0.0 0.0 0.0
  outer loop
    vertex 9.602221488952637 -77.25 20.77644920349121
    vertex -9.499999046325684 -77.25 19.999998092651367
    vertex -9.602221488952637 -77.25 20.77644920349121
  endloop
endfacet
facet normal 0.0 0.0 0.0
  outer loop
    vertex 9.602221488952637 -77.25 20.77644920349121
    vertex -9.602221488952637 -77.25 20.77644920349121
    vertex 9.901923179626465 -77.25 21.499998092651367
  endloop
endfacet
facet normal 0.0 0.0 0.0
  outer loop
    vertex 9.901923179626465 -77.25 21.499998092651367
    vertex -9.602221488952637 -77.25 20.77644920349121
    vertex -9.901923179626465 -77.25 21.499998092651367
  endloop
endfacet
facet normal 0.0 0.0 0.0
  outer loop
    vertex 9.901923179626465 -77.25 21.499998092651367
    vertex -9.901923179626465 -77.25 21.499998092651367
    vertex 10.378678321838379 -77.25 22.121313095092773
  endloop
endfacet
facet normal 0.0 0.0 0.0
  outer loop
    vertex 10.378678321838379 -77.25 22.121313095092773
    vertex -9.901923179626465 -77.25 21.499998092651367
    vertex -10.378678321838379 -77.25 22.121313095092773
  endloop
endfacet
facet normal 0.0 0.0 0.0
  outer loop
    vertex 10.378678321838379 -77.25 22.121313095092773
    vertex -10.378678321838379 -77.25 22.121313095092773
    vertex 10.999999046325684 -77.25 22.598073959350586
  endloop
endfacet
facet normal 0.0 0.0 0.0
  outer loop
    vertex 10.999999046325684 -77.25 22.598073959350586
    vertex -10.378678321838379 -77.25 22.121313095092773
    vertex -10.999999046325684 -77.25 22.598073959350586
  endloop
endfacet
facet normal 0.0 0.0 0.0
  outer loop
    vertex 10.999999046325684 -77.25 22.598073959350586
    vertex -10.999999046325684 -77.25 22.598073959350586
    vertex 11.723542213439941 -77.25 22.89777183532715
  endloop
endfacet
facet normal 0.0 0.0 0.0
  outer loop
    vertex 11.723542213439941 -77.25 22.89777183532715
    vertex -10.999999046325684 -77.25 22.598073959350586
    vertex -11.723542213439941 -77.25 22.89777183532715
  endloop
endfacet
facet normal 0.0 0.0 0.0
  outer loop
    vertex 11.723542213439941 -77.25 22.89777183532715
    vertex -11.723542213439941 -77.25 22.89777183532715
    vertex 12.499998092651367 -77.25 22.999998092651367
  endloop
endfacet
facet normal 0.0 0.0 0.0
  outer loop
    vertex 12.499998092651367 -77.25 22.999998092651367
    vertex -11.723542213439941 -77.25 22.89777183532715
    vertex -12.499998092651367 -77.25 22.999998092651367
  endloop
endfacet
facet normal 0.0 0.0 0.0
  outer loop
    vertex 12.499998092651367 -77.25 22.999998092651367
    vertex -12.499998092651367 -77.25 22.999998092651367
    vertex 18.999998092651367 -77.25 23.999998092651367
  endloop
endfacet
facet normal 0.0 0.0 0.0
  outer loop
    vertex 18.999998092651367 -77.25 23.999998092651367
    vertex -12.499998092651367 -77.25 22.999998092651367
    vertex -18.999998092651367 -77.25 23.999998092651367
  endloop
endfacet
facet normal 0.0 0.0 0.0
  outer loop
    vertex -18.999998092651367 -77.25 23.999998092651367
    vertex -12.499998092651367 -77.25 22.999998092651367
    vertex -13.27645492553711 -77.25 22.89777183532715
  endloop
endfacet
facet normal 0.0 0.0 0.0
  outer loop
    vertex -18.999998092651367 -77.25 23.999998092651367
    vertex -13.27645492553711 -77.25 22.89777183532715
    vertex -13.999998092651367 -77.25 22.598073959350586
  endloop
endfacet
facet normal 0.0 0.0 0.0
  outer loop
    vertex -13.999998092651367 -77.25 22.598073959350586
    vertex -14.621318817138672 -77.25 22.121313095092773
    vertex -18.999998092651367 -77.25 23.999998092651367
  endloop
endfacet
facet normal 0.0 0.0 0.0
  outer loop
    vertex -18.999998092651367 -77.25 23.999998092651367
    vertex -14.621318817138672 -77.25 22.121313095092773
    vertex -15.098073959350586 -77.25 21.499998092651367
  endloop
endfacet
facet normal 0.0 0.0 0.0
  outer loop
    vertex -18.999998092651367 -77.25 23.999998092651367
    vertex -15.098073959350586 -77.25 21.499998092651367
    vertex -15.397775650024414 -77.25 20.77644920349121
  endloop
endfacet
facet normal 0.0 0.0 0.0
  outer loop
    vertex 7.999999523162842 -77.25 1.9073486328125e-06
    vertex 7.999999046325684 -77.25 13.0
    vertex 18.999998092651367 -77.25 1.9073486328125e-06
  endloop
endfacet
facet normal 0.0 0.0 0.0
  outer loop
    vertex 18.999998092651367 -77.25 1.9073486328125e-06
    vertex 7.999999046325684 -77.25 13.0
    vertex 13.27645492553711 -77.25 17.102218627929688
  endloop
endfacet
facet normal 0.0 0.0 0.0
  outer loop
    vertex 18.999998092651367 -77.25 1.9073486328125e-06
    vertex 13.27645492553711 -77.25 17.102218627929688
    vertex 13.999998092651367 -77.25 17.40191650390625
  endloop
endfacet
facet normal 0.0 0.0 0.0
  outer loop
    vertex 13.27645492553711 -77.25 17.102218627929688
    vertex 7.999999046325684 -77.25 13.0
    vertex 12.499998092651367 -77.25 17.0
  endloop
endfacet
facet normal 0.0 0.0 0.0
  outer loop
    vertex 12.499998092651367 -77.25 17.0
    vertex 7.999999046325684 -77.25 13.0
    vertex 7.931850910186768 -77.25 13.517631530761719
  endloop
endfacet
facet normal 0.0 0.0 0.0
  outer loop
    vertex 12.499998092651367 -77.25 17.0
    vertex 7.931850910186768 -77.25 13.517631530761719
    vertex 7.732049942016602 -77.25 14.0
  endloop
endfacet
facet normal 0.0 0.0 0.0
  outer loop
    vertex 12.499998092651367 -77.25 17.0
    vertex 7.732049942016602 -77.25 14.0
    vertex 11.723542213439941 -77.25 17.102218627929688
  endloop
endfacet
facet normal 0.0 0.0 0.0
  outer loop
    vertex 11.723542213439941 -77.25 17.102218627929688
    vertex 7.732049942016602 -77.25 14.0
    vertex 7.414212703704834 -77.25 14.414207458496094
  endloop
endfacet
facet normal 0.0 0.0 0.0
  outer loop
    vertex 11.723542213439941 -77.25 17.102218627929688
    vertex 7.414212703704834 -77.25 14.414207458496094
    vertex 10.999999046325684 -77.25 17.40191650390625
  endloop
endfacet
facet normal 0.0 0.0 0.0
  outer loop
    vertex 10.999999046325684 -77.25 17.40191650390625
    vertex 7.414212703704834 -77.25 14.414207458496094
    vertex 6.999999046325684 -77.25 14.732048034667969
  endloop
endfacet
facet normal 0.0 0.0 0.0
  outer loop
    vertex 10.999999046325684 -77.25 17.40191650390625
    vertex 6.999999046325684 -77.25 14.732048034667969
    vertex 6.517637252807617 -77.25 14.931846618652344
  endloop
endfacet
facet normal 0.0 0.0 0.0
  outer loop
    vertex 10.999999046325684 -77.25 17.40191650390625
    vertex 6.517637252807617 -77.25 14.931846618652344
    vertex 10.378678321838379 -77.25 17.878677368164062
  endloop
endfacet
facet normal 0.0 0.0 0.0
  outer loop
    vertex 10.378678321838379 -77.25 17.878677368164062
    vertex 6.517637252807617 -77.25 14.931846618652344
    vertex 5.999999046325684 -77.25 15.0
  endloop
endfacet
facet normal 0.0 0.0 0.0
  outer loop
    vertex 10.378678321838379 -77.25 17.878677368164062
    vertex 5.999999046325684 -77.25 15.0
    vertex 9.901923179626465 -77.25 18.5
  endloop
endfacet
facet normal 0.0 0.0 0.0
  outer loop
    vertex 18.999998092651367 -77.25 1.9073486328125e-06
    vertex 15.098073959350586 -77.25 18.5
    vertex 18.999998092651367 -77.25 23.999998092651367
  endloop
endfacet
facet normal 0.0 0.0 0.0
  outer loop
    vertex 18.999998092651367 -77.25 23.999998092651367
    vertex 15.098073959350586 -77.25 18.5
    vertex 15.397775650024414 -77.25 19.223539352416992
  endloop
endfacet
facet normal 0.0 0.0 0.0
  outer loop
    vertex 18.999998092651367 -77.25 23.999998092651367
    vertex 15.397775650024414 -77.25 19.223539352416992
    vertex 15.499998092651367 -77.25 19.999998092651367
  endloop
endfacet
facet normal 0.0 0.0 0.0
  outer loop
    vertex 13.999998092651367 -77.25 17.40191650390625
    vertex 14.621318817138672 -77.25 17.878677368164062
    vertex 18.999998092651367 -77.25 1.9073486328125e-06
  endloop
endfacet
facet normal 0.0 0.0 0.0
  outer loop
    vertex 18.999998092651367 -77.25 1.9073486328125e-06
    vertex 14.621318817138672 -77.25 17.878677368164062
    vertex 15.098073959350586 -77.25 18.5
  endloop
endfacet
facet normal 0.0 0.0 0.0
  outer loop
    vertex 15.499998092651367 -77.25 19.999998092651367
    vertex 15.397775650024414 -77.25 20.77644920349121
    vertex 18.999998092651367 -77.25 23.999998092651367
  endloop
endfacet
facet normal 0.0 0.0 0.0
  outer loop
    vertex 18.999998092651367 -77.25 23.999998092651367
    vertex 15.397775650024414 -77.25 20.77644920349121
    vertex 15.098073959350586 -77.25 21.499998092651367
  endloop
endfacet
facet normal 0.0 0.0 0.0
  outer loop
    vertex 18.999998092651367 -77.25 23.999998092651367
    vertex 15.098073959350586 -77.25 21.499998092651367
    vertex 14.621318817138672 -77.25 22.121313095092773
  endloop
endfacet
facet normal 0.0 0.0 0.0
  outer loop
    vertex 14.621318817138672 -77.25 22.121313095092773
    vertex 13.999998092651367 -77.25 22.598073959350586
    vertex 18.999998092651367 -77.25 23.999998092651367
  endloop
endfacet
facet normal 0.0 0.0 0.0
  outer loop
    vertex 18.999998092651367 -77.25 23.999998092651367
    vertex 13.999998092651367 -77.25 22.598073959350586
    vertex 13.27645492553711 -77.25 22.89777183532715
  endloop
endfacet
facet normal 0.0 0.0 0.0
  outer loop
    vertex 18.999998092651367 -77.25 23.999998092651367
    vertex 13.27645492553711 -77.25 22.89777183532715
    vertex 12.499998092651367 -77.25 22.999998092651367
  endloop
endfacet
facet normal 0.0 0.0 0.0
  outer loop
    vertex 10.568147659301758 -79.25 19.482358932495117
    vertex 10.568147659301758 -78.25 19.482358932495117
    vertex 10.499999046325684 -79.25 19.999998092651367
  endloop
endfacet
facet normal 0.0 0.0 0.0
  outer loop
    vertex 10.499999046325684 -79.25 19.999998092651367
    vertex 10.568147659301758 -78.25 19.482358932495117
    vertex 10.499999046325684 -78.25 19.999998092651367
  endloop
endfacet
facet normal 0.0 0.0 0.0
  outer loop
    vertex 10.499999046325684 -79.25 19.999998092651367
    vertex 10.499999046325684 -78.25 19.999998092651367
    vertex 10.568147659301758 -79.25 20.517629623413086
  endloop
endfacet
facet normal 0.0 0.0 0.0
  outer loop
    vertex 10.568147659301758 -79.25 20.517629623413086
    vertex 10.499999046325684 -78.25 19.999998092651367
    vertex 10.568147659301758 -78.25 20.517629623413086
  endloop
endfacet
facet normal 0.0 0.0 0.0
  outer loop
    vertex 10.568147659301758 -79.25 20.517629623413086
    vertex 10.568147659301758 -78.25 20.517629623413086
    vertex 10.767948150634766 -79.25 20.999998092651367
  endloop
endfacet
facet normal 0.0 0.0 0.0
  outer loop
    vertex 10.767948150634766 -79.25 20.999998092651367
    vertex 10.568147659301758 -78.25 20.517629623413086
    vertex 10.767948150634766 -78.25 20.999998092651367
  endloop
endfacet
facet normal 0.0 0.0 0.0
  outer loop
    vertex 10.767948150634766 -79.25 20.999998092651367
    vertex 10.767948150634766 -78.25 20.999998092651367
    vertex 11.085785865783691 -79.25 21.41420555114746
  endloop
endfacet
facet normal 0.0 0.0 0.0
  outer loop
    vertex 11.085785865783691 -79.25 21.41420555114746
    vertex 10.767948150634766 -78.25 20.999998092651367
    vertex 11.085785865783691 -78.25 21.41420555114746
  endloop
endfacet
facet normal 0.0 0.0 0.0
  outer loop
    vertex 11.085785865783691 -79.25 21.41420555114746
    vertex 11.085785865783691 -78.25 21.41420555114746
    vertex 11.499999046325684 -79.25 21.732046127319336
  endloop
endfacet
facet normal 0.0 0.0 0.0
  outer loop
    vertex 11.499999046325684 -79.25 21.732046127319336
    vertex 11.085785865783691 -78.25 21.41420555114746
    vertex 11.499999046325684 -78.25 21.732046127319336
  endloop
endfacet
facet normal 0.0 0.0 0.0
  outer loop
    vertex 11.499999046325684 -79.25 21.732046127319336
    vertex 11.499999046325684 -78.25 21.732046127319336
    vertex 11.98236083984375 -79.25 21.93184471130371
  endloop
endfacet
facet normal 0.0 0.0 0.0
  outer loop
    vertex 11.98236083984375 -79.25 21.93184471130371
    vertex 11.499999046325684 -78.25 21.732046127319336
    vertex 11.98236083984375 -78.25 21.93184471130371
  endloop
endfacet
facet normal 0.0 0.0 0.0
  outer loop
    vertex 11.98236083984375 -79.25 21.93184471130371
    vertex 11.98236083984375 -78.25 21.93184471130371
    vertex 12.499998092651367 -79.25 21.999998092651367
  endloop
endfacet
facet normal 0.0 0.0 0.0
  outer loop
    vertex 12.499998092651367 -79.25 21.999998092651367
    vertex 11.98236083984375 -78.25 21.93184471130371
    vertex 12.499998092651367 -78.25 21.999998092651367
  endloop
endfacet
facet normal 0.0 0.0 0.0
  outer loop
    vertex 12.499998092651367 -79.25 21.999998092651367
    vertex 12.499998092651367 -78.25 21.999998092651367
    vertex 13.0176362991333 -79.25 21.93184471130371
  endloop
endfacet
facet normal 0.0 0.0 0.0
  outer loop
    vertex 13.0176362991333 -79.25 21.93184471130371
    vertex 12.499998092651367 -78.25 21.999998092651367
    vertex 13.0176362991333 -78.25 21.93184471130371
  endloop
endfacet
facet normal 0.0 0.0 0.0
  outer loop
    vertex 13.0176362991333 -79.25 21.93184471130371
    vertex 13.0176362991333 -78.25 21.93184471130371
    vertex 13.499998092651367 -79.25 21.732046127319336
  endloop
endfacet
facet normal 0.0 0.0 0.0
  outer loop
    vertex 13.499998092651367 -79.25 21.732046127319336
    vertex 13.0176362991333 -78.25 21.93184471130371
    vertex 13.499998092651367 -78.25 21.732046127319336
  endloop
endfacet
facet normal 0.0 0.0 0.0
  outer loop
    vertex 13.499998092651367 -79.25 21.732046127319336
    vertex 13.499998092651367 -78.25 21.732046127319336
    vertex 13.91421127319336 -79.25 21.41420555114746
  endloop
endfacet
facet normal 0.0 0.0 0.0
  outer loop
    vertex 13.91421127319336 -79.25 21.41420555114746
    vertex 13.499998092651367 -78.25 21.732046127319336
    vertex 13.91421127319336 -78.25 21.41420555114746
  endloop
endfacet
facet normal 0.0 0.0 0.0
  outer loop
    vertex 13.91421127319336 -79.25 21.41420555114746
    vertex 13.91421127319336 -78.25 21.41420555114746
    vertex 14.232048988342285 -79.25 20.999998092651367
  endloop
endfacet
facet normal 0.0 0.0 0.0
  outer loop
    vertex 14.232048988342285 -79.25 20.999998092651367
    vertex 13.91421127319336 -78.25 21.41420555114746
    vertex 14.232048988342285 -78.25 20.999998092651367
  endloop
endfacet
facet normal 0.0 0.0 0.0
  outer loop
    vertex 14.232048988342285 -79.25 20.999998092651367
    vertex 14.232048988342285 -78.25 20.999998092651367
    vertex 14.431849479675293 -79.25 20.517629623413086
  endloop
endfacet
facet normal 0.0 0.0 0.0
  outer loop
    vertex 14.431849479675293 -79.25 20.517629623413086
    vertex 14.232048988342285 -78.25 20.999998092651367
    vertex 14.431849479675293 -78.25 20.517629623413086
  endloop
endfacet
facet normal 0.0 0.0 0.0
  outer loop
    vertex 14.431849479675293 -79.25 20.517629623413086
    vertex 14.431849479675293 -78.25 20.517629623413086
    vertex 14.499998092651367 -79.25 19.999998092651367
  endloop
endfacet
facet normal 0.0 0.0 0.0
  outer loop
    vertex 14.499998092651367 -79.25 19.999998092651367
    vertex 14.431849479675293 -78.25 20.517629623413086
    vertex 14.499998092651367 -78.25 19.999998092651367
  endloop
endfacet
facet normal 0.0 0.0 0.0
  outer loop
    vertex 14.499998092651367 -79.25 19.999998092651367
    vertex 14.499998092651367 -78.25 19.999998092651367
    vertex 14.431849479675293 -79.25 19.482358932495117
  endloop
endfacet
facet normal 0.0 0.0 0.0
  outer loop
    vertex 14.431849479675293 -79.25 19.482358932495117
    vertex 14.499998092651367 -78.25 19.999998092651367
    vertex 14.431849479675293 -78.25 19.482358932495117
  endloop
endfacet
facet normal 0.0 0.0 0.0
  outer loop
    vertex 14.431849479675293 -79.25 19.482358932495117
    vertex 14.431849479675293 -78.25 19.482358932495117
    vertex 14.232048988342285 -79.25 19.0
  endloop
endfacet
facet normal 0.0 0.0 0.0
  outer loop
    vertex 14.232048988342285 -79.25 19.0
    vertex 14.431849479675293 -78.25 19.482358932495117
    vertex 14.232048988342285 -78.25 19.0
  endloop
endfacet
facet normal 0.0 0.0 0.0
  outer loop
    vertex 14.232048988342285 -79.25 19.0
    vertex 14.232048988342285 -78.25 19.0
    vertex 13.91421127319336 -79.25 18.585784912109375
  endloop
endfacet
facet normal 0.0 0.0 0.0
  outer loop
    vertex 13.91421127319336 -79.25 18.585784912109375
    vertex 14.232048988342285 -78.25 19.0
    vertex 13.91421127319336 -78.25 18.585784912109375
  endloop
endfacet
facet normal 0.0 0.0 0.0
  outer loop
    vertex 13.91421127319336 -79.25 18.585784912109375
    vertex 13.91421127319336 -78.25 18.585784912109375
    vertex 13.499998092651367 -79.25 18.2679443359375
  endloop
endfacet
facet normal 0.0 0.0 0.0
  outer loop
    vertex 13.499998092651367 -79.25 18.2679443359375
    vertex 13.91421127319336 -78.25 18.585784912109375
    vertex 13.499998092651367 -78.25 18.2679443359375
  endloop
endfacet
facet normal 0.0 0.0 0.0
  outer loop
    vertex 13.499998092651367 -79.25 18.2679443359375
    vertex 13.499998092651367 -78.25 18.2679443359375
    vertex 13.0176362991333 -79.25 18.068145751953125
  endloop
endfacet
facet normal 0.0 0.0 0.0
  outer loop
    vertex 13.0176362991333 -79.25 18.068145751953125
    vertex 13.499998092651367 -78.25 18.2679443359375
    vertex 13.0176362991333 -78.25 18.068145751953125
  endloop
endfacet
facet normal 0.0 0.0 0.0
  outer loop
    vertex 13.0176362991333 -79.25 18.068145751953125
    vertex 13.0176362991333 -78.25 18.068145751953125
    vertex 12.499998092651367 -79.25 18.0
  endloop
endfacet
facet normal 0.0 0.0 0.0
  outer loop
    vertex 12.499998092651367 -79.25 18.0
    vertex 13.0176362991333 -78.25 18.068145751953125
    vertex 12.499998092651367 -78.25 18.0
  endloop
endfacet
facet normal 0.0 0.0 0.0
  outer loop
    vertex 12.499998092651367 -79.25 18.0
    vertex 12.499998092651367 -78.25 18.0
    vertex 11.98236083984375 -79.25 18.068145751953125
  endloop
endfacet
facet normal 0.0 0.0 0.0
  outer loop
    vertex 11.98236083984375 -79.25 18.068145751953125
    vertex 12.499998092651367 -78.25 18.0
    vertex 11.98236083984375 -78.25 18.068145751953125
  endloop
endfacet
facet normal 0.0 0.0 0.0
  outer loop
    vertex 11.98236083984375 -79.25 18.068145751953125
    vertex 11.98236083984375 -78.25 18.068145751953125
    vertex 11.499999046325684 -79.25 18.2679443359375
  endloop
endfacet
facet normal 0.0 0.0 0.0
  outer loop
    vertex 11.499999046325684 -79.25 18.2679443359375
    vertex 11.98236083984375 -78.25 18.068145751953125
    vertex 11.499999046325684 -78.25 18.2679443359375
  endloop
endfacet
facet normal 0.0 0.0 0.0
  outer loop
    vertex 11.499999046325684 -79.25 18.2679443359375
    vertex 11.499999046325684 -78.25 18.2679443359375
    vertex 11.085785865783691 -79.25 18.585784912109375
  endloop
endfacet
facet normal 0.0 0.0 0.0
  outer loop
    vertex 11.085785865783691 -79.25 18.585784912109375
    vertex 11.499999046325684 -78.25 18.2679443359375
    vertex 11.085785865783691 -78.25 18.585784912109375
  endloop
endfacet
facet normal 0.0 0.0 0.0
  outer loop
    vertex 11.085785865783691 -79.25 18.585784912109375
    vertex 11.085785865783691 -78.25 18.585784912109375
    vertex 10.767948150634766 -79.25 19.0
  endloop
endfacet
facet normal 0.0 0.0 0.0
  outer loop
    vertex 10.767948150634766 -79.25 19.0
    vertex 11.085785865783691 -78.25 18.585784912109375
    vertex 10.767948150634766 -78.25 19.0
  endloop
endfacet
facet normal 0.0 0.0 0.0
  outer loop
    vertex 10.767948150634766 -79.25 19.0
    vertex 10.767948150634766 -78.25 19.0
    vertex 10.568147659301758 -79.25 19.482358932495117
  endloop
endfacet
facet normal 0.0 0.0 0.0
  outer loop
    vertex 10.568147659301758 -79.25 19.482358932495117
    vertex 10.767948150634766 -78.25 19.0
    vertex 10.568147659301758 -78.25 19.482358932495117
  endloop
endfacet
facet normal 0.0 0.0 0.0
  outer loop
    vertex -14.431849479675293 -78.25 19.482358932495117
    vertex -15.397775650024414 -77.25 19.223539352416992
    vertex -14.499998092651367 -78.25 19.999998092651367
  endloop
endfacet
facet normal 0.0 0.0 0.0
  outer loop
    vertex -14.499998092651367 -78.25 19.999998092651367
    vertex -15.397775650024414 -77.25 19.223539352416992
    vertex -15.499998092651367 -77.25 19.999998092651367
  endloop
endfacet
facet normal 0.0 0.0 0.0
  outer loop
    vertex -14.499998092651367 -78.25 19.999998092651367
    vertex -15.499998092651367 -77.25 19.999998092651367
    vertex -14.431849479675293 -78.25 20.517629623413086
  endloop
endfacet
facet normal 0.0 0.0 0.0
  outer loop
    vertex -14.431849479675293 -78.25 20.517629623413086
    vertex -15.499998092651367 -77.25 19.999998092651367
    vertex -15.397775650024414 -77.25 20.77644920349121
  endloop
endfacet
facet normal 0.0 0.0 0.0
  outer loop
    vertex -14.431849479675293 -78.25 20.517629623413086
    vertex -15.397775650024414 -77.25 20.77644920349121
    vertex -14.232048988342285 -78.25 20.999998092651367
  endloop
endfacet
facet normal 0.0 0.0 0.0
  outer loop
    vertex -14.232048988342285 -78.25 20.999998092651367
    vertex -15.397775650024414 -77.25 20.77644920349121
    vertex -15.098073959350586 -77.25 21.499998092651367
  endloop
endfacet
facet normal 0.0 0.0 0.0
  outer loop
    vertex -14.232048988342285 -78.25 20.999998092651367
    vertex -15.098073959350586 -77.25 21.499998092651367
    vertex -13.91421127319336 -78.25 21.41420555114746
  endloop
endfacet
facet normal 0.0 0.0 0.0
  outer loop
    vertex -13.91421127319336 -78.25 21.41420555114746
    vertex -15.098073959350586 -77.25 21.499998092651367
    vertex -14.621318817138672 -77.25 22.121313095092773
  endloop
endfacet
facet normal 0.0 0.0 0.0
  outer loop
    vertex -13.91421127319336 -78.25 21.41420555114746
    vertex -14.621318817138672 -77.25 22.121313095092773
    vertex -13.499998092651367 -78.25 21.732046127319336
  endloop
endfacet
facet normal 0.0 0.0 0.0
  outer loop
    vertex -13.499998092651367 -78.25 21.732046127319336
    vertex -14.621318817138672 -77.25 22.121313095092773
    vertex -13.999998092651367 -77.25 22.598073959350586
  endloop
endfacet
facet normal 0.0 0.0 0.0
  outer loop
    vertex -13.499998092651367 -78.25 21.732046127319336
    vertex -13.999998092651367 -77.25 22.598073959350586
    vertex -13.0176362991333 -78.25 21.93184471130371
  endloop
endfacet
facet normal 0.0 0.0 0.0
  outer loop
    vertex -13.0176362991333 -78.25 21.93184471130371
    vertex -13.999998092651367 -77.25 22.598073959350586
    vertex -13.27645492553711 -77.25 22.89777183532715
  endloop
endfacet
facet normal 0.0 0.0 0.0
  outer loop
    vertex -13.0176362991333 -78.25 21.93184471130371
    vertex -13.27645492553711 -77.25 22.89777183532715
    vertex -12.499998092651367 -78.25 21.999998092651367
  endloop
endfacet
facet normal 0.0 0.0 0.0
  outer loop
    vertex -12.499998092651367 -78.25 21.999998092651367
    vertex -13.27645492553711 -77.25 22.89777183532715
    vertex -12.499998092651367 -77.25 22.999998092651367
  endloop
endfacet
facet normal 0.0 0.0 0.0
  outer loop
    vertex -12.499998092651367 -78.25 21.999998092651367
    vertex -12.499998092651367 -77.25 22.999998092651367
    vertex -11.98236083984375 -78.25 21.93184471130371
  endloop
endfacet
facet normal 0.0 0.0 0.0
  outer loop
    vertex -11.98236083984375 -78.25 21.93184471130371
    vertex -12.499998092651367 -77.25 22.999998092651367
    vertex -11.723542213439941 -77.25 22.89777183532715
  endloop
endfacet
facet normal 0.0 0.0 0.0
  outer loop
    vertex -11.98236083984375 -78.25 21.93184471130371
    vertex -11.723542213439941 -77.25 22.89777183532715
    vertex -11.499999046325684 -78.25 21.732046127319336
  endloop
endfacet
facet normal 0.0 0.0 0.0
  outer loop
    vertex -11.499999046325684 -78.25 21.732046127319336
    vertex -11.723542213439941 -77.25 22.89777183532715
    vertex -10.999999046325684 -77.25 22.598073959350586
  endloop
endfacet
facet normal 0.0 0.0 0.0
  outer loop
    vertex -11.499999046325684 -78.25 21.732046127319336
    vertex -10.999999046325684 -77.25 22.598073959350586
    vertex -11.085785865783691 -78.25 21.41420555114746
  endloop
endfacet
facet normal 0.0 0.0 0.0
  outer loop
    vertex -11.085785865783691 -78.25 21.41420555114746
    vertex -10.999999046325684 -77.25 22.598073959350586
    vertex -10.378678321838379 -77.25 22.121313095092773
  endloop
endfacet
facet normal 0.0 0.0 0.0
  outer loop
    vertex -11.085785865783691 -78.25 21.41420555114746
    vertex -10.378678321838379 -77.25 22.121313095092773
    vertex -10.767948150634766 -78.25 20.999998092651367
  endloop
endfacet
facet normal 0.0 0.0 0.0
  outer loop
    vertex -10.767948150634766 -78.25 20.999998092651367
    vertex -10.378678321838379 -77.25 22.121313095092773
    vertex -9.901923179626465 -77.25 21.499998092651367
  endloop
endfacet
facet normal 0.0 0.0 0.0
  outer loop
    vertex -10.767948150634766 -78.25 20.999998092651367
    vertex -9.901923179626465 -77.25 21.499998092651367
    vertex -10.568147659301758 -78.25 20.517629623413086
  endloop
endfacet
facet normal 0.0 0.0 0.0
  outer loop
    vertex -10.568147659301758 -78.25 20.517629623413086
    vertex -9.901923179626465 -77.25 21.499998092651367
    vertex -9.602221488952637 -77.25 20.77644920349121
  endloop
endfacet
facet normal 0.0 0.0 0.0
  outer loop
    vertex -10.568147659301758 -78.25 20.517629623413086
    vertex -9.602221488952637 -77.25 20.77644920349121
    vertex -10.499999046325684 -78.25 19.999998092651367
  endloop
endfacet
facet normal 0.0 0.0 0.0
  outer loop
    vertex -10.499999046325684 -78.25 19.999998092651367
    vertex -9.602221488952637 -77.25 20.77644920349121
    vertex -9.499999046325684 -77.25 19.999998092651367
  endloop
endfacet
facet normal 0.0 0.0 0.0
  outer loop
    vertex -10.499999046325684 -78.25 19.999998092651367
    vertex -9.499999046325684 -77.25 19.999998092651367
    vertex -10.568147659301758 -78.25 19.482358932495117
  endloop
endfacet
facet normal 0.0 0.0 0.0
  outer loop
    vertex -10.568147659301758 -78.25 19.482358932495117
    vertex -9.499999046325684 -77.25 19.999998092651367
    vertex -9.602221488952637 -77.25 19.223539352416992
  endloop
endfacet
facet normal 0.0 0.0 0.0
  outer loop
    vertex -10.568147659301758 -78.25 19.482358932495117
    vertex -9.602221488952637 -77.25 19.223539352416992
    vertex -10.767948150634766 -78.25 19.0
  endloop
endfacet
facet normal 0.0 0.0 0.0
  outer loop
    vertex -10.767948150634766 -78.25 19.0
    vertex -9.602221488952637 -77.25 19.223539352416992
    vertex -9.901923179626465 -77.25 18.5
  endloop
endfacet
facet normal 0.0 0.0 0.0
  outer loop
    vertex -10.767948150634766 -78.25 19.0
    vertex -9.901923179626465 -77.25 18.5
    vertex -11.085785865783691 -78.25 18.585784912109375
  endloop
endfacet
facet normal 0.0 0.0 0.0
  outer loop
    vertex -11.085785865783691 -78.25 18.585784912109375
    vertex -9.901923179626465 -77.25 18.5
    vertex -10.378678321838379 -77.25 17.878677368164062
  endloop
endfacet
facet normal 0.0 0.0 0.0
  outer loop
    vertex -11.085785865783691 -78.25 18.585784912109375
    vertex -10.378678321838379 -77.25 17.878677368164062
    vertex -11.499999046325684 -78.25 18.2679443359375
  endloop
endfacet
facet normal 0.0 0.0 0.0
  outer loop
    vertex -11.499999046325684 -78.25 18.2679443359375
    vertex -10.378678321838379 -77.25 17.878677368164062
    vertex -10.999999046325684 -77.25 17.40191650390625
  endloop
endfacet
facet normal 0.0 0.0 0.0
  outer loop
    vertex -11.499999046325684 -78.25 18.2679443359375
    vertex -10.999999046325684 -77.25 17.40191650390625
    vertex -11.98236083984375 -78.25 18.068145751953125
  endloop
endfacet
facet normal 0.0 0.0 0.0
  outer loop
    vertex -11.98236083984375 -78.25 18.068145751953125
    vertex -10.999999046325684 -77.25 17.40191650390625
    vertex -11.723542213439941 -77.25 17.102218627929688
  endloop
endfacet
facet normal 0.0 0.0 0.0
  outer loop
    vertex -11.98236083984375 -78.25 18.068145751953125
    vertex -11.723542213439941 -77.25 17.102218627929688
    vertex -12.499998092651367 -78.25 18.0
  endloop
endfacet
facet normal 0.0 0.0 0.0
  outer loop
    vertex -12.499998092651367 -78.25 18.0
    vertex -11.723542213439941 -77.25 17.102218627929688
    vertex -12.499998092651367 -77.25 17.0
  endloop
endfacet
facet normal 0.0 0.0 0.0
  outer loop
    vertex -12.499998092651367 -78.25 18.0
    vertex -12.499998092651367 -77.25 17.0
    vertex -13.0176362991333 -78.25 18.068145751953125
  endloop
endfacet
facet normal 0.0 0.0 0.0
  outer loop
    vertex -13.0176362991333 -78.25 18.068145751953125
    vertex -12.499998092651367 -77.25 17.0
    vertex -13.27645492553711 -77.25 17.102218627929688
  endloop
endfacet
facet normal 0.0 0.0 0.0
  outer loop
    vertex -13.0176362991333 -78.25 18.068145751953125
    vertex -13.27645492553711 -77.25 17.102218627929688
    vertex -13.499998092651367 -78.25 18.2679443359375
  endloop
endfacet
facet normal 0.0 0.0 0.0
  outer loop
    vertex -13.499998092651367 -78.25 18.2679443359375
    vertex -13.27645492553711 -77.25 17.102218627929688
    vertex -13.999998092651367 -77.25 17.40191650390625
  endloop
endfacet
facet normal 0.0 0.0 0.0
  outer loop
    vertex -13.499998092651367 -78.25 18.2679443359375
    vertex -13.999998092651367 -77.25 17.40191650390625
    vertex -13.91421127319336 -78.25 18.585784912109375
  endloop
endfacet
facet normal 0.0 0.0 0.0
  outer loop
    vertex -13.91421127319336 -78.25 18.585784912109375
    vertex -13.999998092651367 -77.25 17.40191650390625
    vertex -14.621318817138672 -77.25 17.878677368164062
  endloop
endfacet
facet normal 0.0 0.0 0.0
  outer loop
    vertex -13.91421127319336 -78.25 18.585784912109375
    vertex -14.621318817138672 -77.25 17.878677368164062
    vertex -14.232048988342285 -78.25 19.0
  endloop
endfacet
facet normal 0.0 0.0 0.0
  outer loop
    vertex -14.232048988342285 -78.25 19.0
    vertex -14.621318817138672 -77.25 17.878677368164062
    vertex -15.098073959350586 -77.25 18.5
  endloop
endfacet
facet normal 0.0 0.0 0.0
  outer loop
    vertex -14.232048988342285 -78.25 19.0
    vertex -15.098073959350586 -77.25 18.5
    vertex -14.431849479675293 -78.25 19.482358932495117
  endloop
endfacet
facet normal 0.0 0.0 0.0
  outer loop
    vertex -14.431849479675293 -78.25 19.482358932495117
    vertex -15.098073959350586 -77.25 18.5
    vertex -15.397775650024414 -77.25 19.223539352416992
  endloop
endfacet
facet normal 0.0 0.0 0.0
  outer loop
    vertex -14.431849479675293 -79.25 19.482358932495117
    vertex -14.431849479675293 -78.25 19.482358932495117
    vertex -14.499998092651367 -79.25 19.999998092651367
  endloop
endfacet
facet normal 0.0 0.0 0.0
  outer loop
    vertex -14.499998092651367 -79.25 19.999998092651367
    vertex -14.431849479675293 -78.25 19.482358932495117
    vertex -14.499998092651367 -78.25 19.999998092651367
  endloop
endfacet
facet normal 0.0 0.0 0.0
  outer loop
    vertex -14.499998092651367 -79.25 19.999998092651367
    vertex -14.499998092651367 -78.25 19.999998092651367
    vertex -14.431849479675293 -79.25 20.517629623413086
  endloop
endfacet
facet normal 0.0 0.0 0.0
  outer loop
    vertex -14.431849479675293 -79.25 20.517629623413086
    vertex -14.499998092651367 -78.25 19.999998092651367
    vertex -14.431849479675293 -78.25 20.517629623413086
  endloop
endfacet
facet normal 0.0 0.0 0.0
  outer loop
    vertex -14.431849479675293 -79.25 20.517629623413086
    vertex -14.431849479675293 -78.25 20.517629623413086
    vertex -14.232048988342285 -79.25 20.999998092651367
  endloop
endfacet
facet normal 0.0 0.0 0.0
  outer loop
    vertex -14.232048988342285 -79.25 20.999998092651367
    vertex -14.431849479675293 -78.25 20.517629623413086
    vertex -14.232048988342285 -78.25 20.999998092651367
  endloop
endfacet
facet normal 0.0 0.0 0.0
  outer loop
    vertex -14.232048988342285 -79.25 20.999998092651367
    vertex -14.232048988342285 -78.25 20.999998092651367
    vertex -13.91421127319336 -79.25 21.41420555114746
  endloop
endfacet
facet normal 0.0 0.0 0.0
  outer loop
    vertex -13.91421127319336 -79.25 21.41420555114746
    vertex -14.232048988342285 -78.25 20.999998092651367
    vertex -13.91421127319336 -78.25 21.41420555114746
  endloop
endfacet
facet normal 0.0 0.0 0.0
  outer loop
    vertex -13.91421127319336 -79.25 21.41420555114746
    vertex -13.91421127319336 -78.25 21.41420555114746
    vertex -13.499998092651367 -79.25 21.732046127319336
  endloop
endfacet
facet normal 0.0 0.0 0.0
  outer loop
    vertex -13.499998092651367 -79.25 21.732046127319336
    vertex -13.91421127319336 -78.25 21.41420555114746
    vertex -13.499998092651367 -78.25 21.732046127319336
  endloop
endfacet
facet normal 0.0 0.0 0.0
  outer loop
    vertex -13.499998092651367 -79.25 21.732046127319336
    vertex -13.499998092651367 -78.25 21.732046127319336
    vertex -13.0176362991333 -79.25 21.93184471130371
  endloop
endfacet
facet normal 0.0 0.0 0.0
  outer loop
    vertex -13.0176362991333 -79.25 21.93184471130371
    vertex -13.499998092651367 -78.25 21.732046127319336
    vertex -13.0176362991333 -78.25 21.93184471130371
  endloop
endfacet
facet normal 0.0 0.0 0.0
  outer loop
    vertex -13.0176362991333 -79.25 21.93184471130371
    vertex -13.0176362991333 -78.25 21.93184471130371
    vertex -12.499998092651367 -79.25 21.999998092651367
  endloop
endfacet
facet normal 0.0 0.0 0.0
  outer loop
    vertex -12.499998092651367 -79.25 21.999998092651367
    vertex -13.0176362991333 -78.25 21.93184471130371
    vertex -12.499998092651367 -78.25 21.999998092651367
  endloop
endfacet
facet normal 0.0 0.0 0.0
  outer loop
    vertex -12.499998092651367 -79.25 21.999998092651367
    vertex -12.499998092651367 -78.25 21.999998092651367
    vertex -11.98236083984375 -79.25 21.93184471130371
  endloop
endfacet
facet normal 0.0 0.0 0.0
  outer loop
    vertex -11.98236083984375 -79.25 21.93184471130371
    vertex -12.499998092651367 -78.25 21.999998092651367
    vertex -11.98236083984375 -78.25 21.93184471130371
  endloop
endfacet
facet normal 0.0 0.0 0.0
  outer loop
    vertex -11.98236083984375 -79.25 21.93184471130371
    vertex -11.98236083984375 -78.25 21.93184471130371
    vertex -11.499999046325684 -79.25 21.732046127319336
  endloop
endfacet
facet normal 0.0 0.0 0.0
  outer loop
    vertex -11.499999046325684 -79.25 21.732046127319336
    vertex -11.98236083984375 -78.25 21.93184471130371
    vertex -11.499999046325684 -78.25 21.732046127319336
  endloop
endfacet
facet normal 0.0 0.0 0.0
  outer loop
    vertex -11.499999046325684 -79.25 21.732046127319336
    vertex -11.499999046325684 -78.25 21.732046127319336
    vertex -11.085785865783691 -79.25 21.41420555114746
  endloop
endfacet
facet normal 0.0 0.0 0.0
  outer loop
    vertex -11.085785865783691 -79.25 21.41420555114746
    vertex -11.499999046325684 -78.25 21.732046127319336
    vertex -11.085785865783691 -78.25 21.41420555114746
  endloop
endfacet
facet normal 0.0 0.0 0.0
  outer loop
    vertex -11.085785865783691 -79.25 21.41420555114746
    vertex -11.085785865783691 -78.25 21.41420555114746
    vertex -10.767948150634766 -79.25 20.999998092651367
  endloop
endfacet
facet normal 0.0 0.0 0.0
  outer loop
    vertex -10.767948150634766 -79.25 20.999998092651367
    vertex -11.085785865783691 -78.25 21.41420555114746
    vertex -10.767948150634766 -78.25 20.999998092651367
  endloop
endfacet
facet normal 0.0 0.0 0.0
  outer loop
    vertex -10.767948150634766 -79.25 20.999998092651367
    vertex -10.767948150634766 -78.25 20.999998092651367
    vertex -10.568147659301758 -79.25 20.517629623413086
  endloop
endfacet
facet normal 0.0 0.0 0.0
  outer loop
    vertex -10.568147659301758 -79.25 20.517629623413086
    vertex -10.767948150634766 -78.25 20.999998092651367
    vertex -10.568147659301758 -78.25 20.517629623413086
  endloop
endfacet
facet normal 0.0 0.0 0.0
  outer loop
    vertex -10.568147659301758 -79.25 20.517629623413086
    vertex -10.568147659301758 -78.25 20.517629623413086
    vertex -10.499999046325684 -79.25 19.999998092651367
  endloop
endfacet
facet normal 0.0 0.0 0.0
  outer loop
    vertex -10.499999046325684 -79.25 19.999998092651367
    vertex -10.568147659301758 -78.25 20.517629623413086
    vertex -10.499999046325684 -78.25 19.999998092651367
  endloop
endfacet
facet normal 0.0 0.0 0.0
  outer loop
    vertex -10.499999046325684 -79.25 19.999998092651367
    vertex -10.499999046325684 -78.25 19.999998092651367
    vertex -10.568147659301758 -79.25 19.482358932495117
  endloop
endfacet
facet normal 0.0 0.0 0.0
  outer loop
    vertex -10.568147659301758 -79.25 19.482358932495117
    vertex -10.499999046325684 -78.25 19.999998092651367
    vertex -10.568147659301758 -78.25 19.482358932495117
  endloop
endfacet
facet normal 0.0 0.0 0.0
  outer loop
    vertex -10.568147659301758 -79.25 19.482358932495117
    vertex -10.568147659301758 -78.25 19.482358932495117
    vertex -10.767948150634766 -79.25 19.0
  endloop
endfacet
facet normal 0.0 0.0 0.0
  outer loop
    vertex -10.767948150634766 -79.25 19.0
    vertex -10.568147659301758 -78.25 19.482358932495117
    vertex -10.767948150634766 -78.25 19.0
  endloop
endfacet
facet normal 0.0 0.0 0.0
  outer loop
    vertex -10.767948150634766 -79.25 19.0
    vertex -10.767948150634766 -78.25 19.0
    vertex -11.085785865783691 -79.25 18.585784912109375
  endloop
endfacet
facet normal 0.0 0.0 0.0
  outer loop
    vertex -11.085785865783691 -79.25 18.585784912109375
    vertex -10.767948150634766 -78.25 19.0
    vertex -11.085785865783691 -78.25 18.585784912109375
  endloop
endfacet
facet normal 0.0 0.0 0.0
  outer loop
    vertex -11.085785865783691 -79.25 18.585784912109375
    vertex -11.085785865783691 -78.25 18.585784912109375
    vertex -11.499999046325684 -79.25 18.2679443359375
  endloop
endfacet
facet normal 0.0 0.0 0.0
  outer loop
    vertex -11.499999046325684 -79.25 18.2679443359375
    vertex -11.085785865783691 -78.25 18.585784912109375
    vertex -11.499999046325684 -78.25 18.2679443359375
  endloop
endfacet
facet normal 0.0 0.0 0.0
  outer loop
    vertex -11.499999046325684 -79.25 18.2679443359375
    vertex -11.499999046325684 -78.25 18.2679443359375
    vertex -11.98236083984375 -79.25 18.068145751953125
  endloop
endfacet
facet normal 0.0 0.0 0.0
  outer loop
    vertex -11.98236083984375 -79.25 18.068145751953125
    vertex -11.499999046325684 -78.25 18.2679443359375
    vertex -11.98236083984375 -78.25 18.068145751953125
  endloop
endfacet
facet normal 0.0 0.0 0.0
  outer loop
    vertex -11.98236083984375 -79.25 18.068145751953125
    vertex -11.98236083984375 -78.25 18.068145751953125
    vertex -12.499998092651367 -79.25 18.0
  endloop
endfacet
facet normal 0.0 0.0 0.0
  outer loop
    vertex -12.499998092651367 -79.25 18.0
    vertex -11.98236083984375 -78.25 18.068145751953125
    vertex -12.499998092651367 -78.25 18.0
  endloop
endfacet
facet normal 0.0 0.0 0.0
  outer loop
    vertex -12.499998092651367 -79.25 18.0
    vertex -12.499998092651367 -78.25 18.0
    vertex -13.0176362991333 -79.25 18.068145751953125
  endloop
endfacet
facet normal 0.0 0.0 0.0
  outer loop
    vertex -13.0176362991333 -79.25 18.068145751953125
    vertex -12.499998092651367 -78.25 18.0
    vertex -13.0176362991333 -78.25 18.068145751953125
  endloop
endfacet
facet normal 0.0 0.0 0.0
  outer loop
    vertex -13.0176362991333 -79.25 18.068145751953125
    vertex -13.0176362991333 -78.25 18.068145751953125
    vertex -13.499998092651367 -79.25 18.2679443359375
  endloop
endfacet
facet normal 0.0 0.0 0.0
  outer loop
    vertex -13.499998092651367 -79.25 18.2679443359375
    vertex -13.0176362991333 -78.25 18.068145751953125
    vertex -13.499998092651367 -78.25 18.2679443359375
  endloop
endfacet
facet normal 0.0 0.0 0.0
  outer loop
    vertex -13.499998092651367 -79.25 18.2679443359375
    vertex -13.499998092651367 -78.25 18.2679443359375
    vertex -13.91421127319336 -79.25 18.585784912109375
  endloop
endfacet
facet normal 0.0 0.0 0.0
  outer loop
    vertex -13.91421127319336 -79.25 18.585784912109375
    vertex -13.499998092651367 -78.25 18.2679443359375
    vertex -13.91421127319336 -78.25 18.585784912109375
  endloop
endfacet
facet normal 0.0 0.0 0.0
  outer loop
    vertex -13.91421127319336 -79.25 18.585784912109375
    vertex -13.91421127319336 -78.25 18.585784912109375
    vertex -14.232048988342285 -79.25 19.0
  endloop
endfacet
facet normal 0.0 0.0 0.0
  outer loop
    vertex -14.232048988342285 -79.25 19.0
    vertex -13.91421127319336 -78.25 18.585784912109375
    vertex -14.232048988342285 -78.25 19.0
  endloop
endfacet
facet normal 0.0 0.0 0.0
  outer loop
    vertex -14.232048988342285 -79.25 19.0
    vertex -14.232048988342285 -78.25 19.0
    vertex -14.431849479675293 -79.25 19.482358932495117
  endloop
endfacet
facet normal 0.0 0.0 0.0
  outer loop
    vertex -14.431849479675293 -79.25 19.482358932495117
    vertex -14.232048988342285 -78.25 19.0
    vertex -14.431849479675293 -78.25 19.482358932495117
  endloop
endfacet
facet normal 0.0 0.0 0.0
  outer loop
    vertex -5.274033069610596 78.49967956542969 1.9073486328125e-06
    vertex -5.284546852111816 78.5423355102539 4.333330154418945
    vertex -5.249999046325684 78.28175354003906 1.9073486328125e-06
  endloop
endfacet
facet normal 0.0 0.0 0.0
  outer loop
    vertex -5.249999046325684 78.28175354003906 1.9073486328125e-06
    vertex -5.284546852111816 78.5423355102539 4.333330154418945
    vertex -5.284547328948975 78.5423355102539 8.666665077209473
  endloop
endfacet
facet normal 0.0 0.0 0.0
  outer loop
    vertex -5.249999046325684 78.28175354003906 1.9073486328125e-06
    vertex -5.284547328948975 78.5423355102539 8.666665077209473
    vertex -5.263542652130127 78.44577026367188 12.263542175292969
  endloop
endfacet
facet normal 0.0 0.0 0.0
  outer loop
    vertex -5.263542652130127 78.44577026367188 12.263542175292969
    vertex -5.284547328948975 78.5423355102539 8.666665077209473
    vertex -5.303804874420166 78.6053466796875 12.303802490234375
  endloop
endfacet
facet normal 0.0 0.0 0.0
  outer loop
    vertex -5.303804874420166 78.6053466796875 12.303802490234375
    vertex -5.284547328948975 78.5423355102539 8.666665077209473
    vertex -5.385803699493408 78.784912109375 8.666665077209473
  endloop
endfacet
facet normal 0.0 0.0 0.0
  outer loop
    vertex -5.303804874420166 78.6053466796875 12.303802490234375
    vertex -5.385803699493408 78.784912109375 8.666665077209473
    vertex -5.369695663452148 78.75616455078125 12.36968994140625
  endloop
endfacet
facet normal 0.0 0.0 0.0
  outer loop
    vertex -5.369695663452148 78.75616455078125 12.36968994140625
    vertex -5.385803699493408 78.784912109375 8.666665077209473
    vertex -5.45943021774292 78.89412689208984 12.459426879882812
  endloop
endfacet
facet normal 0.0 0.0 0.0
  outer loop
    vertex -5.45943021774292 78.89412689208984 12.459426879882812
    vertex -5.385803699493408 78.784912109375 8.666665077209473
    vertex -5.546772003173828 78.99272155761719 8.666665077209473
  endloop
endfacet
facet normal 0.0 0.0 0.0
  outer loop
    vertex -5.45943021774292 78.89412689208984 12.459426879882812
    vertex -5.546772003173828 78.99272155761719 8.666665077209473
    vertex -5.570578098297119 79.0155029296875 12.570571899414062
  endloop
endfacet
facet normal 0.0 0.0 0.0
  outer loop
    vertex -5.570578098297119 79.0155029296875 12.570571899414062
    vertex -5.546772003173828 78.99272155761719 8.666665077209473
    vertex -5.70012903213501 79.11700439453125 12.700126647949219
  endloop
endfacet
facet normal 0.0 0.0 0.0
  outer loop
    vertex -5.70012903213501 79.11700439453125 12.700126647949219
    vertex -5.546772003173828 78.99272155761719 8.666665077209473
    vertex -5.756330490112305 79.15140533447266 8.666665077209473
  endloop
endfacet
facet normal 0.0 0.0 0.0
  outer loop
    vertex -5.70012903213501 79.11700439453125 12.700126647949219
    vertex -5.756330490112305 79.15140533447266 8.666665077209473
    vertex -5.999999046325684 79.25 13.0
  endloop
endfacet
facet normal 0.0 0.0 0.0
  outer loop
    vertex -5.999999046325684 79.25 13.0
    vertex -5.756330490112305 79.15140533447266 8.666665077209473
    vertex -5.7563300132751465 79.15140533447266 4.333330154418945
  endloop
endfacet
facet normal 0.0 0.0 0.0
  outer loop
    vertex -5.999999046325684 79.25 13.0
    vertex -5.7563300132751465 79.15140533447266 4.333330154418945
    vertex -5.795004367828369 79.17224884033203 1.9073486328125e-06
  endloop
endfacet
facet normal 0.0 0.0 0.0
  outer loop
    vertex -5.795004367828369 79.17224884033203 1.9073486328125e-06
    vertex -5.7563300132751465 79.15140533447266 4.333330154418945
    vertex -5.611880302429199 79.05169677734375 1.9073486328125e-06
  endloop
endfacet
facet normal 0.0 0.0 0.0
  outer loop
    vertex -5.611880302429199 79.05169677734375 1.9073486328125e-06
    vertex -5.7563300132751465 79.15140533447266 4.333330154418945
    vertex -5.54677152633667 78.99272155761719 4.333330154418945
  endloop
endfacet
facet normal 0.0 0.0 0.0
  outer loop
    vertex -5.611880302429199 79.05169677734375 1.9073486328125e-06
    vertex -5.54677152633667 78.99272155761719 4.333330154418945
    vertex -5.459429740905762 78.89412689208984 1.9073486328125e-06
  endloop
endfacet
facet normal 0.0 0.0 0.0
  outer loop
    vertex -5.459429740905762 78.89412689208984 1.9073486328125e-06
    vertex -5.54677152633667 78.99272155761719 4.333330154418945
    vertex -5.38580322265625 78.784912109375 4.333330154418945
  endloop
endfacet
facet normal 0.0 0.0 0.0
  outer loop
    vertex -5.459429740905762 78.89412689208984 1.9073486328125e-06
    vertex -5.38580322265625 78.784912109375 4.333330154418945
    vertex -5.344980239868164 78.70712280273438 1.9073486328125e-06
  endloop
endfacet
facet normal 0.0 0.0 0.0
  outer loop
    vertex -5.344980239868164 78.70712280273438 1.9073486328125e-06
    vertex -5.38580322265625 78.784912109375 4.333330154418945
    vertex -5.284546852111816 78.5423355102539 4.333330154418945
  endloop
endfacet
facet normal 0.0 0.0 0.0
  outer loop
    vertex -5.344980239868164 78.70712280273438 1.9073486328125e-06
    vertex -5.284546852111816 78.5423355102539 4.333330154418945
    vertex -5.274033069610596 78.49967956542969 1.9073486328125e-06
  endloop
endfacet
facet normal 0.0 0.0 0.0
  outer loop
    vertex -5.795004367828369 79.17224884033203 1.9073486328125e-06
    vertex -5.999998569488525 79.25 1.9073486328125e-06
    vertex -5.999999046325684 79.25 13.0
  endloop
endfacet
facet normal 0.0 0.0 0.0
  outer loop
    vertex -5.263542652130127 78.44577026367188 12.263542175292969
    vertex -5.249999523162842 78.28175354003906 12.25
    vertex -5.249999046325684 78.28175354003906 1.9073486328125e-06
  endloop
endfacet
facet normal 0.0 0.0 0.0
  outer loop
    vertex -5.385803699493408 78.784912109375 8.666665077209473
    vertex -5.284547328948975 78.5423355102539 8.666665077209473
    vertex -5.284546852111816 78.5423355102539 4.333330154418945
  endloop
endfacet
facet normal 0.0 0.0 0.0
  outer loop
    vertex -5.546772003173828 78.99272155761719 8.666665077209473
    vertex -5.385803699493408 78.784912109375 8.666665077209473
    vertex -5.38580322265625 78.784912109375 4.333330154418945
  endloop
endfacet
facet normal 0.0 0.0 0.0
  outer loop
    vertex -5.38580322265625 78.784912109375 4.333330154418945
    vertex -5.385803699493408 78.784912109375 8.666665077209473
    vertex -5.284546852111816 78.5423355102539 4.333330154418945
  endloop
endfacet
facet normal 0.0 0.0 0.0
  outer loop
    vertex -5.756330490112305 79.15140533447266 8.666665077209473
    vertex -5.546772003173828 78.99272155761719 8.666665077209473
    vertex -5.54677152633667 78.99272155761719 4.333330154418945
  endloop
endfacet
facet normal 0.0 0.0 0.0
  outer loop
    vertex -5.54677152633667 78.99272155761719 4.333330154418945
    vertex -5.546772003173828 78.99272155761719 8.666665077209473
    vertex -5.38580322265625 78.784912109375 4.333330154418945
  endloop
endfacet
facet normal 0.0 0.0 0.0
  outer loop
    vertex -5.7563300132751465 79.15140533447266 4.333330154418945
    vertex -5.756330490112305 79.15140533447266 8.666665077209473
    vertex -5.54677152633667 78.99272155761719 4.333330154418945
  endloop
endfacet
facet normal 0.0 0.0 0.0
  outer loop
    vertex -5.70012903213501 79.11700439453125 12.700126647949219
    vertex -5.999999046325684 79.25 13.0
    vertex -1.999999761581421 79.15140533447266 12.756324768066406
  endloop
endfacet
facet normal 0.0 0.0 0.0
  outer loop
    vertex -1.999999761581421 79.15140533447266 12.756324768066406
    vertex -5.999999046325684 79.25 13.0
    vertex 5.999999046325684 79.25 13.0
  endloop
endfacet
facet normal 0.0 0.0 0.0
  outer loop
    vertex -1.999999761581421 79.15140533447266 12.756324768066406
    vertex 5.999999046325684 79.25 13.0
    vertex 1.999999761581421 79.15140533447266 12.756324768066406
  endloop
endfacet
facet normal 0.0 0.0 0.0
  outer loop
    vertex 1.999999761581421 79.15140533447266 12.756324768066406
    vertex 5.999999046325684 79.25 13.0
    vertex 5.70012903213501 79.11700439453125 12.700126647949219
  endloop
endfacet
facet normal 0.0 0.0 0.0
  outer loop
    vertex 1.999999761581421 79.15140533447266 12.756324768066406
    vertex 5.70012903213501 79.11700439453125 12.700126647949219
    vertex 1.999999761581421 78.99272155761719 12.546768188476562
  endloop
endfacet
facet normal 0.0 0.0 0.0
  outer loop
    vertex 1.999999761581421 78.99272155761719 12.546768188476562
    vertex 5.70012903213501 79.11700439453125 12.700126647949219
    vertex 5.570578098297119 79.0155029296875 12.570571899414062
  endloop
endfacet
facet normal 0.0 0.0 0.0
  outer loop
    vertex 1.999999761581421 78.99272155761719 12.546768188476562
    vertex 5.570578098297119 79.0155029296875 12.570571899414062
    vertex 5.45943021774292 78.89412689208984 12.459426879882812
  endloop
endfacet
facet normal 0.0 0.0 0.0
  outer loop
    vertex 1.999999761581421 78.99272155761719 12.546768188476562
    vertex 5.45943021774292 78.89412689208984 12.459426879882812
    vertex 1.999999761581421 78.784912109375 12.38580322265625
  endloop
endfacet
facet normal 0.0 0.0 0.0
  outer loop
    vertex 1.999999761581421 78.784912109375 12.38580322265625
    vertex 5.45943021774292 78.89412689208984 12.459426879882812
    vertex 5.369695663452148 78.75616455078125 12.36968994140625
  endloop
endfacet
facet normal 0.0 0.0 0.0
  outer loop
    vertex 1.999999761581421 78.784912109375 12.38580322265625
    vertex 5.369695663452148 78.75616455078125 12.36968994140625
    vertex 5.303804874420166 78.6053466796875 12.303802490234375
  endloop
endfacet
facet normal 0.0 0.0 0.0
  outer loop
    vertex 1.999999761581421 78.784912109375 12.38580322265625
    vertex 5.303804874420166 78.6053466796875 12.303802490234375
    vertex 1.999999761581421 78.5423355102539 12.2845458984375
  endloop
endfacet
facet normal 0.0 0.0 0.0
  outer loop
    vertex 1.999999761581421 78.5423355102539 12.2845458984375
    vertex 5.303804874420166 78.6053466796875 12.303802490234375
    vertex 5.263542652130127 78.44577026367188 12.263542175292969
  endloop
endfacet
facet normal 0.0 0.0 0.0
  outer loop
    vertex 1.999999761581421 78.5423355102539 12.2845458984375
    vertex 5.263542652130127 78.44577026367188 12.263542175292969
    vertex -5.249999523162842 78.28175354003906 12.25
  endloop
endfacet
facet normal 0.0 0.0 0.0
  outer loop
    vertex -5.249999523162842 78.28175354003906 12.25
    vertex 5.263542652130127 78.44577026367188 12.263542175292969
    vertex 5.249999523162842 78.28175354003906 12.25
  endloop
endfacet
facet normal 0.0 0.0 0.0
  outer loop
    vertex 1.999999761581421 78.5423355102539 12.2845458984375
    vertex -5.249999523162842 78.28175354003906 12.25
    vertex -1.999999761581421 78.5423355102539 12.2845458984375
  endloop
endfacet
facet normal 0.0 0.0 0.0
  outer loop
    vertex -1.999999761581421 78.5423355102539 12.2845458984375
    vertex -5.249999523162842 78.28175354003906 12.25
    vertex -5.263542652130127 78.44577026367188 12.263542175292969
  endloop
endfacet
facet normal 0.0 0.0 0.0
  outer loop
    vertex -1.999999761581421 78.5423355102539 12.2845458984375
    vertex -5.263542652130127 78.44577026367188 12.263542175292969
    vertex -5.303804874420166 78.6053466796875 12.303802490234375
  endloop
endfacet
facet normal 0.0 0.0 0.0
  outer loop
    vertex -1.999999761581421 78.5423355102539 12.2845458984375
    vertex -5.303804874420166 78.6053466796875 12.303802490234375
    vertex -1.999999761581421 78.784912109375 12.38580322265625
  endloop
endfacet
facet normal 0.0 0.0 0.0
  outer loop
    vertex -1.999999761581421 78.784912109375 12.38580322265625
    vertex -5.303804874420166 78.6053466796875 12.303802490234375
    vertex -5.369695663452148 78.75616455078125 12.36968994140625
  endloop
endfacet
facet normal 0.0 0.0 0.0
  outer loop
    vertex -1.999999761581421 78.784912109375 12.38580322265625
    vertex -5.369695663452148 78.75616455078125 12.36968994140625
    vertex -5.45943021774292 78.89412689208984 12.459426879882812
  endloop
endfacet
facet normal 0.0 0.0 0.0
  outer loop
    vertex -1.999999761581421 78.784912109375 12.38580322265625
    vertex -5.45943021774292 78.89412689208984 12.459426879882812
    vertex -1.999999761581421 78.99272155761719 12.546768188476562
  endloop
endfacet
facet normal 0.0 0.0 0.0
  outer loop
    vertex -1.999999761581421 78.99272155761719 12.546768188476562
    vertex -5.45943021774292 78.89412689208984 12.459426879882812
    vertex -5.570578098297119 79.0155029296875 12.570571899414062
  endloop
endfacet
facet normal 0.0 0.0 0.0
  outer loop
    vertex -1.999999761581421 78.99272155761719 12.546768188476562
    vertex -5.570578098297119 79.0155029296875 12.570571899414062
    vertex -5.70012903213501 79.11700439453125 12.700126647949219
  endloop
endfacet
facet normal 0.0 0.0 0.0
  outer loop
    vertex -1.999999761581421 78.99272155761719 12.546768188476562
    vertex -5.70012903213501 79.11700439453125 12.700126647949219
    vertex -1.999999761581421 79.15140533447266 12.756324768066406
  endloop
endfacet
facet normal 0.0 0.0 0.0
  outer loop
    vertex -1.999999761581421 78.99272155761719 12.546768188476562
    vertex -1.999999761581421 79.15140533447266 12.756324768066406
    vertex 1.999999761581421 79.15140533447266 12.756324768066406
  endloop
endfacet
facet normal 0.0 0.0 0.0
  outer loop
    vertex -1.999999761581421 78.784912109375 12.38580322265625
    vertex -1.999999761581421 78.99272155761719 12.546768188476562
    vertex 1.999999761581421 78.99272155761719 12.546768188476562
  endloop
endfacet
facet normal 0.0 0.0 0.0
  outer loop
    vertex 1.999999761581421 78.99272155761719 12.546768188476562
    vertex -1.999999761581421 78.99272155761719 12.546768188476562
    vertex 1.999999761581421 79.15140533447266 12.756324768066406
  endloop
endfacet
facet normal 0.0 0.0 0.0
  outer loop
    vertex -1.999999761581421 78.5423355102539 12.2845458984375
    vertex -1.999999761581421 78.784912109375 12.38580322265625
    vertex 1.999999761581421 78.784912109375 12.38580322265625
  endloop
endfacet
facet normal 0.0 0.0 0.0
  outer loop
    vertex 1.999999761581421 78.784912109375 12.38580322265625
    vertex -1.999999761581421 78.784912109375 12.38580322265625
    vertex 1.999999761581421 78.99272155761719 12.546768188476562
  endloop
endfacet
facet normal 0.0 0.0 0.0
  outer loop
    vertex 1.999999761581421 78.5423355102539 12.2845458984375
    vertex -1.999999761581421 78.5423355102539 12.2845458984375
    vertex 1.999999761581421 78.784912109375 12.38580322265625
  endloop
endfacet
facet normal 0.0 0.0 0.0
  outer loop
    vertex 5.7950053215026855 79.17224884033203 1.9073486328125e-06
    vertex 5.756330966949463 79.15140533447266 4.333330154418945
    vertex 5.999999523162842 79.25 1.9073486328125e-06
  endloop
endfacet
facet normal 0.0 0.0 0.0
  outer loop
    vertex 5.999999523162842 79.25 1.9073486328125e-06
    vertex 5.756330966949463 79.15140533447266 4.333330154418945
    vertex 5.756330490112305 79.15140533447266 8.666665077209473
  endloop
endfacet
facet normal 0.0 0.0 0.0
  outer loop
    vertex 5.999999523162842 79.25 1.9073486328125e-06
    vertex 5.756330490112305 79.15140533447266 8.666665077209473
    vertex 5.999999046325684 79.25 13.0
  endloop
endfacet
facet normal 0.0 0.0 0.0
  outer loop
    vertex 5.999999046325684 79.25 13.0
    vertex 5.756330490112305 79.15140533447266 8.666665077209473
    vertex 5.70012903213501 79.11700439453125 12.700126647949219
  endloop
endfacet
facet normal 0.0 0.0 0.0
  outer loop
    vertex 5.70012903213501 79.11700439453125 12.700126647949219
    vertex 5.756330490112305 79.15140533447266 8.666665077209473
    vertex 5.546772003173828 78.99272155761719 8.666665077209473
  endloop
endfacet
facet normal 0.0 0.0 0.0
  outer loop
    vertex 5.70012903213501 79.11700439453125 12.700126647949219
    vertex 5.546772003173828 78.99272155761719 8.666665077209473
    vertex 5.570578098297119 79.0155029296875 12.570571899414062
  endloop
endfacet
facet normal 0.0 0.0 0.0
  outer loop
    vertex 5.570578098297119 79.0155029296875 12.570571899414062
    vertex 5.546772003173828 78.99272155761719 8.666665077209473
    vertex 5.45943021774292 78.89412689208984 12.459426879882812
  endloop
endfacet
facet normal 0.0 0.0 0.0
  outer loop
    vertex 5.45943021774292 78.89412689208984 12.459426879882812
    vertex 5.546772003173828 78.99272155761719 8.666665077209473
    vertex 5.385803699493408 78.784912109375 8.666665077209473
  endloop
endfacet
facet normal 0.0 0.0 0.0
  outer loop
    vertex 5.45943021774292 78.89412689208984 12.459426879882812
    vertex 5.385803699493408 78.784912109375 8.666665077209473
    vertex 5.369695663452148 78.75616455078125 12.36968994140625
  endloop
endfacet
facet normal 0.0 0.0 0.0
  outer loop
    vertex 5.369695663452148 78.75616455078125 12.36968994140625
    vertex 5.385803699493408 78.784912109375 8.666665077209473
    vertex 5.303804874420166 78.6053466796875 12.303802490234375
  endloop
endfacet
facet normal 0.0 0.0 0.0
  outer loop
    vertex 5.303804874420166 78.6053466796875 12.303802490234375
    vertex 5.385803699493408 78.784912109375 8.666665077209473
    vertex 5.284547328948975 78.5423355102539 8.666665077209473
  endloop
endfacet
facet normal 0.0 0.0 0.0
  outer loop
    vertex 5.303804874420166 78.6053466796875 12.303802490234375
    vertex 5.284547328948975 78.5423355102539 8.666665077209473
    vertex 5.263542652130127 78.44577026367188 12.263542175292969
  endloop
endfacet
facet normal 0.0 0.0 0.0
  outer loop
    vertex 5.263542652130127 78.44577026367188 12.263542175292969
    vertex 5.284547328948975 78.5423355102539 8.666665077209473
    vertex 5.249999523162842 78.28175354003906 12.25
  endloop
endfacet
facet normal 0.0 0.0 0.0
  outer loop
    vertex 5.249999523162842 78.28175354003906 12.25
    vertex 5.284547328948975 78.5423355102539 8.666665077209473
    vertex 5.284547805786133 78.5423355102539 4.333330154418945
  endloop
endfacet
facet normal 0.0 0.0 0.0
  outer loop
    vertex 5.249999523162842 78.28175354003906 12.25
    vertex 5.284547805786133 78.5423355102539 4.333330154418945
    vertex 5.274034023284912 78.49967956542969 1.9073486328125e-06
  endloop
endfacet
facet normal 0.0 0.0 0.0
  outer loop
    vertex 5.274034023284912 78.49967956542969 1.9073486328125e-06
    vertex 5.284547805786133 78.5423355102539 4.333330154418945
    vertex 5.3449811935424805 78.70712280273438 1.9073486328125e-06
  endloop
endfacet
facet normal 0.0 0.0 0.0
  outer loop
    vertex 5.3449811935424805 78.70712280273438 1.9073486328125e-06
    vertex 5.284547805786133 78.5423355102539 4.333330154418945
    vertex 5.385804176330566 78.784912109375 4.333330154418945
  endloop
endfacet
facet normal 0.0 0.0 0.0
  outer loop
    vertex 5.3449811935424805 78.70712280273438 1.9073486328125e-06
    vertex 5.385804176330566 78.784912109375 4.333330154418945
    vertex 5.459430694580078 78.89412689208984 1.9073486328125e-06
  endloop
endfacet
facet normal 0.0 0.0 0.0
  outer loop
    vertex 5.459430694580078 78.89412689208984 1.9073486328125e-06
    vertex 5.385804176330566 78.784912109375 4.333330154418945
    vertex 5.546772480010986 78.99272155761719 4.333330154418945
  endloop
endfacet
facet normal 0.0 0.0 0.0
  outer loop
    vertex 5.459430694580078 78.89412689208984 1.9073486328125e-06
    vertex 5.546772480010986 78.99272155761719 4.333330154418945
    vertex 5.611881256103516 79.05169677734375 1.9073486328125e-06
  endloop
endfacet
facet normal 0.0 0.0 0.0
  outer loop
    vertex 5.611881256103516 79.05169677734375 1.9073486328125e-06
    vertex 5.546772480010986 78.99272155761719 4.333330154418945
    vertex 5.756330966949463 79.15140533447266 4.333330154418945
  endloop
endfacet
facet normal 0.0 0.0 0.0
  outer loop
    vertex 5.611881256103516 79.05169677734375 1.9073486328125e-06
    vertex 5.756330966949463 79.15140533447266 4.333330154418945
    vertex 5.7950053215026855 79.17224884033203 1.9073486328125e-06
  endloop
endfacet
facet normal 0.0 0.0 0.0
  outer loop
    vertex 5.274034023284912 78.49967956542969 1.9073486328125e-06
    vertex 5.25 78.28175354003906 1.9073486328125e-06
    vertex 5.249999523162842 78.28175354003906 12.25
  endloop
endfacet
facet normal 0.0 0.0 0.0
  outer loop
    vertex 5.546772003173828 78.99272155761719 8.666665077209473
    vertex 5.756330490112305 79.15140533447266 8.666665077209473
    vertex 5.756330966949463 79.15140533447266 4.333330154418945
  endloop
endfacet
facet normal 0.0 0.0 0.0
  outer loop
    vertex 5.385803699493408 78.784912109375 8.666665077209473
    vertex 5.546772003173828 78.99272155761719 8.666665077209473
    vertex 5.546772480010986 78.99272155761719 4.333330154418945
  endloop
endfacet
facet normal 0.0 0.0 0.0
  outer loop
    vertex 5.546772480010986 78.99272155761719 4.333330154418945
    vertex 5.546772003173828 78.99272155761719 8.666665077209473
    vertex 5.756330966949463 79.15140533447266 4.333330154418945
  endloop
endfacet
facet normal 0.0 0.0 0.0
  outer loop
    vertex 5.284547328948975 78.5423355102539 8.666665077209473
    vertex 5.385803699493408 78.784912109375 8.666665077209473
    vertex 5.385804176330566 78.784912109375 4.333330154418945
  endloop
endfacet
facet normal 0.0 0.0 0.0
  outer loop
    vertex 5.385804176330566 78.784912109375 4.333330154418945
    vertex 5.385803699493408 78.784912109375 8.666665077209473
    vertex 5.546772480010986 78.99272155761719 4.333330154418945
  endloop
endfacet
facet normal 0.0 0.0 0.0
  outer loop
    vertex 5.284547805786133 78.5423355102539 4.333330154418945
    vertex 5.284547328948975 78.5423355102539 8.666665077209473
    vertex 5.385804176330566 78.784912109375 4.333330154418945
  endloop
endfacet
facet normal 0.0 0.0 0.0
  outer loop
    vertex -5.249999046325684 78.28175354003906 1.9073486328125e-06
    vertex -5.249999523162842 78.28175354003906 12.25
    vertex -5.249999046325684 74.25 1.9073486328125e-06
  endloop
endfacet
facet normal 0.0 0.0 0.0
  outer loop
    vertex -5.249999046325684 74.25 1.9073486328125e-06
    vertex -5.249999523162842 78.28175354003906 12.25
    vertex -5.249999523162842 74.25 12.25
  endloop
endfacet
facet normal 0.0 0.0 0.0
  outer loop
    vertex -5.249999523162842 78.28175354003906 12.25
    vertex 5.249999523162842 78.28175354003906 12.25
    vertex -5.249999523162842 74.25 12.25
  endloop
endfacet
facet normal 0.0 0.0 0.0
  outer loop
    vertex -5.249999523162842 74.25 12.25
    vertex 5.249999523162842 78.28175354003906 12.25
    vertex 5.249999523162842 74.25 12.25
  endloop
endfacet
facet normal 0.0 0.0 0.0
  outer loop
    vertex 5.249999523162842 78.28175354003906 12.25
    vertex 5.25 78.28175354003906 1.9073486328125e-06
    vertex 5.249999523162842 74.25 12.25
  endloop
endfacet
facet normal 0.0 0.0 0.0
  outer loop
    vertex 5.249999523162842 74.25 12.25
    vertex 5.25 78.28175354003906 1.9073486328125e-06
    vertex 5.25 74.25 1.9073486328125e-06
  endloop
endfacet
facet normal 0.0 0.0 0.0
  outer loop
    vertex 4.034073829650879 -71.25 13.258811950683594
    vertex 3.999999523162842 -71.25 13.0
    vertex 3.998838424682617 -71.51763916015625 13.258811950683594
  endloop
endfacet
facet normal 0.0 0.0 0.0
  outer loop
    vertex 3.998838424682617 -71.51763916015625 13.258811950683594
    vertex 3.999999523162842 -71.25 13.0
    vertex 3.965925455093384 -71.50881958007812 13.0
  endloop
endfacet
facet normal 0.0 0.0 0.0
  outer loop
    vertex 3.998838424682617 -71.51763916015625 13.258811950683594
    vertex 3.965925455093384 -71.50881958007812 13.0
    vertex 3.895534038543701 -71.76703643798828 13.258811950683594
  endloop
endfacet
facet normal 0.0 0.0 0.0
  outer loop
    vertex 3.895534038543701 -71.76703643798828 13.258811950683594
    vertex 3.965925455093384 -71.50881958007812 13.0
    vertex 3.866024971008301 -71.75 13.0
  endloop
endfacet
facet normal 0.0 0.0 0.0
  outer loop
    vertex 3.895534038543701 -71.76703643798828 13.258811950683594
    vertex 3.866024971008301 -71.75 13.0
    vertex 3.7312004566192627 -71.981201171875 13.258811950683594
  endloop
endfacet
facet normal 0.0 0.0 0.0
  outer loop
    vertex 3.7312004566192627 -71.981201171875 13.258811950683594
    vertex 3.866024971008301 -71.75 13.0
    vertex 3.707106351852417 -71.95710754394531 13.0
  endloop
endfacet
facet normal 0.0 0.0 0.0
  outer loop
    vertex 3.7312004566192627 -71.981201171875 13.258811950683594
    vertex 3.707106351852417 -71.95710754394531 13.0
    vertex 3.5170366764068604 -72.1455307006836 13.258811950683594
  endloop
endfacet
facet normal 0.0 0.0 0.0
  outer loop
    vertex 3.5170366764068604 -72.1455307006836 13.258811950683594
    vertex 3.707106351852417 -71.95710754394531 13.0
    vertex 3.499999523162842 -72.11602783203125 13.0
  endloop
endfacet
facet normal 0.0 0.0 0.0
  outer loop
    vertex 3.5170366764068604 -72.1455307006836 13.258811950683594
    vertex 3.499999523162842 -72.11602783203125 13.0
    vertex 3.2676377296447754 -72.24884033203125 13.258811950683594
  endloop
endfacet
facet normal 0.0 0.0 0.0
  outer loop
    vertex 3.2676377296447754 -72.24884033203125 13.258811950683594
    vertex 3.499999523162842 -72.11602783203125 13.0
    vertex 3.2588186264038086 -72.21592712402344 13.0
  endloop
endfacet
facet normal 0.0 0.0 0.0
  outer loop
    vertex 3.2676377296447754 -72.24884033203125 13.258811950683594
    vertex 3.2588186264038086 -72.21592712402344 13.0
    vertex 2.999999523162842 -72.28407287597656 13.258811950683594
  endloop
endfacet
facet normal 0.0 0.0 0.0
  outer loop
    vertex 2.999999523162842 -72.28407287597656 13.258811950683594
    vertex 3.2588186264038086 -72.21592712402344 13.0
    vertex 2.999999523162842 -72.25 13.0
  endloop
endfacet
facet normal 0.0 0.0 0.0
  outer loop
    vertex 2.999999523162842 -72.28407287597656 13.258811950683594
    vertex 2.999999523162842 -72.38397216796875 13.5
    vertex 3.2676377296447754 -72.24884033203125 13.258811950683594
  endloop
endfacet
facet normal 0.0 0.0 0.0
  outer loop
    vertex 3.2676377296447754 -72.24884033203125 13.258811950683594
    vertex 2.999999523162842 -72.38397216796875 13.5
    vertex 3.2934937477111816 -72.3453369140625 13.5
  endloop
endfacet
facet normal 0.0 0.0 0.0
  outer loop
    vertex 3.2676377296447754 -72.24884033203125 13.258811950683594
    vertex 3.2934937477111816 -72.3453369140625 13.5
    vertex 3.5170366764068604 -72.1455307006836 13.258811950683594
  endloop
endfacet
facet normal 0.0 0.0 0.0
  outer loop
    vertex 3.5170366764068604 -72.1455307006836 13.258811950683594
    vertex 3.2934937477111816 -72.3453369140625 13.5
    vertex 3.5669867992401123 -72.23204803466797 13.5
  endloop
endfacet
facet normal 0.0 0.0 0.0
  outer loop
    vertex 3.5170366764068604 -72.1455307006836 13.258811950683594
    vertex 3.5669867992401123 -72.23204803466797 13.5
    vertex 3.7312004566192627 -71.981201171875 13.258811950683594
  endloop
endfacet
facet normal 0.0 0.0 0.0
  outer loop
    vertex 3.7312004566192627 -71.981201171875 13.258811950683594
    vertex 3.5669867992401123 -72.23204803466797 13.5
    vertex 3.8018405437469482 -72.05184173583984 13.5
  endloop
endfacet
facet normal 0.0 0.0 0.0
  outer loop
    vertex 3.7312004566192627 -71.981201171875 13.258811950683594
    vertex 3.8018405437469482 -72.05184173583984 13.5
    vertex 3.895534038543701 -71.76703643798828 13.258811950683594
  endloop
endfacet
facet normal 0.0 0.0 0.0
  outer loop
    vertex 3.895534038543701 -71.76703643798828 13.258811950683594
    vertex 3.8018405437469482 -72.05184173583984 13.5
    vertex 3.9820504188537598 -71.81698608398438 13.5
  endloop
endfacet
facet normal 0.0 0.0 0.0
  outer loop
    vertex 3.895534038543701 -71.76703643798828 13.258811950683594
    vertex 3.9820504188537598 -71.81698608398438 13.5
    vertex 3.998838424682617 -71.51763916015625 13.258811950683594
  endloop
endfacet
facet normal 0.0 0.0 0.0
  outer loop
    vertex 3.998838424682617 -71.51763916015625 13.258811950683594
    vertex 3.9820504188537598 -71.81698608398438 13.5
    vertex 4.095335006713867 -71.54349517822266 13.5
  endloop
endfacet
facet normal 0.0 0.0 0.0
  outer loop
    vertex 3.998838424682617 -71.51763916015625 13.258811950683594
    vertex 4.095335006713867 -71.54349517822266 13.5
    vertex 4.034073829650879 -71.25 13.258811950683594
  endloop
endfacet
facet normal 0.0 0.0 0.0
  outer loop
    vertex 4.034073829650879 -71.25 13.258811950683594
    vertex 4.095335006713867 -71.54349517822266 13.5
    vertex 4.133974075317383 -71.25 13.5
  endloop
endfacet
facet normal 0.0 0.0 0.0
  outer loop
    vertex 4.133974075317383 -71.25 13.5
    vertex 4.095335006713867 -71.54349517822266 13.5
    vertex 4.248838424682617 -71.58462524414062 13.707099914550781
  endloop
endfacet
facet normal 0.0 0.0 0.0
  outer loop
    vertex 4.133974075317383 -71.25 13.5
    vertex 4.248838424682617 -71.58462524414062 13.707099914550781
    vertex 4.292892932891846 -71.25 13.707099914550781
  endloop
endfacet
facet normal 0.0 0.0 0.0
  outer loop
    vertex 4.292892932891846 -71.25 13.707099914550781
    vertex 4.248838424682617 -71.58462524414062 13.707099914550781
    vertex 4.448888301849365 -71.63822937011719 13.866020202636719
  endloop
endfacet
facet normal 0.0 0.0 0.0
  outer loop
    vertex 4.292892932891846 -71.25 13.707099914550781
    vertex 4.448888301849365 -71.63822937011719 13.866020202636719
    vertex 4.499999523162842 -71.25 13.866020202636719
  endloop
endfacet
facet normal 0.0 0.0 0.0
  outer loop
    vertex 4.499999523162842 -71.25 13.866020202636719
    vertex 4.448888301849365 -71.63822937011719 13.866020202636719
    vertex 4.681851387023926 -71.70065307617188 13.965919494628906
  endloop
endfacet
facet normal 0.0 0.0 0.0
  outer loop
    vertex 4.499999523162842 -71.25 13.866020202636719
    vertex 4.681851387023926 -71.70065307617188 13.965919494628906
    vertex 4.741180419921875 -71.25 13.965919494628906
  endloop
endfacet
facet normal 0.0 0.0 0.0
  outer loop
    vertex 4.741180419921875 -71.25 13.965919494628906
    vertex 4.681851387023926 -71.70065307617188 13.965919494628906
    vertex 4.931851387023926 -71.76763916015625 14.0
  endloop
endfacet
facet normal 0.0 0.0 0.0
  outer loop
    vertex 4.741180419921875 -71.25 13.965919494628906
    vertex 4.931851387023926 -71.76763916015625 14.0
    vertex 4.999999523162842 -71.25 14.0
  endloop
endfacet
facet normal 0.0 0.0 0.0
  outer loop
    vertex 2.999999523162842 -72.38397216796875 13.5
    vertex 2.999999523162842 -72.54289245605469 13.707099914550781
    vertex 3.2934937477111816 -72.3453369140625 13.5
  endloop
endfacet
facet normal 0.0 0.0 0.0
  outer loop
    vertex 3.2934937477111816 -72.3453369140625 13.5
    vertex 2.999999523162842 -72.54289245605469 13.707099914550781
    vertex 3.334625005722046 -72.49884033203125 13.707099914550781
  endloop
endfacet
facet normal 0.0 0.0 0.0
  outer loop
    vertex 3.2934937477111816 -72.3453369140625 13.5
    vertex 3.334625005722046 -72.49884033203125 13.707099914550781
    vertex 3.5669867992401123 -72.23204803466797 13.5
  endloop
endfacet
facet normal 0.0 0.0 0.0
  outer loop
    vertex 3.5669867992401123 -72.23204803466797 13.5
    vertex 3.334625005722046 -72.49884033203125 13.707099914550781
    vertex 3.6464462280273438 -72.36967468261719 13.707099914550781
  endloop
endfacet
facet normal 0.0 0.0 0.0
  outer loop
    vertex 3.5669867992401123 -72.23204803466797 13.5
    vertex 3.6464462280273438 -72.36967468261719 13.707099914550781
    vertex 3.8018405437469482 -72.05184173583984 13.5
  endloop
endfacet
facet normal 0.0 0.0 0.0
  outer loop
    vertex 3.8018405437469482 -72.05184173583984 13.5
    vertex 3.6464462280273438 -72.36967468261719 13.707099914550781
    vertex 3.914213180541992 -72.16421508789062 13.707099914550781
  endloop
endfacet
facet normal 0.0 0.0 0.0
  outer loop
    vertex 3.8018405437469482 -72.05184173583984 13.5
    vertex 3.914213180541992 -72.16421508789062 13.707099914550781
    vertex 3.9820504188537598 -71.81698608398438 13.5
  endloop
endfacet
facet normal 0.0 0.0 0.0
  outer loop
    vertex 3.9820504188537598 -71.81698608398438 13.5
    vertex 3.914213180541992 -72.16421508789062 13.707099914550781
    vertex 4.119678020477295 -71.89644622802734 13.707099914550781
  endloop
endfacet
facet normal 0.0 0.0 0.0
  outer loop
    vertex 3.9820504188537598 -71.81698608398438 13.5
    vertex 4.119678020477295 -71.89644622802734 13.707099914550781
    vertex 4.095335006713867 -71.54349517822266 13.5
  endloop
endfacet
facet normal 0.0 0.0 0.0
  outer loop
    vertex 4.095335006713867 -71.54349517822266 13.5
    vertex 4.119678020477295 -71.89644622802734 13.707099914550781
    vertex 4.248838424682617 -71.58462524414062 13.707099914550781
  endloop
endfacet
facet normal 0.0 0.0 0.0
  outer loop
    vertex 2.999999523162842 -72.54289245605469 13.707099914550781
    vertex 2.999999523162842 -72.75 13.866020202636719
    vertex 3.334625005722046 -72.49884033203125 13.707099914550781
  endloop
endfacet
facet normal 0.0 0.0 0.0
  outer loop
    vertex 3.334625005722046 -72.49884033203125 13.707099914550781
    vertex 2.999999523162842 -72.75 13.866020202636719
    vertex 3.388228178024292 -72.69889068603516 13.866020202636719
  endloop
endfacet
facet normal 0.0 0.0 0.0
  outer loop
    vertex 3.334625005722046 -72.49884033203125 13.707099914550781
    vertex 3.388228178024292 -72.69889068603516 13.866020202636719
    vertex 3.6464462280273438 -72.36967468261719 13.707099914550781
  endloop
endfacet
facet normal 0.0 0.0 0.0
  outer loop
    vertex 3.6464462280273438 -72.36967468261719 13.707099914550781
    vertex 3.388228178024292 -72.69889068603516 13.866020202636719
    vertex 3.749999523162842 -72.54904174804688 13.866020202636719
  endloop
endfacet
facet normal 0.0 0.0 0.0
  outer loop
    vertex 3.6464462280273438 -72.36967468261719 13.707099914550781
    vertex 3.749999523162842 -72.54904174804688 13.866020202636719
    vertex 3.914213180541992 -72.16421508789062 13.707099914550781
  endloop
endfacet
facet normal 0.0 0.0 0.0
  outer loop
    vertex 3.914213180541992 -72.16421508789062 13.707099914550781
    vertex 3.749999523162842 -72.54904174804688 13.866020202636719
    vertex 4.060659885406494 -72.31066131591797 13.866020202636719
  endloop
endfacet
facet normal 0.0 0.0 0.0
  outer loop
    vertex 3.914213180541992 -72.16421508789062 13.707099914550781
    vertex 4.060659885406494 -72.31066131591797 13.866020202636719
    vertex 4.119678020477295 -71.89644622802734 13.707099914550781
  endloop
endfacet
facet normal 0.0 0.0 0.0
  outer loop
    vertex 4.119678020477295 -71.89644622802734 13.707099914550781
    vertex 4.060659885406494 -72.31066131591797 13.866020202636719
    vertex 4.299037456512451 -72.0 13.866020202636719
  endloop
endfacet
facet normal 0.0 0.0 0.0
  outer loop
    vertex 4.119678020477295 -71.89644622802734 13.707099914550781
    vertex 4.299037456512451 -72.0 13.866020202636719
    vertex 4.248838424682617 -71.58462524414062 13.707099914550781
  endloop
endfacet
facet normal 0.0 0.0 0.0
  outer loop
    vertex 4.248838424682617 -71.58462524414062 13.707099914550781
    vertex 4.299037456512451 -72.0 13.866020202636719
    vertex 4.448888301849365 -71.63822937011719 13.866020202636719
  endloop
endfacet
facet normal 0.0 0.0 0.0
  outer loop
    vertex 2.999999523162842 -72.75 13.866020202636719
    vertex 2.999999523162842 -72.99118041992188 13.965919494628906
    vertex 3.388228178024292 -72.69889068603516 13.866020202636719
  endloop
endfacet
facet normal 0.0 0.0 0.0
  outer loop
    vertex 3.388228178024292 -72.69889068603516 13.866020202636719
    vertex 2.999999523162842 -72.99118041992188 13.965919494628906
    vertex 3.450650215148926 -72.93185424804688 13.965919494628906
  endloop
endfacet
facet normal 0.0 0.0 0.0
  outer loop
    vertex 3.388228178024292 -72.69889068603516 13.866020202636719
    vertex 3.450650215148926 -72.93185424804688 13.965919494628906
    vertex 3.749999523162842 -72.54904174804688 13.866020202636719
  endloop
endfacet
facet normal 0.0 0.0 0.0
  outer loop
    vertex 3.749999523162842 -72.54904174804688 13.866020202636719
    vertex 3.450650215148926 -72.93185424804688 13.965919494628906
    vertex 3.8705899715423584 -72.75790405273438 13.965919494628906
  endloop
endfacet
facet normal 0.0 0.0 0.0
  outer loop
    vertex 3.749999523162842 -72.54904174804688 13.866020202636719
    vertex 3.8705899715423584 -72.75790405273438 13.965919494628906
    vertex 4.060659885406494 -72.31066131591797 13.866020202636719
  endloop
endfacet
facet normal 0.0 0.0 0.0
  outer loop
    vertex 4.060659885406494 -72.31066131591797 13.866020202636719
    vertex 3.8705899715423584 -72.75790405273438 13.965919494628906
    vertex 4.231200218200684 -72.481201171875 13.965919494628906
  endloop
endfacet
facet normal 0.0 0.0 0.0
  outer loop
    vertex 4.060659885406494 -72.31066131591797 13.866020202636719
    vertex 4.231200218200684 -72.481201171875 13.965919494628906
    vertex 4.299037456512451 -72.0 13.866020202636719
  endloop
endfacet
facet normal 0.0 0.0 0.0
  outer loop
    vertex 4.299037456512451 -72.0 13.866020202636719
    vertex 4.231200218200684 -72.481201171875 13.965919494628906
    vertex 4.507906436920166 -72.12059020996094 13.965919494628906
  endloop
endfacet
facet normal 0.0 0.0 0.0
  outer loop
    vertex 4.299037456512451 -72.0 13.866020202636719
    vertex 4.507906436920166 -72.12059020996094 13.965919494628906
    vertex 4.448888301849365 -71.63822937011719 13.866020202636719
  endloop
endfacet
facet normal 0.0 0.0 0.0
  outer loop
    vertex 4.448888301849365 -71.63822937011719 13.866020202636719
    vertex 4.507906436920166 -72.12059020996094 13.965919494628906
    vertex 4.681851387023926 -71.70065307617188 13.965919494628906
  endloop
endfacet
facet normal 0.0 0.0 0.0
  outer loop
    vertex 2.999999523162842 -72.99118041992188 13.965919494628906
    vertex 2.999999523162842 -73.25 14.0
    vertex 3.450650215148926 -72.93185424804688 13.965919494628906
  endloop
endfacet
facet normal 0.0 0.0 0.0
  outer loop
    vertex 3.450650215148926 -72.93185424804688 13.965919494628906
    vertex 2.999999523162842 -73.25 14.0
    vertex 3.5176377296447754 -73.18185424804688 14.0
  endloop
endfacet
facet normal 0.0 0.0 0.0
  outer loop
    vertex 3.450650215148926 -72.93185424804688 13.965919494628906
    vertex 3.5176377296447754 -73.18185424804688 14.0
    vertex 3.8705899715423584 -72.75790405273438 13.965919494628906
  endloop
endfacet
facet normal 0.0 0.0 0.0
  outer loop
    vertex 3.8705899715423584 -72.75790405273438 13.965919494628906
    vertex 3.5176377296447754 -73.18185424804688 14.0
    vertex 3.999999523162842 -72.98204803466797 14.0
  endloop
endfacet
facet normal 0.0 0.0 0.0
  outer loop
    vertex 3.8705899715423584 -72.75790405273438 13.965919494628906
    vertex 3.999999523162842 -72.98204803466797 14.0
    vertex 4.231200218200684 -72.481201171875 13.965919494628906
  endloop
endfacet
facet normal 0.0 0.0 0.0
  outer loop
    vertex 4.231200218200684 -72.481201171875 13.965919494628906
    vertex 3.999999523162842 -72.98204803466797 14.0
    vertex 4.414213180541992 -72.66421508789062 14.0
  endloop
endfacet
facet normal 0.0 0.0 0.0
  outer loop
    vertex 4.231200218200684 -72.481201171875 13.965919494628906
    vertex 4.414213180541992 -72.66421508789062 14.0
    vertex 4.507906436920166 -72.12059020996094 13.965919494628906
  endloop
endfacet
facet normal 0.0 0.0 0.0
  outer loop
    vertex 4.507906436920166 -72.12059020996094 13.965919494628906
    vertex 4.414213180541992 -72.66421508789062 14.0
    vertex 4.73205041885376 -72.25 14.0
  endloop
endfacet
facet normal 0.0 0.0 0.0
  outer loop
    vertex 4.507906436920166 -72.12059020996094 13.965919494628906
    vertex 4.73205041885376 -72.25 14.0
    vertex 4.681851387023926 -71.70065307617188 13.965919494628906
  endloop
endfacet
facet normal 0.0 0.0 0.0
  outer loop
    vertex 4.681851387023926 -71.70065307617188 13.965919494628906
    vertex 4.73205041885376 -72.25 14.0
    vertex 4.931851387023926 -71.76763916015625 14.0
  endloop
endfacet
facet normal 0.0 0.0 0.0
  outer loop
    vertex -2.999999523162842 -72.28407287597656 13.258811950683594
    vertex -2.999999523162842 -72.25 13.0
    vertex -3.2676377296447754 -72.24884033203125 13.258811950683594
  endloop
endfacet
facet normal 0.0 0.0 0.0
  outer loop
    vertex -3.2676377296447754 -72.24884033203125 13.258811950683594
    vertex -2.999999523162842 -72.25 13.0
    vertex -3.2588186264038086 -72.21592712402344 13.0
  endloop
endfacet
facet normal 0.0 0.0 0.0
  outer loop
    vertex -3.2676377296447754 -72.24884033203125 13.258811950683594
    vertex -3.2588186264038086 -72.21592712402344 13.0
    vertex -3.5170366764068604 -72.1455307006836 13.258811950683594
  endloop
endfacet
facet normal 0.0 0.0 0.0
  outer loop
    vertex -3.5170366764068604 -72.1455307006836 13.258811950683594
    vertex -3.2588186264038086 -72.21592712402344 13.0
    vertex -3.499999523162842 -72.11602783203125 13.0
  endloop
endfacet
facet normal 0.0 0.0 0.0
  outer loop
    vertex -3.5170366764068604 -72.1455307006836 13.258811950683594
    vertex -3.499999523162842 -72.11602783203125 13.0
    vertex -3.7312004566192627 -71.981201171875 13.258811950683594
  endloop
endfacet
facet normal 0.0 0.0 0.0
  outer loop
    vertex -3.7312004566192627 -71.981201171875 13.258811950683594
    vertex -3.499999523162842 -72.11602783203125 13.0
    vertex -3.707106351852417 -71.95710754394531 13.0
  endloop
endfacet
facet normal 0.0 0.0 0.0
  outer loop
    vertex -3.7312004566192627 -71.981201171875 13.258811950683594
    vertex -3.707106351852417 -71.95710754394531 13.0
    vertex -3.895534038543701 -71.76703643798828 13.258811950683594
  endloop
endfacet
facet normal 0.0 0.0 0.0
  outer loop
    vertex -3.895534038543701 -71.76703643798828 13.258811950683594
    vertex -3.707106351852417 -71.95710754394531 13.0
    vertex -3.866024971008301 -71.75 13.0
  endloop
endfacet
facet normal 0.0 0.0 0.0
  outer loop
    vertex -3.895534038543701 -71.76703643798828 13.258811950683594
    vertex -3.866024971008301 -71.75 13.0
    vertex -3.998838424682617 -71.51763916015625 13.258811950683594
  endloop
endfacet
facet normal 0.0 0.0 0.0
  outer loop
    vertex -3.998838424682617 -71.51763916015625 13.258811950683594
    vertex -3.866024971008301 -71.75 13.0
    vertex -3.965925455093384 -71.50881958007812 13.0
  endloop
endfacet
facet normal 0.0 0.0 0.0
  outer loop
    vertex -3.998838424682617 -71.51763916015625 13.258811950683594
    vertex -3.965925455093384 -71.50881958007812 13.0
    vertex -4.034073829650879 -71.25 13.258811950683594
  endloop
endfacet
facet normal 0.0 0.0 0.0
  outer loop
    vertex -4.034073829650879 -71.25 13.258811950683594
    vertex -3.965925455093384 -71.50881958007812 13.0
    vertex -3.999999523162842 -71.25 13.0
  endloop
endfacet
facet normal 0.0 0.0 0.0
  outer loop
    vertex -4.034073829650879 -71.25 13.258811950683594
    vertex -4.133974075317383 -71.25 13.5
    vertex -3.998838424682617 -71.51763916015625 13.258811950683594
  endloop
endfacet
facet normal 0.0 0.0 0.0
  outer loop
    vertex -3.998838424682617 -71.51763916015625 13.258811950683594
    vertex -4.133974075317383 -71.25 13.5
    vertex -4.095335006713867 -71.54349517822266 13.5
  endloop
endfacet
facet normal 0.0 0.0 0.0
  outer loop
    vertex -3.998838424682617 -71.51763916015625 13.258811950683594
    vertex -4.095335006713867 -71.54349517822266 13.5
    vertex -3.895534038543701 -71.76703643798828 13.258811950683594
  endloop
endfacet
facet normal 0.0 0.0 0.0
  outer loop
    vertex -3.895534038543701 -71.76703643798828 13.258811950683594
    vertex -4.095335006713867 -71.54349517822266 13.5
    vertex -3.9820504188537598 -71.81698608398438 13.5
  endloop
endfacet
facet normal 0.0 0.0 0.0
  outer loop
    vertex -3.895534038543701 -71.76703643798828 13.258811950683594
    vertex -3.9820504188537598 -71.81698608398438 13.5
    vertex -3.7312004566192627 -71.981201171875 13.258811950683594
  endloop
endfacet
facet normal 0.0 0.0 0.0
  outer loop
    vertex -3.7312004566192627 -71.981201171875 13.258811950683594
    vertex -3.9820504188537598 -71.81698608398438 13.5
    vertex -3.8018405437469482 -72.05184173583984 13.5
  endloop
endfacet
facet normal 0.0 0.0 0.0
  outer loop
    vertex -3.7312004566192627 -71.981201171875 13.258811950683594
    vertex -3.8018405437469482 -72.05184173583984 13.5
    vertex -3.5170366764068604 -72.1455307006836 13.258811950683594
  endloop
endfacet
facet normal 0.0 0.0 0.0
  outer loop
    vertex -3.5170366764068604 -72.1455307006836 13.258811950683594
    vertex -3.8018405437469482 -72.05184173583984 13.5
    vertex -3.5669867992401123 -72.23204803466797 13.5
  endloop
endfacet
facet normal 0.0 0.0 0.0
  outer loop
    vertex -3.5170366764068604 -72.1455307006836 13.258811950683594
    vertex -3.5669867992401123 -72.23204803466797 13.5
    vertex -3.2676377296447754 -72.24884033203125 13.258811950683594
  endloop
endfacet
facet normal 0.0 0.0 0.0
  outer loop
    vertex -3.2676377296447754 -72.24884033203125 13.258811950683594
    vertex -3.5669867992401123 -72.23204803466797 13.5
    vertex -3.2934937477111816 -72.3453369140625 13.5
  endloop
endfacet
facet normal 0.0 0.0 0.0
  outer loop
    vertex -3.2676377296447754 -72.24884033203125 13.258811950683594
    vertex -3.2934937477111816 -72.3453369140625 13.5
    vertex -2.999999523162842 -72.28407287597656 13.258811950683594
  endloop
endfacet
facet normal 0.0 0.0 0.0
  outer loop
    vertex -2.999999523162842 -72.28407287597656 13.258811950683594
    vertex -3.2934937477111816 -72.3453369140625 13.5
    vertex -2.999999523162842 -72.38397216796875 13.5
  endloop
endfacet
facet normal 0.0 0.0 0.0
  outer loop
    vertex -2.999999523162842 -72.38397216796875 13.5
    vertex -3.2934937477111816 -72.3453369140625 13.5
    vertex -3.334625005722046 -72.49884033203125 13.707099914550781
  endloop
endfacet
facet normal 0.0 0.0 0.0
  outer loop
    vertex -2.999999523162842 -72.38397216796875 13.5
    vertex -3.334625005722046 -72.49884033203125 13.707099914550781
    vertex -2.999999523162842 -72.54289245605469 13.707099914550781
  endloop
endfacet
facet normal 0.0 0.0 0.0
  outer loop
    vertex -2.999999523162842 -72.54289245605469 13.707099914550781
    vertex -3.334625005722046 -72.49884033203125 13.707099914550781
    vertex -3.388228178024292 -72.69889068603516 13.866020202636719
  endloop
endfacet
facet normal 0.0 0.0 0.0
  outer loop
    vertex -2.999999523162842 -72.54289245605469 13.707099914550781
    vertex -3.388228178024292 -72.69889068603516 13.866020202636719
    vertex -2.999999523162842 -72.75 13.866020202636719
  endloop
endfacet
facet normal 0.0 0.0 0.0
  outer loop
    vertex -2.999999523162842 -72.75 13.866020202636719
    vertex -3.388228178024292 -72.69889068603516 13.866020202636719
    vertex -3.450650215148926 -72.93185424804688 13.965919494628906
  endloop
endfacet
facet normal 0.0 0.0 0.0
  outer loop
    vertex -2.999999523162842 -72.75 13.866020202636719
    vertex -3.450650215148926 -72.93185424804688 13.965919494628906
    vertex -2.999999523162842 -72.99118041992188 13.965919494628906
  endloop
endfacet
facet normal 0.0 0.0 0.0
  outer loop
    vertex -2.999999523162842 -72.99118041992188 13.965919494628906
    vertex -3.450650215148926 -72.93185424804688 13.965919494628906
    vertex -3.5176377296447754 -73.18185424804688 14.0
  endloop
endfacet
facet normal 0.0 0.0 0.0
  outer loop
    vertex -2.999999523162842 -72.99118041992188 13.965919494628906
    vertex -3.5176377296447754 -73.18185424804688 14.0
    vertex -2.999999523162842 -73.25 14.0
  endloop
endfacet
facet normal 0.0 0.0 0.0
  outer loop
    vertex -4.133974075317383 -71.25 13.5
    vertex -4.292892932891846 -71.25 13.707099914550781
    vertex -4.095335006713867 -71.54349517822266 13.5
  endloop
endfacet
facet normal 0.0 0.0 0.0
  outer loop
    vertex -4.095335006713867 -71.54349517822266 13.5
    vertex -4.292892932891846 -71.25 13.707099914550781
    vertex -4.248838424682617 -71.58462524414062 13.707099914550781
  endloop
endfacet
facet normal 0.0 0.0 0.0
  outer loop
    vertex -4.095335006713867 -71.54349517822266 13.5
    vertex -4.248838424682617 -71.58462524414062 13.707099914550781
    vertex -3.9820504188537598 -71.81698608398438 13.5
  endloop
endfacet
facet normal 0.0 0.0 0.0
  outer loop
    vertex -3.9820504188537598 -71.81698608398438 13.5
    vertex -4.248838424682617 -71.58462524414062 13.707099914550781
    vertex -4.119678020477295 -71.89644622802734 13.707099914550781
  endloop
endfacet
facet normal 0.0 0.0 0.0
  outer loop
    vertex -3.9820504188537598 -71.81698608398438 13.5
    vertex -4.119678020477295 -71.89644622802734 13.707099914550781
    vertex -3.8018405437469482 -72.05184173583984 13.5
  endloop
endfacet
facet normal 0.0 0.0 0.0
  outer loop
    vertex -3.8018405437469482 -72.05184173583984 13.5
    vertex -4.119678020477295 -71.89644622802734 13.707099914550781
    vertex -3.914213180541992 -72.16421508789062 13.707099914550781
  endloop
endfacet
facet normal 0.0 0.0 0.0
  outer loop
    vertex -3.8018405437469482 -72.05184173583984 13.5
    vertex -3.914213180541992 -72.16421508789062 13.707099914550781
    vertex -3.5669867992401123 -72.23204803466797 13.5
  endloop
endfacet
facet normal 0.0 0.0 0.0
  outer loop
    vertex -3.5669867992401123 -72.23204803466797 13.5
    vertex -3.914213180541992 -72.16421508789062 13.707099914550781
    vertex -3.6464462280273438 -72.36967468261719 13.707099914550781
  endloop
endfacet
facet normal 0.0 0.0 0.0
  outer loop
    vertex -3.5669867992401123 -72.23204803466797 13.5
    vertex -3.6464462280273438 -72.36967468261719 13.707099914550781
    vertex -3.2934937477111816 -72.3453369140625 13.5
  endloop
endfacet
facet normal 0.0 0.0 0.0
  outer loop
    vertex -3.2934937477111816 -72.3453369140625 13.5
    vertex -3.6464462280273438 -72.36967468261719 13.707099914550781
    vertex -3.334625005722046 -72.49884033203125 13.707099914550781
  endloop
endfacet
facet normal 0.0 0.0 0.0
  outer loop
    vertex -4.292892932891846 -71.25 13.707099914550781
    vertex -4.499999523162842 -71.25 13.866020202636719
    vertex -4.248838424682617 -71.58462524414062 13.707099914550781
  endloop
endfacet
facet normal 0.0 0.0 0.0
  outer loop
    vertex -4.248838424682617 -71.58462524414062 13.707099914550781
    vertex -4.499999523162842 -71.25 13.866020202636719
    vertex -4.448888301849365 -71.63822937011719 13.866020202636719
  endloop
endfacet
facet normal 0.0 0.0 0.0
  outer loop
    vertex -4.248838424682617 -71.58462524414062 13.707099914550781
    vertex -4.448888301849365 -71.63822937011719 13.866020202636719
    vertex -4.119678020477295 -71.89644622802734 13.707099914550781
  endloop
endfacet
facet normal 0.0 0.0 0.0
  outer loop
    vertex -4.119678020477295 -71.89644622802734 13.707099914550781
    vertex -4.448888301849365 -71.63822937011719 13.866020202636719
    vertex -4.299037456512451 -72.0 13.866020202636719
  endloop
endfacet
facet normal 0.0 0.0 0.0
  outer loop
    vertex -4.119678020477295 -71.89644622802734 13.707099914550781
    vertex -4.299037456512451 -72.0 13.866020202636719
    vertex -3.914213180541992 -72.16421508789062 13.707099914550781
  endloop
endfacet
facet normal 0.0 0.0 0.0
  outer loop
    vertex -3.914213180541992 -72.16421508789062 13.707099914550781
    vertex -4.299037456512451 -72.0 13.866020202636719
    vertex -4.060659885406494 -72.31066131591797 13.866020202636719
  endloop
endfacet
facet normal 0.0 0.0 0.0
  outer loop
    vertex -3.914213180541992 -72.16421508789062 13.707099914550781
    vertex -4.060659885406494 -72.31066131591797 13.866020202636719
    vertex -3.6464462280273438 -72.36967468261719 13.707099914550781
  endloop
endfacet
facet normal 0.0 0.0 0.0
  outer loop
    vertex -3.6464462280273438 -72.36967468261719 13.707099914550781
    vertex -4.060659885406494 -72.31066131591797 13.866020202636719
    vertex -3.749999523162842 -72.54904174804688 13.866020202636719
  endloop
endfacet
facet normal 0.0 0.0 0.0
  outer loop
    vertex -3.6464462280273438 -72.36967468261719 13.707099914550781
    vertex -3.749999523162842 -72.54904174804688 13.866020202636719
    vertex -3.334625005722046 -72.49884033203125 13.707099914550781
  endloop
endfacet
facet normal 0.0 0.0 0.0
  outer loop
    vertex -3.334625005722046 -72.49884033203125 13.707099914550781
    vertex -3.749999523162842 -72.54904174804688 13.866020202636719
    vertex -3.388228178024292 -72.69889068603516 13.866020202636719
  endloop
endfacet
facet normal 0.0 0.0 0.0
  outer loop
    vertex -4.499999523162842 -71.25 13.866020202636719
    vertex -4.741180419921875 -71.25 13.965919494628906
    vertex -4.448888301849365 -71.63822937011719 13.866020202636719
  endloop
endfacet
facet normal 0.0 0.0 0.0
  outer loop
    vertex -4.448888301849365 -71.63822937011719 13.866020202636719
    vertex -4.741180419921875 -71.25 13.965919494628906
    vertex -4.681851387023926 -71.70065307617188 13.965919494628906
  endloop
endfacet
facet normal 0.0 0.0 0.0
  outer loop
    vertex -4.448888301849365 -71.63822937011719 13.866020202636719
    vertex -4.681851387023926 -71.70065307617188 13.965919494628906
    vertex -4.299037456512451 -72.0 13.866020202636719
  endloop
endfacet
facet normal 0.0 0.0 0.0
  outer loop
    vertex -4.299037456512451 -72.0 13.866020202636719
    vertex -4.681851387023926 -71.70065307617188 13.965919494628906
    vertex -4.507906436920166 -72.12059020996094 13.965919494628906
  endloop
endfacet
facet normal 0.0 0.0 0.0
  outer loop
    vertex -4.299037456512451 -72.0 13.866020202636719
    vertex -4.507906436920166 -72.12059020996094 13.965919494628906
    vertex -4.060659885406494 -72.31066131591797 13.866020202636719
  endloop
endfacet
facet normal 0.0 0.0 0.0
  outer loop
    vertex -4.060659885406494 -72.31066131591797 13.866020202636719
    vertex -4.507906436920166 -72.12059020996094 13.965919494628906
    vertex -4.231200218200684 -72.481201171875 13.965919494628906
  endloop
endfacet
facet normal 0.0 0.0 0.0
  outer loop
    vertex -4.060659885406494 -72.31066131591797 13.866020202636719
    vertex -4.231200218200684 -72.481201171875 13.965919494628906
    vertex -3.749999523162842 -72.54904174804688 13.866020202636719
  endloop
endfacet
facet normal 0.0 0.0 0.0
  outer loop
    vertex -3.749999523162842 -72.54904174804688 13.866020202636719
    vertex -4.231200218200684 -72.481201171875 13.965919494628906
    vertex -3.8705899715423584 -72.75790405273438 13.965919494628906
  endloop
endfacet
facet normal 0.0 0.0 0.0
  outer loop
    vertex -3.749999523162842 -72.54904174804688 13.866020202636719
    vertex -3.8705899715423584 -72.75790405273438 13.965919494628906
    vertex -3.388228178024292 -72.69889068603516 13.866020202636719
  endloop
endfacet
facet normal 0.0 0.0 0.0
  outer loop
    vertex -3.388228178024292 -72.69889068603516 13.866020202636719
    vertex -3.8705899715423584 -72.75790405273438 13.965919494628906
    vertex -3.450650215148926 -72.93185424804688 13.965919494628906
  endloop
endfacet
facet normal 0.0 0.0 0.0
  outer loop
    vertex -4.741180419921875 -71.25 13.965919494628906
    vertex -4.999999523162842 -71.25 14.0
    vertex -4.681851387023926 -71.70065307617188 13.965919494628906
  endloop
endfacet
facet normal 0.0 0.0 0.0
  outer loop
    vertex -4.681851387023926 -71.70065307617188 13.965919494628906
    vertex -4.999999523162842 -71.25 14.0
    vertex -4.931851387023926 -71.76763916015625 14.0
  endloop
endfacet
facet normal 0.0 0.0 0.0
  outer loop
    vertex -4.681851387023926 -71.70065307617188 13.965919494628906
    vertex -4.931851387023926 -71.76763916015625 14.0
    vertex -4.507906436920166 -72.12059020996094 13.965919494628906
  endloop
endfacet
facet normal 0.0 0.0 0.0
  outer loop
    vertex -4.507906436920166 -72.12059020996094 13.965919494628906
    vertex -4.931851387023926 -71.76763916015625 14.0
    vertex -4.73205041885376 -72.25 14.0
  endloop
endfacet
facet normal 0.0 0.0 0.0
  outer loop
    vertex -4.507906436920166 -72.12059020996094 13.965919494628906
    vertex -4.73205041885376 -72.25 14.0
    vertex -4.231200218200684 -72.481201171875 13.965919494628906
  endloop
endfacet
facet normal 0.0 0.0 0.0
  outer loop
    vertex -4.231200218200684 -72.481201171875 13.965919494628906
    vertex -4.73205041885376 -72.25 14.0
    vertex -4.414213180541992 -72.66421508789062 14.0
  endloop
endfacet
facet normal 0.0 0.0 0.0
  outer loop
    vertex -4.231200218200684 -72.481201171875 13.965919494628906
    vertex -4.414213180541992 -72.66421508789062 14.0
    vertex -3.8705899715423584 -72.75790405273438 13.965919494628906
  endloop
endfacet
facet normal 0.0 0.0 0.0
  outer loop
    vertex -3.8705899715423584 -72.75790405273438 13.965919494628906
    vertex -4.414213180541992 -72.66421508789062 14.0
    vertex -3.999999523162842 -72.98204803466797 14.0
  endloop
endfacet
facet normal 0.0 0.0 0.0
  outer loop
    vertex -3.8705899715423584 -72.75790405273438 13.965919494628906
    vertex -3.999999523162842 -72.98204803466797 14.0
    vertex -3.450650215148926 -72.93185424804688 13.965919494628906
  endloop
endfacet
facet normal 0.0 0.0 0.0
  outer loop
    vertex -3.450650215148926 -72.93185424804688 13.965919494628906
    vertex -3.999999523162842 -72.98204803466797 14.0
    vertex -3.5176377296447754 -73.18185424804688 14.0
  endloop
endfacet
facet normal 0.0 0.0 0.0
  outer loop
    vertex 2.999999523162842 69.28407287597656 13.258811950683594
    vertex 2.999999523162842 69.25 13.0
    vertex 3.2676377296447754 69.24884033203125 13.258811950683594
  endloop
endfacet
facet normal 0.0 0.0 0.0
  outer loop
    vertex 3.2676377296447754 69.24884033203125 13.258811950683594
    vertex 2.999999523162842 69.25 13.0
    vertex 3.2588186264038086 69.21592712402344 13.0
  endloop
endfacet
facet normal 0.0 0.0 0.0
  outer loop
    vertex 3.2676377296447754 69.24884033203125 13.258811950683594
    vertex 3.2588186264038086 69.21592712402344 13.0
    vertex 3.5170366764068604 69.14553833007812 13.258811950683594
  endloop
endfacet
facet normal 0.0 0.0 0.0
  outer loop
    vertex 3.5170366764068604 69.14553833007812 13.258811950683594
    vertex 3.2588186264038086 69.21592712402344 13.0
    vertex 3.499999523162842 69.11602783203125 13.0
  endloop
endfacet
facet normal 0.0 0.0 0.0
  outer loop
    vertex 3.5170366764068604 69.14553833007812 13.258811950683594
    vertex 3.499999523162842 69.11602783203125 13.0
    vertex 3.7312004566192627 68.981201171875 13.258811950683594
  endloop
endfacet
facet normal 0.0 0.0 0.0
  outer loop
    vertex 3.7312004566192627 68.981201171875 13.258811950683594
    vertex 3.499999523162842 69.11602783203125 13.0
    vertex 3.707106351852417 68.95710754394531 13.0
  endloop
endfacet
facet normal 0.0 0.0 0.0
  outer loop
    vertex 3.7312004566192627 68.981201171875 13.258811950683594
    vertex 3.707106351852417 68.95710754394531 13.0
    vertex 3.895534038543701 68.76703643798828 13.258811950683594
  endloop
endfacet
facet normal 0.0 0.0 0.0
  outer loop
    vertex 3.895534038543701 68.76703643798828 13.258811950683594
    vertex 3.707106351852417 68.95710754394531 13.0
    vertex 3.866024971008301 68.75 13.0
  endloop
endfacet
facet normal 0.0 0.0 0.0
  outer loop
    vertex 3.895534038543701 68.76703643798828 13.258811950683594
    vertex 3.866024971008301 68.75 13.0
    vertex 3.998838424682617 68.51763916015625 13.258811950683594
  endloop
endfacet
facet normal 0.0 0.0 0.0
  outer loop
    vertex 3.998838424682617 68.51763916015625 13.258811950683594
    vertex 3.866024971008301 68.75 13.0
    vertex 3.965925455093384 68.50881958007812 13.0
  endloop
endfacet
facet normal 0.0 0.0 0.0
  outer loop
    vertex 3.998838424682617 68.51763916015625 13.258811950683594
    vertex 3.965925455093384 68.50881958007812 13.0
    vertex 4.034073829650879 68.25 13.258811950683594
  endloop
endfacet
facet normal 0.0 0.0 0.0
  outer loop
    vertex 4.034073829650879 68.25 13.258811950683594
    vertex 3.965925455093384 68.50881958007812 13.0
    vertex 3.999999523162842 68.25 13.0
  endloop
endfacet
facet normal 0.0 0.0 0.0
  outer loop
    vertex 4.034073829650879 68.25 13.258811950683594
    vertex 4.133974075317383 68.25 13.5
    vertex 3.998838424682617 68.51763916015625 13.258811950683594
  endloop
endfacet
facet normal 0.0 0.0 0.0
  outer loop
    vertex 3.998838424682617 68.51763916015625 13.258811950683594
    vertex 4.133974075317383 68.25 13.5
    vertex 4.095335006713867 68.54349517822266 13.5
  endloop
endfacet
facet normal 0.0 0.0 0.0
  outer loop
    vertex 3.998838424682617 68.51763916015625 13.258811950683594
    vertex 4.095335006713867 68.54349517822266 13.5
    vertex 3.895534038543701 68.76703643798828 13.258811950683594
  endloop
endfacet
facet normal 0.0 0.0 0.0
  outer loop
    vertex 3.895534038543701 68.76703643798828 13.258811950683594
    vertex 4.095335006713867 68.54349517822266 13.5
    vertex 3.9820504188537598 68.81698608398438 13.5
  endloop
endfacet
facet normal 0.0 0.0 0.0
  outer loop
    vertex 3.895534038543701 68.76703643798828 13.258811950683594
    vertex 3.9820504188537598 68.81698608398438 13.5
    vertex 3.7312004566192627 68.981201171875 13.258811950683594
  endloop
endfacet
facet normal 0.0 0.0 0.0
  outer loop
    vertex 3.7312004566192627 68.981201171875 13.258811950683594
    vertex 3.9820504188537598 68.81698608398438 13.5
    vertex 3.8018405437469482 69.05184173583984 13.5
  endloop
endfacet
facet normal 0.0 0.0 0.0
  outer loop
    vertex 3.7312004566192627 68.981201171875 13.258811950683594
    vertex 3.8018405437469482 69.05184173583984 13.5
    vertex 3.5170366764068604 69.14553833007812 13.258811950683594
  endloop
endfacet
facet normal 0.0 0.0 0.0
  outer loop
    vertex 3.5170366764068604 69.14553833007812 13.258811950683594
    vertex 3.8018405437469482 69.05184173583984 13.5
    vertex 3.5669867992401123 69.2320556640625 13.5
  endloop
endfacet
facet normal 0.0 0.0 0.0
  outer loop
    vertex 3.5170366764068604 69.14553833007812 13.258811950683594
    vertex 3.5669867992401123 69.2320556640625 13.5
    vertex 3.2676377296447754 69.24884033203125 13.258811950683594
  endloop
endfacet
facet normal 0.0 0.0 0.0
  outer loop
    vertex 3.2676377296447754 69.24884033203125 13.258811950683594
    vertex 3.5669867992401123 69.2320556640625 13.5
    vertex 3.2934937477111816 69.3453369140625 13.5
  endloop
endfacet
facet normal 0.0 0.0 0.0
  outer loop
    vertex 3.2676377296447754 69.24884033203125 13.258811950683594
    vertex 3.2934937477111816 69.3453369140625 13.5
    vertex 2.999999523162842 69.28407287597656 13.258811950683594
  endloop
endfacet
facet normal 0.0 0.0 0.0
  outer loop
    vertex 2.999999523162842 69.28407287597656 13.258811950683594
    vertex 3.2934937477111816 69.3453369140625 13.5
    vertex 2.999999523162842 69.38397216796875 13.5
  endloop
endfacet
facet normal 0.0 0.0 0.0
  outer loop
    vertex 2.999999523162842 69.38397216796875 13.5
    vertex 3.2934937477111816 69.3453369140625 13.5
    vertex 3.334625005722046 69.49884033203125 13.707099914550781
  endloop
endfacet
facet normal 0.0 0.0 0.0
  outer loop
    vertex 2.999999523162842 69.38397216796875 13.5
    vertex 3.334625005722046 69.49884033203125 13.707099914550781
    vertex 2.999999523162842 69.54289245605469 13.707099914550781
  endloop
endfacet
facet normal 0.0 0.0 0.0
  outer loop
    vertex 2.999999523162842 69.54289245605469 13.707099914550781
    vertex 3.334625005722046 69.49884033203125 13.707099914550781
    vertex 3.388228178024292 69.69888305664062 13.866020202636719
  endloop
endfacet
facet normal 0.0 0.0 0.0
  outer loop
    vertex 2.999999523162842 69.54289245605469 13.707099914550781
    vertex 3.388228178024292 69.69888305664062 13.866020202636719
    vertex 2.999999523162842 69.75 13.866020202636719
  endloop
endfacet
facet normal 0.0 0.0 0.0
  outer loop
    vertex 2.999999523162842 69.75 13.866020202636719
    vertex 3.388228178024292 69.69888305664062 13.866020202636719
    vertex 3.450650215148926 69.93185424804688 13.965919494628906
  endloop
endfacet
facet normal 0.0 0.0 0.0
  outer loop
    vertex 2.999999523162842 69.75 13.866020202636719
    vertex 3.450650215148926 69.93185424804688 13.965919494628906
    vertex 2.999999523162842 69.99118041992188 13.965919494628906
  endloop
endfacet
facet normal 0.0 0.0 0.0
  outer loop
    vertex 2.999999523162842 69.99118041992188 13.965919494628906
    vertex 3.450650215148926 69.93185424804688 13.965919494628906
    vertex 3.5176377296447754 70.18185424804688 14.0
  endloop
endfacet
facet normal 0.0 0.0 0.0
  outer loop
    vertex 2.999999523162842 69.99118041992188 13.965919494628906
    vertex 3.5176377296447754 70.18185424804688 14.0
    vertex 2.999999523162842 70.25 14.0
  endloop
endfacet
facet normal 0.0 0.0 0.0
  outer loop
    vertex 4.133974075317383 68.25 13.5
    vertex 4.292892932891846 68.25 13.707099914550781
    vertex 4.095335006713867 68.54349517822266 13.5
  endloop
endfacet
facet normal 0.0 0.0 0.0
  outer loop
    vertex 4.095335006713867 68.54349517822266 13.5
    vertex 4.292892932891846 68.25 13.707099914550781
    vertex 4.248838424682617 68.58462524414062 13.707099914550781
  endloop
endfacet
facet normal 0.0 0.0 0.0
  outer loop
    vertex 4.095335006713867 68.54349517822266 13.5
    vertex 4.248838424682617 68.58462524414062 13.707099914550781
    vertex 3.9820504188537598 68.81698608398438 13.5
  endloop
endfacet
facet normal 0.0 0.0 0.0
  outer loop
    vertex 3.9820504188537598 68.81698608398438 13.5
    vertex 4.248838424682617 68.58462524414062 13.707099914550781
    vertex 4.119678020477295 68.89644622802734 13.707099914550781
  endloop
endfacet
facet normal 0.0 0.0 0.0
  outer loop
    vertex 3.9820504188537598 68.81698608398438 13.5
    vertex 4.119678020477295 68.89644622802734 13.707099914550781
    vertex 3.8018405437469482 69.05184173583984 13.5
  endloop
endfacet
facet normal 0.0 0.0 0.0
  outer loop
    vertex 3.8018405437469482 69.05184173583984 13.5
    vertex 4.119678020477295 68.89644622802734 13.707099914550781
    vertex 3.914213180541992 69.16421508789062 13.707099914550781
  endloop
endfacet
facet normal 0.0 0.0 0.0
  outer loop
    vertex 3.8018405437469482 69.05184173583984 13.5
    vertex 3.914213180541992 69.16421508789062 13.707099914550781
    vertex 3.5669867992401123 69.2320556640625 13.5
  endloop
endfacet
facet normal 0.0 0.0 0.0
  outer loop
    vertex 3.5669867992401123 69.2320556640625 13.5
    vertex 3.914213180541992 69.16421508789062 13.707099914550781
    vertex 3.6464462280273438 69.36967468261719 13.707099914550781
  endloop
endfacet
facet normal 0.0 0.0 0.0
  outer loop
    vertex 3.5669867992401123 69.2320556640625 13.5
    vertex 3.6464462280273438 69.36967468261719 13.707099914550781
    vertex 3.2934937477111816 69.3453369140625 13.5
  endloop
endfacet
facet normal 0.0 0.0 0.0
  outer loop
    vertex 3.2934937477111816 69.3453369140625 13.5
    vertex 3.6464462280273438 69.36967468261719 13.707099914550781
    vertex 3.334625005722046 69.49884033203125 13.707099914550781
  endloop
endfacet
facet normal 0.0 0.0 0.0
  outer loop
    vertex 4.292892932891846 68.25 13.707099914550781
    vertex 4.499999523162842 68.25 13.866020202636719
    vertex 4.248838424682617 68.58462524414062 13.707099914550781
  endloop
endfacet
facet normal 0.0 0.0 0.0
  outer loop
    vertex 4.248838424682617 68.58462524414062 13.707099914550781
    vertex 4.499999523162842 68.25 13.866020202636719
    vertex 4.448888301849365 68.63822937011719 13.866020202636719
  endloop
endfacet
facet normal 0.0 0.0 0.0
  outer loop
    vertex 4.248838424682617 68.58462524414062 13.707099914550781
    vertex 4.448888301849365 68.63822937011719 13.866020202636719
    vertex 4.119678020477295 68.89644622802734 13.707099914550781
  endloop
endfacet
facet normal 0.0 0.0 0.0
  outer loop
    vertex 4.119678020477295 68.89644622802734 13.707099914550781
    vertex 4.448888301849365 68.63822937011719 13.866020202636719
    vertex 4.299037456512451 69.0 13.866020202636719
  endloop
endfacet
facet normal 0.0 0.0 0.0
  outer loop
    vertex 4.119678020477295 68.89644622802734 13.707099914550781
    vertex 4.299037456512451 69.0 13.866020202636719
    vertex 3.914213180541992 69.16421508789062 13.707099914550781
  endloop
endfacet
facet normal 0.0 0.0 0.0
  outer loop
    vertex 3.914213180541992 69.16421508789062 13.707099914550781
    vertex 4.299037456512451 69.0 13.866020202636719
    vertex 4.060659885406494 69.31066131591797 13.866020202636719
  endloop
endfacet
facet normal 0.0 0.0 0.0
  outer loop
    vertex 3.914213180541992 69.16421508789062 13.707099914550781
    vertex 4.060659885406494 69.31066131591797 13.866020202636719
    vertex 3.6464462280273438 69.36967468261719 13.707099914550781
  endloop
endfacet
facet normal 0.0 0.0 0.0
  outer loop
    vertex 3.6464462280273438 69.36967468261719 13.707099914550781
    vertex 4.060659885406494 69.31066131591797 13.866020202636719
    vertex 3.749999523162842 69.54904174804688 13.866020202636719
  endloop
endfacet
facet normal 0.0 0.0 0.0
  outer loop
    vertex 3.6464462280273438 69.36967468261719 13.707099914550781
    vertex 3.749999523162842 69.54904174804688 13.866020202636719
    vertex 3.334625005722046 69.49884033203125 13.707099914550781
  endloop
endfacet
facet normal 0.0 0.0 0.0
  outer loop
    vertex 3.334625005722046 69.49884033203125 13.707099914550781
    vertex 3.749999523162842 69.54904174804688 13.866020202636719
    vertex 3.388228178024292 69.69888305664062 13.866020202636719
  endloop
endfacet
facet normal 0.0 0.0 0.0
  outer loop
    vertex 4.499999523162842 68.25 13.866020202636719
    vertex 4.741180419921875 68.25 13.965919494628906
    vertex 4.448888301849365 68.63822937011719 13.866020202636719
  endloop
endfacet
facet normal 0.0 0.0 0.0
  outer loop
    vertex 4.448888301849365 68.63822937011719 13.866020202636719
    vertex 4.741180419921875 68.25 13.965919494628906
    vertex 4.681851387023926 68.70065307617188 13.965919494628906
  endloop
endfacet
facet normal 0.0 0.0 0.0
  outer loop
    vertex 4.448888301849365 68.63822937011719 13.866020202636719
    vertex 4.681851387023926 68.70065307617188 13.965919494628906
    vertex 4.299037456512451 69.0 13.866020202636719
  endloop
endfacet
facet normal 0.0 0.0 0.0
  outer loop
    vertex 4.299037456512451 69.0 13.866020202636719
    vertex 4.681851387023926 68.70065307617188 13.965919494628906
    vertex 4.507906436920166 69.12059020996094 13.965919494628906
  endloop
endfacet
facet normal 0.0 0.0 0.0
  outer loop
    vertex 4.299037456512451 69.0 13.866020202636719
    vertex 4.507906436920166 69.12059020996094 13.965919494628906
    vertex 4.060659885406494 69.31066131591797 13.866020202636719
  endloop
endfacet
facet normal 0.0 0.0 0.0
  outer loop
    vertex 4.060659885406494 69.31066131591797 13.866020202636719
    vertex 4.507906436920166 69.12059020996094 13.965919494628906
    vertex 4.231200218200684 69.481201171875 13.965919494628906
  endloop
endfacet
facet normal 0.0 0.0 0.0
  outer loop
    vertex 4.060659885406494 69.31066131591797 13.866020202636719
    vertex 4.231200218200684 69.481201171875 13.965919494628906
    vertex 3.749999523162842 69.54904174804688 13.866020202636719
  endloop
endfacet
facet normal 0.0 0.0 0.0
  outer loop
    vertex 3.749999523162842 69.54904174804688 13.866020202636719
    vertex 4.231200218200684 69.481201171875 13.965919494628906
    vertex 3.8705899715423584 69.75790405273438 13.965919494628906
  endloop
endfacet
facet normal 0.0 0.0 0.0
  outer loop
    vertex 3.749999523162842 69.54904174804688 13.866020202636719
    vertex 3.8705899715423584 69.75790405273438 13.965919494628906
    vertex 3.388228178024292 69.69888305664062 13.866020202636719
  endloop
endfacet
facet normal 0.0 0.0 0.0
  outer loop
    vertex 3.388228178024292 69.69888305664062 13.866020202636719
    vertex 3.8705899715423584 69.75790405273438 13.965919494628906
    vertex 3.450650215148926 69.93185424804688 13.965919494628906
  endloop
endfacet
facet normal 0.0 0.0 0.0
  outer loop
    vertex 4.741180419921875 68.25 13.965919494628906
    vertex 4.999999523162842 68.25 14.0
    vertex 4.681851387023926 68.70065307617188 13.965919494628906
  endloop
endfacet
facet normal 0.0 0.0 0.0
  outer loop
    vertex 4.681851387023926 68.70065307617188 13.965919494628906
    vertex 4.999999523162842 68.25 14.0
    vertex 4.931851387023926 68.76763916015625 14.0
  endloop
endfacet
facet normal 0.0 0.0 0.0
  outer loop
    vertex 4.681851387023926 68.70065307617188 13.965919494628906
    vertex 4.931851387023926 68.76763916015625 14.0
    vertex 4.507906436920166 69.12059020996094 13.965919494628906
  endloop
endfacet
facet normal 0.0 0.0 0.0
  outer loop
    vertex 4.507906436920166 69.12059020996094 13.965919494628906
    vertex 4.931851387023926 68.76763916015625 14.0
    vertex 4.73205041885376 69.25 14.0
  endloop
endfacet
facet normal 0.0 0.0 0.0
  outer loop
    vertex 4.507906436920166 69.12059020996094 13.965919494628906
    vertex 4.73205041885376 69.25 14.0
    vertex 4.231200218200684 69.481201171875 13.965919494628906
  endloop
endfacet
facet normal 0.0 0.0 0.0
  outer loop
    vertex 4.231200218200684 69.481201171875 13.965919494628906
    vertex 4.73205041885376 69.25 14.0
    vertex 4.414213180541992 69.66421508789062 14.0
  endloop
endfacet
facet normal 0.0 0.0 0.0
  outer loop
    vertex 4.231200218200684 69.481201171875 13.965919494628906
    vertex 4.414213180541992 69.66421508789062 14.0
    vertex 3.8705899715423584 69.75790405273438 13.965919494628906
  endloop
endfacet
facet normal 0.0 0.0 0.0
  outer loop
    vertex 3.8705899715423584 69.75790405273438 13.965919494628906
    vertex 4.414213180541992 69.66421508789062 14.0
    vertex 3.999999523162842 69.9820556640625 14.0
  endloop
endfacet
facet normal 0.0 0.0 0.0
  outer loop
    vertex 3.8705899715423584 69.75790405273438 13.965919494628906
    vertex 3.999999523162842 69.9820556640625 14.0
    vertex 3.450650215148926 69.93185424804688 13.965919494628906
  endloop
endfacet
facet normal 0.0 0.0 0.0
  outer loop
    vertex 3.450650215148926 69.93185424804688 13.965919494628906
    vertex 3.999999523162842 69.9820556640625 14.0
    vertex 3.5176377296447754 70.18185424804688 14.0
  endloop
endfacet
facet normal 0.0 0.0 0.0
  outer loop
    vertex 4.034073829650879 -71.25 13.258811950683594
    vertex 4.034073829650879 -65.66999816894531 13.258811950683594
    vertex 3.999999523162842 -71.25 13.0
  endloop
endfacet
facet normal 0.0 0.0 0.0
  outer loop
    vertex 3.999999523162842 -71.25 13.0
    vertex 4.034073829650879 -65.66999816894531 13.258811950683594
    vertex 4.034073829650879 -60.089996337890625 13.258811950683594
  endloop
endfacet
facet normal 0.0 0.0 0.0
  outer loop
    vertex 3.999999523162842 -71.25 13.0
    vertex 4.034073829650879 -60.089996337890625 13.258811950683594
    vertex 4.034073829650879 -54.51000213623047 13.258811950683594
  endloop
endfacet
facet normal 0.0 0.0 0.0
  outer loop
    vertex 4.034073829650879 -54.51000213623047 13.258811950683594
    vertex 4.034073829650879 -60.089996337890625 13.258811950683594
    vertex 4.133974075317383 -54.51000213623047 13.5
  endloop
endfacet
facet normal 0.0 0.0 0.0
  outer loop
    vertex 4.034073829650879 -54.51000213623047 13.258811950683594
    vertex 4.133974075317383 -54.51000213623047 13.5
    vertex 4.133974075317383 -48.93000030517578 13.5
  endloop
endfacet
facet normal 0.0 0.0 0.0
  outer loop
    vertex 4.133974075317383 -48.93000030517578 13.5
    vertex 4.133974075317383 -54.51000213623047 13.5
    vertex 4.292892932891846 -48.93000030517578 13.707099914550781
  endloop
endfacet
facet normal 0.0 0.0 0.0
  outer loop
    vertex 4.133974075317383 -48.93000030517578 13.5
    vertex 4.292892932891846 -48.93000030517578 13.707099914550781
    vertex 4.292892932891846 -43.349998474121094 13.707099914550781
  endloop
endfacet
facet normal 0.0 0.0 0.0
  outer loop
    vertex 4.292892932891846 -43.349998474121094 13.707099914550781
    vertex 4.292892932891846 -48.93000030517578 13.707099914550781
    vertex 4.499999523162842 -43.349998474121094 13.866020202636719
  endloop
endfacet
facet normal 0.0 0.0 0.0
  outer loop
    vertex 4.292892932891846 -43.349998474121094 13.707099914550781
    vertex 4.499999523162842 -43.349998474121094 13.866020202636719
    vertex 4.499999523162842 -37.77000045776367 13.866020202636719
  endloop
endfacet
facet normal 0.0 0.0 0.0
  outer loop
    vertex 4.499999523162842 -37.77000045776367 13.866020202636719
    vertex 4.499999523162842 -43.349998474121094 13.866020202636719
    vertex 4.741180419921875 -37.77000045776367 13.965919494628906
  endloop
endfacet
facet normal 0.0 0.0 0.0
  outer loop
    vertex 4.499999523162842 -37.77000045776367 13.866020202636719
    vertex 4.741180419921875 -37.77000045776367 13.965919494628906
    vertex 4.741180419921875 -32.189998626708984 13.965919494628906
  endloop
endfacet
facet normal 0.0 0.0 0.0
  outer loop
    vertex 4.741180419921875 -32.189998626708984 13.965919494628906
    vertex 4.741180419921875 -37.77000045776367 13.965919494628906
    vertex 4.999999523162842 -71.25 14.0
  endloop
endfacet
facet normal 0.0 0.0 0.0
  outer loop
    vertex 4.741180419921875 -32.189998626708984 13.965919494628906
    vertex 4.999999523162842 -71.25 14.0
    vertex 4.741180419921875 -26.610000610351562 13.965919494628906
  endloop
endfacet
facet normal 0.0 0.0 0.0
  outer loop
    vertex 4.741180419921875 -26.610000610351562 13.965919494628906
    vertex 4.999999523162842 -71.25 14.0
    vertex 4.741180419921875 -21.029998779296875 13.965919494628906
  endloop
endfacet
facet normal 0.0 0.0 0.0
  outer loop
    vertex 4.741180419921875 -26.610000610351562 13.965919494628906
    vertex 4.741180419921875 -21.029998779296875 13.965919494628906
    vertex 4.499999523162842 -26.610000610351562 13.866020202636719
  endloop
endfacet
facet normal 0.0 0.0 0.0
  outer loop
    vertex 4.499999523162842 -26.610000610351562 13.866020202636719
    vertex 4.741180419921875 -21.029998779296875 13.965919494628906
    vertex 4.499999523162842 -21.029998779296875 13.866020202636719
  endloop
endfacet
facet normal 0.0 0.0 0.0
  outer loop
    vertex 4.499999523162842 -26.610000610351562 13.866020202636719
    vertex 4.499999523162842 -21.029998779296875 13.866020202636719
    vertex 4.292892932891846 -26.610000610351562 13.707099914550781
  endloop
endfacet
facet normal 0.0 0.0 0.0
  outer loop
    vertex 4.292892932891846 -26.610000610351562 13.707099914550781
    vertex 4.499999523162842 -21.029998779296875 13.866020202636719
    vertex 4.292892932891846 -21.029998779296875 13.707099914550781
  endloop
endfacet
facet normal 0.0 0.0 0.0
  outer loop
    vertex 4.292892932891846 -26.610000610351562 13.707099914550781
    vertex 4.292892932891846 -21.029998779296875 13.707099914550781
    vertex 4.133974075317383 -26.610000610351562 13.5
  endloop
endfacet
facet normal 0.0 0.0 0.0
  outer loop
    vertex 4.133974075317383 -26.610000610351562 13.5
    vertex 4.292892932891846 -21.029998779296875 13.707099914550781
    vertex 4.133974075317383 -21.029998779296875 13.5
  endloop
endfacet
facet normal 0.0 0.0 0.0
  outer loop
    vertex 4.133974075317383 -26.610000610351562 13.5
    vertex 4.133974075317383 -21.029998779296875 13.5
    vertex 4.034073829650879 -26.610000610351562 13.258811950683594
  endloop
endfacet
facet normal 0.0 0.0 0.0
  outer loop
    vertex 4.034073829650879 -26.610000610351562 13.258811950683594
    vertex 4.133974075317383 -21.029998779296875 13.5
    vertex 4.034073829650879 -21.029998779296875 13.258811950683594
  endloop
endfacet
facet normal 0.0 0.0 0.0
  outer loop
    vertex 4.034073829650879 -26.610000610351562 13.258811950683594
    vertex 4.034073829650879 -21.029998779296875 13.258811950683594
    vertex 3.999999523162842 -71.25 13.0
  endloop
endfacet
facet normal 0.0 0.0 0.0
  outer loop
    vertex 3.999999523162842 -71.25 13.0
    vertex 4.034073829650879 -21.029998779296875 13.258811950683594
    vertex 4.034073829650879 -15.450000762939453 13.258811950683594
  endloop
endfacet
facet normal 0.0 0.0 0.0
  outer loop
    vertex 3.999999523162842 -71.25 13.0
    vertex 4.034073829650879 -15.450000762939453 13.258811950683594
    vertex 4.034073829650879 -9.870000839233398 13.258811950683594
  endloop
endfacet
facet normal 0.0 0.0 0.0
  outer loop
    vertex 4.034073829650879 -9.870000839233398 13.258811950683594
    vertex 4.034073829650879 -15.450000762939453 13.258811950683594
    vertex 4.133974075317383 -9.870000839233398 13.5
  endloop
endfacet
facet normal 0.0 0.0 0.0
  outer loop
    vertex 4.034073829650879 -9.870000839233398 13.258811950683594
    vertex 4.133974075317383 -9.870000839233398 13.5
    vertex 4.133974075317383 -4.290000915527344 13.5
  endloop
endfacet
facet normal 0.0 0.0 0.0
  outer loop
    vertex 4.133974075317383 -4.290000915527344 13.5
    vertex 4.133974075317383 -9.870000839233398 13.5
    vertex 4.292892932891846 -4.290000915527344 13.707099914550781
  endloop
endfacet
facet normal 0.0 0.0 0.0
  outer loop
    vertex 4.133974075317383 -4.290000915527344 13.5
    vertex 4.292892932891846 -4.290000915527344 13.707099914550781
    vertex 4.292892932891846 1.2900009155273438 13.707099914550781
  endloop
endfacet
facet normal 0.0 0.0 0.0
  outer loop
    vertex 4.292892932891846 1.2900009155273438 13.707099914550781
    vertex 4.292892932891846 -4.290000915527344 13.707099914550781
    vertex 4.499999523162842 1.2900009155273438 13.866020202636719
  endloop
endfacet
facet normal 0.0 0.0 0.0
  outer loop
    vertex 4.292892932891846 1.2900009155273438 13.707099914550781
    vertex 4.499999523162842 1.2900009155273438 13.866020202636719
    vertex 4.499999523162842 6.869999885559082 13.866020202636719
  endloop
endfacet
facet normal 0.0 0.0 0.0
  outer loop
    vertex 4.499999523162842 6.869999885559082 13.866020202636719
    vertex 4.499999523162842 1.2900009155273438 13.866020202636719
    vertex 4.741180419921875 6.869999885559082 13.965919494628906
  endloop
endfacet
facet normal 0.0 0.0 0.0
  outer loop
    vertex 4.499999523162842 6.869999885559082 13.866020202636719
    vertex 4.741180419921875 6.869999885559082 13.965919494628906
    vertex 4.741180419921875 12.449999809265137 13.965919494628906
  endloop
endfacet
facet normal 0.0 0.0 0.0
  outer loop
    vertex 4.741180419921875 12.449999809265137 13.965919494628906
    vertex 4.741180419921875 6.869999885559082 13.965919494628906
    vertex 4.999999523162842 68.25 14.0
  endloop
endfacet
facet normal 0.0 0.0 0.0
  outer loop
    vertex 4.741180419921875 12.449999809265137 13.965919494628906
    vertex 4.999999523162842 68.25 14.0
    vertex 4.741180419921875 18.030000686645508 13.965919494628906
  endloop
endfacet
facet normal 0.0 0.0 0.0
  outer loop
    vertex 4.741180419921875 18.030000686645508 13.965919494628906
    vertex 4.999999523162842 68.25 14.0
    vertex 4.741180419921875 23.610000610351562 13.965919494628906
  endloop
endfacet
facet normal 0.0 0.0 0.0
  outer loop
    vertex 4.741180419921875 18.030000686645508 13.965919494628906
    vertex 4.741180419921875 23.610000610351562 13.965919494628906
    vertex 4.499999523162842 18.030000686645508 13.866020202636719
  endloop
endfacet
facet normal 0.0 0.0 0.0
  outer loop
    vertex 4.499999523162842 18.030000686645508 13.866020202636719
    vertex 4.741180419921875 23.610000610351562 13.965919494628906
    vertex 4.499999523162842 23.610000610351562 13.866020202636719
  endloop
endfacet
facet normal 0.0 0.0 0.0
  outer loop
    vertex 4.499999523162842 18.030000686645508 13.866020202636719
    vertex 4.499999523162842 23.610000610351562 13.866020202636719
    vertex 4.292892932891846 18.030000686645508 13.707099914550781
  endloop
endfacet
facet normal 0.0 0.0 0.0
  outer loop
    vertex 4.292892932891846 18.030000686645508 13.707099914550781
    vertex 4.499999523162842 23.610000610351562 13.866020202636719
    vertex 4.292892932891846 23.610000610351562 13.707099914550781
  endloop
endfacet
facet normal 0.0 0.0 0.0
  outer loop
    vertex 4.292892932891846 18.030000686645508 13.707099914550781
    vertex 4.292892932891846 23.610000610351562 13.707099914550781
    vertex 4.133974075317383 18.030000686645508 13.5
  endloop
endfacet
facet normal 0.0 0.0 0.0
  outer loop
    vertex 4.133974075317383 18.030000686645508 13.5
    vertex 4.292892932891846 23.610000610351562 13.707099914550781
    vertex 4.133974075317383 23.610000610351562 13.5
  endloop
endfacet
facet normal 0.0 0.0 0.0
  outer loop
    vertex 4.133974075317383 18.030000686645508 13.5
    vertex 4.133974075317383 23.610000610351562 13.5
    vertex 4.034073829650879 18.030000686645508 13.258811950683594
  endloop
endfacet
facet normal 0.0 0.0 0.0
  outer loop
    vertex 4.034073829650879 18.030000686645508 13.258811950683594
    vertex 4.133974075317383 23.610000610351562 13.5
    vertex 4.034073829650879 23.610000610351562 13.258811950683594
  endloop
endfacet
facet normal 0.0 0.0 0.0
  outer loop
    vertex 4.034073829650879 18.030000686645508 13.258811950683594
    vertex 4.034073829650879 23.610000610351562 13.258811950683594
    vertex 3.999999523162842 68.25 13.0
  endloop
endfacet
facet normal 0.0 0.0 0.0
  outer loop
    vertex 3.999999523162842 68.25 13.0
    vertex 4.034073829650879 23.610000610351562 13.258811950683594
    vertex 4.034073829650879 29.189998626708984 13.258811950683594
  endloop
endfacet
facet normal 0.0 0.0 0.0
  outer loop
    vertex 3.999999523162842 68.25 13.0
    vertex 4.034073829650879 29.189998626708984 13.258811950683594
    vertex 4.034073829650879 34.77000045776367 13.258811950683594
  endloop
endfacet
facet normal 0.0 0.0 0.0
  outer loop
    vertex 4.034073829650879 34.77000045776367 13.258811950683594
    vertex 4.034073829650879 29.189998626708984 13.258811950683594
    vertex 4.133974075317383 34.77000045776367 13.5
  endloop
endfacet
facet normal 0.0 0.0 0.0
  outer loop
    vertex 4.034073829650879 34.77000045776367 13.258811950683594
    vertex 4.133974075317383 34.77000045776367 13.5
    vertex 4.133974075317383 40.349998474121094 13.5
  endloop
endfacet
facet normal 0.0 0.0 0.0
  outer loop
    vertex 4.133974075317383 40.349998474121094 13.5
    vertex 4.133974075317383 34.77000045776367 13.5
    vertex 4.292892932891846 40.349998474121094 13.707099914550781
  endloop
endfacet
facet normal 0.0 0.0 0.0
  outer loop
    vertex 4.133974075317383 40.349998474121094 13.5
    vertex 4.292892932891846 40.349998474121094 13.707099914550781
    vertex 4.292892932891846 45.93000030517578 13.707099914550781
  endloop
endfacet
facet normal 0.0 0.0 0.0
  outer loop
    vertex 4.292892932891846 45.93000030517578 13.707099914550781
    vertex 4.292892932891846 40.349998474121094 13.707099914550781
    vertex 4.499999523162842 45.93000030517578 13.866020202636719
  endloop
endfacet
facet normal 0.0 0.0 0.0
  outer loop
    vertex 4.292892932891846 45.93000030517578 13.707099914550781
    vertex 4.499999523162842 45.93000030517578 13.866020202636719
    vertex 4.499999523162842 51.51000213623047 13.866020202636719
  endloop
endfacet
facet normal 0.0 0.0 0.0
  outer loop
    vertex 4.499999523162842 51.51000213623047 13.866020202636719
    vertex 4.499999523162842 45.93000030517578 13.866020202636719
    vertex 4.741180419921875 51.51000213623047 13.965919494628906
  endloop
endfacet
facet normal 0.0 0.0 0.0
  outer loop
    vertex 4.499999523162842 51.51000213623047 13.866020202636719
    vertex 4.741180419921875 51.51000213623047 13.965919494628906
    vertex 4.741180419921875 57.09000015258789 13.965919494628906
  endloop
endfacet
facet normal 0.0 0.0 0.0
  outer loop
    vertex 4.741180419921875 57.09000015258789 13.965919494628906
    vertex 4.741180419921875 51.51000213623047 13.965919494628906
    vertex 4.999999523162842 68.25 14.0
  endloop
endfacet
facet normal 0.0 0.0 0.0
  outer loop
    vertex 4.741180419921875 57.09000015258789 13.965919494628906
    vertex 4.999999523162842 68.25 14.0
    vertex 4.741180419921875 62.66999816894531 13.965919494628906
  endloop
endfacet
facet normal 0.0 0.0 0.0
  outer loop
    vertex 4.741180419921875 62.66999816894531 13.965919494628906
    vertex 4.999999523162842 68.25 14.0
    vertex 4.741180419921875 68.25 13.965919494628906
  endloop
endfacet
facet normal 0.0 0.0 0.0
  outer loop
    vertex 4.741180419921875 62.66999816894531 13.965919494628906
    vertex 4.741180419921875 68.25 13.965919494628906
    vertex 4.499999523162842 62.66999816894531 13.866020202636719
  endloop
endfacet
facet normal 0.0 0.0 0.0
  outer loop
    vertex 4.499999523162842 62.66999816894531 13.866020202636719
    vertex 4.741180419921875 68.25 13.965919494628906
    vertex 4.499999523162842 68.25 13.866020202636719
  endloop
endfacet
facet normal 0.0 0.0 0.0
  outer loop
    vertex 4.499999523162842 62.66999816894531 13.866020202636719
    vertex 4.499999523162842 68.25 13.866020202636719
    vertex 4.292892932891846 62.66999816894531 13.707099914550781
  endloop
endfacet
facet normal 0.0 0.0 0.0
  outer loop
    vertex 4.292892932891846 62.66999816894531 13.707099914550781
    vertex 4.499999523162842 68.25 13.866020202636719
    vertex 4.292892932891846 68.25 13.707099914550781
  endloop
endfacet
facet normal 0.0 0.0 0.0
  outer loop
    vertex 4.292892932891846 62.66999816894531 13.707099914550781
    vertex 4.292892932891846 68.25 13.707099914550781
    vertex 4.133974075317383 62.66999816894531 13.5
  endloop
endfacet
facet normal 0.0 0.0 0.0
  outer loop
    vertex 4.133974075317383 62.66999816894531 13.5
    vertex 4.292892932891846 68.25 13.707099914550781
    vertex 4.133974075317383 68.25 13.5
  endloop
endfacet
facet normal 0.0 0.0 0.0
  outer loop
    vertex 4.133974075317383 62.66999816894531 13.5
    vertex 4.133974075317383 68.25 13.5
    vertex 4.034073829650879 62.66999816894531 13.258811950683594
  endloop
endfacet
facet normal 0.0 0.0 0.0
  outer loop
    vertex 4.034073829650879 62.66999816894531 13.258811950683594
    vertex 4.133974075317383 68.25 13.5
    vertex 4.034073829650879 68.25 13.258811950683594
  endloop
endfacet
facet normal 0.0 0.0 0.0
  outer loop
    vertex 4.034073829650879 62.66999816894531 13.258811950683594
    vertex 4.034073829650879 68.25 13.258811950683594
    vertex 3.999999523162842 68.25 13.0
  endloop
endfacet
facet normal 0.0 0.0 0.0
  outer loop
    vertex 4.034073829650879 -65.66999816894531 13.258811950683594
    vertex 4.034073829650879 -71.25 13.258811950683594
    vertex 4.133974075317383 -65.66999816894531 13.5
  endloop
endfacet
facet normal 0.0 0.0 0.0
  outer loop
    vertex 4.133974075317383 -65.66999816894531 13.5
    vertex 4.034073829650879 -71.25 13.258811950683594
    vertex 4.133974075317383 -71.25 13.5
  endloop
endfacet
facet normal 0.0 0.0 0.0
  outer loop
    vertex 4.133974075317383 -65.66999816894531 13.5
    vertex 4.133974075317383 -71.25 13.5
    vertex 4.292892932891846 -65.66999816894531 13.707099914550781
  endloop
endfacet
facet normal 0.0 0.0 0.0
  outer loop
    vertex 4.292892932891846 -65.66999816894531 13.707099914550781
    vertex 4.133974075317383 -71.25 13.5
    vertex 4.292892932891846 -71.25 13.707099914550781
  endloop
endfacet
facet normal 0.0 0.0 0.0
  outer loop
    vertex 4.292892932891846 -65.66999816894531 13.707099914550781
    vertex 4.292892932891846 -71.25 13.707099914550781
    vertex 4.499999523162842 -65.66999816894531 13.866020202636719
  endloop
endfacet
facet normal 0.0 0.0 0.0
  outer loop
    vertex 4.499999523162842 -65.66999816894531 13.866020202636719
    vertex 4.292892932891846 -71.25 13.707099914550781
    vertex 4.499999523162842 -71.25 13.866020202636719
  endloop
endfacet
facet normal 0.0 0.0 0.0
  outer loop
    vertex 4.499999523162842 -65.66999816894531 13.866020202636719
    vertex 4.499999523162842 -71.25 13.866020202636719
    vertex 4.741180419921875 -65.66999816894531 13.965919494628906
  endloop
endfacet
facet normal 0.0 0.0 0.0
  outer loop
    vertex 4.741180419921875 -65.66999816894531 13.965919494628906
    vertex 4.499999523162842 -71.25 13.866020202636719
    vertex 4.741180419921875 -71.25 13.965919494628906
  endloop
endfacet
facet normal 0.0 0.0 0.0
  outer loop
    vertex 4.741180419921875 -65.66999816894531 13.965919494628906
    vertex 4.741180419921875 -71.25 13.965919494628906
    vertex 4.999999523162842 -71.25 14.0
  endloop
endfacet
facet normal 0.0 0.0 0.0
  outer loop
    vertex 4.999999523162842 68.25 14.0
    vertex 4.741180419921875 -4.290000915527344 13.965919494628906
    vertex 4.999999523162842 -71.25 14.0
  endloop
endfacet
facet normal 0.0 0.0 0.0
  outer loop
    vertex 4.999999523162842 -71.25 14.0
    vertex 4.741180419921875 -4.290000915527344 13.965919494628906
    vertex 4.741180419921875 -9.870000839233398 13.965919494628906
  endloop
endfacet
facet normal 0.0 0.0 0.0
  outer loop
    vertex 4.999999523162842 -71.25 14.0
    vertex 4.741180419921875 -9.870000839233398 13.965919494628906
    vertex 4.741180419921875 -15.450000762939453 13.965919494628906
  endloop
endfacet
facet normal 0.0 0.0 0.0
  outer loop
    vertex 4.741180419921875 -15.450000762939453 13.965919494628906
    vertex 4.741180419921875 -9.870000839233398 13.965919494628906
    vertex 4.499999523162842 -15.450000762939453 13.866020202636719
  endloop
endfacet
facet normal 0.0 0.0 0.0
  outer loop
    vertex 4.741180419921875 -15.450000762939453 13.965919494628906
    vertex 4.499999523162842 -15.450000762939453 13.866020202636719
    vertex 4.499999523162842 -21.029998779296875 13.866020202636719
  endloop
endfacet
facet normal 0.0 0.0 0.0
  outer loop
    vertex 4.499999523162842 -21.029998779296875 13.866020202636719
    vertex 4.499999523162842 -15.450000762939453 13.866020202636719
    vertex 4.292892932891846 -21.029998779296875 13.707099914550781
  endloop
endfacet
facet normal 0.0 0.0 0.0
  outer loop
    vertex 3.999999523162842 -71.25 13.0
    vertex 4.034073829650879 1.2900009155273438 13.258811950683594
    vertex 3.999999523162842 68.25 13.0
  endloop
endfacet
facet normal 0.0 0.0 0.0
  outer loop
    vertex 3.999999523162842 68.25 13.0
    vertex 4.034073829650879 1.2900009155273438 13.258811950683594
    vertex 4.034073829650879 6.869999885559082 13.258811950683594
  endloop
endfacet
facet normal 0.0 0.0 0.0
  outer loop
    vertex 3.999999523162842 68.25 13.0
    vertex 4.034073829650879 6.869999885559082 13.258811950683594
    vertex 4.034073829650879 12.449999809265137 13.258811950683594
  endloop
endfacet
facet normal 0.0 0.0 0.0
  outer loop
    vertex 4.034073829650879 12.449999809265137 13.258811950683594
    vertex 4.034073829650879 6.869999885559082 13.258811950683594
    vertex 4.133974075317383 12.449999809265137 13.5
  endloop
endfacet
facet normal 0.0 0.0 0.0
  outer loop
    vertex 4.034073829650879 12.449999809265137 13.258811950683594
    vertex 4.133974075317383 12.449999809265137 13.5
    vertex 4.133974075317383 18.030000686645508 13.5
  endloop
endfacet
facet normal 0.0 0.0 0.0
  outer loop
    vertex 4.133974075317383 18.030000686645508 13.5
    vertex 4.133974075317383 12.449999809265137 13.5
    vertex 4.292892932891846 18.030000686645508 13.707099914550781
  endloop
endfacet
facet normal 0.0 0.0 0.0
  outer loop
    vertex 4.034073829650879 -60.089996337890625 13.258811950683594
    vertex 4.034073829650879 -65.66999816894531 13.258811950683594
    vertex 4.133974075317383 -60.089996337890625 13.5
  endloop
endfacet
facet normal 0.0 0.0 0.0
  outer loop
    vertex 4.133974075317383 -60.089996337890625 13.5
    vertex 4.034073829650879 -65.66999816894531 13.258811950683594
    vertex 4.133974075317383 -65.66999816894531 13.5
  endloop
endfacet
facet normal 0.0 0.0 0.0
  outer loop
    vertex 4.133974075317383 -60.089996337890625 13.5
    vertex 4.133974075317383 -65.66999816894531 13.5
    vertex 4.292892932891846 -60.089996337890625 13.707099914550781
  endloop
endfacet
facet normal 0.0 0.0 0.0
  outer loop
    vertex 4.292892932891846 -60.089996337890625 13.707099914550781
    vertex 4.133974075317383 -65.66999816894531 13.5
    vertex 4.292892932891846 -65.66999816894531 13.707099914550781
  endloop
endfacet
facet normal 0.0 0.0 0.0
  outer loop
    vertex 4.292892932891846 -60.089996337890625 13.707099914550781
    vertex 4.292892932891846 -65.66999816894531 13.707099914550781
    vertex 4.499999523162842 -60.089996337890625 13.866020202636719
  endloop
endfacet
facet normal 0.0 0.0 0.0
  outer loop
    vertex 4.499999523162842 -60.089996337890625 13.866020202636719
    vertex 4.292892932891846 -65.66999816894531 13.707099914550781
    vertex 4.499999523162842 -65.66999816894531 13.866020202636719
  endloop
endfacet
facet normal 0.0 0.0 0.0
  outer loop
    vertex 4.499999523162842 -60.089996337890625 13.866020202636719
    vertex 4.499999523162842 -65.66999816894531 13.866020202636719
    vertex 4.741180419921875 -60.089996337890625 13.965919494628906
  endloop
endfacet
facet normal 0.0 0.0 0.0
  outer loop
    vertex 4.741180419921875 -60.089996337890625 13.965919494628906
    vertex 4.499999523162842 -65.66999816894531 13.866020202636719
    vertex 4.741180419921875 -65.66999816894531 13.965919494628906
  endloop
endfacet
facet normal 0.0 0.0 0.0
  outer loop
    vertex 4.741180419921875 -60.089996337890625 13.965919494628906
    vertex 4.741180419921875 -65.66999816894531 13.965919494628906
    vertex 4.999999523162842 -71.25 14.0
  endloop
endfacet
facet normal 0.0 0.0 0.0
  outer loop
    vertex 4.034073829650879 -54.51000213623047 13.258811950683594
    vertex 4.034073829650879 -48.93000030517578 13.258811950683594
    vertex 3.999999523162842 -71.25 13.0
  endloop
endfacet
facet normal 0.0 0.0 0.0
  outer loop
    vertex 3.999999523162842 -71.25 13.0
    vertex 4.034073829650879 -48.93000030517578 13.258811950683594
    vertex 4.034073829650879 -43.349998474121094 13.258811950683594
  endloop
endfacet
facet normal 0.0 0.0 0.0
  outer loop
    vertex 3.999999523162842 -71.25 13.0
    vertex 4.034073829650879 -43.349998474121094 13.258811950683594
    vertex 4.034073829650879 -37.77000045776367 13.258811950683594
  endloop
endfacet
facet normal 0.0 0.0 0.0
  outer loop
    vertex 4.034073829650879 -37.77000045776367 13.258811950683594
    vertex 4.034073829650879 -43.349998474121094 13.258811950683594
    vertex 4.133974075317383 -37.77000045776367 13.5
  endloop
endfacet
facet normal 0.0 0.0 0.0
  outer loop
    vertex 4.034073829650879 -37.77000045776367 13.258811950683594
    vertex 4.133974075317383 -37.77000045776367 13.5
    vertex 4.133974075317383 -32.189998626708984 13.5
  endloop
endfacet
facet normal 0.0 0.0 0.0
  outer loop
    vertex 4.133974075317383 -32.189998626708984 13.5
    vertex 4.133974075317383 -37.77000045776367 13.5
    vertex 4.292892932891846 -32.189998626708984 13.707099914550781
  endloop
endfacet
facet normal 0.0 0.0 0.0
  outer loop
    vertex 4.133974075317383 -32.189998626708984 13.5
    vertex 4.292892932891846 -32.189998626708984 13.707099914550781
    vertex 4.292892932891846 -26.610000610351562 13.707099914550781
  endloop
endfacet
facet normal 0.0 0.0 0.0
  outer loop
    vertex 4.292892932891846 -26.610000610351562 13.707099914550781
    vertex 4.292892932891846 -32.189998626708984 13.707099914550781
    vertex 4.499999523162842 -26.610000610351562 13.866020202636719
  endloop
endfacet
facet normal 0.0 0.0 0.0
  outer loop
    vertex 4.034073829650879 -54.51000213623047 13.258811950683594
    vertex 4.133974075317383 -48.93000030517578 13.5
    vertex 4.034073829650879 -48.93000030517578 13.258811950683594
  endloop
endfacet
facet normal 0.0 0.0 0.0
  outer loop
    vertex 4.034073829650879 -48.93000030517578 13.258811950683594
    vertex 4.133974075317383 -48.93000030517578 13.5
    vertex 4.133974075317383 -43.349998474121094 13.5
  endloop
endfacet
facet normal 0.0 0.0 0.0
  outer loop
    vertex 4.034073829650879 -48.93000030517578 13.258811950683594
    vertex 4.133974075317383 -43.349998474121094 13.5
    vertex 4.034073829650879 -43.349998474121094 13.258811950683594
  endloop
endfacet
facet normal 0.0 0.0 0.0
  outer loop
    vertex 4.034073829650879 -43.349998474121094 13.258811950683594
    vertex 4.133974075317383 -43.349998474121094 13.5
    vertex 4.133974075317383 -37.77000045776367 13.5
  endloop
endfacet
facet normal 0.0 0.0 0.0
  outer loop
    vertex 4.034073829650879 -26.610000610351562 13.258811950683594
    vertex 3.999999523162842 -71.25 13.0
    vertex 4.034073829650879 -32.189998626708984 13.258811950683594
  endloop
endfacet
facet normal 0.0 0.0 0.0
  outer loop
    vertex 4.034073829650879 -32.189998626708984 13.258811950683594
    vertex 3.999999523162842 -71.25 13.0
    vertex 4.034073829650879 -37.77000045776367 13.258811950683594
  endloop
endfacet
facet normal 0.0 0.0 0.0
  outer loop
    vertex 4.034073829650879 -32.189998626708984 13.258811950683594
    vertex 4.034073829650879 -37.77000045776367 13.258811950683594
    vertex 4.133974075317383 -32.189998626708984 13.5
  endloop
endfacet
facet normal 0.0 0.0 0.0
  outer loop
    vertex 4.133974075317383 -26.610000610351562 13.5
    vertex 4.034073829650879 -26.610000610351562 13.258811950683594
    vertex 4.034073829650879 -32.189998626708984 13.258811950683594
  endloop
endfacet
facet normal 0.0 0.0 0.0
  outer loop
    vertex 4.133974075317383 -26.610000610351562 13.5
    vertex 4.034073829650879 -32.189998626708984 13.258811950683594
    vertex 4.133974075317383 -32.189998626708984 13.5
  endloop
endfacet
facet normal 0.0 0.0 0.0
  outer loop
    vertex 4.034073829650879 -15.450000762939453 13.258811950683594
    vertex 4.034073829650879 -21.029998779296875 13.258811950683594
    vertex 4.133974075317383 -15.450000762939453 13.5
  endloop
endfacet
facet normal 0.0 0.0 0.0
  outer loop
    vertex 4.133974075317383 -15.450000762939453 13.5
    vertex 4.034073829650879 -21.029998779296875 13.258811950683594
    vertex 4.133974075317383 -21.029998779296875 13.5
  endloop
endfacet
facet normal 0.0 0.0 0.0
  outer loop
    vertex 4.133974075317383 -15.450000762939453 13.5
    vertex 4.133974075317383 -21.029998779296875 13.5
    vertex 4.292892932891846 -15.450000762939453 13.707099914550781
  endloop
endfacet
facet normal 0.0 0.0 0.0
  outer loop
    vertex 4.292892932891846 -15.450000762939453 13.707099914550781
    vertex 4.133974075317383 -21.029998779296875 13.5
    vertex 4.292892932891846 -21.029998779296875 13.707099914550781
  endloop
endfacet
facet normal 0.0 0.0 0.0
  outer loop
    vertex 4.292892932891846 -15.450000762939453 13.707099914550781
    vertex 4.292892932891846 -21.029998779296875 13.707099914550781
    vertex 4.499999523162842 -15.450000762939453 13.866020202636719
  endloop
endfacet
facet normal 0.0 0.0 0.0
  outer loop
    vertex 4.034073829650879 1.2900009155273438 13.258811950683594
    vertex 3.999999523162842 -71.25 13.0
    vertex 4.034073829650879 -4.290000915527344 13.258811950683594
  endloop
endfacet
facet normal 0.0 0.0 0.0
  outer loop
    vertex 4.034073829650879 -4.290000915527344 13.258811950683594
    vertex 3.999999523162842 -71.25 13.0
    vertex 4.034073829650879 -9.870000839233398 13.258811950683594
  endloop
endfacet
facet normal 0.0 0.0 0.0
  outer loop
    vertex 4.034073829650879 -4.290000915527344 13.258811950683594
    vertex 4.034073829650879 -9.870000839233398 13.258811950683594
    vertex 4.133974075317383 -4.290000915527344 13.5
  endloop
endfacet
facet normal 0.0 0.0 0.0
  outer loop
    vertex 4.034073829650879 1.2900009155273438 13.258811950683594
    vertex 4.034073829650879 -4.290000915527344 13.258811950683594
    vertex 4.133974075317383 1.2900009155273438 13.5
  endloop
endfacet
facet normal 0.0 0.0 0.0
  outer loop
    vertex 4.133974075317383 1.2900009155273438 13.5
    vertex 4.034073829650879 -4.290000915527344 13.258811950683594
    vertex 4.133974075317383 -4.290000915527344 13.5
  endloop
endfacet
facet normal 0.0 0.0 0.0
  outer loop
    vertex 4.133974075317383 1.2900009155273438 13.5
    vertex 4.133974075317383 -4.290000915527344 13.5
    vertex 4.292892932891846 1.2900009155273438 13.707099914550781
  endloop
endfacet
facet normal 0.0 0.0 0.0
  outer loop
    vertex 4.034073829650879 18.030000686645508 13.258811950683594
    vertex 3.999999523162842 68.25 13.0
    vertex 4.034073829650879 12.449999809265137 13.258811950683594
  endloop
endfacet
facet normal 0.0 0.0 0.0
  outer loop
    vertex 4.034073829650879 6.869999885559082 13.258811950683594
    vertex 4.034073829650879 1.2900009155273438 13.258811950683594
    vertex 4.133974075317383 6.869999885559082 13.5
  endloop
endfacet
facet normal 0.0 0.0 0.0
  outer loop
    vertex 4.133974075317383 6.869999885559082 13.5
    vertex 4.034073829650879 1.2900009155273438 13.258811950683594
    vertex 4.133974075317383 1.2900009155273438 13.5
  endloop
endfacet
facet normal 0.0 0.0 0.0
  outer loop
    vertex 4.133974075317383 6.869999885559082 13.5
    vertex 4.133974075317383 1.2900009155273438 13.5
    vertex 4.292892932891846 6.869999885559082 13.707099914550781
  endloop
endfacet
facet normal 0.0 0.0 0.0
  outer loop
    vertex 4.292892932891846 6.869999885559082 13.707099914550781
    vertex 4.133974075317383 1.2900009155273438 13.5
    vertex 4.292892932891846 1.2900009155273438 13.707099914550781
  endloop
endfacet
facet normal 0.0 0.0 0.0
  outer loop
    vertex 4.292892932891846 6.869999885559082 13.707099914550781
    vertex 4.292892932891846 1.2900009155273438 13.707099914550781
    vertex 4.499999523162842 6.869999885559082 13.866020202636719
  endloop
endfacet
facet normal 0.0 0.0 0.0
  outer loop
    vertex 4.133974075317383 18.030000686645508 13.5
    vertex 4.034073829650879 18.030000686645508 13.258811950683594
    vertex 4.034073829650879 12.449999809265137 13.258811950683594
  endloop
endfacet
facet normal 0.0 0.0 0.0
  outer loop
    vertex 4.034073829650879 29.189998626708984 13.258811950683594
    vertex 4.034073829650879 23.610000610351562 13.258811950683594
    vertex 4.133974075317383 29.189998626708984 13.5
  endloop
endfacet
facet normal 0.0 0.0 0.0
  outer loop
    vertex 4.133974075317383 29.189998626708984 13.5
    vertex 4.034073829650879 23.610000610351562 13.258811950683594
    vertex 4.133974075317383 23.610000610351562 13.5
  endloop
endfacet
facet normal 0.0 0.0 0.0
  outer loop
    vertex 4.133974075317383 29.189998626708984 13.5
    vertex 4.133974075317383 23.610000610351562 13.5
    vertex 4.292892932891846 29.189998626708984 13.707099914550781
  endloop
endfacet
facet normal 0.0 0.0 0.0
  outer loop
    vertex 4.292892932891846 29.189998626708984 13.707099914550781
    vertex 4.133974075317383 23.610000610351562 13.5
    vertex 4.292892932891846 23.610000610351562 13.707099914550781
  endloop
endfacet
facet normal 0.0 0.0 0.0
  outer loop
    vertex 4.292892932891846 29.189998626708984 13.707099914550781
    vertex 4.292892932891846 23.610000610351562 13.707099914550781
    vertex 4.499999523162842 29.189998626708984 13.866020202636719
  endloop
endfacet
facet normal 0.0 0.0 0.0
  outer loop
    vertex 4.499999523162842 29.189998626708984 13.866020202636719
    vertex 4.292892932891846 23.610000610351562 13.707099914550781
    vertex 4.499999523162842 23.610000610351562 13.866020202636719
  endloop
endfacet
facet normal 0.0 0.0 0.0
  outer loop
    vertex 4.499999523162842 29.189998626708984 13.866020202636719
    vertex 4.499999523162842 23.610000610351562 13.866020202636719
    vertex 4.741180419921875 29.189998626708984 13.965919494628906
  endloop
endfacet
facet normal 0.0 0.0 0.0
  outer loop
    vertex 4.741180419921875 29.189998626708984 13.965919494628906
    vertex 4.499999523162842 23.610000610351562 13.866020202636719
    vertex 4.741180419921875 23.610000610351562 13.965919494628906
  endloop
endfacet
facet normal 0.0 0.0 0.0
  outer loop
    vertex 4.741180419921875 29.189998626708984 13.965919494628906
    vertex 4.741180419921875 23.610000610351562 13.965919494628906
    vertex 4.999999523162842 68.25 14.0
  endloop
endfacet
facet normal 0.0 0.0 0.0
  outer loop
    vertex 4.034073829650879 34.77000045776367 13.258811950683594
    vertex 4.034073829650879 40.349998474121094 13.258811950683594
    vertex 3.999999523162842 68.25 13.0
  endloop
endfacet
facet normal 0.0 0.0 0.0
  outer loop
    vertex 3.999999523162842 68.25 13.0
    vertex 4.034073829650879 40.349998474121094 13.258811950683594
    vertex 4.034073829650879 45.93000030517578 13.258811950683594
  endloop
endfacet
facet normal 0.0 0.0 0.0
  outer loop
    vertex 3.999999523162842 68.25 13.0
    vertex 4.034073829650879 45.93000030517578 13.258811950683594
    vertex 4.034073829650879 51.51000213623047 13.258811950683594
  endloop
endfacet
facet normal 0.0 0.0 0.0
  outer loop
    vertex 4.034073829650879 51.51000213623047 13.258811950683594
    vertex 4.034073829650879 45.93000030517578 13.258811950683594
    vertex 4.133974075317383 51.51000213623047 13.5
  endloop
endfacet
facet normal 0.0 0.0 0.0
  outer loop
    vertex 4.034073829650879 51.51000213623047 13.258811950683594
    vertex 4.133974075317383 51.51000213623047 13.5
    vertex 4.133974075317383 57.09000015258789 13.5
  endloop
endfacet
facet normal 0.0 0.0 0.0
  outer loop
    vertex 4.133974075317383 57.09000015258789 13.5
    vertex 4.133974075317383 51.51000213623047 13.5
    vertex 4.292892932891846 57.09000015258789 13.707099914550781
  endloop
endfacet
facet normal 0.0 0.0 0.0
  outer loop
    vertex 4.133974075317383 57.09000015258789 13.5
    vertex 4.292892932891846 57.09000015258789 13.707099914550781
    vertex 4.292892932891846 62.66999816894531 13.707099914550781
  endloop
endfacet
facet normal 0.0 0.0 0.0
  outer loop
    vertex 4.292892932891846 62.66999816894531 13.707099914550781
    vertex 4.292892932891846 57.09000015258789 13.707099914550781
    vertex 4.499999523162842 62.66999816894531 13.866020202636719
  endloop
endfacet
facet normal 0.0 0.0 0.0
  outer loop
    vertex 4.034073829650879 34.77000045776367 13.258811950683594
    vertex 4.133974075317383 40.349998474121094 13.5
    vertex 4.034073829650879 40.349998474121094 13.258811950683594
  endloop
endfacet
facet normal 0.0 0.0 0.0
  outer loop
    vertex 4.034073829650879 40.349998474121094 13.258811950683594
    vertex 4.133974075317383 40.349998474121094 13.5
    vertex 4.133974075317383 45.93000030517578 13.5
  endloop
endfacet
facet normal 0.0 0.0 0.0
  outer loop
    vertex 4.034073829650879 40.349998474121094 13.258811950683594
    vertex 4.133974075317383 45.93000030517578 13.5
    vertex 4.034073829650879 45.93000030517578 13.258811950683594
  endloop
endfacet
facet normal 0.0 0.0 0.0
  outer loop
    vertex 4.034073829650879 45.93000030517578 13.258811950683594
    vertex 4.133974075317383 45.93000030517578 13.5
    vertex 4.133974075317383 51.51000213623047 13.5
  endloop
endfacet
facet normal 0.0 0.0 0.0
  outer loop
    vertex 4.034073829650879 62.66999816894531 13.258811950683594
    vertex 3.999999523162842 68.25 13.0
    vertex 4.034073829650879 57.09000015258789 13.258811950683594
  endloop
endfacet
facet normal 0.0 0.0 0.0
  outer loop
    vertex 4.034073829650879 57.09000015258789 13.258811950683594
    vertex 3.999999523162842 68.25 13.0
    vertex 4.034073829650879 51.51000213623047 13.258811950683594
  endloop
endfacet
facet normal 0.0 0.0 0.0
  outer loop
    vertex 4.034073829650879 57.09000015258789 13.258811950683594
    vertex 4.034073829650879 51.51000213623047 13.258811950683594
    vertex 4.133974075317383 57.09000015258789 13.5
  endloop
endfacet
facet normal 0.0 0.0 0.0
  outer loop
    vertex 4.133974075317383 62.66999816894531 13.5
    vertex 4.034073829650879 62.66999816894531 13.258811950683594
    vertex 4.034073829650879 57.09000015258789 13.258811950683594
  endloop
endfacet
facet normal 0.0 0.0 0.0
  outer loop
    vertex 4.133974075317383 62.66999816894531 13.5
    vertex 4.034073829650879 57.09000015258789 13.258811950683594
    vertex 4.133974075317383 57.09000015258789 13.5
  endloop
endfacet
facet normal 0.0 0.0 0.0
  outer loop
    vertex 4.034073829650879 -60.089996337890625 13.258811950683594
    vertex 4.133974075317383 -60.089996337890625 13.5
    vertex 4.133974075317383 -54.51000213623047 13.5
  endloop
endfacet
facet normal 0.0 0.0 0.0
  outer loop
    vertex 4.133974075317383 -54.51000213623047 13.5
    vertex 4.133974075317383 -60.089996337890625 13.5
    vertex 4.292892932891846 -54.51000213623047 13.707099914550781
  endloop
endfacet
facet normal 0.0 0.0 0.0
  outer loop
    vertex 4.133974075317383 -54.51000213623047 13.5
    vertex 4.292892932891846 -54.51000213623047 13.707099914550781
    vertex 4.292892932891846 -48.93000030517578 13.707099914550781
  endloop
endfacet
facet normal 0.0 0.0 0.0
  outer loop
    vertex 4.292892932891846 -48.93000030517578 13.707099914550781
    vertex 4.292892932891846 -54.51000213623047 13.707099914550781
    vertex 4.499999523162842 -48.93000030517578 13.866020202636719
  endloop
endfacet
facet normal 0.0 0.0 0.0
  outer loop
    vertex 4.292892932891846 -48.93000030517578 13.707099914550781
    vertex 4.499999523162842 -48.93000030517578 13.866020202636719
    vertex 4.499999523162842 -43.349998474121094 13.866020202636719
  endloop
endfacet
facet normal 0.0 0.0 0.0
  outer loop
    vertex 4.499999523162842 -43.349998474121094 13.866020202636719
    vertex 4.499999523162842 -48.93000030517578 13.866020202636719
    vertex 4.741180419921875 -43.349998474121094 13.965919494628906
  endloop
endfacet
facet normal 0.0 0.0 0.0
  outer loop
    vertex 4.499999523162842 -43.349998474121094 13.866020202636719
    vertex 4.741180419921875 -43.349998474121094 13.965919494628906
    vertex 4.741180419921875 -37.77000045776367 13.965919494628906
  endloop
endfacet
facet normal 0.0 0.0 0.0
  outer loop
    vertex 4.741180419921875 -37.77000045776367 13.965919494628906
    vertex 4.741180419921875 -43.349998474121094 13.965919494628906
    vertex 4.999999523162842 -71.25 14.0
  endloop
endfacet
facet normal 0.0 0.0 0.0
  outer loop
    vertex 4.292892932891846 -54.51000213623047 13.707099914550781
    vertex 4.133974075317383 -60.089996337890625 13.5
    vertex 4.292892932891846 -60.089996337890625 13.707099914550781
  endloop
endfacet
facet normal 0.0 0.0 0.0
  outer loop
    vertex 4.133974075317383 -48.93000030517578 13.5
    vertex 4.292892932891846 -43.349998474121094 13.707099914550781
    vertex 4.133974075317383 -43.349998474121094 13.5
  endloop
endfacet
facet normal 0.0 0.0 0.0
  outer loop
    vertex 4.133974075317383 -43.349998474121094 13.5
    vertex 4.292892932891846 -43.349998474121094 13.707099914550781
    vertex 4.292892932891846 -37.77000045776367 13.707099914550781
  endloop
endfacet
facet normal 0.0 0.0 0.0
  outer loop
    vertex 4.133974075317383 -43.349998474121094 13.5
    vertex 4.292892932891846 -37.77000045776367 13.707099914550781
    vertex 4.133974075317383 -37.77000045776367 13.5
  endloop
endfacet
facet normal 0.0 0.0 0.0
  outer loop
    vertex 4.133974075317383 -37.77000045776367 13.5
    vertex 4.292892932891846 -37.77000045776367 13.707099914550781
    vertex 4.292892932891846 -32.189998626708984 13.707099914550781
  endloop
endfacet
facet normal 0.0 0.0 0.0
  outer loop
    vertex 4.292892932891846 -26.610000610351562 13.707099914550781
    vertex 4.133974075317383 -26.610000610351562 13.5
    vertex 4.133974075317383 -32.189998626708984 13.5
  endloop
endfacet
facet normal 0.0 0.0 0.0
  outer loop
    vertex 4.034073829650879 -15.450000762939453 13.258811950683594
    vertex 4.133974075317383 -15.450000762939453 13.5
    vertex 4.133974075317383 -9.870000839233398 13.5
  endloop
endfacet
facet normal 0.0 0.0 0.0
  outer loop
    vertex 4.133974075317383 -9.870000839233398 13.5
    vertex 4.133974075317383 -15.450000762939453 13.5
    vertex 4.292892932891846 -9.870000839233398 13.707099914550781
  endloop
endfacet
facet normal 0.0 0.0 0.0
  outer loop
    vertex 4.133974075317383 -9.870000839233398 13.5
    vertex 4.292892932891846 -9.870000839233398 13.707099914550781
    vertex 4.292892932891846 -4.290000915527344 13.707099914550781
  endloop
endfacet
facet normal 0.0 0.0 0.0
  outer loop
    vertex 4.292892932891846 -4.290000915527344 13.707099914550781
    vertex 4.292892932891846 -9.870000839233398 13.707099914550781
    vertex 4.499999523162842 -4.290000915527344 13.866020202636719
  endloop
endfacet
facet normal 0.0 0.0 0.0
  outer loop
    vertex 4.292892932891846 -4.290000915527344 13.707099914550781
    vertex 4.499999523162842 -4.290000915527344 13.866020202636719
    vertex 4.499999523162842 1.2900009155273438 13.866020202636719
  endloop
endfacet
facet normal 0.0 0.0 0.0
  outer loop
    vertex 4.499999523162842 1.2900009155273438 13.866020202636719
    vertex 4.499999523162842 -4.290000915527344 13.866020202636719
    vertex 4.741180419921875 1.2900009155273438 13.965919494628906
  endloop
endfacet
facet normal 0.0 0.0 0.0
  outer loop
    vertex 4.499999523162842 1.2900009155273438 13.866020202636719
    vertex 4.741180419921875 1.2900009155273438 13.965919494628906
    vertex 4.741180419921875 6.869999885559082 13.965919494628906
  endloop
endfacet
facet normal 0.0 0.0 0.0
  outer loop
    vertex 4.741180419921875 6.869999885559082 13.965919494628906
    vertex 4.741180419921875 1.2900009155273438 13.965919494628906
    vertex 4.999999523162842 68.25 14.0
  endloop
endfacet
facet normal 0.0 0.0 0.0
  outer loop
    vertex 4.292892932891846 -9.870000839233398 13.707099914550781
    vertex 4.133974075317383 -15.450000762939453 13.5
    vertex 4.292892932891846 -15.450000762939453 13.707099914550781
  endloop
endfacet
facet normal 0.0 0.0 0.0
  outer loop
    vertex 4.034073829650879 6.869999885559082 13.258811950683594
    vertex 4.133974075317383 6.869999885559082 13.5
    vertex 4.133974075317383 12.449999809265137 13.5
  endloop
endfacet
facet normal 0.0 0.0 0.0
  outer loop
    vertex 4.133974075317383 12.449999809265137 13.5
    vertex 4.133974075317383 6.869999885559082 13.5
    vertex 4.292892932891846 12.449999809265137 13.707099914550781
  endloop
endfacet
facet normal 0.0 0.0 0.0
  outer loop
    vertex 4.133974075317383 12.449999809265137 13.5
    vertex 4.292892932891846 12.449999809265137 13.707099914550781
    vertex 4.292892932891846 18.030000686645508 13.707099914550781
  endloop
endfacet
facet normal 0.0 0.0 0.0
  outer loop
    vertex 4.292892932891846 18.030000686645508 13.707099914550781
    vertex 4.292892932891846 12.449999809265137 13.707099914550781
    vertex 4.499999523162842 18.030000686645508 13.866020202636719
  endloop
endfacet
facet normal 0.0 0.0 0.0
  outer loop
    vertex 4.292892932891846 12.449999809265137 13.707099914550781
    vertex 4.133974075317383 6.869999885559082 13.5
    vertex 4.292892932891846 6.869999885559082 13.707099914550781
  endloop
endfacet
facet normal 0.0 0.0 0.0
  outer loop
    vertex 4.034073829650879 29.189998626708984 13.258811950683594
    vertex 4.133974075317383 29.189998626708984 13.5
    vertex 4.133974075317383 34.77000045776367 13.5
  endloop
endfacet
facet normal 0.0 0.0 0.0
  outer loop
    vertex 4.133974075317383 34.77000045776367 13.5
    vertex 4.133974075317383 29.189998626708984 13.5
    vertex 4.292892932891846 34.77000045776367 13.707099914550781
  endloop
endfacet
facet normal 0.0 0.0 0.0
  outer loop
    vertex 4.133974075317383 34.77000045776367 13.5
    vertex 4.292892932891846 34.77000045776367 13.707099914550781
    vertex 4.292892932891846 40.349998474121094 13.707099914550781
  endloop
endfacet
facet normal 0.0 0.0 0.0
  outer loop
    vertex 4.292892932891846 40.349998474121094 13.707099914550781
    vertex 4.292892932891846 34.77000045776367 13.707099914550781
    vertex 4.499999523162842 40.349998474121094 13.866020202636719
  endloop
endfacet
facet normal 0.0 0.0 0.0
  outer loop
    vertex 4.292892932891846 40.349998474121094 13.707099914550781
    vertex 4.499999523162842 40.349998474121094 13.866020202636719
    vertex 4.499999523162842 45.93000030517578 13.866020202636719
  endloop
endfacet
facet normal 0.0 0.0 0.0
  outer loop
    vertex 4.499999523162842 45.93000030517578 13.866020202636719
    vertex 4.499999523162842 40.349998474121094 13.866020202636719
    vertex 4.741180419921875 45.93000030517578 13.965919494628906
  endloop
endfacet
facet normal 0.0 0.0 0.0
  outer loop
    vertex 4.499999523162842 45.93000030517578 13.866020202636719
    vertex 4.741180419921875 45.93000030517578 13.965919494628906
    vertex 4.741180419921875 51.51000213623047 13.965919494628906
  endloop
endfacet
facet normal 0.0 0.0 0.0
  outer loop
    vertex 4.741180419921875 51.51000213623047 13.965919494628906
    vertex 4.741180419921875 45.93000030517578 13.965919494628906
    vertex 4.999999523162842 68.25 14.0
  endloop
endfacet
facet normal 0.0 0.0 0.0
  outer loop
    vertex 4.292892932891846 34.77000045776367 13.707099914550781
    vertex 4.133974075317383 29.189998626708984 13.5
    vertex 4.292892932891846 29.189998626708984 13.707099914550781
  endloop
endfacet
facet normal 0.0 0.0 0.0
  outer loop
    vertex 4.133974075317383 40.349998474121094 13.5
    vertex 4.292892932891846 45.93000030517578 13.707099914550781
    vertex 4.133974075317383 45.93000030517578 13.5
  endloop
endfacet
facet normal 0.0 0.0 0.0
  outer loop
    vertex 4.133974075317383 45.93000030517578 13.5
    vertex 4.292892932891846 45.93000030517578 13.707099914550781
    vertex 4.292892932891846 51.51000213623047 13.707099914550781
  endloop
endfacet
facet normal 0.0 0.0 0.0
  outer loop
    vertex 4.133974075317383 45.93000030517578 13.5
    vertex 4.292892932891846 51.51000213623047 13.707099914550781
    vertex 4.133974075317383 51.51000213623047 13.5
  endloop
endfacet
facet normal 0.0 0.0 0.0
  outer loop
    vertex 4.133974075317383 51.51000213623047 13.5
    vertex 4.292892932891846 51.51000213623047 13.707099914550781
    vertex 4.292892932891846 57.09000015258789 13.707099914550781
  endloop
endfacet
facet normal 0.0 0.0 0.0
  outer loop
    vertex 4.292892932891846 62.66999816894531 13.707099914550781
    vertex 4.133974075317383 62.66999816894531 13.5
    vertex 4.133974075317383 57.09000015258789 13.5
  endloop
endfacet
facet normal 0.0 0.0 0.0
  outer loop
    vertex 4.292892932891846 -54.51000213623047 13.707099914550781
    vertex 4.292892932891846 -60.089996337890625 13.707099914550781
    vertex 4.499999523162842 -54.51000213623047 13.866020202636719
  endloop
endfacet
facet normal 0.0 0.0 0.0
  outer loop
    vertex 4.499999523162842 -54.51000213623047 13.866020202636719
    vertex 4.292892932891846 -60.089996337890625 13.707099914550781
    vertex 4.499999523162842 -60.089996337890625 13.866020202636719
  endloop
endfacet
facet normal 0.0 0.0 0.0
  outer loop
    vertex 4.499999523162842 -54.51000213623047 13.866020202636719
    vertex 4.499999523162842 -60.089996337890625 13.866020202636719
    vertex 4.741180419921875 -54.51000213623047 13.965919494628906
  endloop
endfacet
facet normal 0.0 0.0 0.0
  outer loop
    vertex 4.741180419921875 -54.51000213623047 13.965919494628906
    vertex 4.499999523162842 -60.089996337890625 13.866020202636719
    vertex 4.741180419921875 -60.089996337890625 13.965919494628906
  endloop
endfacet
facet normal 0.0 0.0 0.0
  outer loop
    vertex 4.741180419921875 -54.51000213623047 13.965919494628906
    vertex 4.741180419921875 -60.089996337890625 13.965919494628906
    vertex 4.999999523162842 -71.25 14.0
  endloop
endfacet
facet normal 0.0 0.0 0.0
  outer loop
    vertex 4.292892932891846 -43.349998474121094 13.707099914550781
    vertex 4.499999523162842 -37.77000045776367 13.866020202636719
    vertex 4.292892932891846 -37.77000045776367 13.707099914550781
  endloop
endfacet
facet normal 0.0 0.0 0.0
  outer loop
    vertex 4.292892932891846 -37.77000045776367 13.707099914550781
    vertex 4.499999523162842 -37.77000045776367 13.866020202636719
    vertex 4.499999523162842 -32.189998626708984 13.866020202636719
  endloop
endfacet
facet normal 0.0 0.0 0.0
  outer loop
    vertex 4.292892932891846 -37.77000045776367 13.707099914550781
    vertex 4.499999523162842 -32.189998626708984 13.866020202636719
    vertex 4.292892932891846 -32.189998626708984 13.707099914550781
  endloop
endfacet
facet normal 0.0 0.0 0.0
  outer loop
    vertex 4.292892932891846 -32.189998626708984 13.707099914550781
    vertex 4.499999523162842 -32.189998626708984 13.866020202636719
    vertex 4.499999523162842 -26.610000610351562 13.866020202636719
  endloop
endfacet
facet normal 0.0 0.0 0.0
  outer loop
    vertex 4.292892932891846 -9.870000839233398 13.707099914550781
    vertex 4.292892932891846 -15.450000762939453 13.707099914550781
    vertex 4.499999523162842 -9.870000839233398 13.866020202636719
  endloop
endfacet
facet normal 0.0 0.0 0.0
  outer loop
    vertex 4.499999523162842 -9.870000839233398 13.866020202636719
    vertex 4.292892932891846 -15.450000762939453 13.707099914550781
    vertex 4.499999523162842 -15.450000762939453 13.866020202636719
  endloop
endfacet
facet normal 0.0 0.0 0.0
  outer loop
    vertex 4.499999523162842 -9.870000839233398 13.866020202636719
    vertex 4.499999523162842 -15.450000762939453 13.866020202636719
    vertex 4.741180419921875 -9.870000839233398 13.965919494628906
  endloop
endfacet
facet normal 0.0 0.0 0.0
  outer loop
    vertex 4.292892932891846 12.449999809265137 13.707099914550781
    vertex 4.292892932891846 6.869999885559082 13.707099914550781
    vertex 4.499999523162842 12.449999809265137 13.866020202636719
  endloop
endfacet
facet normal 0.0 0.0 0.0
  outer loop
    vertex 4.499999523162842 12.449999809265137 13.866020202636719
    vertex 4.292892932891846 6.869999885559082 13.707099914550781
    vertex 4.499999523162842 6.869999885559082 13.866020202636719
  endloop
endfacet
facet normal 0.0 0.0 0.0
  outer loop
    vertex 4.499999523162842 12.449999809265137 13.866020202636719
    vertex 4.499999523162842 6.869999885559082 13.866020202636719
    vertex 4.741180419921875 12.449999809265137 13.965919494628906
  endloop
endfacet
facet normal 0.0 0.0 0.0
  outer loop
    vertex 4.292892932891846 34.77000045776367 13.707099914550781
    vertex 4.292892932891846 29.189998626708984 13.707099914550781
    vertex 4.499999523162842 34.77000045776367 13.866020202636719
  endloop
endfacet
facet normal 0.0 0.0 0.0
  outer loop
    vertex 4.499999523162842 34.77000045776367 13.866020202636719
    vertex 4.292892932891846 29.189998626708984 13.707099914550781
    vertex 4.499999523162842 29.189998626708984 13.866020202636719
  endloop
endfacet
facet normal 0.0 0.0 0.0
  outer loop
    vertex 4.499999523162842 34.77000045776367 13.866020202636719
    vertex 4.499999523162842 29.189998626708984 13.866020202636719
    vertex 4.741180419921875 34.77000045776367 13.965919494628906
  endloop
endfacet
facet normal 0.0 0.0 0.0
  outer loop
    vertex 4.741180419921875 34.77000045776367 13.965919494628906
    vertex 4.499999523162842 29.189998626708984 13.866020202636719
    vertex 4.741180419921875 29.189998626708984 13.965919494628906
  endloop
endfacet
facet normal 0.0 0.0 0.0
  outer loop
    vertex 4.741180419921875 34.77000045776367 13.965919494628906
    vertex 4.741180419921875 29.189998626708984 13.965919494628906
    vertex 4.999999523162842 68.25 14.0
  endloop
endfacet
facet normal 0.0 0.0 0.0
  outer loop
    vertex 4.292892932891846 45.93000030517578 13.707099914550781
    vertex 4.499999523162842 51.51000213623047 13.866020202636719
    vertex 4.292892932891846 51.51000213623047 13.707099914550781
  endloop
endfacet
facet normal 0.0 0.0 0.0
  outer loop
    vertex 4.292892932891846 51.51000213623047 13.707099914550781
    vertex 4.499999523162842 51.51000213623047 13.866020202636719
    vertex 4.499999523162842 57.09000015258789 13.866020202636719
  endloop
endfacet
facet normal 0.0 0.0 0.0
  outer loop
    vertex 4.292892932891846 51.51000213623047 13.707099914550781
    vertex 4.499999523162842 57.09000015258789 13.866020202636719
    vertex 4.292892932891846 57.09000015258789 13.707099914550781
  endloop
endfacet
facet normal 0.0 0.0 0.0
  outer loop
    vertex 4.292892932891846 57.09000015258789 13.707099914550781
    vertex 4.499999523162842 57.09000015258789 13.866020202636719
    vertex 4.499999523162842 62.66999816894531 13.866020202636719
  endloop
endfacet
facet normal 0.0 0.0 0.0
  outer loop
    vertex 4.292892932891846 -54.51000213623047 13.707099914550781
    vertex 4.499999523162842 -54.51000213623047 13.866020202636719
    vertex 4.499999523162842 -48.93000030517578 13.866020202636719
  endloop
endfacet
facet normal 0.0 0.0 0.0
  outer loop
    vertex 4.499999523162842 -48.93000030517578 13.866020202636719
    vertex 4.499999523162842 -54.51000213623047 13.866020202636719
    vertex 4.741180419921875 -48.93000030517578 13.965919494628906
  endloop
endfacet
facet normal 0.0 0.0 0.0
  outer loop
    vertex 4.499999523162842 -48.93000030517578 13.866020202636719
    vertex 4.741180419921875 -48.93000030517578 13.965919494628906
    vertex 4.741180419921875 -43.349998474121094 13.965919494628906
  endloop
endfacet
facet normal 0.0 0.0 0.0
  outer loop
    vertex 4.741180419921875 -43.349998474121094 13.965919494628906
    vertex 4.741180419921875 -48.93000030517578 13.965919494628906
    vertex 4.999999523162842 -71.25 14.0
  endloop
endfacet
facet normal 0.0 0.0 0.0
  outer loop
    vertex 4.741180419921875 -48.93000030517578 13.965919494628906
    vertex 4.499999523162842 -54.51000213623047 13.866020202636719
    vertex 4.741180419921875 -54.51000213623047 13.965919494628906
  endloop
endfacet
facet normal 0.0 0.0 0.0
  outer loop
    vertex 4.741180419921875 -26.610000610351562 13.965919494628906
    vertex 4.499999523162842 -26.610000610351562 13.866020202636719
    vertex 4.499999523162842 -32.189998626708984 13.866020202636719
  endloop
endfacet
facet normal 0.0 0.0 0.0
  outer loop
    vertex 4.741180419921875 -26.610000610351562 13.965919494628906
    vertex 4.499999523162842 -32.189998626708984 13.866020202636719
    vertex 4.741180419921875 -32.189998626708984 13.965919494628906
  endloop
endfacet
facet normal 0.0 0.0 0.0
  outer loop
    vertex 4.741180419921875 -32.189998626708984 13.965919494628906
    vertex 4.499999523162842 -32.189998626708984 13.866020202636719
    vertex 4.499999523162842 -37.77000045776367 13.866020202636719
  endloop
endfacet
facet normal 0.0 0.0 0.0
  outer loop
    vertex 4.741180419921875 -15.450000762939453 13.965919494628906
    vertex 4.499999523162842 -21.029998779296875 13.866020202636719
    vertex 4.741180419921875 -21.029998779296875 13.965919494628906
  endloop
endfacet
facet normal 0.0 0.0 0.0
  outer loop
    vertex 4.292892932891846 -9.870000839233398 13.707099914550781
    vertex 4.499999523162842 -9.870000839233398 13.866020202636719
    vertex 4.499999523162842 -4.290000915527344 13.866020202636719
  endloop
endfacet
facet normal 0.0 0.0 0.0
  outer loop
    vertex 4.499999523162842 -4.290000915527344 13.866020202636719
    vertex 4.499999523162842 -9.870000839233398 13.866020202636719
    vertex 4.741180419921875 -4.290000915527344 13.965919494628906
  endloop
endfacet
facet normal 0.0 0.0 0.0
  outer loop
    vertex 4.499999523162842 -4.290000915527344 13.866020202636719
    vertex 4.741180419921875 -4.290000915527344 13.965919494628906
    vertex 4.741180419921875 1.2900009155273438 13.965919494628906
  endloop
endfacet
facet normal 0.0 0.0 0.0
  outer loop
    vertex 4.741180419921875 1.2900009155273438 13.965919494628906
    vertex 4.741180419921875 -4.290000915527344 13.965919494628906
    vertex 4.999999523162842 68.25 14.0
  endloop
endfacet
facet normal 0.0 0.0 0.0
  outer loop
    vertex 4.741180419921875 -4.290000915527344 13.965919494628906
    vertex 4.499999523162842 -9.870000839233398 13.866020202636719
    vertex 4.741180419921875 -9.870000839233398 13.965919494628906
  endloop
endfacet
facet normal 0.0 0.0 0.0
  outer loop
    vertex 4.741180419921875 18.030000686645508 13.965919494628906
    vertex 4.499999523162842 18.030000686645508 13.866020202636719
    vertex 4.499999523162842 12.449999809265137 13.866020202636719
  endloop
endfacet
facet normal 0.0 0.0 0.0
  outer loop
    vertex 4.499999523162842 12.449999809265137 13.866020202636719
    vertex 4.499999523162842 18.030000686645508 13.866020202636719
    vertex 4.292892932891846 12.449999809265137 13.707099914550781
  endloop
endfacet
facet normal 0.0 0.0 0.0
  outer loop
    vertex 4.741180419921875 18.030000686645508 13.965919494628906
    vertex 4.499999523162842 12.449999809265137 13.866020202636719
    vertex 4.741180419921875 12.449999809265137 13.965919494628906
  endloop
endfacet
facet normal 0.0 0.0 0.0
  outer loop
    vertex 4.292892932891846 34.77000045776367 13.707099914550781
    vertex 4.499999523162842 34.77000045776367 13.866020202636719
    vertex 4.499999523162842 40.349998474121094 13.866020202636719
  endloop
endfacet
facet normal 0.0 0.0 0.0
  outer loop
    vertex 4.499999523162842 40.349998474121094 13.866020202636719
    vertex 4.499999523162842 34.77000045776367 13.866020202636719
    vertex 4.741180419921875 40.349998474121094 13.965919494628906
  endloop
endfacet
facet normal 0.0 0.0 0.0
  outer loop
    vertex 4.499999523162842 40.349998474121094 13.866020202636719
    vertex 4.741180419921875 40.349998474121094 13.965919494628906
    vertex 4.741180419921875 45.93000030517578 13.965919494628906
  endloop
endfacet
facet normal 0.0 0.0 0.0
  outer loop
    vertex 4.741180419921875 45.93000030517578 13.965919494628906
    vertex 4.741180419921875 40.349998474121094 13.965919494628906
    vertex 4.999999523162842 68.25 14.0
  endloop
endfacet
facet normal 0.0 0.0 0.0
  outer loop
    vertex 4.741180419921875 40.349998474121094 13.965919494628906
    vertex 4.499999523162842 34.77000045776367 13.866020202636719
    vertex 4.741180419921875 34.77000045776367 13.965919494628906
  endloop
endfacet
facet normal 0.0 0.0 0.0
  outer loop
    vertex 4.741180419921875 62.66999816894531 13.965919494628906
    vertex 4.499999523162842 62.66999816894531 13.866020202636719
    vertex 4.499999523162842 57.09000015258789 13.866020202636719
  endloop
endfacet
facet normal 0.0 0.0 0.0
  outer loop
    vertex 4.741180419921875 62.66999816894531 13.965919494628906
    vertex 4.499999523162842 57.09000015258789 13.866020202636719
    vertex 4.741180419921875 57.09000015258789 13.965919494628906
  endloop
endfacet
facet normal 0.0 0.0 0.0
  outer loop
    vertex 4.741180419921875 57.09000015258789 13.965919494628906
    vertex 4.499999523162842 57.09000015258789 13.866020202636719
    vertex 4.499999523162842 51.51000213623047 13.866020202636719
  endloop
endfacet
facet normal 0.0 0.0 0.0
  outer loop
    vertex 4.999999523162842 -71.25 14.0
    vertex 4.741180419921875 -48.93000030517578 13.965919494628906
    vertex 4.741180419921875 -54.51000213623047 13.965919494628906
  endloop
endfacet
facet normal 0.0 0.0 0.0
  outer loop
    vertex 4.999999523162842 -71.25 14.0
    vertex 4.741180419921875 -15.450000762939453 13.965919494628906
    vertex 4.741180419921875 -21.029998779296875 13.965919494628906
  endloop
endfacet
facet normal 0.0 0.0 0.0
  outer loop
    vertex 4.999999523162842 68.25 14.0
    vertex 4.741180419921875 40.349998474121094 13.965919494628906
    vertex 4.741180419921875 34.77000045776367 13.965919494628906
  endloop
endfacet
facet normal 0.0 0.0 0.0
  outer loop
    vertex -2.999999523162842 69.99118041992188 13.965919494628906
    vertex -2.999999523162842 70.25 14.0
    vertex -3.450650215148926 69.93185424804688 13.965919494628906
  endloop
endfacet
facet normal 0.0 0.0 0.0
  outer loop
    vertex -3.450650215148926 69.93185424804688 13.965919494628906
    vertex -2.999999523162842 70.25 14.0
    vertex -3.5176377296447754 70.18185424804688 14.0
  endloop
endfacet
facet normal 0.0 0.0 0.0
  outer loop
    vertex -3.450650215148926 69.93185424804688 13.965919494628906
    vertex -3.5176377296447754 70.18185424804688 14.0
    vertex -3.8705899715423584 69.75790405273438 13.965919494628906
  endloop
endfacet
facet normal 0.0 0.0 0.0
  outer loop
    vertex -3.8705899715423584 69.75790405273438 13.965919494628906
    vertex -3.5176377296447754 70.18185424804688 14.0
    vertex -3.999999523162842 69.9820556640625 14.0
  endloop
endfacet
facet normal 0.0 0.0 0.0
  outer loop
    vertex -3.8705899715423584 69.75790405273438 13.965919494628906
    vertex -3.999999523162842 69.9820556640625 14.0
    vertex -4.231200218200684 69.481201171875 13.965919494628906
  endloop
endfacet
facet normal 0.0 0.0 0.0
  outer loop
    vertex -4.231200218200684 69.481201171875 13.965919494628906
    vertex -3.999999523162842 69.9820556640625 14.0
    vertex -4.414213180541992 69.66421508789062 14.0
  endloop
endfacet
facet normal 0.0 0.0 0.0
  outer loop
    vertex -4.231200218200684 69.481201171875 13.965919494628906
    vertex -4.414213180541992 69.66421508789062 14.0
    vertex -4.507906436920166 69.12059020996094 13.965919494628906
  endloop
endfacet
facet normal 0.0 0.0 0.0
  outer loop
    vertex -4.507906436920166 69.12059020996094 13.965919494628906
    vertex -4.414213180541992 69.66421508789062 14.0
    vertex -4.73205041885376 69.25 14.0
  endloop
endfacet
facet normal 0.0 0.0 0.0
  outer loop
    vertex -4.507906436920166 69.12059020996094 13.965919494628906
    vertex -4.73205041885376 69.25 14.0
    vertex -4.681851387023926 68.70065307617188 13.965919494628906
  endloop
endfacet
facet normal 0.0 0.0 0.0
  outer loop
    vertex -4.681851387023926 68.70065307617188 13.965919494628906
    vertex -4.73205041885376 69.25 14.0
    vertex -4.931851387023926 68.76763916015625 14.0
  endloop
endfacet
facet normal 0.0 0.0 0.0
  outer loop
    vertex -4.681851387023926 68.70065307617188 13.965919494628906
    vertex -4.931851387023926 68.76763916015625 14.0
    vertex -4.741180419921875 68.25 13.965919494628906
  endloop
endfacet
facet normal 0.0 0.0 0.0
  outer loop
    vertex -4.741180419921875 68.25 13.965919494628906
    vertex -4.931851387023926 68.76763916015625 14.0
    vertex -4.999999523162842 68.25 14.0
  endloop
endfacet
facet normal 0.0 0.0 0.0
  outer loop
    vertex -4.741180419921875 68.25 13.965919494628906
    vertex -4.499999523162842 68.25 13.866020202636719
    vertex -4.681851387023926 68.70065307617188 13.965919494628906
  endloop
endfacet
facet normal 0.0 0.0 0.0
  outer loop
    vertex -4.681851387023926 68.70065307617188 13.965919494628906
    vertex -4.499999523162842 68.25 13.866020202636719
    vertex -4.448888301849365 68.63822937011719 13.866020202636719
  endloop
endfacet
facet normal 0.0 0.0 0.0
  outer loop
    vertex -4.681851387023926 68.70065307617188 13.965919494628906
    vertex -4.448888301849365 68.63822937011719 13.866020202636719
    vertex -4.507906436920166 69.12059020996094 13.965919494628906
  endloop
endfacet
facet normal 0.0 0.0 0.0
  outer loop
    vertex -4.507906436920166 69.12059020996094 13.965919494628906
    vertex -4.448888301849365 68.63822937011719 13.866020202636719
    vertex -4.299037456512451 69.0 13.866020202636719
  endloop
endfacet
facet normal 0.0 0.0 0.0
  outer loop
    vertex -4.507906436920166 69.12059020996094 13.965919494628906
    vertex -4.299037456512451 69.0 13.866020202636719
    vertex -4.231200218200684 69.481201171875 13.965919494628906
  endloop
endfacet
facet normal 0.0 0.0 0.0
  outer loop
    vertex -4.231200218200684 69.481201171875 13.965919494628906
    vertex -4.299037456512451 69.0 13.866020202636719
    vertex -4.060659885406494 69.31066131591797 13.866020202636719
  endloop
endfacet
facet normal 0.0 0.0 0.0
  outer loop
    vertex -4.231200218200684 69.481201171875 13.965919494628906
    vertex -4.060659885406494 69.31066131591797 13.866020202636719
    vertex -3.8705899715423584 69.75790405273438 13.965919494628906
  endloop
endfacet
facet normal 0.0 0.0 0.0
  outer loop
    vertex -3.8705899715423584 69.75790405273438 13.965919494628906
    vertex -4.060659885406494 69.31066131591797 13.866020202636719
    vertex -3.749999523162842 69.54904174804688 13.866020202636719
  endloop
endfacet
facet normal 0.0 0.0 0.0
  outer loop
    vertex -3.8705899715423584 69.75790405273438 13.965919494628906
    vertex -3.749999523162842 69.54904174804688 13.866020202636719
    vertex -3.450650215148926 69.93185424804688 13.965919494628906
  endloop
endfacet
facet normal 0.0 0.0 0.0
  outer loop
    vertex -3.450650215148926 69.93185424804688 13.965919494628906
    vertex -3.749999523162842 69.54904174804688 13.866020202636719
    vertex -3.388228178024292 69.69888305664062 13.866020202636719
  endloop
endfacet
facet normal 0.0 0.0 0.0
  outer loop
    vertex -3.450650215148926 69.93185424804688 13.965919494628906
    vertex -3.388228178024292 69.69888305664062 13.866020202636719
    vertex -2.999999523162842 69.99118041992188 13.965919494628906
  endloop
endfacet
facet normal 0.0 0.0 0.0
  outer loop
    vertex -2.999999523162842 69.99118041992188 13.965919494628906
    vertex -3.388228178024292 69.69888305664062 13.866020202636719
    vertex -2.999999523162842 69.75 13.866020202636719
  endloop
endfacet
facet normal 0.0 0.0 0.0
  outer loop
    vertex -2.999999523162842 69.75 13.866020202636719
    vertex -3.388228178024292 69.69888305664062 13.866020202636719
    vertex -3.334625005722046 69.49884033203125 13.707099914550781
  endloop
endfacet
facet normal 0.0 0.0 0.0
  outer loop
    vertex -2.999999523162842 69.75 13.866020202636719
    vertex -3.334625005722046 69.49884033203125 13.707099914550781
    vertex -2.999999523162842 69.54289245605469 13.707099914550781
  endloop
endfacet
facet normal 0.0 0.0 0.0
  outer loop
    vertex -2.999999523162842 69.54289245605469 13.707099914550781
    vertex -3.334625005722046 69.49884033203125 13.707099914550781
    vertex -3.2934937477111816 69.3453369140625 13.5
  endloop
endfacet
facet normal 0.0 0.0 0.0
  outer loop
    vertex -2.999999523162842 69.54289245605469 13.707099914550781
    vertex -3.2934937477111816 69.3453369140625 13.5
    vertex -2.999999523162842 69.38397216796875 13.5
  endloop
endfacet
facet normal 0.0 0.0 0.0
  outer loop
    vertex -2.999999523162842 69.38397216796875 13.5
    vertex -3.2934937477111816 69.3453369140625 13.5
    vertex -3.2676377296447754 69.24884033203125 13.258811950683594
  endloop
endfacet
facet normal 0.0 0.0 0.0
  outer loop
    vertex -2.999999523162842 69.38397216796875 13.5
    vertex -3.2676377296447754 69.24884033203125 13.258811950683594
    vertex -2.999999523162842 69.28407287597656 13.258811950683594
  endloop
endfacet
facet normal 0.0 0.0 0.0
  outer loop
    vertex -2.999999523162842 69.28407287597656 13.258811950683594
    vertex -3.2676377296447754 69.24884033203125 13.258811950683594
    vertex -3.2588186264038086 69.21592712402344 13.0
  endloop
endfacet
facet normal 0.0 0.0 0.0
  outer loop
    vertex -2.999999523162842 69.28407287597656 13.258811950683594
    vertex -3.2588186264038086 69.21592712402344 13.0
    vertex -2.999999523162842 69.25 13.0
  endloop
endfacet
facet normal 0.0 0.0 0.0
  outer loop
    vertex -4.499999523162842 68.25 13.866020202636719
    vertex -4.292892932891846 68.25 13.707099914550781
    vertex -4.448888301849365 68.63822937011719 13.866020202636719
  endloop
endfacet
facet normal 0.0 0.0 0.0
  outer loop
    vertex -4.448888301849365 68.63822937011719 13.866020202636719
    vertex -4.292892932891846 68.25 13.707099914550781
    vertex -4.248838424682617 68.58462524414062 13.707099914550781
  endloop
endfacet
facet normal 0.0 0.0 0.0
  outer loop
    vertex -4.448888301849365 68.63822937011719 13.866020202636719
    vertex -4.248838424682617 68.58462524414062 13.707099914550781
    vertex -4.299037456512451 69.0 13.866020202636719
  endloop
endfacet
facet normal 0.0 0.0 0.0
  outer loop
    vertex -4.299037456512451 69.0 13.866020202636719
    vertex -4.248838424682617 68.58462524414062 13.707099914550781
    vertex -4.119678020477295 68.89644622802734 13.707099914550781
  endloop
endfacet
facet normal 0.0 0.0 0.0
  outer loop
    vertex -4.299037456512451 69.0 13.866020202636719
    vertex -4.119678020477295 68.89644622802734 13.707099914550781
    vertex -4.060659885406494 69.31066131591797 13.866020202636719
  endloop
endfacet
facet normal 0.0 0.0 0.0
  outer loop
    vertex -4.060659885406494 69.31066131591797 13.866020202636719
    vertex -4.119678020477295 68.89644622802734 13.707099914550781
    vertex -3.914213180541992 69.16421508789062 13.707099914550781
  endloop
endfacet
facet normal 0.0 0.0 0.0
  outer loop
    vertex -4.060659885406494 69.31066131591797 13.866020202636719
    vertex -3.914213180541992 69.16421508789062 13.707099914550781
    vertex -3.749999523162842 69.54904174804688 13.866020202636719
  endloop
endfacet
facet normal 0.0 0.0 0.0
  outer loop
    vertex -3.749999523162842 69.54904174804688 13.866020202636719
    vertex -3.914213180541992 69.16421508789062 13.707099914550781
    vertex -3.6464462280273438 69.36967468261719 13.707099914550781
  endloop
endfacet
facet normal 0.0 0.0 0.0
  outer loop
    vertex -3.749999523162842 69.54904174804688 13.866020202636719
    vertex -3.6464462280273438 69.36967468261719 13.707099914550781
    vertex -3.388228178024292 69.69888305664062 13.866020202636719
  endloop
endfacet
facet normal 0.0 0.0 0.0
  outer loop
    vertex -3.388228178024292 69.69888305664062 13.866020202636719
    vertex -3.6464462280273438 69.36967468261719 13.707099914550781
    vertex -3.334625005722046 69.49884033203125 13.707099914550781
  endloop
endfacet
facet normal 0.0 0.0 0.0
  outer loop
    vertex -4.292892932891846 68.25 13.707099914550781
    vertex -4.133974075317383 68.25 13.5
    vertex -4.248838424682617 68.58462524414062 13.707099914550781
  endloop
endfacet
facet normal 0.0 0.0 0.0
  outer loop
    vertex -4.248838424682617 68.58462524414062 13.707099914550781
    vertex -4.133974075317383 68.25 13.5
    vertex -4.095335006713867 68.54349517822266 13.5
  endloop
endfacet
facet normal 0.0 0.0 0.0
  outer loop
    vertex -4.248838424682617 68.58462524414062 13.707099914550781
    vertex -4.095335006713867 68.54349517822266 13.5
    vertex -4.119678020477295 68.89644622802734 13.707099914550781
  endloop
endfacet
facet normal 0.0 0.0 0.0
  outer loop
    vertex -4.119678020477295 68.89644622802734 13.707099914550781
    vertex -4.095335006713867 68.54349517822266 13.5
    vertex -3.9820504188537598 68.81698608398438 13.5
  endloop
endfacet
facet normal 0.0 0.0 0.0
  outer loop
    vertex -4.119678020477295 68.89644622802734 13.707099914550781
    vertex -3.9820504188537598 68.81698608398438 13.5
    vertex -3.914213180541992 69.16421508789062 13.707099914550781
  endloop
endfacet
facet normal 0.0 0.0 0.0
  outer loop
    vertex -3.914213180541992 69.16421508789062 13.707099914550781
    vertex -3.9820504188537598 68.81698608398438 13.5
    vertex -3.8018405437469482 69.05184173583984 13.5
  endloop
endfacet
facet normal 0.0 0.0 0.0
  outer loop
    vertex -3.914213180541992 69.16421508789062 13.707099914550781
    vertex -3.8018405437469482 69.05184173583984 13.5
    vertex -3.6464462280273438 69.36967468261719 13.707099914550781
  endloop
endfacet
facet normal 0.0 0.0 0.0
  outer loop
    vertex -3.6464462280273438 69.36967468261719 13.707099914550781
    vertex -3.8018405437469482 69.05184173583984 13.5
    vertex -3.5669867992401123 69.2320556640625 13.5
  endloop
endfacet
facet normal 0.0 0.0 0.0
  outer loop
    vertex -3.6464462280273438 69.36967468261719 13.707099914550781
    vertex -3.5669867992401123 69.2320556640625 13.5
    vertex -3.334625005722046 69.49884033203125 13.707099914550781
  endloop
endfacet
facet normal 0.0 0.0 0.0
  outer loop
    vertex -3.334625005722046 69.49884033203125 13.707099914550781
    vertex -3.5669867992401123 69.2320556640625 13.5
    vertex -3.2934937477111816 69.3453369140625 13.5
  endloop
endfacet
facet normal 0.0 0.0 0.0
  outer loop
    vertex -4.133974075317383 68.25 13.5
    vertex -4.034073829650879 68.25 13.258811950683594
    vertex -4.095335006713867 68.54349517822266 13.5
  endloop
endfacet
facet normal 0.0 0.0 0.0
  outer loop
    vertex -4.095335006713867 68.54349517822266 13.5
    vertex -4.034073829650879 68.25 13.258811950683594
    vertex -3.998838424682617 68.51763916015625 13.258811950683594
  endloop
endfacet
facet normal 0.0 0.0 0.0
  outer loop
    vertex -4.095335006713867 68.54349517822266 13.5
    vertex -3.998838424682617 68.51763916015625 13.258811950683594
    vertex -3.9820504188537598 68.81698608398438 13.5
  endloop
endfacet
facet normal 0.0 0.0 0.0
  outer loop
    vertex -3.9820504188537598 68.81698608398438 13.5
    vertex -3.998838424682617 68.51763916015625 13.258811950683594
    vertex -3.895534038543701 68.76703643798828 13.258811950683594
  endloop
endfacet
facet normal 0.0 0.0 0.0
  outer loop
    vertex -3.9820504188537598 68.81698608398438 13.5
    vertex -3.895534038543701 68.76703643798828 13.258811950683594
    vertex -3.8018405437469482 69.05184173583984 13.5
  endloop
endfacet
facet normal 0.0 0.0 0.0
  outer loop
    vertex -3.8018405437469482 69.05184173583984 13.5
    vertex -3.895534038543701 68.76703643798828 13.258811950683594
    vertex -3.7312004566192627 68.981201171875 13.258811950683594
  endloop
endfacet
facet normal 0.0 0.0 0.0
  outer loop
    vertex -3.8018405437469482 69.05184173583984 13.5
    vertex -3.7312004566192627 68.981201171875 13.258811950683594
    vertex -3.5669867992401123 69.2320556640625 13.5
  endloop
endfacet
facet normal 0.0 0.0 0.0
  outer loop
    vertex -3.5669867992401123 69.2320556640625 13.5
    vertex -3.7312004566192627 68.981201171875 13.258811950683594
    vertex -3.5170366764068604 69.14553833007812 13.258811950683594
  endloop
endfacet
facet normal 0.0 0.0 0.0
  outer loop
    vertex -3.5669867992401123 69.2320556640625 13.5
    vertex -3.5170366764068604 69.14553833007812 13.258811950683594
    vertex -3.2934937477111816 69.3453369140625 13.5
  endloop
endfacet
facet normal 0.0 0.0 0.0
  outer loop
    vertex -3.2934937477111816 69.3453369140625 13.5
    vertex -3.5170366764068604 69.14553833007812 13.258811950683594
    vertex -3.2676377296447754 69.24884033203125 13.258811950683594
  endloop
endfacet
facet normal 0.0 0.0 0.0
  outer loop
    vertex -4.034073829650879 68.25 13.258811950683594
    vertex -3.999999523162842 68.25 13.0
    vertex -3.998838424682617 68.51763916015625 13.258811950683594
  endloop
endfacet
facet normal 0.0 0.0 0.0
  outer loop
    vertex -3.998838424682617 68.51763916015625 13.258811950683594
    vertex -3.999999523162842 68.25 13.0
    vertex -3.965925455093384 68.50881958007812 13.0
  endloop
endfacet
facet normal 0.0 0.0 0.0
  outer loop
    vertex -3.998838424682617 68.51763916015625 13.258811950683594
    vertex -3.965925455093384 68.50881958007812 13.0
    vertex -3.895534038543701 68.76703643798828 13.258811950683594
  endloop
endfacet
facet normal 0.0 0.0 0.0
  outer loop
    vertex -3.895534038543701 68.76703643798828 13.258811950683594
    vertex -3.965925455093384 68.50881958007812 13.0
    vertex -3.866024971008301 68.75 13.0
  endloop
endfacet
facet normal 0.0 0.0 0.0
  outer loop
    vertex -3.895534038543701 68.76703643798828 13.258811950683594
    vertex -3.866024971008301 68.75 13.0
    vertex -3.7312004566192627 68.981201171875 13.258811950683594
  endloop
endfacet
facet normal 0.0 0.0 0.0
  outer loop
    vertex -3.7312004566192627 68.981201171875 13.258811950683594
    vertex -3.866024971008301 68.75 13.0
    vertex -3.707106351852417 68.95710754394531 13.0
  endloop
endfacet
facet normal 0.0 0.0 0.0
  outer loop
    vertex -3.7312004566192627 68.981201171875 13.258811950683594
    vertex -3.707106351852417 68.95710754394531 13.0
    vertex -3.5170366764068604 69.14553833007812 13.258811950683594
  endloop
endfacet
facet normal 0.0 0.0 0.0
  outer loop
    vertex -3.5170366764068604 69.14553833007812 13.258811950683594
    vertex -3.707106351852417 68.95710754394531 13.0
    vertex -3.499999523162842 69.11602783203125 13.0
  endloop
endfacet
facet normal 0.0 0.0 0.0
  outer loop
    vertex -3.5170366764068604 69.14553833007812 13.258811950683594
    vertex -3.499999523162842 69.11602783203125 13.0
    vertex -3.2676377296447754 69.24884033203125 13.258811950683594
  endloop
endfacet
facet normal 0.0 0.0 0.0
  outer loop
    vertex -3.2676377296447754 69.24884033203125 13.258811950683594
    vertex -3.499999523162842 69.11602783203125 13.0
    vertex -3.2588186264038086 69.21592712402344 13.0
  endloop
endfacet
facet normal 0.0 0.0 0.0
  outer loop
    vertex -4.034073829650879 68.25 13.258811950683594
    vertex -4.034073829650879 62.66999816894531 13.258811950683594
    vertex -3.999999523162842 68.25 13.0
  endloop
endfacet
facet normal 0.0 0.0 0.0
  outer loop
    vertex -3.999999523162842 68.25 13.0
    vertex -4.034073829650879 62.66999816894531 13.258811950683594
    vertex -4.034073829650879 57.09000015258789 13.258811950683594
  endloop
endfacet
facet normal 0.0 0.0 0.0
  outer loop
    vertex -3.999999523162842 68.25 13.0
    vertex -4.034073829650879 57.09000015258789 13.258811950683594
    vertex -4.034073829650879 51.51000213623047 13.258811950683594
  endloop
endfacet
facet normal 0.0 0.0 0.0
  outer loop
    vertex -4.034073829650879 51.51000213623047 13.258811950683594
    vertex -4.034073829650879 57.09000015258789 13.258811950683594
    vertex -4.133974075317383 51.51000213623047 13.5
  endloop
endfacet
facet normal 0.0 0.0 0.0
  outer loop
    vertex -4.034073829650879 51.51000213623047 13.258811950683594
    vertex -4.133974075317383 51.51000213623047 13.5
    vertex -4.133974075317383 45.93000030517578 13.5
  endloop
endfacet
facet normal 0.0 0.0 0.0
  outer loop
    vertex -4.133974075317383 45.93000030517578 13.5
    vertex -4.133974075317383 51.51000213623047 13.5
    vertex -4.292892932891846 45.93000030517578 13.707099914550781
  endloop
endfacet
facet normal 0.0 0.0 0.0
  outer loop
    vertex -4.133974075317383 45.93000030517578 13.5
    vertex -4.292892932891846 45.93000030517578 13.707099914550781
    vertex -4.292892932891846 40.349998474121094 13.707099914550781
  endloop
endfacet
facet normal 0.0 0.0 0.0
  outer loop
    vertex -4.292892932891846 40.349998474121094 13.707099914550781
    vertex -4.292892932891846 45.93000030517578 13.707099914550781
    vertex -4.499999523162842 40.349998474121094 13.866020202636719
  endloop
endfacet
facet normal 0.0 0.0 0.0
  outer loop
    vertex -4.292892932891846 40.349998474121094 13.707099914550781
    vertex -4.499999523162842 40.349998474121094 13.866020202636719
    vertex -4.499999523162842 34.77000045776367 13.866020202636719
  endloop
endfacet
facet normal 0.0 0.0 0.0
  outer loop
    vertex -4.499999523162842 34.77000045776367 13.866020202636719
    vertex -4.499999523162842 40.349998474121094 13.866020202636719
    vertex -4.741180419921875 34.77000045776367 13.965919494628906
  endloop
endfacet
facet normal 0.0 0.0 0.0
  outer loop
    vertex -4.499999523162842 34.77000045776367 13.866020202636719
    vertex -4.741180419921875 34.77000045776367 13.965919494628906
    vertex -4.741180419921875 29.189998626708984 13.965919494628906
  endloop
endfacet
facet normal 0.0 0.0 0.0
  outer loop
    vertex -4.741180419921875 29.189998626708984 13.965919494628906
    vertex -4.741180419921875 34.77000045776367 13.965919494628906
    vertex -4.999999523162842 68.25 14.0
  endloop
endfacet
facet normal 0.0 0.0 0.0
  outer loop
    vertex -4.741180419921875 29.189998626708984 13.965919494628906
    vertex -4.999999523162842 68.25 14.0
    vertex -4.741180419921875 23.610000610351562 13.965919494628906
  endloop
endfacet
facet normal 0.0 0.0 0.0
  outer loop
    vertex -4.741180419921875 23.610000610351562 13.965919494628906
    vertex -4.999999523162842 68.25 14.0
    vertex -4.741180419921875 18.030000686645508 13.965919494628906
  endloop
endfacet
facet normal 0.0 0.0 0.0
  outer loop
    vertex -4.741180419921875 23.610000610351562 13.965919494628906
    vertex -4.741180419921875 18.030000686645508 13.965919494628906
    vertex -4.499999523162842 23.610000610351562 13.866020202636719
  endloop
endfacet
facet normal 0.0 0.0 0.0
  outer loop
    vertex -4.499999523162842 23.610000610351562 13.866020202636719
    vertex -4.741180419921875 18.030000686645508 13.965919494628906
    vertex -4.499999523162842 18.030000686645508 13.866020202636719
  endloop
endfacet
facet normal 0.0 0.0 0.0
  outer loop
    vertex -4.499999523162842 23.610000610351562 13.866020202636719
    vertex -4.499999523162842 18.030000686645508 13.866020202636719
    vertex -4.292892932891846 23.610000610351562 13.707099914550781
  endloop
endfacet
facet normal 0.0 0.0 0.0
  outer loop
    vertex -4.292892932891846 23.610000610351562 13.707099914550781
    vertex -4.499999523162842 18.030000686645508 13.866020202636719
    vertex -4.292892932891846 18.030000686645508 13.707099914550781
  endloop
endfacet
facet normal 0.0 0.0 0.0
  outer loop
    vertex -4.292892932891846 23.610000610351562 13.707099914550781
    vertex -4.292892932891846 18.030000686645508 13.707099914550781
    vertex -4.133974075317383 23.610000610351562 13.5
  endloop
endfacet
facet normal 0.0 0.0 0.0
  outer loop
    vertex -4.133974075317383 23.610000610351562 13.5
    vertex -4.292892932891846 18.030000686645508 13.707099914550781
    vertex -4.133974075317383 18.030000686645508 13.5
  endloop
endfacet
facet normal 0.0 0.0 0.0
  outer loop
    vertex -4.133974075317383 23.610000610351562 13.5
    vertex -4.133974075317383 18.030000686645508 13.5
    vertex -4.034073829650879 23.610000610351562 13.258811950683594
  endloop
endfacet
facet normal 0.0 0.0 0.0
  outer loop
    vertex -4.034073829650879 23.610000610351562 13.258811950683594
    vertex -4.133974075317383 18.030000686645508 13.5
    vertex -4.034073829650879 18.030000686645508 13.258811950683594
  endloop
endfacet
facet normal 0.0 0.0 0.0
  outer loop
    vertex -4.034073829650879 23.610000610351562 13.258811950683594
    vertex -4.034073829650879 18.030000686645508 13.258811950683594
    vertex -3.999999523162842 68.25 13.0
  endloop
endfacet
facet normal 0.0 0.0 0.0
  outer loop
    vertex -3.999999523162842 68.25 13.0
    vertex -4.034073829650879 18.030000686645508 13.258811950683594
    vertex -4.034073829650879 12.449999809265137 13.258811950683594
  endloop
endfacet
facet normal 0.0 0.0 0.0
  outer loop
    vertex -3.999999523162842 68.25 13.0
    vertex -4.034073829650879 12.449999809265137 13.258811950683594
    vertex -4.034073829650879 6.869999885559082 13.258811950683594
  endloop
endfacet
facet normal 0.0 0.0 0.0
  outer loop
    vertex -4.034073829650879 6.869999885559082 13.258811950683594
    vertex -4.034073829650879 12.449999809265137 13.258811950683594
    vertex -4.133974075317383 6.869999885559082 13.5
  endloop
endfacet
facet normal 0.0 0.0 0.0
  outer loop
    vertex -4.034073829650879 6.869999885559082 13.258811950683594
    vertex -4.133974075317383 6.869999885559082 13.5
    vertex -4.133974075317383 1.2900009155273438 13.5
  endloop
endfacet
facet normal 0.0 0.0 0.0
  outer loop
    vertex -4.133974075317383 1.2900009155273438 13.5
    vertex -4.133974075317383 6.869999885559082 13.5
    vertex -4.292892932891846 1.2900009155273438 13.707099914550781
  endloop
endfacet
facet normal 0.0 0.0 0.0
  outer loop
    vertex -4.133974075317383 1.2900009155273438 13.5
    vertex -4.292892932891846 1.2900009155273438 13.707099914550781
    vertex -4.292892932891846 -4.290000915527344 13.707099914550781
  endloop
endfacet
facet normal 0.0 0.0 0.0
  outer loop
    vertex -4.292892932891846 -4.290000915527344 13.707099914550781
    vertex -4.292892932891846 1.2900009155273438 13.707099914550781
    vertex -4.499999523162842 -4.290000915527344 13.866020202636719
  endloop
endfacet
facet normal 0.0 0.0 0.0
  outer loop
    vertex -4.292892932891846 -4.290000915527344 13.707099914550781
    vertex -4.499999523162842 -4.290000915527344 13.866020202636719
    vertex -4.499999523162842 -9.870000839233398 13.866020202636719
  endloop
endfacet
facet normal 0.0 0.0 0.0
  outer loop
    vertex -4.499999523162842 -9.870000839233398 13.866020202636719
    vertex -4.499999523162842 -4.290000915527344 13.866020202636719
    vertex -4.741180419921875 -9.870000839233398 13.965919494628906
  endloop
endfacet
facet normal 0.0 0.0 0.0
  outer loop
    vertex -4.499999523162842 -9.870000839233398 13.866020202636719
    vertex -4.741180419921875 -9.870000839233398 13.965919494628906
    vertex -4.741180419921875 -15.450000762939453 13.965919494628906
  endloop
endfacet
facet normal 0.0 0.0 0.0
  outer loop
    vertex -4.741180419921875 -15.450000762939453 13.965919494628906
    vertex -4.741180419921875 -9.870000839233398 13.965919494628906
    vertex -4.999999523162842 -71.25 14.0
  endloop
endfacet
facet normal 0.0 0.0 0.0
  outer loop
    vertex -4.741180419921875 -15.450000762939453 13.965919494628906
    vertex -4.999999523162842 -71.25 14.0
    vertex -4.741180419921875 -21.029998779296875 13.965919494628906
  endloop
endfacet
facet normal 0.0 0.0 0.0
  outer loop
    vertex -4.741180419921875 -21.029998779296875 13.965919494628906
    vertex -4.999999523162842 -71.25 14.0
    vertex -4.741180419921875 -26.610000610351562 13.965919494628906
  endloop
endfacet
facet normal 0.0 0.0 0.0
  outer loop
    vertex -4.741180419921875 -21.029998779296875 13.965919494628906
    vertex -4.741180419921875 -26.610000610351562 13.965919494628906
    vertex -4.499999523162842 -21.029998779296875 13.866020202636719
  endloop
endfacet
facet normal 0.0 0.0 0.0
  outer loop
    vertex -4.499999523162842 -21.029998779296875 13.866020202636719
    vertex -4.741180419921875 -26.610000610351562 13.965919494628906
    vertex -4.499999523162842 -26.610000610351562 13.866020202636719
  endloop
endfacet
facet normal 0.0 0.0 0.0
  outer loop
    vertex -4.499999523162842 -21.029998779296875 13.866020202636719
    vertex -4.499999523162842 -26.610000610351562 13.866020202636719
    vertex -4.292892932891846 -21.029998779296875 13.707099914550781
  endloop
endfacet
facet normal 0.0 0.0 0.0
  outer loop
    vertex -4.292892932891846 -21.029998779296875 13.707099914550781
    vertex -4.499999523162842 -26.610000610351562 13.866020202636719
    vertex -4.292892932891846 -26.610000610351562 13.707099914550781
  endloop
endfacet
facet normal 0.0 0.0 0.0
  outer loop
    vertex -4.292892932891846 -21.029998779296875 13.707099914550781
    vertex -4.292892932891846 -26.610000610351562 13.707099914550781
    vertex -4.133974075317383 -21.029998779296875 13.5
  endloop
endfacet
facet normal 0.0 0.0 0.0
  outer loop
    vertex -4.133974075317383 -21.029998779296875 13.5
    vertex -4.292892932891846 -26.610000610351562 13.707099914550781
    vertex -4.133974075317383 -26.610000610351562 13.5
  endloop
endfacet
facet normal 0.0 0.0 0.0
  outer loop
    vertex -4.133974075317383 -21.029998779296875 13.5
    vertex -4.133974075317383 -26.610000610351562 13.5
    vertex -4.034073829650879 -21.029998779296875 13.258811950683594
  endloop
endfacet
facet normal 0.0 0.0 0.0
  outer loop
    vertex -4.034073829650879 -21.029998779296875 13.258811950683594
    vertex -4.133974075317383 -26.610000610351562 13.5
    vertex -4.034073829650879 -26.610000610351562 13.258811950683594
  endloop
endfacet
facet normal 0.0 0.0 0.0
  outer loop
    vertex -4.034073829650879 -21.029998779296875 13.258811950683594
    vertex -4.034073829650879 -26.610000610351562 13.258811950683594
    vertex -3.999999523162842 -71.25 13.0
  endloop
endfacet
facet normal 0.0 0.0 0.0
  outer loop
    vertex -3.999999523162842 -71.25 13.0
    vertex -4.034073829650879 -26.610000610351562 13.258811950683594
    vertex -4.034073829650879 -32.189998626708984 13.258811950683594
  endloop
endfacet
facet normal 0.0 0.0 0.0
  outer loop
    vertex -3.999999523162842 -71.25 13.0
    vertex -4.034073829650879 -32.189998626708984 13.258811950683594
    vertex -4.034073829650879 -37.77000045776367 13.258811950683594
  endloop
endfacet
facet normal 0.0 0.0 0.0
  outer loop
    vertex -4.034073829650879 -37.77000045776367 13.258811950683594
    vertex -4.034073829650879 -32.189998626708984 13.258811950683594
    vertex -4.133974075317383 -37.77000045776367 13.5
  endloop
endfacet
facet normal 0.0 0.0 0.0
  outer loop
    vertex -4.034073829650879 -37.77000045776367 13.258811950683594
    vertex -4.133974075317383 -37.77000045776367 13.5
    vertex -4.133974075317383 -43.349998474121094 13.5
  endloop
endfacet
facet normal 0.0 0.0 0.0
  outer loop
    vertex -4.133974075317383 -43.349998474121094 13.5
    vertex -4.133974075317383 -37.77000045776367 13.5
    vertex -4.292892932891846 -43.349998474121094 13.707099914550781
  endloop
endfacet
facet normal 0.0 0.0 0.0
  outer loop
    vertex -4.133974075317383 -43.349998474121094 13.5
    vertex -4.292892932891846 -43.349998474121094 13.707099914550781
    vertex -4.292892932891846 -48.93000030517578 13.707099914550781
  endloop
endfacet
facet normal 0.0 0.0 0.0
  outer loop
    vertex -4.292892932891846 -48.93000030517578 13.707099914550781
    vertex -4.292892932891846 -43.349998474121094 13.707099914550781
    vertex -4.499999523162842 -48.93000030517578 13.866020202636719
  endloop
endfacet
facet normal 0.0 0.0 0.0
  outer loop
    vertex -4.292892932891846 -48.93000030517578 13.707099914550781
    vertex -4.499999523162842 -48.93000030517578 13.866020202636719
    vertex -4.499999523162842 -54.51000213623047 13.866020202636719
  endloop
endfacet
facet normal 0.0 0.0 0.0
  outer loop
    vertex -4.499999523162842 -54.51000213623047 13.866020202636719
    vertex -4.499999523162842 -48.93000030517578 13.866020202636719
    vertex -4.741180419921875 -54.51000213623047 13.965919494628906
  endloop
endfacet
facet normal 0.0 0.0 0.0
  outer loop
    vertex -4.499999523162842 -54.51000213623047 13.866020202636719
    vertex -4.741180419921875 -54.51000213623047 13.965919494628906
    vertex -4.741180419921875 -60.089996337890625 13.965919494628906
  endloop
endfacet
facet normal 0.0 0.0 0.0
  outer loop
    vertex -4.741180419921875 -60.089996337890625 13.965919494628906
    vertex -4.741180419921875 -54.51000213623047 13.965919494628906
    vertex -4.999999523162842 -71.25 14.0
  endloop
endfacet
facet normal 0.0 0.0 0.0
  outer loop
    vertex -4.741180419921875 -60.089996337890625 13.965919494628906
    vertex -4.999999523162842 -71.25 14.0
    vertex -4.741180419921875 -65.66999816894531 13.965919494628906
  endloop
endfacet
facet normal 0.0 0.0 0.0
  outer loop
    vertex -4.741180419921875 -65.66999816894531 13.965919494628906
    vertex -4.999999523162842 -71.25 14.0
    vertex -4.741180419921875 -71.25 13.965919494628906
  endloop
endfacet
facet normal 0.0 0.0 0.0
  outer loop
    vertex -4.741180419921875 -65.66999816894531 13.965919494628906
    vertex -4.741180419921875 -71.25 13.965919494628906
    vertex -4.499999523162842 -65.66999816894531 13.866020202636719
  endloop
endfacet
facet normal 0.0 0.0 0.0
  outer loop
    vertex -4.499999523162842 -65.66999816894531 13.866020202636719
    vertex -4.741180419921875 -71.25 13.965919494628906
    vertex -4.499999523162842 -71.25 13.866020202636719
  endloop
endfacet
facet normal 0.0 0.0 0.0
  outer loop
    vertex -4.499999523162842 -65.66999816894531 13.866020202636719
    vertex -4.499999523162842 -71.25 13.866020202636719
    vertex -4.292892932891846 -65.66999816894531 13.707099914550781
  endloop
endfacet
facet normal 0.0 0.0 0.0
  outer loop
    vertex -4.292892932891846 -65.66999816894531 13.707099914550781
    vertex -4.499999523162842 -71.25 13.866020202636719
    vertex -4.292892932891846 -71.25 13.707099914550781
  endloop
endfacet
facet normal 0.0 0.0 0.0
  outer loop
    vertex -4.292892932891846 -65.66999816894531 13.707099914550781
    vertex -4.292892932891846 -71.25 13.707099914550781
    vertex -4.133974075317383 -65.66999816894531 13.5
  endloop
endfacet
facet normal 0.0 0.0 0.0
  outer loop
    vertex -4.133974075317383 -65.66999816894531 13.5
    vertex -4.292892932891846 -71.25 13.707099914550781
    vertex -4.133974075317383 -71.25 13.5
  endloop
endfacet
facet normal 0.0 0.0 0.0
  outer loop
    vertex -4.133974075317383 -65.66999816894531 13.5
    vertex -4.133974075317383 -71.25 13.5
    vertex -4.034073829650879 -65.66999816894531 13.258811950683594
  endloop
endfacet
facet normal 0.0 0.0 0.0
  outer loop
    vertex -4.034073829650879 -65.66999816894531 13.258811950683594
    vertex -4.133974075317383 -71.25 13.5
    vertex -4.034073829650879 -71.25 13.258811950683594
  endloop
endfacet
facet normal 0.0 0.0 0.0
  outer loop
    vertex -4.034073829650879 -65.66999816894531 13.258811950683594
    vertex -4.034073829650879 -71.25 13.258811950683594
    vertex -3.999999523162842 -71.25 13.0
  endloop
endfacet
facet normal 0.0 0.0 0.0
  outer loop
    vertex -4.034073829650879 62.66999816894531 13.258811950683594
    vertex -4.034073829650879 68.25 13.258811950683594
    vertex -4.133974075317383 62.66999816894531 13.5
  endloop
endfacet
facet normal 0.0 0.0 0.0
  outer loop
    vertex -4.133974075317383 62.66999816894531 13.5
    vertex -4.034073829650879 68.25 13.258811950683594
    vertex -4.133974075317383 68.25 13.5
  endloop
endfacet
facet normal 0.0 0.0 0.0
  outer loop
    vertex -4.133974075317383 62.66999816894531 13.5
    vertex -4.133974075317383 68.25 13.5
    vertex -4.292892932891846 62.66999816894531 13.707099914550781
  endloop
endfacet
facet normal 0.0 0.0 0.0
  outer loop
    vertex -4.292892932891846 62.66999816894531 13.707099914550781
    vertex -4.133974075317383 68.25 13.5
    vertex -4.292892932891846 68.25 13.707099914550781
  endloop
endfacet
facet normal 0.0 0.0 0.0
  outer loop
    vertex -4.292892932891846 62.66999816894531 13.707099914550781
    vertex -4.292892932891846 68.25 13.707099914550781
    vertex -4.499999523162842 62.66999816894531 13.866020202636719
  endloop
endfacet
facet normal 0.0 0.0 0.0
  outer loop
    vertex -4.499999523162842 62.66999816894531 13.866020202636719
    vertex -4.292892932891846 68.25 13.707099914550781
    vertex -4.499999523162842 68.25 13.866020202636719
  endloop
endfacet
facet normal 0.0 0.0 0.0
  outer loop
    vertex -4.499999523162842 62.66999816894531 13.866020202636719
    vertex -4.499999523162842 68.25 13.866020202636719
    vertex -4.741180419921875 62.66999816894531 13.965919494628906
  endloop
endfacet
facet normal 0.0 0.0 0.0
  outer loop
    vertex -4.741180419921875 62.66999816894531 13.965919494628906
    vertex -4.499999523162842 68.25 13.866020202636719
    vertex -4.741180419921875 68.25 13.965919494628906
  endloop
endfacet
facet normal 0.0 0.0 0.0
  outer loop
    vertex -4.741180419921875 62.66999816894531 13.965919494628906
    vertex -4.741180419921875 68.25 13.965919494628906
    vertex -4.999999523162842 68.25 14.0
  endloop
endfacet
facet normal 0.0 0.0 0.0
  outer loop
    vertex -4.999999523162842 -71.25 14.0
    vertex -4.741180419921875 1.2900009155273438 13.965919494628906
    vertex -4.999999523162842 68.25 14.0
  endloop
endfacet
facet normal 0.0 0.0 0.0
  outer loop
    vertex -4.999999523162842 68.25 14.0
    vertex -4.741180419921875 1.2900009155273438 13.965919494628906
    vertex -4.741180419921875 6.869999885559082 13.965919494628906
  endloop
endfacet
facet normal 0.0 0.0 0.0
  outer loop
    vertex -4.999999523162842 68.25 14.0
    vertex -4.741180419921875 6.869999885559082 13.965919494628906
    vertex -4.741180419921875 12.449999809265137 13.965919494628906
  endloop
endfacet
facet normal 0.0 0.0 0.0
  outer loop
    vertex -4.741180419921875 12.449999809265137 13.965919494628906
    vertex -4.741180419921875 6.869999885559082 13.965919494628906
    vertex -4.499999523162842 12.449999809265137 13.866020202636719
  endloop
endfacet
facet normal 0.0 0.0 0.0
  outer loop
    vertex -4.741180419921875 12.449999809265137 13.965919494628906
    vertex -4.499999523162842 12.449999809265137 13.866020202636719
    vertex -4.499999523162842 18.030000686645508 13.866020202636719
  endloop
endfacet
facet normal 0.0 0.0 0.0
  outer loop
    vertex -4.499999523162842 18.030000686645508 13.866020202636719
    vertex -4.499999523162842 12.449999809265137 13.866020202636719
    vertex -4.292892932891846 18.030000686645508 13.707099914550781
  endloop
endfacet
facet normal 0.0 0.0 0.0
  outer loop
    vertex -3.999999523162842 68.25 13.0
    vertex -4.034073829650879 -4.290000915527344 13.258811950683594
    vertex -3.999999523162842 -71.25 13.0
  endloop
endfacet
facet normal 0.0 0.0 0.0
  outer loop
    vertex -3.999999523162842 -71.25 13.0
    vertex -4.034073829650879 -4.290000915527344 13.258811950683594
    vertex -4.034073829650879 -9.870000839233398 13.258811950683594
  endloop
endfacet
facet normal 0.0 0.0 0.0
  outer loop
    vertex -3.999999523162842 -71.25 13.0
    vertex -4.034073829650879 -9.870000839233398 13.258811950683594
    vertex -4.034073829650879 -15.450000762939453 13.258811950683594
  endloop
endfacet
facet normal 0.0 0.0 0.0
  outer loop
    vertex -4.034073829650879 -15.450000762939453 13.258811950683594
    vertex -4.034073829650879 -9.870000839233398 13.258811950683594
    vertex -4.133974075317383 -15.450000762939453 13.5
  endloop
endfacet
facet normal 0.0 0.0 0.0
  outer loop
    vertex -4.034073829650879 -15.450000762939453 13.258811950683594
    vertex -4.133974075317383 -15.450000762939453 13.5
    vertex -4.133974075317383 -21.029998779296875 13.5
  endloop
endfacet
facet normal 0.0 0.0 0.0
  outer loop
    vertex -4.133974075317383 -21.029998779296875 13.5
    vertex -4.133974075317383 -15.450000762939453 13.5
    vertex -4.292892932891846 -21.029998779296875 13.707099914550781
  endloop
endfacet
facet normal 0.0 0.0 0.0
  outer loop
    vertex -4.034073829650879 57.09000015258789 13.258811950683594
    vertex -4.034073829650879 62.66999816894531 13.258811950683594
    vertex -4.133974075317383 57.09000015258789 13.5
  endloop
endfacet
facet normal 0.0 0.0 0.0
  outer loop
    vertex -4.133974075317383 57.09000015258789 13.5
    vertex -4.034073829650879 62.66999816894531 13.258811950683594
    vertex -4.133974075317383 62.66999816894531 13.5
  endloop
endfacet
facet normal 0.0 0.0 0.0
  outer loop
    vertex -4.133974075317383 57.09000015258789 13.5
    vertex -4.133974075317383 62.66999816894531 13.5
    vertex -4.292892932891846 57.09000015258789 13.707099914550781
  endloop
endfacet
facet normal 0.0 0.0 0.0
  outer loop
    vertex -4.292892932891846 57.09000015258789 13.707099914550781
    vertex -4.133974075317383 62.66999816894531 13.5
    vertex -4.292892932891846 62.66999816894531 13.707099914550781
  endloop
endfacet
facet normal 0.0 0.0 0.0
  outer loop
    vertex -4.292892932891846 57.09000015258789 13.707099914550781
    vertex -4.292892932891846 62.66999816894531 13.707099914550781
    vertex -4.499999523162842 57.09000015258789 13.866020202636719
  endloop
endfacet
facet normal 0.0 0.0 0.0
  outer loop
    vertex -4.499999523162842 57.09000015258789 13.866020202636719
    vertex -4.292892932891846 62.66999816894531 13.707099914550781
    vertex -4.499999523162842 62.66999816894531 13.866020202636719
  endloop
endfacet
facet normal 0.0 0.0 0.0
  outer loop
    vertex -4.499999523162842 57.09000015258789 13.866020202636719
    vertex -4.499999523162842 62.66999816894531 13.866020202636719
    vertex -4.741180419921875 57.09000015258789 13.965919494628906
  endloop
endfacet
facet normal 0.0 0.0 0.0
  outer loop
    vertex -4.741180419921875 57.09000015258789 13.965919494628906
    vertex -4.499999523162842 62.66999816894531 13.866020202636719
    vertex -4.741180419921875 62.66999816894531 13.965919494628906
  endloop
endfacet
facet normal 0.0 0.0 0.0
  outer loop
    vertex -4.741180419921875 57.09000015258789 13.965919494628906
    vertex -4.741180419921875 62.66999816894531 13.965919494628906
    vertex -4.999999523162842 68.25 14.0
  endloop
endfacet
facet normal 0.0 0.0 0.0
  outer loop
    vertex -4.034073829650879 51.51000213623047 13.258811950683594
    vertex -4.034073829650879 45.93000030517578 13.258811950683594
    vertex -3.999999523162842 68.25 13.0
  endloop
endfacet
facet normal 0.0 0.0 0.0
  outer loop
    vertex -3.999999523162842 68.25 13.0
    vertex -4.034073829650879 45.93000030517578 13.258811950683594
    vertex -4.034073829650879 40.349998474121094 13.258811950683594
  endloop
endfacet
facet normal 0.0 0.0 0.0
  outer loop
    vertex -3.999999523162842 68.25 13.0
    vertex -4.034073829650879 40.349998474121094 13.258811950683594
    vertex -4.034073829650879 34.77000045776367 13.258811950683594
  endloop
endfacet
facet normal 0.0 0.0 0.0
  outer loop
    vertex -4.034073829650879 34.77000045776367 13.258811950683594
    vertex -4.034073829650879 40.349998474121094 13.258811950683594
    vertex -4.133974075317383 34.77000045776367 13.5
  endloop
endfacet
facet normal 0.0 0.0 0.0
  outer loop
    vertex -4.034073829650879 34.77000045776367 13.258811950683594
    vertex -4.133974075317383 34.77000045776367 13.5
    vertex -4.133974075317383 29.189998626708984 13.5
  endloop
endfacet
facet normal 0.0 0.0 0.0
  outer loop
    vertex -4.133974075317383 29.189998626708984 13.5
    vertex -4.133974075317383 34.77000045776367 13.5
    vertex -4.292892932891846 29.189998626708984 13.707099914550781
  endloop
endfacet
facet normal 0.0 0.0 0.0
  outer loop
    vertex -4.133974075317383 29.189998626708984 13.5
    vertex -4.292892932891846 29.189998626708984 13.707099914550781
    vertex -4.292892932891846 23.610000610351562 13.707099914550781
  endloop
endfacet
facet normal 0.0 0.0 0.0
  outer loop
    vertex -4.292892932891846 23.610000610351562 13.707099914550781
    vertex -4.292892932891846 29.189998626708984 13.707099914550781
    vertex -4.499999523162842 23.610000610351562 13.866020202636719
  endloop
endfacet
facet normal 0.0 0.0 0.0
  outer loop
    vertex -4.034073829650879 51.51000213623047 13.258811950683594
    vertex -4.133974075317383 45.93000030517578 13.5
    vertex -4.034073829650879 45.93000030517578 13.258811950683594
  endloop
endfacet
facet normal 0.0 0.0 0.0
  outer loop
    vertex -4.034073829650879 45.93000030517578 13.258811950683594
    vertex -4.133974075317383 45.93000030517578 13.5
    vertex -4.133974075317383 40.349998474121094 13.5
  endloop
endfacet
facet normal 0.0 0.0 0.0
  outer loop
    vertex -4.034073829650879 45.93000030517578 13.258811950683594
    vertex -4.133974075317383 40.349998474121094 13.5
    vertex -4.034073829650879 40.349998474121094 13.258811950683594
  endloop
endfacet
facet normal 0.0 0.0 0.0
  outer loop
    vertex -4.034073829650879 40.349998474121094 13.258811950683594
    vertex -4.133974075317383 40.349998474121094 13.5
    vertex -4.133974075317383 34.77000045776367 13.5
  endloop
endfacet
facet normal 0.0 0.0 0.0
  outer loop
    vertex -4.034073829650879 23.610000610351562 13.258811950683594
    vertex -3.999999523162842 68.25 13.0
    vertex -4.034073829650879 29.189998626708984 13.258811950683594
  endloop
endfacet
facet normal 0.0 0.0 0.0
  outer loop
    vertex -4.034073829650879 29.189998626708984 13.258811950683594
    vertex -3.999999523162842 68.25 13.0
    vertex -4.034073829650879 34.77000045776367 13.258811950683594
  endloop
endfacet
facet normal 0.0 0.0 0.0
  outer loop
    vertex -4.034073829650879 29.189998626708984 13.258811950683594
    vertex -4.034073829650879 34.77000045776367 13.258811950683594
    vertex -4.133974075317383 29.189998626708984 13.5
  endloop
endfacet
facet normal 0.0 0.0 0.0
  outer loop
    vertex -4.133974075317383 23.610000610351562 13.5
    vertex -4.034073829650879 23.610000610351562 13.258811950683594
    vertex -4.034073829650879 29.189998626708984 13.258811950683594
  endloop
endfacet
facet normal 0.0 0.0 0.0
  outer loop
    vertex -4.133974075317383 23.610000610351562 13.5
    vertex -4.034073829650879 29.189998626708984 13.258811950683594
    vertex -4.133974075317383 29.189998626708984 13.5
  endloop
endfacet
facet normal 0.0 0.0 0.0
  outer loop
    vertex -4.034073829650879 12.449999809265137 13.258811950683594
    vertex -4.034073829650879 18.030000686645508 13.258811950683594
    vertex -4.133974075317383 12.449999809265137 13.5
  endloop
endfacet
facet normal 0.0 0.0 0.0
  outer loop
    vertex -4.133974075317383 12.449999809265137 13.5
    vertex -4.034073829650879 18.030000686645508 13.258811950683594
    vertex -4.133974075317383 18.030000686645508 13.5
  endloop
endfacet
facet normal 0.0 0.0 0.0
  outer loop
    vertex -4.133974075317383 12.449999809265137 13.5
    vertex -4.133974075317383 18.030000686645508 13.5
    vertex -4.292892932891846 12.449999809265137 13.707099914550781
  endloop
endfacet
facet normal 0.0 0.0 0.0
  outer loop
    vertex -4.292892932891846 12.449999809265137 13.707099914550781
    vertex -4.133974075317383 18.030000686645508 13.5
    vertex -4.292892932891846 18.030000686645508 13.707099914550781
  endloop
endfacet
facet normal 0.0 0.0 0.0
  outer loop
    vertex -4.292892932891846 12.449999809265137 13.707099914550781
    vertex -4.292892932891846 18.030000686645508 13.707099914550781
    vertex -4.499999523162842 12.449999809265137 13.866020202636719
  endloop
endfacet
facet normal 0.0 0.0 0.0
  outer loop
    vertex -4.034073829650879 -4.290000915527344 13.258811950683594
    vertex -3.999999523162842 68.25 13.0
    vertex -4.034073829650879 1.2900009155273438 13.258811950683594
  endloop
endfacet
facet normal 0.0 0.0 0.0
  outer loop
    vertex -4.034073829650879 1.2900009155273438 13.258811950683594
    vertex -3.999999523162842 68.25 13.0
    vertex -4.034073829650879 6.869999885559082 13.258811950683594
  endloop
endfacet
facet normal 0.0 0.0 0.0
  outer loop
    vertex -4.034073829650879 1.2900009155273438 13.258811950683594
    vertex -4.034073829650879 6.869999885559082 13.258811950683594
    vertex -4.133974075317383 1.2900009155273438 13.5
  endloop
endfacet
facet normal 0.0 0.0 0.0
  outer loop
    vertex -4.034073829650879 -4.290000915527344 13.258811950683594
    vertex -4.034073829650879 1.2900009155273438 13.258811950683594
    vertex -4.133974075317383 -4.290000915527344 13.5
  endloop
endfacet
facet normal 0.0 0.0 0.0
  outer loop
    vertex -4.133974075317383 -4.290000915527344 13.5
    vertex -4.034073829650879 1.2900009155273438 13.258811950683594
    vertex -4.133974075317383 1.2900009155273438 13.5
  endloop
endfacet
facet normal 0.0 0.0 0.0
  outer loop
    vertex -4.133974075317383 -4.290000915527344 13.5
    vertex -4.133974075317383 1.2900009155273438 13.5
    vertex -4.292892932891846 -4.290000915527344 13.707099914550781
  endloop
endfacet
facet normal 0.0 0.0 0.0
  outer loop
    vertex -4.034073829650879 -21.029998779296875 13.258811950683594
    vertex -3.999999523162842 -71.25 13.0
    vertex -4.034073829650879 -15.450000762939453 13.258811950683594
  endloop
endfacet
facet normal 0.0 0.0 0.0
  outer loop
    vertex -4.034073829650879 -9.870000839233398 13.258811950683594
    vertex -4.034073829650879 -4.290000915527344 13.258811950683594
    vertex -4.133974075317383 -9.870000839233398 13.5
  endloop
endfacet
facet normal 0.0 0.0 0.0
  outer loop
    vertex -4.133974075317383 -9.870000839233398 13.5
    vertex -4.034073829650879 -4.290000915527344 13.258811950683594
    vertex -4.133974075317383 -4.290000915527344 13.5
  endloop
endfacet
facet normal 0.0 0.0 0.0
  outer loop
    vertex -4.133974075317383 -9.870000839233398 13.5
    vertex -4.133974075317383 -4.290000915527344 13.5
    vertex -4.292892932891846 -9.870000839233398 13.707099914550781
  endloop
endfacet
facet normal 0.0 0.0 0.0
  outer loop
    vertex -4.292892932891846 -9.870000839233398 13.707099914550781
    vertex -4.133974075317383 -4.290000915527344 13.5
    vertex -4.292892932891846 -4.290000915527344 13.707099914550781
  endloop
endfacet
facet normal 0.0 0.0 0.0
  outer loop
    vertex -4.292892932891846 -9.870000839233398 13.707099914550781
    vertex -4.292892932891846 -4.290000915527344 13.707099914550781
    vertex -4.499999523162842 -9.870000839233398 13.866020202636719
  endloop
endfacet
facet normal 0.0 0.0 0.0
  outer loop
    vertex -4.133974075317383 -21.029998779296875 13.5
    vertex -4.034073829650879 -21.029998779296875 13.258811950683594
    vertex -4.034073829650879 -15.450000762939453 13.258811950683594
  endloop
endfacet
facet normal 0.0 0.0 0.0
  outer loop
    vertex -4.034073829650879 -32.189998626708984 13.258811950683594
    vertex -4.034073829650879 -26.610000610351562 13.258811950683594
    vertex -4.133974075317383 -32.189998626708984 13.5
  endloop
endfacet
facet normal 0.0 0.0 0.0
  outer loop
    vertex -4.133974075317383 -32.189998626708984 13.5
    vertex -4.034073829650879 -26.610000610351562 13.258811950683594
    vertex -4.133974075317383 -26.610000610351562 13.5
  endloop
endfacet
facet normal 0.0 0.0 0.0
  outer loop
    vertex -4.133974075317383 -32.189998626708984 13.5
    vertex -4.133974075317383 -26.610000610351562 13.5
    vertex -4.292892932891846 -32.189998626708984 13.707099914550781
  endloop
endfacet
facet normal 0.0 0.0 0.0
  outer loop
    vertex -4.292892932891846 -32.189998626708984 13.707099914550781
    vertex -4.133974075317383 -26.610000610351562 13.5
    vertex -4.292892932891846 -26.610000610351562 13.707099914550781
  endloop
endfacet
facet normal 0.0 0.0 0.0
  outer loop
    vertex -4.292892932891846 -32.189998626708984 13.707099914550781
    vertex -4.292892932891846 -26.610000610351562 13.707099914550781
    vertex -4.499999523162842 -32.189998626708984 13.866020202636719
  endloop
endfacet
facet normal 0.0 0.0 0.0
  outer loop
    vertex -4.499999523162842 -32.189998626708984 13.866020202636719
    vertex -4.292892932891846 -26.610000610351562 13.707099914550781
    vertex -4.499999523162842 -26.610000610351562 13.866020202636719
  endloop
endfacet
facet normal 0.0 0.0 0.0
  outer loop
    vertex -4.499999523162842 -32.189998626708984 13.866020202636719
    vertex -4.499999523162842 -26.610000610351562 13.866020202636719
    vertex -4.741180419921875 -32.189998626708984 13.965919494628906
  endloop
endfacet
facet normal 0.0 0.0 0.0
  outer loop
    vertex -4.741180419921875 -32.189998626708984 13.965919494628906
    vertex -4.499999523162842 -26.610000610351562 13.866020202636719
    vertex -4.741180419921875 -26.610000610351562 13.965919494628906
  endloop
endfacet
facet normal 0.0 0.0 0.0
  outer loop
    vertex -4.741180419921875 -32.189998626708984 13.965919494628906
    vertex -4.741180419921875 -26.610000610351562 13.965919494628906
    vertex -4.999999523162842 -71.25 14.0
  endloop
endfacet
facet normal 0.0 0.0 0.0
  outer loop
    vertex -4.034073829650879 -37.77000045776367 13.258811950683594
    vertex -4.034073829650879 -43.349998474121094 13.258811950683594
    vertex -3.999999523162842 -71.25 13.0
  endloop
endfacet
facet normal 0.0 0.0 0.0
  outer loop
    vertex -3.999999523162842 -71.25 13.0
    vertex -4.034073829650879 -43.349998474121094 13.258811950683594
    vertex -4.034073829650879 -48.93000030517578 13.258811950683594
  endloop
endfacet
facet normal 0.0 0.0 0.0
  outer loop
    vertex -3.999999523162842 -71.25 13.0
    vertex -4.034073829650879 -48.93000030517578 13.258811950683594
    vertex -4.034073829650879 -54.51000213623047 13.258811950683594
  endloop
endfacet
facet normal 0.0 0.0 0.0
  outer loop
    vertex -4.034073829650879 -54.51000213623047 13.258811950683594
    vertex -4.034073829650879 -48.93000030517578 13.258811950683594
    vertex -4.133974075317383 -54.51000213623047 13.5
  endloop
endfacet
facet normal 0.0 0.0 0.0
  outer loop
    vertex -4.034073829650879 -54.51000213623047 13.258811950683594
    vertex -4.133974075317383 -54.51000213623047 13.5
    vertex -4.133974075317383 -60.089996337890625 13.5
  endloop
endfacet
facet normal 0.0 0.0 0.0
  outer loop
    vertex -4.133974075317383 -60.089996337890625 13.5
    vertex -4.133974075317383 -54.51000213623047 13.5
    vertex -4.292892932891846 -60.089996337890625 13.707099914550781
  endloop
endfacet
facet normal 0.0 0.0 0.0
  outer loop
    vertex -4.133974075317383 -60.089996337890625 13.5
    vertex -4.292892932891846 -60.089996337890625 13.707099914550781
    vertex -4.292892932891846 -65.66999816894531 13.707099914550781
  endloop
endfacet
facet normal 0.0 0.0 0.0
  outer loop
    vertex -4.292892932891846 -65.66999816894531 13.707099914550781
    vertex -4.292892932891846 -60.089996337890625 13.707099914550781
    vertex -4.499999523162842 -65.66999816894531 13.866020202636719
  endloop
endfacet
facet normal 0.0 0.0 0.0
  outer loop
    vertex -4.034073829650879 -37.77000045776367 13.258811950683594
    vertex -4.133974075317383 -43.349998474121094 13.5
    vertex -4.034073829650879 -43.349998474121094 13.258811950683594
  endloop
endfacet
facet normal 0.0 0.0 0.0
  outer loop
    vertex -4.034073829650879 -43.349998474121094 13.258811950683594
    vertex -4.133974075317383 -43.349998474121094 13.5
    vertex -4.133974075317383 -48.93000030517578 13.5
  endloop
endfacet
facet normal 0.0 0.0 0.0
  outer loop
    vertex -4.034073829650879 -43.349998474121094 13.258811950683594
    vertex -4.133974075317383 -48.93000030517578 13.5
    vertex -4.034073829650879 -48.93000030517578 13.258811950683594
  endloop
endfacet
facet normal 0.0 0.0 0.0
  outer loop
    vertex -4.034073829650879 -48.93000030517578 13.258811950683594
    vertex -4.133974075317383 -48.93000030517578 13.5
    vertex -4.133974075317383 -54.51000213623047 13.5
  endloop
endfacet
facet normal 0.0 0.0 0.0
  outer loop
    vertex -4.034073829650879 -65.66999816894531 13.258811950683594
    vertex -3.999999523162842 -71.25 13.0
    vertex -4.034073829650879 -60.089996337890625 13.258811950683594
  endloop
endfacet
facet normal 0.0 0.0 0.0
  outer loop
    vertex -4.034073829650879 -60.089996337890625 13.258811950683594
    vertex -3.999999523162842 -71.25 13.0
    vertex -4.034073829650879 -54.51000213623047 13.258811950683594
  endloop
endfacet
facet normal 0.0 0.0 0.0
  outer loop
    vertex -4.034073829650879 -60.089996337890625 13.258811950683594
    vertex -4.034073829650879 -54.51000213623047 13.258811950683594
    vertex -4.133974075317383 -60.089996337890625 13.5
  endloop
endfacet
facet normal 0.0 0.0 0.0
  outer loop
    vertex -4.133974075317383 -65.66999816894531 13.5
    vertex -4.034073829650879 -65.66999816894531 13.258811950683594
    vertex -4.034073829650879 -60.089996337890625 13.258811950683594
  endloop
endfacet
facet normal 0.0 0.0 0.0
  outer loop
    vertex -4.133974075317383 -65.66999816894531 13.5
    vertex -4.034073829650879 -60.089996337890625 13.258811950683594
    vertex -4.133974075317383 -60.089996337890625 13.5
  endloop
endfacet
facet normal 0.0 0.0 0.0
  outer loop
    vertex -4.034073829650879 57.09000015258789 13.258811950683594
    vertex -4.133974075317383 57.09000015258789 13.5
    vertex -4.133974075317383 51.51000213623047 13.5
  endloop
endfacet
facet normal 0.0 0.0 0.0
  outer loop
    vertex -4.133974075317383 51.51000213623047 13.5
    vertex -4.133974075317383 57.09000015258789 13.5
    vertex -4.292892932891846 51.51000213623047 13.707099914550781
  endloop
endfacet
facet normal 0.0 0.0 0.0
  outer loop
    vertex -4.133974075317383 51.51000213623047 13.5
    vertex -4.292892932891846 51.51000213623047 13.707099914550781
    vertex -4.292892932891846 45.93000030517578 13.707099914550781
  endloop
endfacet
facet normal 0.0 0.0 0.0
  outer loop
    vertex -4.292892932891846 45.93000030517578 13.707099914550781
    vertex -4.292892932891846 51.51000213623047 13.707099914550781
    vertex -4.499999523162842 45.93000030517578 13.866020202636719
  endloop
endfacet
facet normal 0.0 0.0 0.0
  outer loop
    vertex -4.292892932891846 45.93000030517578 13.707099914550781
    vertex -4.499999523162842 45.93000030517578 13.866020202636719
    vertex -4.499999523162842 40.349998474121094 13.866020202636719
  endloop
endfacet
facet normal 0.0 0.0 0.0
  outer loop
    vertex -4.499999523162842 40.349998474121094 13.866020202636719
    vertex -4.499999523162842 45.93000030517578 13.866020202636719
    vertex -4.741180419921875 40.349998474121094 13.965919494628906
  endloop
endfacet
facet normal 0.0 0.0 0.0
  outer loop
    vertex -4.499999523162842 40.349998474121094 13.866020202636719
    vertex -4.741180419921875 40.349998474121094 13.965919494628906
    vertex -4.741180419921875 34.77000045776367 13.965919494628906
  endloop
endfacet
facet normal 0.0 0.0 0.0
  outer loop
    vertex -4.741180419921875 34.77000045776367 13.965919494628906
    vertex -4.741180419921875 40.349998474121094 13.965919494628906
    vertex -4.999999523162842 68.25 14.0
  endloop
endfacet
facet normal 0.0 0.0 0.0
  outer loop
    vertex -4.292892932891846 51.51000213623047 13.707099914550781
    vertex -4.133974075317383 57.09000015258789 13.5
    vertex -4.292892932891846 57.09000015258789 13.707099914550781
  endloop
endfacet
facet normal 0.0 0.0 0.0
  outer loop
    vertex -4.133974075317383 45.93000030517578 13.5
    vertex -4.292892932891846 40.349998474121094 13.707099914550781
    vertex -4.133974075317383 40.349998474121094 13.5
  endloop
endfacet
facet normal 0.0 0.0 0.0
  outer loop
    vertex -4.133974075317383 40.349998474121094 13.5
    vertex -4.292892932891846 40.349998474121094 13.707099914550781
    vertex -4.292892932891846 34.77000045776367 13.707099914550781
  endloop
endfacet
facet normal 0.0 0.0 0.0
  outer loop
    vertex -4.133974075317383 40.349998474121094 13.5
    vertex -4.292892932891846 34.77000045776367 13.707099914550781
    vertex -4.133974075317383 34.77000045776367 13.5
  endloop
endfacet
facet normal 0.0 0.0 0.0
  outer loop
    vertex -4.133974075317383 34.77000045776367 13.5
    vertex -4.292892932891846 34.77000045776367 13.707099914550781
    vertex -4.292892932891846 29.189998626708984 13.707099914550781
  endloop
endfacet
facet normal 0.0 0.0 0.0
  outer loop
    vertex -4.292892932891846 23.610000610351562 13.707099914550781
    vertex -4.133974075317383 23.610000610351562 13.5
    vertex -4.133974075317383 29.189998626708984 13.5
  endloop
endfacet
facet normal 0.0 0.0 0.0
  outer loop
    vertex -4.034073829650879 12.449999809265137 13.258811950683594
    vertex -4.133974075317383 12.449999809265137 13.5
    vertex -4.133974075317383 6.869999885559082 13.5
  endloop
endfacet
facet normal 0.0 0.0 0.0
  outer loop
    vertex -4.133974075317383 6.869999885559082 13.5
    vertex -4.133974075317383 12.449999809265137 13.5
    vertex -4.292892932891846 6.869999885559082 13.707099914550781
  endloop
endfacet
facet normal 0.0 0.0 0.0
  outer loop
    vertex -4.133974075317383 6.869999885559082 13.5
    vertex -4.292892932891846 6.869999885559082 13.707099914550781
    vertex -4.292892932891846 1.2900009155273438 13.707099914550781
  endloop
endfacet
facet normal 0.0 0.0 0.0
  outer loop
    vertex -4.292892932891846 1.2900009155273438 13.707099914550781
    vertex -4.292892932891846 6.869999885559082 13.707099914550781
    vertex -4.499999523162842 1.2900009155273438 13.866020202636719
  endloop
endfacet
facet normal 0.0 0.0 0.0
  outer loop
    vertex -4.292892932891846 1.2900009155273438 13.707099914550781
    vertex -4.499999523162842 1.2900009155273438 13.866020202636719
    vertex -4.499999523162842 -4.290000915527344 13.866020202636719
  endloop
endfacet
facet normal 0.0 0.0 0.0
  outer loop
    vertex -4.499999523162842 -4.290000915527344 13.866020202636719
    vertex -4.499999523162842 1.2900009155273438 13.866020202636719
    vertex -4.741180419921875 -4.290000915527344 13.965919494628906
  endloop
endfacet
facet normal 0.0 0.0 0.0
  outer loop
    vertex -4.499999523162842 -4.290000915527344 13.866020202636719
    vertex -4.741180419921875 -4.290000915527344 13.965919494628906
    vertex -4.741180419921875 -9.870000839233398 13.965919494628906
  endloop
endfacet
facet normal 0.0 0.0 0.0
  outer loop
    vertex -4.741180419921875 -9.870000839233398 13.965919494628906
    vertex -4.741180419921875 -4.290000915527344 13.965919494628906
    vertex -4.999999523162842 -71.25 14.0
  endloop
endfacet
facet normal 0.0 0.0 0.0
  outer loop
    vertex -4.292892932891846 6.869999885559082 13.707099914550781
    vertex -4.133974075317383 12.449999809265137 13.5
    vertex -4.292892932891846 12.449999809265137 13.707099914550781
  endloop
endfacet
facet normal 0.0 0.0 0.0
  outer loop
    vertex -4.034073829650879 -9.870000839233398 13.258811950683594
    vertex -4.133974075317383 -9.870000839233398 13.5
    vertex -4.133974075317383 -15.450000762939453 13.5
  endloop
endfacet
facet normal 0.0 0.0 0.0
  outer loop
    vertex -4.133974075317383 -15.450000762939453 13.5
    vertex -4.133974075317383 -9.870000839233398 13.5
    vertex -4.292892932891846 -15.450000762939453 13.707099914550781
  endloop
endfacet
facet normal 0.0 0.0 0.0
  outer loop
    vertex -4.133974075317383 -15.450000762939453 13.5
    vertex -4.292892932891846 -15.450000762939453 13.707099914550781
    vertex -4.292892932891846 -21.029998779296875 13.707099914550781
  endloop
endfacet
facet normal 0.0 0.0 0.0
  outer loop
    vertex -4.292892932891846 -21.029998779296875 13.707099914550781
    vertex -4.292892932891846 -15.450000762939453 13.707099914550781
    vertex -4.499999523162842 -21.029998779296875 13.866020202636719
  endloop
endfacet
facet normal 0.0 0.0 0.0
  outer loop
    vertex -4.292892932891846 -15.450000762939453 13.707099914550781
    vertex -4.133974075317383 -9.870000839233398 13.5
    vertex -4.292892932891846 -9.870000839233398 13.707099914550781
  endloop
endfacet
facet normal 0.0 0.0 0.0
  outer loop
    vertex -4.034073829650879 -32.189998626708984 13.258811950683594
    vertex -4.133974075317383 -32.189998626708984 13.5
    vertex -4.133974075317383 -37.77000045776367 13.5
  endloop
endfacet
facet normal 0.0 0.0 0.0
  outer loop
    vertex -4.133974075317383 -37.77000045776367 13.5
    vertex -4.133974075317383 -32.189998626708984 13.5
    vertex -4.292892932891846 -37.77000045776367 13.707099914550781
  endloop
endfacet
facet normal 0.0 0.0 0.0
  outer loop
    vertex -4.133974075317383 -37.77000045776367 13.5
    vertex -4.292892932891846 -37.77000045776367 13.707099914550781
    vertex -4.292892932891846 -43.349998474121094 13.707099914550781
  endloop
endfacet
facet normal 0.0 0.0 0.0
  outer loop
    vertex -4.292892932891846 -43.349998474121094 13.707099914550781
    vertex -4.292892932891846 -37.77000045776367 13.707099914550781
    vertex -4.499999523162842 -43.349998474121094 13.866020202636719
  endloop
endfacet
facet normal 0.0 0.0 0.0
  outer loop
    vertex -4.292892932891846 -43.349998474121094 13.707099914550781
    vertex -4.499999523162842 -43.349998474121094 13.866020202636719
    vertex -4.499999523162842 -48.93000030517578 13.866020202636719
  endloop
endfacet
facet normal 0.0 0.0 0.0
  outer loop
    vertex -4.499999523162842 -48.93000030517578 13.866020202636719
    vertex -4.499999523162842 -43.349998474121094 13.866020202636719
    vertex -4.741180419921875 -48.93000030517578 13.965919494628906
  endloop
endfacet
facet normal 0.0 0.0 0.0
  outer loop
    vertex -4.499999523162842 -48.93000030517578 13.866020202636719
    vertex -4.741180419921875 -48.93000030517578 13.965919494628906
    vertex -4.741180419921875 -54.51000213623047 13.965919494628906
  endloop
endfacet
facet normal 0.0 0.0 0.0
  outer loop
    vertex -4.741180419921875 -54.51000213623047 13.965919494628906
    vertex -4.741180419921875 -48.93000030517578 13.965919494628906
    vertex -4.999999523162842 -71.25 14.0
  endloop
endfacet
facet normal 0.0 0.0 0.0
  outer loop
    vertex -4.292892932891846 -37.77000045776367 13.707099914550781
    vertex -4.133974075317383 -32.189998626708984 13.5
    vertex -4.292892932891846 -32.189998626708984 13.707099914550781
  endloop
endfacet
facet normal 0.0 0.0 0.0
  outer loop
    vertex -4.133974075317383 -43.349998474121094 13.5
    vertex -4.292892932891846 -48.93000030517578 13.707099914550781
    vertex -4.133974075317383 -48.93000030517578 13.5
  endloop
endfacet
facet normal 0.0 0.0 0.0
  outer loop
    vertex -4.133974075317383 -48.93000030517578 13.5
    vertex -4.292892932891846 -48.93000030517578 13.707099914550781
    vertex -4.292892932891846 -54.51000213623047 13.707099914550781
  endloop
endfacet
facet normal 0.0 0.0 0.0
  outer loop
    vertex -4.133974075317383 -48.93000030517578 13.5
    vertex -4.292892932891846 -54.51000213623047 13.707099914550781
    vertex -4.133974075317383 -54.51000213623047 13.5
  endloop
endfacet
facet normal 0.0 0.0 0.0
  outer loop
    vertex -4.133974075317383 -54.51000213623047 13.5
    vertex -4.292892932891846 -54.51000213623047 13.707099914550781
    vertex -4.292892932891846 -60.089996337890625 13.707099914550781
  endloop
endfacet
facet normal 0.0 0.0 0.0
  outer loop
    vertex -4.292892932891846 -65.66999816894531 13.707099914550781
    vertex -4.133974075317383 -65.66999816894531 13.5
    vertex -4.133974075317383 -60.089996337890625 13.5
  endloop
endfacet
facet normal 0.0 0.0 0.0
  outer loop
    vertex -4.292892932891846 51.51000213623047 13.707099914550781
    vertex -4.292892932891846 57.09000015258789 13.707099914550781
    vertex -4.499999523162842 51.51000213623047 13.866020202636719
  endloop
endfacet
facet normal 0.0 0.0 0.0
  outer loop
    vertex -4.499999523162842 51.51000213623047 13.866020202636719
    vertex -4.292892932891846 57.09000015258789 13.707099914550781
    vertex -4.499999523162842 57.09000015258789 13.866020202636719
  endloop
endfacet
facet normal 0.0 0.0 0.0
  outer loop
    vertex -4.499999523162842 51.51000213623047 13.866020202636719
    vertex -4.499999523162842 57.09000015258789 13.866020202636719
    vertex -4.741180419921875 51.51000213623047 13.965919494628906
  endloop
endfacet
facet normal 0.0 0.0 0.0
  outer loop
    vertex -4.741180419921875 51.51000213623047 13.965919494628906
    vertex -4.499999523162842 57.09000015258789 13.866020202636719
    vertex -4.741180419921875 57.09000015258789 13.965919494628906
  endloop
endfacet
facet normal 0.0 0.0 0.0
  outer loop
    vertex -4.741180419921875 51.51000213623047 13.965919494628906
    vertex -4.741180419921875 57.09000015258789 13.965919494628906
    vertex -4.999999523162842 68.25 14.0
  endloop
endfacet
facet normal 0.0 0.0 0.0
  outer loop
    vertex -4.292892932891846 40.349998474121094 13.707099914550781
    vertex -4.499999523162842 34.77000045776367 13.866020202636719
    vertex -4.292892932891846 34.77000045776367 13.707099914550781
  endloop
endfacet
facet normal 0.0 0.0 0.0
  outer loop
    vertex -4.292892932891846 34.77000045776367 13.707099914550781
    vertex -4.499999523162842 34.77000045776367 13.866020202636719
    vertex -4.499999523162842 29.189998626708984 13.866020202636719
  endloop
endfacet
facet normal 0.0 0.0 0.0
  outer loop
    vertex -4.292892932891846 34.77000045776367 13.707099914550781
    vertex -4.499999523162842 29.189998626708984 13.866020202636719
    vertex -4.292892932891846 29.189998626708984 13.707099914550781
  endloop
endfacet
facet normal 0.0 0.0 0.0
  outer loop
    vertex -4.292892932891846 29.189998626708984 13.707099914550781
    vertex -4.499999523162842 29.189998626708984 13.866020202636719
    vertex -4.499999523162842 23.610000610351562 13.866020202636719
  endloop
endfacet
facet normal 0.0 0.0 0.0
  outer loop
    vertex -4.292892932891846 6.869999885559082 13.707099914550781
    vertex -4.292892932891846 12.449999809265137 13.707099914550781
    vertex -4.499999523162842 6.869999885559082 13.866020202636719
  endloop
endfacet
facet normal 0.0 0.0 0.0
  outer loop
    vertex -4.499999523162842 6.869999885559082 13.866020202636719
    vertex -4.292892932891846 12.449999809265137 13.707099914550781
    vertex -4.499999523162842 12.449999809265137 13.866020202636719
  endloop
endfacet
facet normal 0.0 0.0 0.0
  outer loop
    vertex -4.499999523162842 6.869999885559082 13.866020202636719
    vertex -4.499999523162842 12.449999809265137 13.866020202636719
    vertex -4.741180419921875 6.869999885559082 13.965919494628906
  endloop
endfacet
facet normal 0.0 0.0 0.0
  outer loop
    vertex -4.292892932891846 -15.450000762939453 13.707099914550781
    vertex -4.292892932891846 -9.870000839233398 13.707099914550781
    vertex -4.499999523162842 -15.450000762939453 13.866020202636719
  endloop
endfacet
facet normal 0.0 0.0 0.0
  outer loop
    vertex -4.499999523162842 -15.450000762939453 13.866020202636719
    vertex -4.292892932891846 -9.870000839233398 13.707099914550781
    vertex -4.499999523162842 -9.870000839233398 13.866020202636719
  endloop
endfacet
facet normal 0.0 0.0 0.0
  outer loop
    vertex -4.499999523162842 -15.450000762939453 13.866020202636719
    vertex -4.499999523162842 -9.870000839233398 13.866020202636719
    vertex -4.741180419921875 -15.450000762939453 13.965919494628906
  endloop
endfacet
facet normal 0.0 0.0 0.0
  outer loop
    vertex -4.292892932891846 -37.77000045776367 13.707099914550781
    vertex -4.292892932891846 -32.189998626708984 13.707099914550781
    vertex -4.499999523162842 -37.77000045776367 13.866020202636719
  endloop
endfacet
facet normal 0.0 0.0 0.0
  outer loop
    vertex -4.499999523162842 -37.77000045776367 13.866020202636719
    vertex -4.292892932891846 -32.189998626708984 13.707099914550781
    vertex -4.499999523162842 -32.189998626708984 13.866020202636719
  endloop
endfacet
facet normal 0.0 0.0 0.0
  outer loop
    vertex -4.499999523162842 -37.77000045776367 13.866020202636719
    vertex -4.499999523162842 -32.189998626708984 13.866020202636719
    vertex -4.741180419921875 -37.77000045776367 13.965919494628906
  endloop
endfacet
facet normal 0.0 0.0 0.0
  outer loop
    vertex -4.741180419921875 -37.77000045776367 13.965919494628906
    vertex -4.499999523162842 -32.189998626708984 13.866020202636719
    vertex -4.741180419921875 -32.189998626708984 13.965919494628906
  endloop
endfacet
facet normal 0.0 0.0 0.0
  outer loop
    vertex -4.741180419921875 -37.77000045776367 13.965919494628906
    vertex -4.741180419921875 -32.189998626708984 13.965919494628906
    vertex -4.999999523162842 -71.25 14.0
  endloop
endfacet
facet normal 0.0 0.0 0.0
  outer loop
    vertex -4.292892932891846 -48.93000030517578 13.707099914550781
    vertex -4.499999523162842 -54.51000213623047 13.866020202636719
    vertex -4.292892932891846 -54.51000213623047 13.707099914550781
  endloop
endfacet
facet normal 0.0 0.0 0.0
  outer loop
    vertex -4.292892932891846 -54.51000213623047 13.707099914550781
    vertex -4.499999523162842 -54.51000213623047 13.866020202636719
    vertex -4.499999523162842 -60.089996337890625 13.866020202636719
  endloop
endfacet
facet normal 0.0 0.0 0.0
  outer loop
    vertex -4.292892932891846 -54.51000213623047 13.707099914550781
    vertex -4.499999523162842 -60.089996337890625 13.866020202636719
    vertex -4.292892932891846 -60.089996337890625 13.707099914550781
  endloop
endfacet
facet normal 0.0 0.0 0.0
  outer loop
    vertex -4.292892932891846 -60.089996337890625 13.707099914550781
    vertex -4.499999523162842 -60.089996337890625 13.866020202636719
    vertex -4.499999523162842 -65.66999816894531 13.866020202636719
  endloop
endfacet
facet normal 0.0 0.0 0.0
  outer loop
    vertex -4.292892932891846 51.51000213623047 13.707099914550781
    vertex -4.499999523162842 51.51000213623047 13.866020202636719
    vertex -4.499999523162842 45.93000030517578 13.866020202636719
  endloop
endfacet
facet normal 0.0 0.0 0.0
  outer loop
    vertex -4.499999523162842 45.93000030517578 13.866020202636719
    vertex -4.499999523162842 51.51000213623047 13.866020202636719
    vertex -4.741180419921875 45.93000030517578 13.965919494628906
  endloop
endfacet
facet normal 0.0 0.0 0.0
  outer loop
    vertex -4.499999523162842 45.93000030517578 13.866020202636719
    vertex -4.741180419921875 45.93000030517578 13.965919494628906
    vertex -4.741180419921875 40.349998474121094 13.965919494628906
  endloop
endfacet
facet normal 0.0 0.0 0.0
  outer loop
    vertex -4.741180419921875 40.349998474121094 13.965919494628906
    vertex -4.741180419921875 45.93000030517578 13.965919494628906
    vertex -4.999999523162842 68.25 14.0
  endloop
endfacet
facet normal 0.0 0.0 0.0
  outer loop
    vertex -4.741180419921875 45.93000030517578 13.965919494628906
    vertex -4.499999523162842 51.51000213623047 13.866020202636719
    vertex -4.741180419921875 51.51000213623047 13.965919494628906
  endloop
endfacet
facet normal 0.0 0.0 0.0
  outer loop
    vertex -4.741180419921875 23.610000610351562 13.965919494628906
    vertex -4.499999523162842 23.610000610351562 13.866020202636719
    vertex -4.499999523162842 29.189998626708984 13.866020202636719
  endloop
endfacet
facet normal 0.0 0.0 0.0
  outer loop
    vertex -4.741180419921875 23.610000610351562 13.965919494628906
    vertex -4.499999523162842 29.189998626708984 13.866020202636719
    vertex -4.741180419921875 29.189998626708984 13.965919494628906
  endloop
endfacet
facet normal 0.0 0.0 0.0
  outer loop
    vertex -4.741180419921875 29.189998626708984 13.965919494628906
    vertex -4.499999523162842 29.189998626708984 13.866020202636719
    vertex -4.499999523162842 34.77000045776367 13.866020202636719
  endloop
endfacet
facet normal 0.0 0.0 0.0
  outer loop
    vertex -4.741180419921875 12.449999809265137 13.965919494628906
    vertex -4.499999523162842 18.030000686645508 13.866020202636719
    vertex -4.741180419921875 18.030000686645508 13.965919494628906
  endloop
endfacet
facet normal 0.0 0.0 0.0
  outer loop
    vertex -4.292892932891846 6.869999885559082 13.707099914550781
    vertex -4.499999523162842 6.869999885559082 13.866020202636719
    vertex -4.499999523162842 1.2900009155273438 13.866020202636719
  endloop
endfacet
facet normal 0.0 0.0 0.0
  outer loop
    vertex -4.499999523162842 1.2900009155273438 13.866020202636719
    vertex -4.499999523162842 6.869999885559082 13.866020202636719
    vertex -4.741180419921875 1.2900009155273438 13.965919494628906
  endloop
endfacet
facet normal 0.0 0.0 0.0
  outer loop
    vertex -4.499999523162842 1.2900009155273438 13.866020202636719
    vertex -4.741180419921875 1.2900009155273438 13.965919494628906
    vertex -4.741180419921875 -4.290000915527344 13.965919494628906
  endloop
endfacet
facet normal 0.0 0.0 0.0
  outer loop
    vertex -4.741180419921875 -4.290000915527344 13.965919494628906
    vertex -4.741180419921875 1.2900009155273438 13.965919494628906
    vertex -4.999999523162842 -71.25 14.0
  endloop
endfacet
facet normal 0.0 0.0 0.0
  outer loop
    vertex -4.741180419921875 1.2900009155273438 13.965919494628906
    vertex -4.499999523162842 6.869999885559082 13.866020202636719
    vertex -4.741180419921875 6.869999885559082 13.965919494628906
  endloop
endfacet
facet normal 0.0 0.0 0.0
  outer loop
    vertex -4.741180419921875 -21.029998779296875 13.965919494628906
    vertex -4.499999523162842 -21.029998779296875 13.866020202636719
    vertex -4.499999523162842 -15.450000762939453 13.866020202636719
  endloop
endfacet
facet normal 0.0 0.0 0.0
  outer loop
    vertex -4.499999523162842 -15.450000762939453 13.866020202636719
    vertex -4.499999523162842 -21.029998779296875 13.866020202636719
    vertex -4.292892932891846 -15.450000762939453 13.707099914550781
  endloop
endfacet
facet normal 0.0 0.0 0.0
  outer loop
    vertex -4.741180419921875 -21.029998779296875 13.965919494628906
    vertex -4.499999523162842 -15.450000762939453 13.866020202636719
    vertex -4.741180419921875 -15.450000762939453 13.965919494628906
  endloop
endfacet
facet normal 0.0 0.0 0.0
  outer loop
    vertex -4.292892932891846 -37.77000045776367 13.707099914550781
    vertex -4.499999523162842 -37.77000045776367 13.866020202636719
    vertex -4.499999523162842 -43.349998474121094 13.866020202636719
  endloop
endfacet
facet normal 0.0 0.0 0.0
  outer loop
    vertex -4.499999523162842 -43.349998474121094 13.866020202636719
    vertex -4.499999523162842 -37.77000045776367 13.866020202636719
    vertex -4.741180419921875 -43.349998474121094 13.965919494628906
  endloop
endfacet
facet normal 0.0 0.0 0.0
  outer loop
    vertex -4.499999523162842 -43.349998474121094 13.866020202636719
    vertex -4.741180419921875 -43.349998474121094 13.965919494628906
    vertex -4.741180419921875 -48.93000030517578 13.965919494628906
  endloop
endfacet
facet normal 0.0 0.0 0.0
  outer loop
    vertex -4.741180419921875 -48.93000030517578 13.965919494628906
    vertex -4.741180419921875 -43.349998474121094 13.965919494628906
    vertex -4.999999523162842 -71.25 14.0
  endloop
endfacet
facet normal 0.0 0.0 0.0
  outer loop
    vertex -4.741180419921875 -43.349998474121094 13.965919494628906
    vertex -4.499999523162842 -37.77000045776367 13.866020202636719
    vertex -4.741180419921875 -37.77000045776367 13.965919494628906
  endloop
endfacet
facet normal 0.0 0.0 0.0
  outer loop
    vertex -4.741180419921875 -65.66999816894531 13.965919494628906
    vertex -4.499999523162842 -65.66999816894531 13.866020202636719
    vertex -4.499999523162842 -60.089996337890625 13.866020202636719
  endloop
endfacet
facet normal 0.0 0.0 0.0
  outer loop
    vertex -4.741180419921875 -65.66999816894531 13.965919494628906
    vertex -4.499999523162842 -60.089996337890625 13.866020202636719
    vertex -4.741180419921875 -60.089996337890625 13.965919494628906
  endloop
endfacet
facet normal 0.0 0.0 0.0
  outer loop
    vertex -4.741180419921875 -60.089996337890625 13.965919494628906
    vertex -4.499999523162842 -60.089996337890625 13.866020202636719
    vertex -4.499999523162842 -54.51000213623047 13.866020202636719
  endloop
endfacet
facet normal 0.0 0.0 0.0
  outer loop
    vertex -4.999999523162842 68.25 14.0
    vertex -4.741180419921875 45.93000030517578 13.965919494628906
    vertex -4.741180419921875 51.51000213623047 13.965919494628906
  endloop
endfacet
facet normal 0.0 0.0 0.0
  outer loop
    vertex -4.999999523162842 68.25 14.0
    vertex -4.741180419921875 12.449999809265137 13.965919494628906
    vertex -4.741180419921875 18.030000686645508 13.965919494628906
  endloop
endfacet
facet normal 0.0 0.0 0.0
  outer loop
    vertex -4.999999523162842 -71.25 14.0
    vertex -4.741180419921875 -43.349998474121094 13.965919494628906
    vertex -4.741180419921875 -37.77000045776367 13.965919494628906
  endloop
endfacet
facet normal 0.0 0.0 0.0
  outer loop
    vertex -3.9659249782562256 68.50881958007812 1.9073486328125e-06
    vertex -3.9659252166748047 68.50881958007812 4.333330154418945
    vertex -3.9999990463256836 68.25 1.9073486328125e-06
  endloop
endfacet
facet normal 0.0 0.0 0.0
  outer loop
    vertex -3.9999990463256836 68.25 1.9073486328125e-06
    vertex -3.9659252166748047 68.50881958007812 4.333330154418945
    vertex -3.9659252166748047 68.50881958007812 8.666665077209473
  endloop
endfacet
facet normal 0.0 0.0 0.0
  outer loop
    vertex -3.9999990463256836 68.25 1.9073486328125e-06
    vertex -3.9659252166748047 68.50881958007812 8.666665077209473
    vertex -3.999999523162842 68.25 13.0
  endloop
endfacet
facet normal 0.0 0.0 0.0
  outer loop
    vertex -3.999999523162842 68.25 13.0
    vertex -3.9659252166748047 68.50881958007812 8.666665077209473
    vertex -3.965925455093384 68.50881958007812 13.0
  endloop
endfacet
facet normal 0.0 0.0 0.0
  outer loop
    vertex -3.965925455093384 68.50881958007812 13.0
    vertex -3.9659252166748047 68.50881958007812 8.666665077209473
    vertex -3.866024971008301 68.75 13.0
  endloop
endfacet
facet normal 0.0 0.0 0.0
  outer loop
    vertex -3.866024971008301 68.75 13.0
    vertex -3.9659252166748047 68.50881958007812 8.666665077209473
    vertex -3.8660247325897217 68.75 8.666665077209473
  endloop
endfacet
facet normal 0.0 0.0 0.0
  outer loop
    vertex -3.866024971008301 68.75 13.0
    vertex -3.8660247325897217 68.75 8.666665077209473
    vertex -3.707106351852417 68.95710754394531 13.0
  endloop
endfacet
facet normal 0.0 0.0 0.0
  outer loop
    vertex -3.707106351852417 68.95710754394531 13.0
    vertex -3.8660247325897217 68.75 8.666665077209473
    vertex -3.707106113433838 68.95710754394531 8.666665077209473
  endloop
endfacet
facet normal 0.0 0.0 0.0
  outer loop
    vertex -3.707106351852417 68.95710754394531 13.0
    vertex -3.707106113433838 68.95710754394531 8.666665077209473
    vertex -3.499999523162842 69.11602783203125 13.0
  endloop
endfacet
facet normal 0.0 0.0 0.0
  outer loop
    vertex -3.499999523162842 69.11602783203125 13.0
    vertex -3.707106113433838 68.95710754394531 8.666665077209473
    vertex -3.4999992847442627 69.11602783203125 8.666665077209473
  endloop
endfacet
facet normal 0.0 0.0 0.0
  outer loop
    vertex -3.499999523162842 69.11602783203125 13.0
    vertex -3.4999992847442627 69.11602783203125 8.666665077209473
    vertex -3.2588186264038086 69.21592712402344 13.0
  endloop
endfacet
facet normal 0.0 0.0 0.0
  outer loop
    vertex -3.2588186264038086 69.21592712402344 13.0
    vertex -3.4999992847442627 69.11602783203125 8.666665077209473
    vertex -3.2588183879852295 69.21592712402344 8.666665077209473
  endloop
endfacet
facet normal 0.0 0.0 0.0
  outer loop
    vertex -3.2588186264038086 69.21592712402344 13.0
    vertex -3.2588183879852295 69.21592712402344 8.666665077209473
    vertex -2.999999523162842 69.25 13.0
  endloop
endfacet
facet normal 0.0 0.0 0.0
  outer loop
    vertex -2.999999523162842 69.25 13.0
    vertex -3.2588183879852295 69.21592712402344 8.666665077209473
    vertex -3.2588183879852295 69.21592712402344 4.333330154418945
  endloop
endfacet
facet normal 0.0 0.0 0.0
  outer loop
    vertex -2.999999523162842 69.25 13.0
    vertex -3.2588183879852295 69.21592712402344 4.333330154418945
    vertex -2.9999990463256836 69.25 1.9073486328125e-06
  endloop
endfacet
facet normal 0.0 0.0 0.0
  outer loop
    vertex -2.9999990463256836 69.25 1.9073486328125e-06
    vertex -3.2588183879852295 69.21592712402344 4.333330154418945
    vertex -3.2588181495666504 69.21592712402344 1.9073486328125e-06
  endloop
endfacet
facet normal 0.0 0.0 0.0
  outer loop
    vertex -3.2588181495666504 69.21592712402344 1.9073486328125e-06
    vertex -3.2588183879852295 69.21592712402344 4.333330154418945
    vertex -3.4999990463256836 69.11602783203125 1.9073486328125e-06
  endloop
endfacet
facet normal 0.0 0.0 0.0
  outer loop
    vertex -3.4999990463256836 69.11602783203125 1.9073486328125e-06
    vertex -3.2588183879852295 69.21592712402344 4.333330154418945
    vertex -3.4999992847442627 69.11602783203125 4.333330154418945
  endloop
endfacet
facet normal 0.0 0.0 0.0
  outer loop
    vertex -3.4999990463256836 69.11602783203125 1.9073486328125e-06
    vertex -3.4999992847442627 69.11602783203125 4.333330154418945
    vertex -3.707105875015259 68.95710754394531 1.9073486328125e-06
  endloop
endfacet
facet normal 0.0 0.0 0.0
  outer loop
    vertex -3.707105875015259 68.95710754394531 1.9073486328125e-06
    vertex -3.4999992847442627 69.11602783203125 4.333330154418945
    vertex -3.707106113433838 68.95710754394531 4.333330154418945
  endloop
endfacet
facet normal 0.0 0.0 0.0
  outer loop
    vertex -3.707105875015259 68.95710754394531 1.9073486328125e-06
    vertex -3.707106113433838 68.95710754394531 4.333330154418945
    vertex -3.8660244941711426 68.75 1.9073486328125e-06
  endloop
endfacet
facet normal 0.0 0.0 0.0
  outer loop
    vertex -3.8660244941711426 68.75 1.9073486328125e-06
    vertex -3.707106113433838 68.95710754394531 4.333330154418945
    vertex -3.8660247325897217 68.75 4.333330154418945
  endloop
endfacet
facet normal 0.0 0.0 0.0
  outer loop
    vertex -3.8660244941711426 68.75 1.9073486328125e-06
    vertex -3.8660247325897217 68.75 4.333330154418945
    vertex -3.9659249782562256 68.50881958007812 1.9073486328125e-06
  endloop
endfacet
facet normal 0.0 0.0 0.0
  outer loop
    vertex -3.9659249782562256 68.50881958007812 1.9073486328125e-06
    vertex -3.8660247325897217 68.75 4.333330154418945
    vertex -3.9659252166748047 68.50881958007812 4.333330154418945
  endloop
endfacet
facet normal 0.0 0.0 0.0
  outer loop
    vertex -3.8660247325897217 68.75 8.666665077209473
    vertex -3.9659252166748047 68.50881958007812 8.666665077209473
    vertex -3.9659252166748047 68.50881958007812 4.333330154418945
  endloop
endfacet
facet normal 0.0 0.0 0.0
  outer loop
    vertex -3.8660247325897217 68.75 8.666665077209473
    vertex -3.9659252166748047 68.50881958007812 4.333330154418945
    vertex -3.8660247325897217 68.75 4.333330154418945
  endloop
endfacet
facet normal 0.0 0.0 0.0
  outer loop
    vertex -3.707106113433838 68.95710754394531 8.666665077209473
    vertex -3.8660247325897217 68.75 8.666665077209473
    vertex -3.8660247325897217 68.75 4.333330154418945
  endloop
endfacet
facet normal 0.0 0.0 0.0
  outer loop
    vertex -3.707106113433838 68.95710754394531 8.666665077209473
    vertex -3.8660247325897217 68.75 4.333330154418945
    vertex -3.707106113433838 68.95710754394531 4.333330154418945
  endloop
endfacet
facet normal 0.0 0.0 0.0
  outer loop
    vertex -3.4999992847442627 69.11602783203125 8.666665077209473
    vertex -3.707106113433838 68.95710754394531 8.666665077209473
    vertex -3.707106113433838 68.95710754394531 4.333330154418945
  endloop
endfacet
facet normal 0.0 0.0 0.0
  outer loop
    vertex -3.4999992847442627 69.11602783203125 8.666665077209473
    vertex -3.707106113433838 68.95710754394531 4.333330154418945
    vertex -3.4999992847442627 69.11602783203125 4.333330154418945
  endloop
endfacet
facet normal 0.0 0.0 0.0
  outer loop
    vertex -3.2588183879852295 69.21592712402344 8.666665077209473
    vertex -3.4999992847442627 69.11602783203125 8.666665077209473
    vertex -3.4999992847442627 69.11602783203125 4.333330154418945
  endloop
endfacet
facet normal 0.0 0.0 0.0
  outer loop
    vertex -3.2588183879852295 69.21592712402344 8.666665077209473
    vertex -3.4999992847442627 69.11602783203125 4.333330154418945
    vertex -3.2588183879852295 69.21592712402344 4.333330154418945
  endloop
endfacet
facet normal 0.0 0.0 0.0
  outer loop
    vertex -2.999999523162842 69.25 13.0
    vertex 2.999999523162842 69.25 13.0
    vertex -2.999999523162842 69.28407287597656 13.258811950683594
  endloop
endfacet
facet normal 0.0 0.0 0.0
  outer loop
    vertex -2.999999523162842 69.28407287597656 13.258811950683594
    vertex 2.999999523162842 69.25 13.0
    vertex 2.999999523162842 69.28407287597656 13.258811950683594
  endloop
endfacet
facet normal 0.0 0.0 0.0
  outer loop
    vertex -2.999999523162842 69.28407287597656 13.258811950683594
    vertex 2.999999523162842 69.28407287597656 13.258811950683594
    vertex -2.999999523162842 69.38397216796875 13.5
  endloop
endfacet
facet normal 0.0 0.0 0.0
  outer loop
    vertex -2.999999523162842 69.38397216796875 13.5
    vertex 2.999999523162842 69.28407287597656 13.258811950683594
    vertex 2.999999523162842 69.38397216796875 13.5
  endloop
endfacet
facet normal 0.0 0.0 0.0
  outer loop
    vertex -2.999999523162842 69.38397216796875 13.5
    vertex 2.999999523162842 69.38397216796875 13.5
    vertex -2.999999523162842 69.54289245605469 13.707099914550781
  endloop
endfacet
facet normal 0.0 0.0 0.0
  outer loop
    vertex -2.999999523162842 69.54289245605469 13.707099914550781
    vertex 2.999999523162842 69.38397216796875 13.5
    vertex 2.999999523162842 69.54289245605469 13.707099914550781
  endloop
endfacet
facet normal 0.0 0.0 0.0
  outer loop
    vertex -2.999999523162842 69.54289245605469 13.707099914550781
    vertex 2.999999523162842 69.54289245605469 13.707099914550781
    vertex -2.999999523162842 69.75 13.866020202636719
  endloop
endfacet
facet normal 0.0 0.0 0.0
  outer loop
    vertex -2.999999523162842 69.75 13.866020202636719
    vertex 2.999999523162842 69.54289245605469 13.707099914550781
    vertex 2.999999523162842 69.75 13.866020202636719
  endloop
endfacet
facet normal 0.0 0.0 0.0
  outer loop
    vertex -2.999999523162842 69.75 13.866020202636719
    vertex 2.999999523162842 69.75 13.866020202636719
    vertex -2.999999523162842 69.99118041992188 13.965919494628906
  endloop
endfacet
facet normal 0.0 0.0 0.0
  outer loop
    vertex -2.999999523162842 69.99118041992188 13.965919494628906
    vertex 2.999999523162842 69.75 13.866020202636719
    vertex 2.999999523162842 69.99118041992188 13.965919494628906
  endloop
endfacet
facet normal 0.0 0.0 0.0
  outer loop
    vertex -2.999999523162842 69.99118041992188 13.965919494628906
    vertex 2.999999523162842 69.99118041992188 13.965919494628906
    vertex -2.999999523162842 70.25 14.0
  endloop
endfacet
facet normal 0.0 0.0 0.0
  outer loop
    vertex -2.999999523162842 70.25 14.0
    vertex 2.999999523162842 69.99118041992188 13.965919494628906
    vertex 2.999999523162842 70.25 14.0
  endloop
endfacet
facet normal 0.0 0.0 0.0
  outer loop
    vertex 3.258819103240967 69.21592712402344 1.9073486328125e-06
    vertex 3.2588188648223877 69.21592712402344 4.333330154418945
    vertex 3.0 69.25 1.9073486328125e-06
  endloop
endfacet
facet normal 0.0 0.0 0.0
  outer loop
    vertex 3.0 69.25 1.9073486328125e-06
    vertex 3.2588188648223877 69.21592712402344 4.333330154418945
    vertex 3.2588188648223877 69.21592712402344 8.666665077209473
  endloop
endfacet
facet normal 0.0 0.0 0.0
  outer loop
    vertex 3.0 69.25 1.9073486328125e-06
    vertex 3.2588188648223877 69.21592712402344 8.666665077209473
    vertex 2.999999523162842 69.25 13.0
  endloop
endfacet
facet normal 0.0 0.0 0.0
  outer loop
    vertex 2.999999523162842 69.25 13.0
    vertex 3.2588188648223877 69.21592712402344 8.666665077209473
    vertex 3.2588186264038086 69.21592712402344 13.0
  endloop
endfacet
facet normal 0.0 0.0 0.0
  outer loop
    vertex 3.2588186264038086 69.21592712402344 13.0
    vertex 3.2588188648223877 69.21592712402344 8.666665077209473
    vertex 3.499999523162842 69.11602783203125 13.0
  endloop
endfacet
facet normal 0.0 0.0 0.0
  outer loop
    vertex 3.499999523162842 69.11602783203125 13.0
    vertex 3.2588188648223877 69.21592712402344 8.666665077209473
    vertex 3.499999761581421 69.11602783203125 8.666665077209473
  endloop
endfacet
facet normal 0.0 0.0 0.0
  outer loop
    vertex 3.499999523162842 69.11602783203125 13.0
    vertex 3.499999761581421 69.11602783203125 8.666665077209473
    vertex 3.707106351852417 68.95710754394531 13.0
  endloop
endfacet
facet normal 0.0 0.0 0.0
  outer loop
    vertex 3.707106351852417 68.95710754394531 13.0
    vertex 3.499999761581421 69.11602783203125 8.666665077209473
    vertex 3.707106590270996 68.95710754394531 8.666665077209473
  endloop
endfacet
facet normal 0.0 0.0 0.0
  outer loop
    vertex 3.707106351852417 68.95710754394531 13.0
    vertex 3.707106590270996 68.95710754394531 8.666665077209473
    vertex 3.866024971008301 68.75 13.0
  endloop
endfacet
facet normal 0.0 0.0 0.0
  outer loop
    vertex 3.866024971008301 68.75 13.0
    vertex 3.707106590270996 68.95710754394531 8.666665077209473
    vertex 3.86602520942688 68.75 8.666665077209473
  endloop
endfacet
facet normal 0.0 0.0 0.0
  outer loop
    vertex 3.866024971008301 68.75 13.0
    vertex 3.86602520942688 68.75 8.666665077209473
    vertex 3.965925455093384 68.50881958007812 13.0
  endloop
endfacet
facet normal 0.0 0.0 0.0
  outer loop
    vertex 3.965925455093384 68.50881958007812 13.0
    vertex 3.86602520942688 68.75 8.666665077209473
    vertex 3.965925693511963 68.50881958007812 8.666665077209473
  endloop
endfacet
facet normal 0.0 0.0 0.0
  outer loop
    vertex 3.965925455093384 68.50881958007812 13.0
    vertex 3.965925693511963 68.50881958007812 8.666665077209473
    vertex 3.999999523162842 68.25 13.0
  endloop
endfacet
facet normal 0.0 0.0 0.0
  outer loop
    vertex 3.999999523162842 68.25 13.0
    vertex 3.965925693511963 68.50881958007812 8.666665077209473
    vertex 3.965925693511963 68.50881958007812 4.333330154418945
  endloop
endfacet
facet normal 0.0 0.0 0.0
  outer loop
    vertex 3.999999523162842 68.25 13.0
    vertex 3.965925693511963 68.50881958007812 4.333330154418945
    vertex 4.0 68.25 1.9073486328125e-06
  endloop
endfacet
facet normal 0.0 0.0 0.0
  outer loop
    vertex 4.0 68.25 1.9073486328125e-06
    vertex 3.965925693511963 68.50881958007812 4.333330154418945
    vertex 3.965925931930542 68.50881958007812 1.9073486328125e-06
  endloop
endfacet
facet normal 0.0 0.0 0.0
  outer loop
    vertex 3.965925931930542 68.50881958007812 1.9073486328125e-06
    vertex 3.965925693511963 68.50881958007812 4.333330154418945
    vertex 3.866025447845459 68.75 1.9073486328125e-06
  endloop
endfacet
facet normal 0.0 0.0 0.0
  outer loop
    vertex 3.866025447845459 68.75 1.9073486328125e-06
    vertex 3.965925693511963 68.50881958007812 4.333330154418945
    vertex 3.86602520942688 68.75 4.333330154418945
  endloop
endfacet
facet normal 0.0 0.0 0.0
  outer loop
    vertex 3.866025447845459 68.75 1.9073486328125e-06
    vertex 3.86602520942688 68.75 4.333330154418945
    vertex 3.707106828689575 68.95710754394531 1.9073486328125e-06
  endloop
endfacet
facet normal 0.0 0.0 0.0
  outer loop
    vertex 3.707106828689575 68.95710754394531 1.9073486328125e-06
    vertex 3.86602520942688 68.75 4.333330154418945
    vertex 3.707106590270996 68.95710754394531 4.333330154418945
  endloop
endfacet
facet normal 0.0 0.0 0.0
  outer loop
    vertex 3.707106828689575 68.95710754394531 1.9073486328125e-06
    vertex 3.707106590270996 68.95710754394531 4.333330154418945
    vertex 3.5 69.11602783203125 1.9073486328125e-06
  endloop
endfacet
facet normal 0.0 0.0 0.0
  outer loop
    vertex 3.5 69.11602783203125 1.9073486328125e-06
    vertex 3.707106590270996 68.95710754394531 4.333330154418945
    vertex 3.499999761581421 69.11602783203125 4.333330154418945
  endloop
endfacet
facet normal 0.0 0.0 0.0
  outer loop
    vertex 3.5 69.11602783203125 1.9073486328125e-06
    vertex 3.499999761581421 69.11602783203125 4.333330154418945
    vertex 3.258819103240967 69.21592712402344 1.9073486328125e-06
  endloop
endfacet
facet normal 0.0 0.0 0.0
  outer loop
    vertex 3.258819103240967 69.21592712402344 1.9073486328125e-06
    vertex 3.499999761581421 69.11602783203125 4.333330154418945
    vertex 3.2588188648223877 69.21592712402344 4.333330154418945
  endloop
endfacet
facet normal 0.0 0.0 0.0
  outer loop
    vertex 3.499999761581421 69.11602783203125 8.666665077209473
    vertex 3.2588188648223877 69.21592712402344 8.666665077209473
    vertex 3.2588188648223877 69.21592712402344 4.333330154418945
  endloop
endfacet
facet normal 0.0 0.0 0.0
  outer loop
    vertex 3.499999761581421 69.11602783203125 8.666665077209473
    vertex 3.2588188648223877 69.21592712402344 4.333330154418945
    vertex 3.499999761581421 69.11602783203125 4.333330154418945
  endloop
endfacet
facet normal 0.0 0.0 0.0
  outer loop
    vertex 3.707106590270996 68.95710754394531 8.666665077209473
    vertex 3.499999761581421 69.11602783203125 8.666665077209473
    vertex 3.499999761581421 69.11602783203125 4.333330154418945
  endloop
endfacet
facet normal 0.0 0.0 0.0
  outer loop
    vertex 3.707106590270996 68.95710754394531 8.666665077209473
    vertex 3.499999761581421 69.11602783203125 4.333330154418945
    vertex 3.707106590270996 68.95710754394531 4.333330154418945
  endloop
endfacet
facet normal 0.0 0.0 0.0
  outer loop
    vertex 3.86602520942688 68.75 8.666665077209473
    vertex 3.707106590270996 68.95710754394531 8.666665077209473
    vertex 3.707106590270996 68.95710754394531 4.333330154418945
  endloop
endfacet
facet normal 0.0 0.0 0.0
  outer loop
    vertex 3.86602520942688 68.75 8.666665077209473
    vertex 3.707106590270996 68.95710754394531 4.333330154418945
    vertex 3.86602520942688 68.75 4.333330154418945
  endloop
endfacet
facet normal 0.0 0.0 0.0
  outer loop
    vertex 3.965925693511963 68.50881958007812 8.666665077209473
    vertex 3.86602520942688 68.75 8.666665077209473
    vertex 3.86602520942688 68.75 4.333330154418945
  endloop
endfacet
facet normal 0.0 0.0 0.0
  outer loop
    vertex 3.965925693511963 68.50881958007812 8.666665077209473
    vertex 3.86602520942688 68.75 4.333330154418945
    vertex 3.965925693511963 68.50881958007812 4.333330154418945
  endloop
endfacet
facet normal 0.0 0.0 0.0
  outer loop
    vertex 2.999999523162842 -72.25 13.0
    vertex -2.999999523162842 -72.25 13.0
    vertex 2.999999523162842 -72.28407287597656 13.258811950683594
  endloop
endfacet
facet normal 0.0 0.0 0.0
  outer loop
    vertex 2.999999523162842 -72.28407287597656 13.258811950683594
    vertex -2.999999523162842 -72.25 13.0
    vertex -2.999999523162842 -72.28407287597656 13.258811950683594
  endloop
endfacet
facet normal 0.0 0.0 0.0
  outer loop
    vertex 2.999999523162842 -72.28407287597656 13.258811950683594
    vertex -2.999999523162842 -72.28407287597656 13.258811950683594
    vertex 2.999999523162842 -72.38397216796875 13.5
  endloop
endfacet
facet normal 0.0 0.0 0.0
  outer loop
    vertex 2.999999523162842 -72.38397216796875 13.5
    vertex -2.999999523162842 -72.28407287597656 13.258811950683594
    vertex -2.999999523162842 -72.38397216796875 13.5
  endloop
endfacet
facet normal 0.0 0.0 0.0
  outer loop
    vertex 2.999999523162842 -72.38397216796875 13.5
    vertex -2.999999523162842 -72.38397216796875 13.5
    vertex 2.999999523162842 -72.54289245605469 13.707099914550781
  endloop
endfacet
facet normal 0.0 0.0 0.0
  outer loop
    vertex 2.999999523162842 -72.54289245605469 13.707099914550781
    vertex -2.999999523162842 -72.38397216796875 13.5
    vertex -2.999999523162842 -72.54289245605469 13.707099914550781
  endloop
endfacet
facet normal 0.0 0.0 0.0
  outer loop
    vertex 2.999999523162842 -72.54289245605469 13.707099914550781
    vertex -2.999999523162842 -72.54289245605469 13.707099914550781
    vertex 2.999999523162842 -72.75 13.866020202636719
  endloop
endfacet
facet normal 0.0 0.0 0.0
  outer loop
    vertex 2.999999523162842 -72.75 13.866020202636719
    vertex -2.999999523162842 -72.54289245605469 13.707099914550781
    vertex -2.999999523162842 -72.75 13.866020202636719
  endloop
endfacet
facet normal 0.0 0.0 0.0
  outer loop
    vertex 2.999999523162842 -72.75 13.866020202636719
    vertex -2.999999523162842 -72.75 13.866020202636719
    vertex 2.999999523162842 -72.99118041992188 13.965919494628906
  endloop
endfacet
facet normal 0.0 0.0 0.0
  outer loop
    vertex 2.999999523162842 -72.99118041992188 13.965919494628906
    vertex -2.999999523162842 -72.75 13.866020202636719
    vertex -2.999999523162842 -72.99118041992188 13.965919494628906
  endloop
endfacet
facet normal 0.0 0.0 0.0
  outer loop
    vertex 2.999999523162842 -72.99118041992188 13.965919494628906
    vertex -2.999999523162842 -72.99118041992188 13.965919494628906
    vertex 2.999999523162842 -73.25 14.0
  endloop
endfacet
facet normal 0.0 0.0 0.0
  outer loop
    vertex 2.999999523162842 -73.25 14.0
    vertex -2.999999523162842 -72.99118041992188 13.965919494628906
    vertex -2.999999523162842 -73.25 14.0
  endloop
endfacet
facet normal 0.0 0.0 0.0
  outer loop
    vertex -3.2588181495666504 -72.21592712402344 1.9073486328125e-06
    vertex -3.2588183879852295 -72.21592712402344 4.333330154418945
    vertex -2.9999990463256836 -72.25 1.9073486328125e-06
  endloop
endfacet
facet normal 0.0 0.0 0.0
  outer loop
    vertex -2.9999990463256836 -72.25 1.9073486328125e-06
    vertex -3.2588183879852295 -72.21592712402344 4.333330154418945
    vertex -3.2588183879852295 -72.21592712402344 8.666665077209473
  endloop
endfacet
facet normal 0.0 0.0 0.0
  outer loop
    vertex -2.9999990463256836 -72.25 1.9073486328125e-06
    vertex -3.2588183879852295 -72.21592712402344 8.666665077209473
    vertex -2.999999523162842 -72.25 13.0
  endloop
endfacet
facet normal 0.0 0.0 0.0
  outer loop
    vertex -2.999999523162842 -72.25 13.0
    vertex -3.2588183879852295 -72.21592712402344 8.666665077209473
    vertex -3.2588186264038086 -72.21592712402344 13.0
  endloop
endfacet
facet normal 0.0 0.0 0.0
  outer loop
    vertex -3.2588186264038086 -72.21592712402344 13.0
    vertex -3.2588183879852295 -72.21592712402344 8.666665077209473
    vertex -3.499999523162842 -72.11602783203125 13.0
  endloop
endfacet
facet normal 0.0 0.0 0.0
  outer loop
    vertex -3.499999523162842 -72.11602783203125 13.0
    vertex -3.2588183879852295 -72.21592712402344 8.666665077209473
    vertex -3.4999992847442627 -72.11602783203125 8.666665077209473
  endloop
endfacet
facet normal 0.0 0.0 0.0
  outer loop
    vertex -3.499999523162842 -72.11602783203125 13.0
    vertex -3.4999992847442627 -72.11602783203125 8.666665077209473
    vertex -3.707106351852417 -71.95710754394531 13.0
  endloop
endfacet
facet normal 0.0 0.0 0.0
  outer loop
    vertex -3.707106351852417 -71.95710754394531 13.0
    vertex -3.4999992847442627 -72.11602783203125 8.666665077209473
    vertex -3.707106113433838 -71.95710754394531 8.666665077209473
  endloop
endfacet
facet normal 0.0 0.0 0.0
  outer loop
    vertex -3.707106351852417 -71.95710754394531 13.0
    vertex -3.707106113433838 -71.95710754394531 8.666665077209473
    vertex -3.866024971008301 -71.75 13.0
  endloop
endfacet
facet normal 0.0 0.0 0.0
  outer loop
    vertex -3.866024971008301 -71.75 13.0
    vertex -3.707106113433838 -71.95710754394531 8.666665077209473
    vertex -3.8660247325897217 -71.75 8.666665077209473
  endloop
endfacet
facet normal 0.0 0.0 0.0
  outer loop
    vertex -3.866024971008301 -71.75 13.0
    vertex -3.8660247325897217 -71.75 8.666665077209473
    vertex -3.965925455093384 -71.50881958007812 13.0
  endloop
endfacet
facet normal 0.0 0.0 0.0
  outer loop
    vertex -3.965925455093384 -71.50881958007812 13.0
    vertex -3.8660247325897217 -71.75 8.666665077209473
    vertex -3.9659252166748047 -71.50881958007812 8.666665077209473
  endloop
endfacet
facet normal 0.0 0.0 0.0
  outer loop
    vertex -3.965925455093384 -71.50881958007812 13.0
    vertex -3.9659252166748047 -71.50881958007812 8.666665077209473
    vertex -3.999999523162842 -71.25 13.0
  endloop
endfacet
facet normal 0.0 0.0 0.0
  outer loop
    vertex -3.999999523162842 -71.25 13.0
    vertex -3.9659252166748047 -71.50881958007812 8.666665077209473
    vertex -3.9659252166748047 -71.50881958007812 4.333330154418945
  endloop
endfacet
facet normal 0.0 0.0 0.0
  outer loop
    vertex -3.999999523162842 -71.25 13.0
    vertex -3.9659252166748047 -71.50881958007812 4.333330154418945
    vertex -3.9999990463256836 -71.25 1.9073486328125e-06
  endloop
endfacet
facet normal 0.0 0.0 0.0
  outer loop
    vertex -3.9999990463256836 -71.25 1.9073486328125e-06
    vertex -3.9659252166748047 -71.50881958007812 4.333330154418945
    vertex -3.9659249782562256 -71.50881958007812 1.9073486328125e-06
  endloop
endfacet
facet normal 0.0 0.0 0.0
  outer loop
    vertex -3.9659249782562256 -71.50881958007812 1.9073486328125e-06
    vertex -3.9659252166748047 -71.50881958007812 4.333330154418945
    vertex -3.8660244941711426 -71.75 1.9073486328125e-06
  endloop
endfacet
facet normal 0.0 0.0 0.0
  outer loop
    vertex -3.8660244941711426 -71.75 1.9073486328125e-06
    vertex -3.9659252166748047 -71.50881958007812 4.333330154418945
    vertex -3.8660247325897217 -71.75 4.333330154418945
  endloop
endfacet
facet normal 0.0 0.0 0.0
  outer loop
    vertex -3.8660244941711426 -71.75 1.9073486328125e-06
    vertex -3.8660247325897217 -71.75 4.333330154418945
    vertex -3.707105875015259 -71.95710754394531 1.9073486328125e-06
  endloop
endfacet
facet normal 0.0 0.0 0.0
  outer loop
    vertex -3.707105875015259 -71.95710754394531 1.9073486328125e-06
    vertex -3.8660247325897217 -71.75 4.333330154418945
    vertex -3.707106113433838 -71.95710754394531 4.333330154418945
  endloop
endfacet
facet normal 0.0 0.0 0.0
  outer loop
    vertex -3.707105875015259 -71.95710754394531 1.9073486328125e-06
    vertex -3.707106113433838 -71.95710754394531 4.333330154418945
    vertex -3.4999990463256836 -72.11602783203125 1.9073486328125e-06
  endloop
endfacet
facet normal 0.0 0.0 0.0
  outer loop
    vertex -3.4999990463256836 -72.11602783203125 1.9073486328125e-06
    vertex -3.707106113433838 -71.95710754394531 4.333330154418945
    vertex -3.4999992847442627 -72.11602783203125 4.333330154418945
  endloop
endfacet
facet normal 0.0 0.0 0.0
  outer loop
    vertex -3.4999990463256836 -72.11602783203125 1.9073486328125e-06
    vertex -3.4999992847442627 -72.11602783203125 4.333330154418945
    vertex -3.2588181495666504 -72.21592712402344 1.9073486328125e-06
  endloop
endfacet
facet normal 0.0 0.0 0.0
  outer loop
    vertex -3.2588181495666504 -72.21592712402344 1.9073486328125e-06
    vertex -3.4999992847442627 -72.11602783203125 4.333330154418945
    vertex -3.2588183879852295 -72.21592712402344 4.333330154418945
  endloop
endfacet
facet normal 0.0 0.0 0.0
  outer loop
    vertex -3.4999992847442627 -72.11602783203125 8.666665077209473
    vertex -3.2588183879852295 -72.21592712402344 8.666665077209473
    vertex -3.2588183879852295 -72.21592712402344 4.333330154418945
  endloop
endfacet
facet normal 0.0 0.0 0.0
  outer loop
    vertex -3.4999992847442627 -72.11602783203125 8.666665077209473
    vertex -3.2588183879852295 -72.21592712402344 4.333330154418945
    vertex -3.4999992847442627 -72.11602783203125 4.333330154418945
  endloop
endfacet
facet normal 0.0 0.0 0.0
  outer loop
    vertex -3.707106113433838 -71.95710754394531 8.666665077209473
    vertex -3.4999992847442627 -72.11602783203125 8.666665077209473
    vertex -3.4999992847442627 -72.11602783203125 4.333330154418945
  endloop
endfacet
facet normal 0.0 0.0 0.0
  outer loop
    vertex -3.707106113433838 -71.95710754394531 8.666665077209473
    vertex -3.4999992847442627 -72.11602783203125 4.333330154418945
    vertex -3.707106113433838 -71.95710754394531 4.333330154418945
  endloop
endfacet
facet normal 0.0 0.0 0.0
  outer loop
    vertex -3.8660247325897217 -71.75 8.666665077209473
    vertex -3.707106113433838 -71.95710754394531 8.666665077209473
    vertex -3.707106113433838 -71.95710754394531 4.333330154418945
  endloop
endfacet
facet normal 0.0 0.0 0.0
  outer loop
    vertex -3.8660247325897217 -71.75 8.666665077209473
    vertex -3.707106113433838 -71.95710754394531 4.333330154418945
    vertex -3.8660247325897217 -71.75 4.333330154418945
  endloop
endfacet
facet normal 0.0 0.0 0.0
  outer loop
    vertex -3.9659252166748047 -71.50881958007812 8.666665077209473
    vertex -3.8660247325897217 -71.75 8.666665077209473
    vertex -3.8660247325897217 -71.75 4.333330154418945
  endloop
endfacet
facet normal 0.0 0.0 0.0
  outer loop
    vertex -3.9659252166748047 -71.50881958007812 8.666665077209473
    vertex -3.8660247325897217 -71.75 4.333330154418945
    vertex -3.9659252166748047 -71.50881958007812 4.333330154418945
  endloop
endfacet
facet normal 0.0 0.0 0.0
  outer loop
    vertex 3.965925931930542 -71.50881958007812 1.9073486328125e-06
    vertex 3.965925693511963 -71.50881958007812 4.333330154418945
    vertex 4.0 -71.25 1.9073486328125e-06
  endloop
endfacet
facet normal 0.0 0.0 0.0
  outer loop
    vertex 4.0 -71.25 1.9073486328125e-06
    vertex 3.965925693511963 -71.50881958007812 4.333330154418945
    vertex 3.965925693511963 -71.50881958007812 8.666665077209473
  endloop
endfacet
facet normal 0.0 0.0 0.0
  outer loop
    vertex 4.0 -71.25 1.9073486328125e-06
    vertex 3.965925693511963 -71.50881958007812 8.666665077209473
    vertex 3.999999523162842 -71.25 13.0
  endloop
endfacet
facet normal 0.0 0.0 0.0
  outer loop
    vertex 3.999999523162842 -71.25 13.0
    vertex 3.965925693511963 -71.50881958007812 8.666665077209473
    vertex 3.965925455093384 -71.50881958007812 13.0
  endloop
endfacet
facet normal 0.0 0.0 0.0
  outer loop
    vertex 3.965925455093384 -71.50881958007812 13.0
    vertex 3.965925693511963 -71.50881958007812 8.666665077209473
    vertex 3.866024971008301 -71.75 13.0
  endloop
endfacet
facet normal 0.0 0.0 0.0
  outer loop
    vertex 3.866024971008301 -71.75 13.0
    vertex 3.965925693511963 -71.50881958007812 8.666665077209473
    vertex 3.86602520942688 -71.75 8.666665077209473
  endloop
endfacet
facet normal 0.0 0.0 0.0
  outer loop
    vertex 3.866024971008301 -71.75 13.0
    vertex 3.86602520942688 -71.75 8.666665077209473
    vertex 3.707106351852417 -71.95710754394531 13.0
  endloop
endfacet
facet normal 0.0 0.0 0.0
  outer loop
    vertex 3.707106351852417 -71.95710754394531 13.0
    vertex 3.86602520942688 -71.75 8.666665077209473
    vertex 3.707106590270996 -71.95710754394531 8.666665077209473
  endloop
endfacet
facet normal 0.0 0.0 0.0
  outer loop
    vertex 3.707106351852417 -71.95710754394531 13.0
    vertex 3.707106590270996 -71.95710754394531 8.666665077209473
    vertex 3.499999523162842 -72.11602783203125 13.0
  endloop
endfacet
facet normal 0.0 0.0 0.0
  outer loop
    vertex 3.499999523162842 -72.11602783203125 13.0
    vertex 3.707106590270996 -71.95710754394531 8.666665077209473
    vertex 3.499999761581421 -72.11602783203125 8.666665077209473
  endloop
endfacet
facet normal 0.0 0.0 0.0
  outer loop
    vertex 3.499999523162842 -72.11602783203125 13.0
    vertex 3.499999761581421 -72.11602783203125 8.666665077209473
    vertex 3.2588186264038086 -72.21592712402344 13.0
  endloop
endfacet
facet normal 0.0 0.0 0.0
  outer loop
    vertex 3.2588186264038086 -72.21592712402344 13.0
    vertex 3.499999761581421 -72.11602783203125 8.666665077209473
    vertex 3.2588188648223877 -72.21592712402344 8.666665077209473
  endloop
endfacet
facet normal 0.0 0.0 0.0
  outer loop
    vertex 3.2588186264038086 -72.21592712402344 13.0
    vertex 3.2588188648223877 -72.21592712402344 8.666665077209473
    vertex 2.999999523162842 -72.25 13.0
  endloop
endfacet
facet normal 0.0 0.0 0.0
  outer loop
    vertex 2.999999523162842 -72.25 13.0
    vertex 3.2588188648223877 -72.21592712402344 8.666665077209473
    vertex 3.2588188648223877 -72.21592712402344 4.333330154418945
  endloop
endfacet
facet normal 0.0 0.0 0.0
  outer loop
    vertex 2.999999523162842 -72.25 13.0
    vertex 3.2588188648223877 -72.21592712402344 4.333330154418945
    vertex 3.0 -72.25 1.9073486328125e-06
  endloop
endfacet
facet normal 0.0 0.0 0.0
  outer loop
    vertex 3.0 -72.25 1.9073486328125e-06
    vertex 3.2588188648223877 -72.21592712402344 4.333330154418945
    vertex 3.258819103240967 -72.21592712402344 1.9073486328125e-06
  endloop
endfacet
facet normal 0.0 0.0 0.0
  outer loop
    vertex 3.258819103240967 -72.21592712402344 1.9073486328125e-06
    vertex 3.2588188648223877 -72.21592712402344 4.333330154418945
    vertex 3.5 -72.11602783203125 1.9073486328125e-06
  endloop
endfacet
facet normal 0.0 0.0 0.0
  outer loop
    vertex 3.5 -72.11602783203125 1.9073486328125e-06
    vertex 3.2588188648223877 -72.21592712402344 4.333330154418945
    vertex 3.499999761581421 -72.11602783203125 4.333330154418945
  endloop
endfacet
facet normal 0.0 0.0 0.0
  outer loop
    vertex 3.5 -72.11602783203125 1.9073486328125e-06
    vertex 3.499999761581421 -72.11602783203125 4.333330154418945
    vertex 3.707106828689575 -71.95710754394531 1.9073486328125e-06
  endloop
endfacet
facet normal 0.0 0.0 0.0
  outer loop
    vertex 3.707106828689575 -71.95710754394531 1.9073486328125e-06
    vertex 3.499999761581421 -72.11602783203125 4.333330154418945
    vertex 3.707106590270996 -71.95710754394531 4.333330154418945
  endloop
endfacet
facet normal 0.0 0.0 0.0
  outer loop
    vertex 3.707106828689575 -71.95710754394531 1.9073486328125e-06
    vertex 3.707106590270996 -71.95710754394531 4.333330154418945
    vertex 3.866025447845459 -71.75 1.9073486328125e-06
  endloop
endfacet
facet normal 0.0 0.0 0.0
  outer loop
    vertex 3.866025447845459 -71.75 1.9073486328125e-06
    vertex 3.707106590270996 -71.95710754394531 4.333330154418945
    vertex 3.86602520942688 -71.75 4.333330154418945
  endloop
endfacet
facet normal 0.0 0.0 0.0
  outer loop
    vertex 3.866025447845459 -71.75 1.9073486328125e-06
    vertex 3.86602520942688 -71.75 4.333330154418945
    vertex 3.965925931930542 -71.50881958007812 1.9073486328125e-06
  endloop
endfacet
facet normal 0.0 0.0 0.0
  outer loop
    vertex 3.965925931930542 -71.50881958007812 1.9073486328125e-06
    vertex 3.86602520942688 -71.75 4.333330154418945
    vertex 3.965925693511963 -71.50881958007812 4.333330154418945
  endloop
endfacet
facet normal 0.0 0.0 0.0
  outer loop
    vertex 3.86602520942688 -71.75 8.666665077209473
    vertex 3.965925693511963 -71.50881958007812 8.666665077209473
    vertex 3.965925693511963 -71.50881958007812 4.333330154418945
  endloop
endfacet
facet normal 0.0 0.0 0.0
  outer loop
    vertex 3.86602520942688 -71.75 8.666665077209473
    vertex 3.965925693511963 -71.50881958007812 4.333330154418945
    vertex 3.86602520942688 -71.75 4.333330154418945
  endloop
endfacet
facet normal 0.0 0.0 0.0
  outer loop
    vertex 3.707106590270996 -71.95710754394531 8.666665077209473
    vertex 3.86602520942688 -71.75 8.666665077209473
    vertex 3.86602520942688 -71.75 4.333330154418945
  endloop
endfacet
facet normal 0.0 0.0 0.0
  outer loop
    vertex 3.707106590270996 -71.95710754394531 8.666665077209473
    vertex 3.86602520942688 -71.75 4.333330154418945
    vertex 3.707106590270996 -71.95710754394531 4.333330154418945
  endloop
endfacet
facet normal 0.0 0.0 0.0
  outer loop
    vertex 3.499999761581421 -72.11602783203125 8.666665077209473
    vertex 3.707106590270996 -71.95710754394531 8.666665077209473
    vertex 3.707106590270996 -71.95710754394531 4.333330154418945
  endloop
endfacet
facet normal 0.0 0.0 0.0
  outer loop
    vertex 3.499999761581421 -72.11602783203125 8.666665077209473
    vertex 3.707106590270996 -71.95710754394531 4.333330154418945
    vertex 3.499999761581421 -72.11602783203125 4.333330154418945
  endloop
endfacet
facet normal 0.0 0.0 0.0
  outer loop
    vertex 3.2588188648223877 -72.21592712402344 8.666665077209473
    vertex 3.499999761581421 -72.11602783203125 8.666665077209473
    vertex 3.499999761581421 -72.11602783203125 4.333330154418945
  endloop
endfacet
facet normal 0.0 0.0 0.0
  outer loop
    vertex 3.2588188648223877 -72.21592712402344 8.666665077209473
    vertex 3.499999761581421 -72.11602783203125 4.333330154418945
    vertex 3.2588188648223877 -72.21592712402344 4.333330154418945
  endloop
endfacet
facet normal 0.0 0.0 0.0
  outer loop
    vertex -3.999999523162842 68.25 13.0
    vertex -3.999999523162842 -71.25 13.0
    vertex -3.9999990463256836 68.25 1.9073486328125e-06
  endloop
endfacet
facet normal 0.0 0.0 0.0
  outer loop
    vertex -3.9999990463256836 68.25 1.9073486328125e-06
    vertex -3.999999523162842 -71.25 13.0
    vertex -3.9999990463256836 -71.25 1.9073486328125e-06
  endloop
endfacet
facet normal 0.0 0.0 0.0
  outer loop
    vertex -2.999999523162842 -72.25 13.0
    vertex 2.999999523162842 -72.25 13.0
    vertex -2.9999990463256836 -72.25 1.9073486328125e-06
  endloop
endfacet
facet normal 0.0 0.0 0.0
  outer loop
    vertex -2.9999990463256836 -72.25 1.9073486328125e-06
    vertex 2.999999523162842 -72.25 13.0
    vertex 3.0 -72.25 1.9073486328125e-06
  endloop
endfacet
facet normal 0.0 0.0 0.0
  outer loop
    vertex 5.999999046325684 78.25 14.0
    vertex 4.999999523162842 68.25 14.0
    vertex 5.999999046325684 -76.25 14.0
  endloop
endfacet
facet normal 0.0 0.0 0.0
  outer loop
    vertex 5.999999046325684 -76.25 14.0
    vertex 4.999999523162842 68.25 14.0
    vertex 4.999999523162842 -71.25 14.0
  endloop
endfacet
facet normal 0.0 0.0 0.0
  outer loop
    vertex 5.999999046325684 -76.25 14.0
    vertex 4.999999523162842 -71.25 14.0
    vertex 4.931851387023926 -71.76763916015625 14.0
  endloop
endfacet
facet normal 0.0 0.0 0.0
  outer loop
    vertex -5.999999046325684 78.25 14.0
    vertex 2.999999523162842 70.25 14.0
    vertex 5.999999046325684 78.25 14.0
  endloop
endfacet
facet normal 0.0 0.0 0.0
  outer loop
    vertex 5.999999046325684 78.25 14.0
    vertex 2.999999523162842 70.25 14.0
    vertex 3.5176377296447754 70.18185424804688 14.0
  endloop
endfacet
facet normal 0.0 0.0 0.0
  outer loop
    vertex 5.999999046325684 78.25 14.0
    vertex 3.5176377296447754 70.18185424804688 14.0
    vertex 3.999999523162842 69.9820556640625 14.0
  endloop
endfacet
facet normal 0.0 0.0 0.0
  outer loop
    vertex -5.999999046325684 -76.25 14.0
    vertex -4.999999523162842 68.25 14.0
    vertex -5.999999046325684 78.25 14.0
  endloop
endfacet
facet normal 0.0 0.0 0.0
  outer loop
    vertex -5.999999046325684 78.25 14.0
    vertex -4.999999523162842 68.25 14.0
    vertex -4.931851387023926 68.76763916015625 14.0
  endloop
endfacet
facet normal 0.0 0.0 0.0
  outer loop
    vertex -5.999999046325684 78.25 14.0
    vertex -4.931851387023926 68.76763916015625 14.0
    vertex -4.73205041885376 69.25 14.0
  endloop
endfacet
facet normal 0.0 0.0 0.0
  outer loop
    vertex 5.999999046325684 -76.25 14.0
    vertex -2.999999523162842 -73.25 14.0
    vertex -5.999999046325684 -76.25 14.0
  endloop
endfacet
facet normal 0.0 0.0 0.0
  outer loop
    vertex -5.999999046325684 -76.25 14.0
    vertex -2.999999523162842 -73.25 14.0
    vertex -3.5176377296447754 -73.18185424804688 14.0
  endloop
endfacet
facet normal 0.0 0.0 0.0
  outer loop
    vertex -5.999999046325684 -76.25 14.0
    vertex -3.5176377296447754 -73.18185424804688 14.0
    vertex -3.999999523162842 -72.98204803466797 14.0
  endloop
endfacet
facet normal 0.0 0.0 0.0
  outer loop
    vertex -4.73205041885376 69.25 14.0
    vertex -4.414213180541992 69.66421508789062 14.0
    vertex -5.999999046325684 78.25 14.0
  endloop
endfacet
facet normal 0.0 0.0 0.0
  outer loop
    vertex -5.999999046325684 78.25 14.0
    vertex -4.414213180541992 69.66421508789062 14.0
    vertex -3.999999523162842 69.9820556640625 14.0
  endloop
endfacet
facet normal 0.0 0.0 0.0
  outer loop
    vertex -5.999999046325684 78.25 14.0
    vertex -3.999999523162842 69.9820556640625 14.0
    vertex -3.5176377296447754 70.18185424804688 14.0
  endloop
endfacet
facet normal 0.0 0.0 0.0
  outer loop
    vertex -3.5176377296447754 70.18185424804688 14.0
    vertex -2.999999523162842 70.25 14.0
    vertex -5.999999046325684 78.25 14.0
  endloop
endfacet
facet normal 0.0 0.0 0.0
  outer loop
    vertex -5.999999046325684 78.25 14.0
    vertex -2.999999523162842 70.25 14.0
    vertex 2.999999523162842 70.25 14.0
  endloop
endfacet
facet normal 0.0 0.0 0.0
  outer loop
    vertex 3.999999523162842 69.9820556640625 14.0
    vertex 4.414213180541992 69.66421508789062 14.0
    vertex 5.999999046325684 78.25 14.0
  endloop
endfacet
facet normal 0.0 0.0 0.0
  outer loop
    vertex 5.999999046325684 78.25 14.0
    vertex 4.414213180541992 69.66421508789062 14.0
    vertex 4.73205041885376 69.25 14.0
  endloop
endfacet
facet normal 0.0 0.0 0.0
  outer loop
    vertex 5.999999046325684 78.25 14.0
    vertex 4.73205041885376 69.25 14.0
    vertex 4.931851387023926 68.76763916015625 14.0
  endloop
endfacet
facet normal 0.0 0.0 0.0
  outer loop
    vertex 4.931851387023926 68.76763916015625 14.0
    vertex 4.999999523162842 68.25 14.0
    vertex 5.999999046325684 78.25 14.0
  endloop
endfacet
facet normal 0.0 0.0 0.0
  outer loop
    vertex 4.931851387023926 -71.76763916015625 14.0
    vertex 4.73205041885376 -72.25 14.0
    vertex 5.999999046325684 -76.25 14.0
  endloop
endfacet
facet normal 0.0 0.0 0.0
  outer loop
    vertex 5.999999046325684 -76.25 14.0
    vertex 4.73205041885376 -72.25 14.0
    vertex 4.414213180541992 -72.66421508789062 14.0
  endloop
endfacet
facet normal 0.0 0.0 0.0
  outer loop
    vertex 5.999999046325684 -76.25 14.0
    vertex 4.414213180541992 -72.66421508789062 14.0
    vertex 3.999999523162842 -72.98204803466797 14.0
  endloop
endfacet
facet normal 0.0 0.0 0.0
  outer loop
    vertex 3.999999523162842 -72.98204803466797 14.0
    vertex 3.5176377296447754 -73.18185424804688 14.0
    vertex 5.999999046325684 -76.25 14.0
  endloop
endfacet
facet normal 0.0 0.0 0.0
  outer loop
    vertex 5.999999046325684 -76.25 14.0
    vertex 3.5176377296447754 -73.18185424804688 14.0
    vertex 2.999999523162842 -73.25 14.0
  endloop
endfacet
facet normal 0.0 0.0 0.0
  outer loop
    vertex 5.999999046325684 -76.25 14.0
    vertex 2.999999523162842 -73.25 14.0
    vertex -2.999999523162842 -73.25 14.0
  endloop
endfacet
facet normal 0.0 0.0 0.0
  outer loop
    vertex -3.999999523162842 -72.98204803466797 14.0
    vertex -4.414213180541992 -72.66421508789062 14.0
    vertex -5.999999046325684 -76.25 14.0
  endloop
endfacet
facet normal 0.0 0.0 0.0
  outer loop
    vertex -5.999999046325684 -76.25 14.0
    vertex -4.414213180541992 -72.66421508789062 14.0
    vertex -4.73205041885376 -72.25 14.0
  endloop
endfacet
facet normal 0.0 0.0 0.0
  outer loop
    vertex -5.999999046325684 -76.25 14.0
    vertex -4.73205041885376 -72.25 14.0
    vertex -4.931851387023926 -71.76763916015625 14.0
  endloop
endfacet
facet normal 0.0 0.0 0.0
  outer loop
    vertex -4.931851387023926 -71.76763916015625 14.0
    vertex -4.999999523162842 -71.25 14.0
    vertex -5.999999046325684 -76.25 14.0
  endloop
endfacet
facet normal 0.0 0.0 0.0
  outer loop
    vertex -5.999999046325684 -76.25 14.0
    vertex -4.999999523162842 -71.25 14.0
    vertex -4.999999523162842 68.25 14.0
  endloop
endfacet
facet normal 0.0 0.0 0.0
  outer loop
    vertex -5.999999046325684 79.21592712402344 13.258811950683594
    vertex -5.999999046325684 79.25 13.0
    vertex -6.215034484863281 79.2235107421875 13.077751159667969
  endloop
endfacet
facet normal 0.0 0.0 0.0
  outer loop
    vertex -6.215034484863281 79.2235107421875 13.077751159667969
    vertex -5.999999046325684 79.25 13.0
    vertex -6.25881814956665 79.21592712402344 13.0
  endloop
endfacet
facet normal 0.0 0.0 0.0
  outer loop
    vertex -6.215034484863281 79.2235107421875 13.077751159667969
    vertex -6.25881814956665 79.21592712402344 13.0
    vertex -6.420707702636719 79.14604187011719 13.141845703125
  endloop
endfacet
facet normal 0.0 0.0 0.0
  outer loop
    vertex -6.420707702636719 79.14604187011719 13.141845703125
    vertex -6.25881814956665 79.21592712402344 13.0
    vertex -6.499999046325684 79.11602783203125 13.0
  endloop
endfacet
facet normal 0.0 0.0 0.0
  outer loop
    vertex -6.420707702636719 79.14604187011719 13.141845703125
    vertex -6.499999046325684 79.11602783203125 13.0
    vertex -6.610536575317383 79.02241516113281 13.174957275390625
  endloop
endfacet
facet normal 0.0 0.0 0.0
  outer loop
    vertex -6.610536575317383 79.02241516113281 13.174957275390625
    vertex -6.499999046325684 79.11602783203125 13.0
    vertex -6.70710563659668 78.95710754394531 13.0
  endloop
endfacet
facet normal 0.0 0.0 0.0
  outer loop
    vertex -6.610536575317383 79.02241516113281 13.174957275390625
    vertex -6.70710563659668 78.95710754394531 13.0
    vertex -6.772419452667236 78.86053466796875 13.174957275390625
  endloop
endfacet
facet normal 0.0 0.0 0.0
  outer loop
    vertex -6.772419452667236 78.86053466796875 13.174957275390625
    vertex -6.70710563659668 78.95710754394531 13.0
    vertex -6.866024494171143 78.75 13.0
  endloop
endfacet
facet normal 0.0 0.0 0.0
  outer loop
    vertex -6.772419452667236 78.86053466796875 13.174957275390625
    vertex -6.866024494171143 78.75 13.0
    vertex -6.896035671234131 78.67070770263672 13.141845703125
  endloop
endfacet
facet normal 0.0 0.0 0.0
  outer loop
    vertex -6.896035671234131 78.67070770263672 13.141845703125
    vertex -6.866024494171143 78.75 13.0
    vertex -6.9659247398376465 78.50881958007812 13.0
  endloop
endfacet
facet normal 0.0 0.0 0.0
  outer loop
    vertex -6.896035671234131 78.67070770263672 13.141845703125
    vertex -6.9659247398376465 78.50881958007812 13.0
    vertex -6.97350549697876 78.46503448486328 13.077751159667969
  endloop
endfacet
facet normal 0.0 0.0 0.0
  outer loop
    vertex -6.97350549697876 78.46503448486328 13.077751159667969
    vertex -6.9659247398376465 78.50881958007812 13.0
    vertex -6.999999046325684 78.25 13.0
  endloop
endfacet
facet normal 0.0 0.0 0.0
  outer loop
    vertex -6.97350549697876 78.46503448486328 13.077751159667969
    vertex -6.999999046325684 78.25 13.0
    vertex -6.9659247398376465 78.25 13.258811950683594
  endloop
endfacet
facet normal 0.0 0.0 0.0
  outer loop
    vertex -6.866024494171143 78.25 13.5
    vertex -6.8719096183776855 78.2857437133789 13.488357543945312
    vertex -6.9659247398376465 78.25 13.258811950683594
  endloop
endfacet
facet normal 0.0 0.0 0.0
  outer loop
    vertex -6.9659247398376465 78.25 13.258811950683594
    vertex -6.8719096183776855 78.2857437133789 13.488357543945312
    vertex -6.948059558868408 78.37882995605469 13.290824890136719
  endloop
endfacet
facet normal 0.0 0.0 0.0
  outer loop
    vertex -6.9659247398376465 78.25 13.258811950683594
    vertex -6.948059558868408 78.37882995605469 13.290824890136719
    vertex -6.97350549697876 78.46503448486328 13.077751159667969
  endloop
endfacet
facet normal 0.0 0.0 0.0
  outer loop
    vertex -6.97350549697876 78.46503448486328 13.077751159667969
    vertex -6.948059558868408 78.37882995605469 13.290824890136719
    vertex -6.896035671234131 78.67070770263672 13.141845703125
  endloop
endfacet
facet normal 0.0 0.0 0.0
  outer loop
    vertex -6.866024494171143 78.25 13.5
    vertex -6.70710563659668 78.25 13.707099914550781
    vertex -6.8719096183776855 78.2857437133789 13.488357543945312
  endloop
endfacet
facet normal 0.0 0.0 0.0
  outer loop
    vertex -6.8719096183776855 78.2857437133789 13.488357543945312
    vertex -6.70710563659668 78.25 13.707099914550781
    vertex -6.78650426864624 78.51248168945312 13.55902099609375
  endloop
endfacet
facet normal 0.0 0.0 0.0
  outer loop
    vertex -6.8719096183776855 78.2857437133789 13.488357543945312
    vertex -6.78650426864624 78.51248168945312 13.55902099609375
    vertex -6.864384174346924 78.60098266601562 13.360061645507812
  endloop
endfacet
facet normal 0.0 0.0 0.0
  outer loop
    vertex -6.864384174346924 78.60098266601562 13.360061645507812
    vertex -6.78650426864624 78.51248168945312 13.55902099609375
    vertex -6.730865955352783 78.80601501464844 13.395820617675781
  endloop
endfacet
facet normal 0.0 0.0 0.0
  outer loop
    vertex -6.864384174346924 78.60098266601562 13.360061645507812
    vertex -6.730865955352783 78.80601501464844 13.395820617675781
    vertex -6.772419452667236 78.86053466796875 13.174957275390625
  endloop
endfacet
facet normal 0.0 0.0 0.0
  outer loop
    vertex -6.772419452667236 78.86053466796875 13.174957275390625
    vertex -6.730865955352783 78.80601501464844 13.395820617675781
    vertex -6.610536575317383 79.02241516113281 13.174957275390625
  endloop
endfacet
facet normal 0.0 0.0 0.0
  outer loop
    vertex -6.499999046325684 78.25 13.866020202636719
    vertex -6.510968208312988 78.29885864257812 13.858207702636719
    vertex -6.70710563659668 78.25 13.707099914550781
  endloop
endfacet
facet normal 0.0 0.0 0.0
  outer loop
    vertex -6.70710563659668 78.25 13.707099914550781
    vertex -6.510968208312988 78.29885864257812 13.858207702636719
    vertex -6.666560649871826 78.40995025634766 13.728080749511719
  endloop
endfacet
facet normal 0.0 0.0 0.0
  outer loop
    vertex -6.70710563659668 78.25 13.707099914550781
    vertex -6.666560649871826 78.40995025634766 13.728080749511719
    vertex -6.78650426864624 78.51248168945312 13.55902099609375
  endloop
endfacet
facet normal 0.0 0.0 0.0
  outer loop
    vertex -6.78650426864624 78.51248168945312 13.55902099609375
    vertex -6.666560649871826 78.40995025634766 13.728080749511719
    vertex -6.650224685668945 78.72175598144531 13.59552001953125
  endloop
endfacet
facet normal 0.0 0.0 0.0
  outer loop
    vertex -6.78650426864624 78.51248168945312 13.55902099609375
    vertex -6.650224685668945 78.72175598144531 13.59552001953125
    vertex -6.730865955352783 78.80601501464844 13.395820617675781
  endloop
endfacet
facet normal 0.0 0.0 0.0
  outer loop
    vertex -6.730865955352783 78.80601501464844 13.395820617675781
    vertex -6.650224685668945 78.72175598144531 13.59552001953125
    vertex -6.556015968322754 78.98086547851562 13.395820617675781
  endloop
endfacet
facet normal 0.0 0.0 0.0
  outer loop
    vertex -6.730865955352783 78.80601501464844 13.395820617675781
    vertex -6.556015968322754 78.98086547851562 13.395820617675781
    vertex -6.610536575317383 79.02241516113281 13.174957275390625
  endloop
endfacet
facet normal 0.0 0.0 0.0
  outer loop
    vertex -6.610536575317383 79.02241516113281 13.174957275390625
    vertex -6.556015968322754 78.98086547851562 13.395820617675781
    vertex -6.420707702636719 79.14604187011719 13.141845703125
  endloop
endfacet
facet normal 0.0 0.0 0.0
  outer loop
    vertex -6.499999046325684 78.25 13.866020202636719
    vertex -6.25881814956665 78.25 13.965919494628906
    vertex -6.510968208312988 78.29885864257812 13.858207702636719
  endloop
endfacet
facet normal 0.0 0.0 0.0
  outer loop
    vertex -6.510968208312988 78.29885864257812 13.858207702636719
    vertex -6.25881814956665 78.25 13.965919494628906
    vertex -6.390789031982422 78.48341369628906 13.890388488769531
  endloop
endfacet
facet normal 0.0 0.0 0.0
  outer loop
    vertex -6.510968208312988 78.29885864257812 13.858207702636719
    vertex -6.390789031982422 78.48341369628906 13.890388488769531
    vertex -6.534808158874512 78.61227416992188 13.76336669921875
  endloop
endfacet
facet normal 0.0 0.0 0.0
  outer loop
    vertex -6.534808158874512 78.61227416992188 13.76336669921875
    vertex -6.390789031982422 78.48341369628906 13.890388488769531
    vertex -6.362270832061768 78.78480529785156 13.76336669921875
  endloop
endfacet
facet normal 0.0 0.0 0.0
  outer loop
    vertex -6.534808158874512 78.61227416992188 13.76336669921875
    vertex -6.362270832061768 78.78480529785156 13.76336669921875
    vertex -6.471758842468262 78.90022277832031 13.59552001953125
  endloop
endfacet
facet normal 0.0 0.0 0.0
  outer loop
    vertex -6.471758842468262 78.90022277832031 13.59552001953125
    vertex -6.362270832061768 78.78480529785156 13.76336669921875
    vertex -6.262483596801758 79.03650665283203 13.55902099609375
  endloop
endfacet
facet normal 0.0 0.0 0.0
  outer loop
    vertex -6.471758842468262 78.90022277832031 13.59552001953125
    vertex -6.262483596801758 79.03650665283203 13.55902099609375
    vertex -6.35098123550415 79.1143798828125 13.360061645507812
  endloop
endfacet
facet normal 0.0 0.0 0.0
  outer loop
    vertex -6.35098123550415 79.1143798828125 13.360061645507812
    vertex -6.262483596801758 79.03650665283203 13.55902099609375
    vertex -6.128833293914795 79.19805908203125 13.290824890136719
  endloop
endfacet
facet normal 0.0 0.0 0.0
  outer loop
    vertex -6.35098123550415 79.1143798828125 13.360061645507812
    vertex -6.128833293914795 79.19805908203125 13.290824890136719
    vertex -6.215034484863281 79.2235107421875 13.077751159667969
  endloop
endfacet
facet normal 0.0 0.0 0.0
  outer loop
    vertex -6.215034484863281 79.2235107421875 13.077751159667969
    vertex -6.128833293914795 79.19805908203125 13.290824890136719
    vertex -5.999999046325684 79.21592712402344 13.258811950683594
  endloop
endfacet
facet normal 0.0 0.0 0.0
  outer loop
    vertex -6.390789031982422 78.48341369628906 13.890388488769531
    vertex -6.25881814956665 78.25 13.965919494628906
    vertex -6.225870132446289 78.3420639038086 13.969795227050781
  endloop
endfacet
facet normal 0.0 0.0 0.0
  outer loop
    vertex -6.225870132446289 78.3420639038086 13.969795227050781
    vertex -6.25881814956665 78.25 13.965919494628906
    vertex -5.999999046325684 78.25 14.0
  endloop
endfacet
facet normal 0.0 0.0 0.0
  outer loop
    vertex -6.225870132446289 78.3420639038086 13.969795227050781
    vertex -5.999999046325684 78.25 14.0
    vertex -6.092062473297119 78.47587585449219 13.969795227050781
  endloop
endfacet
facet normal 0.0 0.0 0.0
  outer loop
    vertex -6.092062473297119 78.47587585449219 13.969795227050781
    vertex -5.999999046325684 78.25 14.0
    vertex -5.999999046325684 78.50881958007812 13.965919494628906
  endloop
endfacet
facet normal 0.0 0.0 0.0
  outer loop
    vertex -6.092062473297119 78.47587585449219 13.969795227050781
    vertex -5.999999046325684 78.50881958007812 13.965919494628906
    vertex -6.233407974243164 78.64079284667969 13.890388488769531
  endloop
endfacet
facet normal 0.0 0.0 0.0
  outer loop
    vertex -6.233407974243164 78.64079284667969 13.890388488769531
    vertex -5.999999046325684 78.50881958007812 13.965919494628906
    vertex -6.048858165740967 78.76097106933594 13.858207702636719
  endloop
endfacet
facet normal 0.0 0.0 0.0
  outer loop
    vertex -6.233407974243164 78.64079284667969 13.890388488769531
    vertex -6.048858165740967 78.76097106933594 13.858207702636719
    vertex -6.159948348999023 78.91656494140625 13.728080749511719
  endloop
endfacet
facet normal 0.0 0.0 0.0
  outer loop
    vertex -6.159948348999023 78.91656494140625 13.728080749511719
    vertex -6.048858165740967 78.76097106933594 13.858207702636719
    vertex -5.999999046325684 78.95710754394531 13.707099914550781
  endloop
endfacet
facet normal 0.0 0.0 0.0
  outer loop
    vertex -6.159948348999023 78.91656494140625 13.728080749511719
    vertex -5.999999046325684 78.95710754394531 13.707099914550781
    vertex -6.035741329193115 79.12191009521484 13.488357543945312
  endloop
endfacet
facet normal 0.0 0.0 0.0
  outer loop
    vertex -6.035741329193115 79.12191009521484 13.488357543945312
    vertex -5.999999046325684 78.95710754394531 13.707099914550781
    vertex -5.999999046325684 79.11602783203125 13.5
  endloop
endfacet
facet normal 0.0 0.0 0.0
  outer loop
    vertex -6.035741329193115 79.12191009521484 13.488357543945312
    vertex -5.999999046325684 79.11602783203125 13.5
    vertex -5.999999046325684 79.21592712402344 13.258811950683594
  endloop
endfacet
facet normal 0.0 0.0 0.0
  outer loop
    vertex -5.999999046325684 78.50881958007812 13.965919494628906
    vertex -5.999999046325684 78.75 13.866020202636719
    vertex -6.048858165740967 78.76097106933594 13.858207702636719
  endloop
endfacet
facet normal 0.0 0.0 0.0
  outer loop
    vertex -6.048858165740967 78.76097106933594 13.858207702636719
    vertex -5.999999046325684 78.75 13.866020202636719
    vertex -5.999999046325684 78.95710754394531 13.707099914550781
  endloop
endfacet
facet normal 0.0 0.0 0.0
  outer loop
    vertex -6.035741329193115 79.12191009521484 13.488357543945312
    vertex -5.999999046325684 79.21592712402344 13.258811950683594
    vertex -6.128833293914795 79.19805908203125 13.290824890136719
  endloop
endfacet
facet normal 0.0 0.0 0.0
  outer loop
    vertex -6.159948348999023 78.91656494140625 13.728080749511719
    vertex -6.035741329193115 79.12191009521484 13.488357543945312
    vertex -6.262483596801758 79.03650665283203 13.55902099609375
  endloop
endfacet
facet normal 0.0 0.0 0.0
  outer loop
    vertex -6.262483596801758 79.03650665283203 13.55902099609375
    vertex -6.035741329193115 79.12191009521484 13.488357543945312
    vertex -6.128833293914795 79.19805908203125 13.290824890136719
  endloop
endfacet
facet normal 0.0 0.0 0.0
  outer loop
    vertex -6.215034484863281 79.2235107421875 13.077751159667969
    vertex -6.420707702636719 79.14604187011719 13.141845703125
    vertex -6.35098123550415 79.1143798828125 13.360061645507812
  endloop
endfacet
facet normal 0.0 0.0 0.0
  outer loop
    vertex -6.35098123550415 79.1143798828125 13.360061645507812
    vertex -6.420707702636719 79.14604187011719 13.141845703125
    vertex -6.556015968322754 78.98086547851562 13.395820617675781
  endloop
endfacet
facet normal 0.0 0.0 0.0
  outer loop
    vertex -6.35098123550415 79.1143798828125 13.360061645507812
    vertex -6.556015968322754 78.98086547851562 13.395820617675781
    vertex -6.471758842468262 78.90022277832031 13.59552001953125
  endloop
endfacet
facet normal 0.0 0.0 0.0
  outer loop
    vertex -6.471758842468262 78.90022277832031 13.59552001953125
    vertex -6.556015968322754 78.98086547851562 13.395820617675781
    vertex -6.650224685668945 78.72175598144531 13.59552001953125
  endloop
endfacet
facet normal 0.0 0.0 0.0
  outer loop
    vertex -6.471758842468262 78.90022277832031 13.59552001953125
    vertex -6.650224685668945 78.72175598144531 13.59552001953125
    vertex -6.534808158874512 78.61227416992188 13.76336669921875
  endloop
endfacet
facet normal 0.0 0.0 0.0
  outer loop
    vertex -6.534808158874512 78.61227416992188 13.76336669921875
    vertex -6.650224685668945 78.72175598144531 13.59552001953125
    vertex -6.666560649871826 78.40995025634766 13.728080749511719
  endloop
endfacet
facet normal 0.0 0.0 0.0
  outer loop
    vertex -6.534808158874512 78.61227416992188 13.76336669921875
    vertex -6.666560649871826 78.40995025634766 13.728080749511719
    vertex -6.510968208312988 78.29885864257812 13.858207702636719
  endloop
endfacet
facet normal 0.0 0.0 0.0
  outer loop
    vertex -6.233407974243164 78.64079284667969 13.890388488769531
    vertex -6.159948348999023 78.91656494140625 13.728080749511719
    vertex -6.362270832061768 78.78480529785156 13.76336669921875
  endloop
endfacet
facet normal 0.0 0.0 0.0
  outer loop
    vertex -6.362270832061768 78.78480529785156 13.76336669921875
    vertex -6.159948348999023 78.91656494140625 13.728080749511719
    vertex -6.262483596801758 79.03650665283203 13.55902099609375
  endloop
endfacet
facet normal 0.0 0.0 0.0
  outer loop
    vertex -6.225870132446289 78.3420639038086 13.969795227050781
    vertex -6.092062473297119 78.47587585449219 13.969795227050781
    vertex -6.233407974243164 78.64079284667969 13.890388488769531
  endloop
endfacet
facet normal 0.0 0.0 0.0
  outer loop
    vertex -6.225870132446289 78.3420639038086 13.969795227050781
    vertex -6.233407974243164 78.64079284667969 13.890388488769531
    vertex -6.390789031982422 78.48341369628906 13.890388488769531
  endloop
endfacet
facet normal 0.0 0.0 0.0
  outer loop
    vertex -6.390789031982422 78.48341369628906 13.890388488769531
    vertex -6.233407974243164 78.64079284667969 13.890388488769531
    vertex -6.362270832061768 78.78480529785156 13.76336669921875
  endloop
endfacet
facet normal 0.0 0.0 0.0
  outer loop
    vertex -6.772419452667236 78.86053466796875 13.174957275390625
    vertex -6.896035671234131 78.67070770263672 13.141845703125
    vertex -6.864384174346924 78.60098266601562 13.360061645507812
  endloop
endfacet
facet normal 0.0 0.0 0.0
  outer loop
    vertex -6.864384174346924 78.60098266601562 13.360061645507812
    vertex -6.896035671234131 78.67070770263672 13.141845703125
    vertex -6.948059558868408 78.37882995605469 13.290824890136719
  endloop
endfacet
facet normal 0.0 0.0 0.0
  outer loop
    vertex -6.864384174346924 78.60098266601562 13.360061645507812
    vertex -6.948059558868408 78.37882995605469 13.290824890136719
    vertex -6.8719096183776855 78.2857437133789 13.488357543945312
  endloop
endfacet
facet normal 0.0 0.0 0.0
  outer loop
    vertex 6.25881814956665 79.21592712402344 13.0
    vertex 5.999999046325684 79.25 13.0
    vertex 6.215034484863281 79.2235107421875 13.077751159667969
  endloop
endfacet
facet normal 0.0 0.0 0.0
  outer loop
    vertex 6.215034484863281 79.2235107421875 13.077751159667969
    vertex 5.999999046325684 79.25 13.0
    vertex 5.999999046325684 79.21592712402344 13.258811950683594
  endloop
endfacet
facet normal 0.0 0.0 0.0
  outer loop
    vertex 6.215034484863281 79.2235107421875 13.077751159667969
    vertex 5.999999046325684 79.21592712402344 13.258811950683594
    vertex 6.128833293914795 79.19805908203125 13.290824890136719
  endloop
endfacet
facet normal 0.0 0.0 0.0
  outer loop
    vertex 6.128833293914795 79.19805908203125 13.290824890136719
    vertex 5.999999046325684 79.21592712402344 13.258811950683594
    vertex 6.035741329193115 79.12191009521484 13.488357543945312
  endloop
endfacet
facet normal 0.0 0.0 0.0
  outer loop
    vertex 6.128833293914795 79.19805908203125 13.290824890136719
    vertex 6.035741329193115 79.12191009521484 13.488357543945312
    vertex 6.35098123550415 79.1143798828125 13.360061645507812
  endloop
endfacet
facet normal 0.0 0.0 0.0
  outer loop
    vertex 6.35098123550415 79.1143798828125 13.360061645507812
    vertex 6.035741329193115 79.12191009521484 13.488357543945312
    vertex 6.262483596801758 79.03650665283203 13.55902099609375
  endloop
endfacet
facet normal 0.0 0.0 0.0
  outer loop
    vertex 6.35098123550415 79.1143798828125 13.360061645507812
    vertex 6.262483596801758 79.03650665283203 13.55902099609375
    vertex 6.556015968322754 78.98086547851562 13.395820617675781
  endloop
endfacet
facet normal 0.0 0.0 0.0
  outer loop
    vertex 6.556015968322754 78.98086547851562 13.395820617675781
    vertex 6.262483596801758 79.03650665283203 13.55902099609375
    vertex 6.471758842468262 78.90022277832031 13.59552001953125
  endloop
endfacet
facet normal 0.0 0.0 0.0
  outer loop
    vertex 6.556015968322754 78.98086547851562 13.395820617675781
    vertex 6.471758842468262 78.90022277832031 13.59552001953125
    vertex 6.730865955352783 78.80601501464844 13.395820617675781
  endloop
endfacet
facet normal 0.0 0.0 0.0
  outer loop
    vertex 6.730865955352783 78.80601501464844 13.395820617675781
    vertex 6.471758842468262 78.90022277832031 13.59552001953125
    vertex 6.650224685668945 78.72175598144531 13.59552001953125
  endloop
endfacet
facet normal 0.0 0.0 0.0
  outer loop
    vertex 6.730865955352783 78.80601501464844 13.395820617675781
    vertex 6.650224685668945 78.72175598144531 13.59552001953125
    vertex 6.864384174346924 78.60098266601562 13.360061645507812
  endloop
endfacet
facet normal 0.0 0.0 0.0
  outer loop
    vertex 6.864384174346924 78.60098266601562 13.360061645507812
    vertex 6.650224685668945 78.72175598144531 13.59552001953125
    vertex 6.78650426864624 78.51248168945312 13.55902099609375
  endloop
endfacet
facet normal 0.0 0.0 0.0
  outer loop
    vertex 6.864384174346924 78.60098266601562 13.360061645507812
    vertex 6.78650426864624 78.51248168945312 13.55902099609375
    vertex 6.948059558868408 78.37882995605469 13.290824890136719
  endloop
endfacet
facet normal 0.0 0.0 0.0
  outer loop
    vertex 6.948059558868408 78.37882995605469 13.290824890136719
    vertex 6.78650426864624 78.51248168945312 13.55902099609375
    vertex 6.8719096183776855 78.2857437133789 13.488357543945312
  endloop
endfacet
facet normal 0.0 0.0 0.0
  outer loop
    vertex 6.948059558868408 78.37882995605469 13.290824890136719
    vertex 6.8719096183776855 78.2857437133789 13.488357543945312
    vertex 6.9659247398376465 78.25 13.258811950683594
  endloop
endfacet
facet normal 0.0 0.0 0.0
  outer loop
    vertex 6.9659247398376465 78.25 13.258811950683594
    vertex 6.8719096183776855 78.2857437133789 13.488357543945312
    vertex 6.866024494171143 78.25 13.5
  endloop
endfacet
facet normal 0.0 0.0 0.0
  outer loop
    vertex 6.866024494171143 78.25 13.5
    vertex 6.8719096183776855 78.2857437133789 13.488357543945312
    vertex 6.70710563659668 78.25 13.707099914550781
  endloop
endfacet
facet normal 0.0 0.0 0.0
  outer loop
    vertex 6.70710563659668 78.25 13.707099914550781
    vertex 6.8719096183776855 78.2857437133789 13.488357543945312
    vertex 6.666560649871826 78.40995025634766 13.728080749511719
  endloop
endfacet
facet normal 0.0 0.0 0.0
  outer loop
    vertex 6.70710563659668 78.25 13.707099914550781
    vertex 6.666560649871826 78.40995025634766 13.728080749511719
    vertex 6.510968208312988 78.29885864257812 13.858207702636719
  endloop
endfacet
facet normal 0.0 0.0 0.0
  outer loop
    vertex 6.510968208312988 78.29885864257812 13.858207702636719
    vertex 6.666560649871826 78.40995025634766 13.728080749511719
    vertex 6.390789031982422 78.48341369628906 13.890388488769531
  endloop
endfacet
facet normal 0.0 0.0 0.0
  outer loop
    vertex 6.510968208312988 78.29885864257812 13.858207702636719
    vertex 6.390789031982422 78.48341369628906 13.890388488769531
    vertex 6.25881814956665 78.25 13.965919494628906
  endloop
endfacet
facet normal 0.0 0.0 0.0
  outer loop
    vertex 6.25881814956665 78.25 13.965919494628906
    vertex 6.390789031982422 78.48341369628906 13.890388488769531
    vertex 6.225870132446289 78.3420639038086 13.969795227050781
  endloop
endfacet
facet normal 0.0 0.0 0.0
  outer loop
    vertex 6.25881814956665 78.25 13.965919494628906
    vertex 6.225870132446289 78.3420639038086 13.969795227050781
    vertex 5.999999046325684 78.25 14.0
  endloop
endfacet
facet normal 0.0 0.0 0.0
  outer loop
    vertex 5.999999046325684 78.25 14.0
    vertex 6.225870132446289 78.3420639038086 13.969795227050781
    vertex 6.092062473297119 78.47587585449219 13.969795227050781
  endloop
endfacet
facet normal 0.0 0.0 0.0
  outer loop
    vertex 5.999999046325684 78.25 14.0
    vertex 6.092062473297119 78.47587585449219 13.969795227050781
    vertex 5.999999046325684 78.50881958007812 13.965919494628906
  endloop
endfacet
facet normal 0.0 0.0 0.0
  outer loop
    vertex 5.999999046325684 78.50881958007812 13.965919494628906
    vertex 6.092062473297119 78.47587585449219 13.969795227050781
    vertex 6.233407974243164 78.64079284667969 13.890388488769531
  endloop
endfacet
facet normal 0.0 0.0 0.0
  outer loop
    vertex 5.999999046325684 78.50881958007812 13.965919494628906
    vertex 6.233407974243164 78.64079284667969 13.890388488769531
    vertex 6.048858165740967 78.76097106933594 13.858207702636719
  endloop
endfacet
facet normal 0.0 0.0 0.0
  outer loop
    vertex 6.048858165740967 78.76097106933594 13.858207702636719
    vertex 6.233407974243164 78.64079284667969 13.890388488769531
    vertex 6.362270832061768 78.78480529785156 13.76336669921875
  endloop
endfacet
facet normal 0.0 0.0 0.0
  outer loop
    vertex 6.048858165740967 78.76097106933594 13.858207702636719
    vertex 6.362270832061768 78.78480529785156 13.76336669921875
    vertex 6.159948348999023 78.91656494140625 13.728080749511719
  endloop
endfacet
facet normal 0.0 0.0 0.0
  outer loop
    vertex 6.159948348999023 78.91656494140625 13.728080749511719
    vertex 6.362270832061768 78.78480529785156 13.76336669921875
    vertex 6.471758842468262 78.90022277832031 13.59552001953125
  endloop
endfacet
facet normal 0.0 0.0 0.0
  outer loop
    vertex 6.159948348999023 78.91656494140625 13.728080749511719
    vertex 6.471758842468262 78.90022277832031 13.59552001953125
    vertex 6.262483596801758 79.03650665283203 13.55902099609375
  endloop
endfacet
facet normal 0.0 0.0 0.0
  outer loop
    vertex 5.999999046325684 79.21592712402344 13.258811950683594
    vertex 5.999999046325684 79.11602783203125 13.5
    vertex 6.035741329193115 79.12191009521484 13.488357543945312
  endloop
endfacet
facet normal 0.0 0.0 0.0
  outer loop
    vertex 6.035741329193115 79.12191009521484 13.488357543945312
    vertex 5.999999046325684 79.11602783203125 13.5
    vertex 5.999999046325684 78.95710754394531 13.707099914550781
  endloop
endfacet
facet normal 0.0 0.0 0.0
  outer loop
    vertex 6.035741329193115 79.12191009521484 13.488357543945312
    vertex 5.999999046325684 78.95710754394531 13.707099914550781
    vertex 6.262483596801758 79.03650665283203 13.55902099609375
  endloop
endfacet
facet normal 0.0 0.0 0.0
  outer loop
    vertex 6.262483596801758 79.03650665283203 13.55902099609375
    vertex 5.999999046325684 78.95710754394531 13.707099914550781
    vertex 6.159948348999023 78.91656494140625 13.728080749511719
  endloop
endfacet
facet normal 0.0 0.0 0.0
  outer loop
    vertex 6.159948348999023 78.91656494140625 13.728080749511719
    vertex 5.999999046325684 78.95710754394531 13.707099914550781
    vertex 6.048858165740967 78.76097106933594 13.858207702636719
  endloop
endfacet
facet normal 0.0 0.0 0.0
  outer loop
    vertex 6.048858165740967 78.76097106933594 13.858207702636719
    vertex 5.999999046325684 78.95710754394531 13.707099914550781
    vertex 5.999999046325684 78.75 13.866020202636719
  endloop
endfacet
facet normal 0.0 0.0 0.0
  outer loop
    vertex 6.048858165740967 78.76097106933594 13.858207702636719
    vertex 5.999999046325684 78.75 13.866020202636719
    vertex 5.999999046325684 78.50881958007812 13.965919494628906
  endloop
endfacet
facet normal 0.0 0.0 0.0
  outer loop
    vertex 6.25881814956665 78.25 13.965919494628906
    vertex 6.499999046325684 78.25 13.866020202636719
    vertex 6.510968208312988 78.29885864257812 13.858207702636719
  endloop
endfacet
facet normal 0.0 0.0 0.0
  outer loop
    vertex 6.510968208312988 78.29885864257812 13.858207702636719
    vertex 6.499999046325684 78.25 13.866020202636719
    vertex 6.70710563659668 78.25 13.707099914550781
  endloop
endfacet
facet normal 0.0 0.0 0.0
  outer loop
    vertex 6.948059558868408 78.37882995605469 13.290824890136719
    vertex 6.9659247398376465 78.25 13.258811950683594
    vertex 6.97350549697876 78.46503448486328 13.077751159667969
  endloop
endfacet
facet normal 0.0 0.0 0.0
  outer loop
    vertex 6.97350549697876 78.46503448486328 13.077751159667969
    vertex 6.9659247398376465 78.25 13.258811950683594
    vertex 6.999999046325684 78.25 13.0
  endloop
endfacet
facet normal 0.0 0.0 0.0
  outer loop
    vertex 6.97350549697876 78.46503448486328 13.077751159667969
    vertex 6.999999046325684 78.25 13.0
    vertex 6.9659247398376465 78.50881958007812 13.0
  endloop
endfacet
facet normal 0.0 0.0 0.0
  outer loop
    vertex 6.97350549697876 78.46503448486328 13.077751159667969
    vertex 6.9659247398376465 78.50881958007812 13.0
    vertex 6.896035671234131 78.67070770263672 13.141845703125
  endloop
endfacet
facet normal 0.0 0.0 0.0
  outer loop
    vertex 6.896035671234131 78.67070770263672 13.141845703125
    vertex 6.9659247398376465 78.50881958007812 13.0
    vertex 6.866024494171143 78.75 13.0
  endloop
endfacet
facet normal 0.0 0.0 0.0
  outer loop
    vertex 6.896035671234131 78.67070770263672 13.141845703125
    vertex 6.866024494171143 78.75 13.0
    vertex 6.772419452667236 78.86053466796875 13.174957275390625
  endloop
endfacet
facet normal 0.0 0.0 0.0
  outer loop
    vertex 6.772419452667236 78.86053466796875 13.174957275390625
    vertex 6.866024494171143 78.75 13.0
    vertex 6.70710563659668 78.95710754394531 13.0
  endloop
endfacet
facet normal 0.0 0.0 0.0
  outer loop
    vertex 6.772419452667236 78.86053466796875 13.174957275390625
    vertex 6.70710563659668 78.95710754394531 13.0
    vertex 6.610536575317383 79.02241516113281 13.174957275390625
  endloop
endfacet
facet normal 0.0 0.0 0.0
  outer loop
    vertex 6.610536575317383 79.02241516113281 13.174957275390625
    vertex 6.70710563659668 78.95710754394531 13.0
    vertex 6.499999046325684 79.11602783203125 13.0
  endloop
endfacet
facet normal 0.0 0.0 0.0
  outer loop
    vertex 6.610536575317383 79.02241516113281 13.174957275390625
    vertex 6.499999046325684 79.11602783203125 13.0
    vertex 6.420707702636719 79.14604187011719 13.141845703125
  endloop
endfacet
facet normal 0.0 0.0 0.0
  outer loop
    vertex 6.420707702636719 79.14604187011719 13.141845703125
    vertex 6.499999046325684 79.11602783203125 13.0
    vertex 6.25881814956665 79.21592712402344 13.0
  endloop
endfacet
facet normal 0.0 0.0 0.0
  outer loop
    vertex 6.420707702636719 79.14604187011719 13.141845703125
    vertex 6.25881814956665 79.21592712402344 13.0
    vertex 6.215034484863281 79.2235107421875 13.077751159667969
  endloop
endfacet
facet normal 0.0 0.0 0.0
  outer loop
    vertex 6.420707702636719 79.14604187011719 13.141845703125
    vertex 6.215034484863281 79.2235107421875 13.077751159667969
    vertex 6.128833293914795 79.19805908203125 13.290824890136719
  endloop
endfacet
facet normal 0.0 0.0 0.0
  outer loop
    vertex 6.420707702636719 79.14604187011719 13.141845703125
    vertex 6.128833293914795 79.19805908203125 13.290824890136719
    vertex 6.35098123550415 79.1143798828125 13.360061645507812
  endloop
endfacet
facet normal 0.0 0.0 0.0
  outer loop
    vertex 6.610536575317383 79.02241516113281 13.174957275390625
    vertex 6.420707702636719 79.14604187011719 13.141845703125
    vertex 6.35098123550415 79.1143798828125 13.360061645507812
  endloop
endfacet
facet normal 0.0 0.0 0.0
  outer loop
    vertex 6.610536575317383 79.02241516113281 13.174957275390625
    vertex 6.35098123550415 79.1143798828125 13.360061645507812
    vertex 6.556015968322754 78.98086547851562 13.395820617675781
  endloop
endfacet
facet normal 0.0 0.0 0.0
  outer loop
    vertex 6.225870132446289 78.3420639038086 13.969795227050781
    vertex 6.390789031982422 78.48341369628906 13.890388488769531
    vertex 6.092062473297119 78.47587585449219 13.969795227050781
  endloop
endfacet
facet normal 0.0 0.0 0.0
  outer loop
    vertex 6.092062473297119 78.47587585449219 13.969795227050781
    vertex 6.390789031982422 78.48341369628906 13.890388488769531
    vertex 6.233407974243164 78.64079284667969 13.890388488769531
  endloop
endfacet
facet normal 0.0 0.0 0.0
  outer loop
    vertex 6.650224685668945 78.72175598144531 13.59552001953125
    vertex 6.471758842468262 78.90022277832031 13.59552001953125
    vertex 6.362270832061768 78.78480529785156 13.76336669921875
  endloop
endfacet
facet normal 0.0 0.0 0.0
  outer loop
    vertex 6.362270832061768 78.78480529785156 13.76336669921875
    vertex 6.233407974243164 78.64079284667969 13.890388488769531
    vertex 6.534808158874512 78.61227416992188 13.76336669921875
  endloop
endfacet
facet normal 0.0 0.0 0.0
  outer loop
    vertex 6.534808158874512 78.61227416992188 13.76336669921875
    vertex 6.233407974243164 78.64079284667969 13.890388488769531
    vertex 6.390789031982422 78.48341369628906 13.890388488769531
  endloop
endfacet
facet normal 0.0 0.0 0.0
  outer loop
    vertex 6.534808158874512 78.61227416992188 13.76336669921875
    vertex 6.390789031982422 78.48341369628906 13.890388488769531
    vertex 6.666560649871826 78.40995025634766 13.728080749511719
  endloop
endfacet
facet normal 0.0 0.0 0.0
  outer loop
    vertex 6.772419452667236 78.86053466796875 13.174957275390625
    vertex 6.610536575317383 79.02241516113281 13.174957275390625
    vertex 6.556015968322754 78.98086547851562 13.395820617675781
  endloop
endfacet
facet normal 0.0 0.0 0.0
  outer loop
    vertex 6.772419452667236 78.86053466796875 13.174957275390625
    vertex 6.556015968322754 78.98086547851562 13.395820617675781
    vertex 6.730865955352783 78.80601501464844 13.395820617675781
  endloop
endfacet
facet normal 0.0 0.0 0.0
  outer loop
    vertex 6.78650426864624 78.51248168945312 13.55902099609375
    vertex 6.650224685668945 78.72175598144531 13.59552001953125
    vertex 6.534808158874512 78.61227416992188 13.76336669921875
  endloop
endfacet
facet normal 0.0 0.0 0.0
  outer loop
    vertex 6.534808158874512 78.61227416992188 13.76336669921875
    vertex 6.650224685668945 78.72175598144531 13.59552001953125
    vertex 6.362270832061768 78.78480529785156 13.76336669921875
  endloop
endfacet
facet normal 0.0 0.0 0.0
  outer loop
    vertex 6.78650426864624 78.51248168945312 13.55902099609375
    vertex 6.534808158874512 78.61227416992188 13.76336669921875
    vertex 6.666560649871826 78.40995025634766 13.728080749511719
  endloop
endfacet
facet normal 0.0 0.0 0.0
  outer loop
    vertex 6.896035671234131 78.67070770263672 13.141845703125
    vertex 6.772419452667236 78.86053466796875 13.174957275390625
    vertex 6.730865955352783 78.80601501464844 13.395820617675781
  endloop
endfacet
facet normal 0.0 0.0 0.0
  outer loop
    vertex 6.896035671234131 78.67070770263672 13.141845703125
    vertex 6.730865955352783 78.80601501464844 13.395820617675781
    vertex 6.864384174346924 78.60098266601562 13.360061645507812
  endloop
endfacet
facet normal 0.0 0.0 0.0
  outer loop
    vertex 6.8719096183776855 78.2857437133789 13.488357543945312
    vertex 6.78650426864624 78.51248168945312 13.55902099609375
    vertex 6.666560649871826 78.40995025634766 13.728080749511719
  endloop
endfacet
facet normal 0.0 0.0 0.0
  outer loop
    vertex 6.97350549697876 78.46503448486328 13.077751159667969
    vertex 6.896035671234131 78.67070770263672 13.141845703125
    vertex 6.864384174346924 78.60098266601562 13.360061645507812
  endloop
endfacet
facet normal 0.0 0.0 0.0
  outer loop
    vertex 6.97350549697876 78.46503448486328 13.077751159667969
    vertex 6.864384174346924 78.60098266601562 13.360061645507812
    vertex 6.948059558868408 78.37882995605469 13.290824890136719
  endloop
endfacet
facet normal 0.0 0.0 0.0
  outer loop
    vertex -5.999999046325684 -77.25 15.0
    vertex -5.999999046325684 -77.21592712402344 14.741180419921875
    vertex -6.517637252807617 -77.25 14.931846618652344
  endloop
endfacet
facet normal 0.0 0.0 0.0
  outer loop
    vertex -6.517637252807617 -77.25 14.931846618652344
    vertex -5.999999046325684 -77.21592712402344 14.741180419921875
    vertex -6.450649738311768 -77.21592712402344 14.681846618652344
  endloop
endfacet
facet normal 0.0 0.0 0.0
  outer loop
    vertex -6.517637252807617 -77.25 14.931846618652344
    vertex -6.450649738311768 -77.21592712402344 14.681846618652344
    vertex -6.999999046325684 -77.25 14.732048034667969
  endloop
endfacet
facet normal 0.0 0.0 0.0
  outer loop
    vertex -6.999999046325684 -77.25 14.732048034667969
    vertex -6.450649738311768 -77.21592712402344 14.681846618652344
    vertex -6.870589733123779 -77.21592712402344 14.507904052734375
  endloop
endfacet
facet normal 0.0 0.0 0.0
  outer loop
    vertex -6.999999046325684 -77.25 14.732048034667969
    vertex -6.870589733123779 -77.21592712402344 14.507904052734375
    vertex -7.414212703704834 -77.25 14.414207458496094
  endloop
endfacet
facet normal 0.0 0.0 0.0
  outer loop
    vertex -7.414212703704834 -77.25 14.414207458496094
    vertex -6.870589733123779 -77.21592712402344 14.507904052734375
    vertex -7.231199741363525 -77.21592712402344 14.231193542480469
  endloop
endfacet
facet normal 0.0 0.0 0.0
  outer loop
    vertex -7.414212703704834 -77.25 14.414207458496094
    vertex -7.231199741363525 -77.21592712402344 14.231193542480469
    vertex -7.732049942016602 -77.25 14.0
  endloop
endfacet
facet normal 0.0 0.0 0.0
  outer loop
    vertex -7.732049942016602 -77.25 14.0
    vertex -7.231199741363525 -77.21592712402344 14.231193542480469
    vertex -7.507905960083008 -77.21592712402344 13.870590209960938
  endloop
endfacet
facet normal 0.0 0.0 0.0
  outer loop
    vertex -7.732049942016602 -77.25 14.0
    vertex -7.507905960083008 -77.21592712402344 13.870590209960938
    vertex -7.931850910186768 -77.25 13.517631530761719
  endloop
endfacet
facet normal 0.0 0.0 0.0
  outer loop
    vertex -7.931850910186768 -77.25 13.517631530761719
    vertex -7.507905960083008 -77.21592712402344 13.870590209960938
    vertex -7.681850910186768 -77.21592712402344 13.450645446777344
  endloop
endfacet
facet normal 0.0 0.0 0.0
  outer loop
    vertex -7.931850910186768 -77.25 13.517631530761719
    vertex -7.681850910186768 -77.21592712402344 13.450645446777344
    vertex -7.999999046325684 -77.25 13.0
  endloop
endfacet
facet normal 0.0 0.0 0.0
  outer loop
    vertex -7.999999046325684 -77.25 13.0
    vertex -7.681850910186768 -77.21592712402344 13.450645446777344
    vertex -7.741179943084717 -77.21592712402344 13.0
  endloop
endfacet
facet normal 0.0 0.0 0.0
  outer loop
    vertex -7.741179943084717 -77.21592712402344 13.0
    vertex -7.681850910186768 -77.21592712402344 13.450645446777344
    vertex -7.448887825012207 -77.11602783203125 13.388221740722656
  endloop
endfacet
facet normal 0.0 0.0 0.0
  outer loop
    vertex -7.741179943084717 -77.21592712402344 13.0
    vertex -7.448887825012207 -77.11602783203125 13.388221740722656
    vertex -7.499999046325684 -77.11602783203125 13.0
  endloop
endfacet
facet normal 0.0 0.0 0.0
  outer loop
    vertex -7.499999046325684 -77.11602783203125 13.0
    vertex -7.448887825012207 -77.11602783203125 13.388221740722656
    vertex -7.248837947845459 -76.95710754394531 13.334625244140625
  endloop
endfacet
facet normal 0.0 0.0 0.0
  outer loop
    vertex -7.499999046325684 -77.11602783203125 13.0
    vertex -7.248837947845459 -76.95710754394531 13.334625244140625
    vertex -7.2928924560546875 -76.95710754394531 13.0
  endloop
endfacet
facet normal 0.0 0.0 0.0
  outer loop
    vertex -7.2928924560546875 -76.95710754394531 13.0
    vertex -7.248837947845459 -76.95710754394531 13.334625244140625
    vertex -7.095334529876709 -76.75 13.293487548828125
  endloop
endfacet
facet normal 0.0 0.0 0.0
  outer loop
    vertex -7.2928924560546875 -76.95710754394531 13.0
    vertex -7.095334529876709 -76.75 13.293487548828125
    vertex -7.133973598480225 -76.75 13.0
  endloop
endfacet
facet normal 0.0 0.0 0.0
  outer loop
    vertex -7.133973598480225 -76.75 13.0
    vertex -7.095334529876709 -76.75 13.293487548828125
    vertex -6.998837947845459 -76.50881958007812 13.267631530761719
  endloop
endfacet
facet normal 0.0 0.0 0.0
  outer loop
    vertex -7.133973598480225 -76.75 13.0
    vertex -6.998837947845459 -76.50881958007812 13.267631530761719
    vertex -7.034073352813721 -76.50881958007812 13.0
  endloop
endfacet
facet normal 0.0 0.0 0.0
  outer loop
    vertex -7.034073352813721 -76.50881958007812 13.0
    vertex -6.998837947845459 -76.50881958007812 13.267631530761719
    vertex -6.9659247398376465 -76.25 13.258811950683594
  endloop
endfacet
facet normal 0.0 0.0 0.0
  outer loop
    vertex -7.034073352813721 -76.50881958007812 13.0
    vertex -6.9659247398376465 -76.25 13.258811950683594
    vertex -6.999999046325684 -76.25 13.0
  endloop
endfacet
facet normal 0.0 0.0 0.0
  outer loop
    vertex -5.999999046325684 -77.21592712402344 14.741180419921875
    vertex -5.999999046325684 -77.11602783203125 14.5
    vertex -6.450649738311768 -77.21592712402344 14.681846618652344
  endloop
endfacet
facet normal 0.0 0.0 0.0
  outer loop
    vertex -6.450649738311768 -77.21592712402344 14.681846618652344
    vertex -5.999999046325684 -77.11602783203125 14.5
    vertex -6.388227462768555 -77.11602783203125 14.448883056640625
  endloop
endfacet
facet normal 0.0 0.0 0.0
  outer loop
    vertex -6.450649738311768 -77.21592712402344 14.681846618652344
    vertex -6.388227462768555 -77.11602783203125 14.448883056640625
    vertex -6.870589733123779 -77.21592712402344 14.507904052734375
  endloop
endfacet
facet normal 0.0 0.0 0.0
  outer loop
    vertex -6.870589733123779 -77.21592712402344 14.507904052734375
    vertex -6.388227462768555 -77.11602783203125 14.448883056640625
    vertex -6.749999046325684 -77.11602783203125 14.299034118652344
  endloop
endfacet
facet normal 0.0 0.0 0.0
  outer loop
    vertex -6.870589733123779 -77.21592712402344 14.507904052734375
    vertex -6.749999046325684 -77.11602783203125 14.299034118652344
    vertex -7.231199741363525 -77.21592712402344 14.231193542480469
  endloop
endfacet
facet normal 0.0 0.0 0.0
  outer loop
    vertex -7.231199741363525 -77.21592712402344 14.231193542480469
    vertex -6.749999046325684 -77.11602783203125 14.299034118652344
    vertex -7.060659408569336 -77.11602783203125 14.060653686523438
  endloop
endfacet
facet normal 0.0 0.0 0.0
  outer loop
    vertex -7.231199741363525 -77.21592712402344 14.231193542480469
    vertex -7.060659408569336 -77.11602783203125 14.060653686523438
    vertex -7.507905960083008 -77.21592712402344 13.870590209960938
  endloop
endfacet
facet normal 0.0 0.0 0.0
  outer loop
    vertex -7.507905960083008 -77.21592712402344 13.870590209960938
    vertex -7.060659408569336 -77.11602783203125 14.060653686523438
    vertex -7.299036979675293 -77.11602783203125 13.75
  endloop
endfacet
facet normal 0.0 0.0 0.0
  outer loop
    vertex -7.507905960083008 -77.21592712402344 13.870590209960938
    vertex -7.299036979675293 -77.11602783203125 13.75
    vertex -7.681850910186768 -77.21592712402344 13.450645446777344
  endloop
endfacet
facet normal 0.0 0.0 0.0
  outer loop
    vertex -7.681850910186768 -77.21592712402344 13.450645446777344
    vertex -7.299036979675293 -77.11602783203125 13.75
    vertex -7.448887825012207 -77.11602783203125 13.388221740722656
  endloop
endfacet
facet normal 0.0 0.0 0.0
  outer loop
    vertex -5.999999046325684 -77.11602783203125 14.5
    vertex -5.999999046325684 -76.95710754394531 14.292892456054688
    vertex -6.388227462768555 -77.11602783203125 14.448883056640625
  endloop
endfacet
facet normal 0.0 0.0 0.0
  outer loop
    vertex -6.388227462768555 -77.11602783203125 14.448883056640625
    vertex -5.999999046325684 -76.95710754394531 14.292892456054688
    vertex -6.334624290466309 -76.95710754394531 14.248832702636719
  endloop
endfacet
facet normal 0.0 0.0 0.0
  outer loop
    vertex -6.388227462768555 -77.11602783203125 14.448883056640625
    vertex -6.334624290466309 -76.95710754394531 14.248832702636719
    vertex -6.749999046325684 -77.11602783203125 14.299034118652344
  endloop
endfacet
facet normal 0.0 0.0 0.0
  outer loop
    vertex -6.749999046325684 -77.11602783203125 14.299034118652344
    vertex -6.334624290466309 -76.95710754394531 14.248832702636719
    vertex -6.6464457511901855 -76.95710754394531 14.119674682617188
  endloop
endfacet
facet normal 0.0 0.0 0.0
  outer loop
    vertex -6.749999046325684 -77.11602783203125 14.299034118652344
    vertex -6.6464457511901855 -76.95710754394531 14.119674682617188
    vertex -7.060659408569336 -77.11602783203125 14.060653686523438
  endloop
endfacet
facet normal 0.0 0.0 0.0
  outer loop
    vertex -7.060659408569336 -77.11602783203125 14.060653686523438
    vertex -6.6464457511901855 -76.95710754394531 14.119674682617188
    vertex -6.914212703704834 -76.95710754394531 13.914207458496094
  endloop
endfacet
facet normal 0.0 0.0 0.0
  outer loop
    vertex -7.060659408569336 -77.11602783203125 14.060653686523438
    vertex -6.914212703704834 -76.95710754394531 13.914207458496094
    vertex -7.299036979675293 -77.11602783203125 13.75
  endloop
endfacet
facet normal 0.0 0.0 0.0
  outer loop
    vertex -7.299036979675293 -77.11602783203125 13.75
    vertex -6.914212703704834 -76.95710754394531 13.914207458496094
    vertex -7.119677543640137 -76.95710754394531 13.646446228027344
  endloop
endfacet
facet normal 0.0 0.0 0.0
  outer loop
    vertex -7.299036979675293 -77.11602783203125 13.75
    vertex -7.119677543640137 -76.95710754394531 13.646446228027344
    vertex -7.448887825012207 -77.11602783203125 13.388221740722656
  endloop
endfacet
facet normal 0.0 0.0 0.0
  outer loop
    vertex -7.448887825012207 -77.11602783203125 13.388221740722656
    vertex -7.119677543640137 -76.95710754394531 13.646446228027344
    vertex -7.248837947845459 -76.95710754394531 13.334625244140625
  endloop
endfacet
facet normal 0.0 0.0 0.0
  outer loop
    vertex -5.999999046325684 -76.95710754394531 14.292892456054688
    vertex -5.999999046325684 -76.75 14.13397216796875
    vertex -6.334624290466309 -76.95710754394531 14.248832702636719
  endloop
endfacet
facet normal 0.0 0.0 0.0
  outer loop
    vertex -6.334624290466309 -76.95710754394531 14.248832702636719
    vertex -5.999999046325684 -76.75 14.13397216796875
    vertex -6.293493270874023 -76.75 14.095329284667969
  endloop
endfacet
facet normal 0.0 0.0 0.0
  outer loop
    vertex -6.334624290466309 -76.95710754394531 14.248832702636719
    vertex -6.293493270874023 -76.75 14.095329284667969
    vertex -6.6464457511901855 -76.95710754394531 14.119674682617188
  endloop
endfacet
facet normal 0.0 0.0 0.0
  outer loop
    vertex -6.6464457511901855 -76.95710754394531 14.119674682617188
    vertex -6.293493270874023 -76.75 14.095329284667969
    vertex -6.566986560821533 -76.75 13.982048034667969
  endloop
endfacet
facet normal 0.0 0.0 0.0
  outer loop
    vertex -6.6464457511901855 -76.95710754394531 14.119674682617188
    vertex -6.566986560821533 -76.75 13.982048034667969
    vertex -6.914212703704834 -76.95710754394531 13.914207458496094
  endloop
endfacet
facet normal 0.0 0.0 0.0
  outer loop
    vertex -6.914212703704834 -76.95710754394531 13.914207458496094
    vertex -6.566986560821533 -76.75 13.982048034667969
    vertex -6.801840305328369 -76.75 13.801834106445312
  endloop
endfacet
facet normal 0.0 0.0 0.0
  outer loop
    vertex -6.914212703704834 -76.95710754394531 13.914207458496094
    vertex -6.801840305328369 -76.75 13.801834106445312
    vertex -7.119677543640137 -76.95710754394531 13.646446228027344
  endloop
endfacet
facet normal 0.0 0.0 0.0
  outer loop
    vertex -7.119677543640137 -76.95710754394531 13.646446228027344
    vertex -6.801840305328369 -76.75 13.801834106445312
    vertex -6.982049942016602 -76.75 13.566986083984375
  endloop
endfacet
facet normal 0.0 0.0 0.0
  outer loop
    vertex -7.119677543640137 -76.95710754394531 13.646446228027344
    vertex -6.982049942016602 -76.75 13.566986083984375
    vertex -7.248837947845459 -76.95710754394531 13.334625244140625
  endloop
endfacet
facet normal 0.0 0.0 0.0
  outer loop
    vertex -7.248837947845459 -76.95710754394531 13.334625244140625
    vertex -6.982049942016602 -76.75 13.566986083984375
    vertex -7.095334529876709 -76.75 13.293487548828125
  endloop
endfacet
facet normal 0.0 0.0 0.0
  outer loop
    vertex -5.999999046325684 -76.75 14.13397216796875
    vertex -5.999999046325684 -76.50881958007812 14.034072875976562
    vertex -6.293493270874023 -76.75 14.095329284667969
  endloop
endfacet
facet normal 0.0 0.0 0.0
  outer loop
    vertex -6.293493270874023 -76.75 14.095329284667969
    vertex -5.999999046325684 -76.50881958007812 14.034072875976562
    vertex -6.267637252807617 -76.50881958007812 13.998832702636719
  endloop
endfacet
facet normal 0.0 0.0 0.0
  outer loop
    vertex -6.293493270874023 -76.75 14.095329284667969
    vertex -6.267637252807617 -76.50881958007812 13.998832702636719
    vertex -6.566986560821533 -76.75 13.982048034667969
  endloop
endfacet
facet normal 0.0 0.0 0.0
  outer loop
    vertex -6.566986560821533 -76.75 13.982048034667969
    vertex -6.267637252807617 -76.50881958007812 13.998832702636719
    vertex -6.517035961151123 -76.50881958007812 13.895530700683594
  endloop
endfacet
facet normal 0.0 0.0 0.0
  outer loop
    vertex -6.566986560821533 -76.75 13.982048034667969
    vertex -6.517035961151123 -76.50881958007812 13.895530700683594
    vertex -6.801840305328369 -76.75 13.801834106445312
  endloop
endfacet
facet normal 0.0 0.0 0.0
  outer loop
    vertex -6.801840305328369 -76.75 13.801834106445312
    vertex -6.517035961151123 -76.50881958007812 13.895530700683594
    vertex -6.731199741363525 -76.50881958007812 13.731193542480469
  endloop
endfacet
facet normal 0.0 0.0 0.0
  outer loop
    vertex -6.801840305328369 -76.75 13.801834106445312
    vertex -6.731199741363525 -76.50881958007812 13.731193542480469
    vertex -6.982049942016602 -76.75 13.566986083984375
  endloop
endfacet
facet normal 0.0 0.0 0.0
  outer loop
    vertex -6.982049942016602 -76.75 13.566986083984375
    vertex -6.731199741363525 -76.50881958007812 13.731193542480469
    vertex -6.895533561706543 -76.50881958007812 13.517036437988281
  endloop
endfacet
facet normal 0.0 0.0 0.0
  outer loop
    vertex -6.982049942016602 -76.75 13.566986083984375
    vertex -6.895533561706543 -76.50881958007812 13.517036437988281
    vertex -7.095334529876709 -76.75 13.293487548828125
  endloop
endfacet
facet normal 0.0 0.0 0.0
  outer loop
    vertex -7.095334529876709 -76.75 13.293487548828125
    vertex -6.895533561706543 -76.50881958007812 13.517036437988281
    vertex -6.998837947845459 -76.50881958007812 13.267631530761719
  endloop
endfacet
facet normal 0.0 0.0 0.0
  outer loop
    vertex -5.999999046325684 -76.50881958007812 14.034072875976562
    vertex -5.999999046325684 -76.25 14.0
    vertex -6.267637252807617 -76.50881958007812 13.998832702636719
  endloop
endfacet
facet normal 0.0 0.0 0.0
  outer loop
    vertex -6.267637252807617 -76.50881958007812 13.998832702636719
    vertex -5.999999046325684 -76.25 14.0
    vertex -6.25881814956665 -76.25 13.965919494628906
  endloop
endfacet
facet normal 0.0 0.0 0.0
  outer loop
    vertex -6.267637252807617 -76.50881958007812 13.998832702636719
    vertex -6.25881814956665 -76.25 13.965919494628906
    vertex -6.517035961151123 -76.50881958007812 13.895530700683594
  endloop
endfacet
facet normal 0.0 0.0 0.0
  outer loop
    vertex -6.517035961151123 -76.50881958007812 13.895530700683594
    vertex -6.25881814956665 -76.25 13.965919494628906
    vertex -6.499999046325684 -76.25 13.866020202636719
  endloop
endfacet
facet normal 0.0 0.0 0.0
  outer loop
    vertex -6.517035961151123 -76.50881958007812 13.895530700683594
    vertex -6.499999046325684 -76.25 13.866020202636719
    vertex -6.731199741363525 -76.50881958007812 13.731193542480469
  endloop
endfacet
facet normal 0.0 0.0 0.0
  outer loop
    vertex -6.731199741363525 -76.50881958007812 13.731193542480469
    vertex -6.499999046325684 -76.25 13.866020202636719
    vertex -6.70710563659668 -76.25 13.707099914550781
  endloop
endfacet
facet normal 0.0 0.0 0.0
  outer loop
    vertex -6.731199741363525 -76.50881958007812 13.731193542480469
    vertex -6.70710563659668 -76.25 13.707099914550781
    vertex -6.895533561706543 -76.50881958007812 13.517036437988281
  endloop
endfacet
facet normal 0.0 0.0 0.0
  outer loop
    vertex -6.895533561706543 -76.50881958007812 13.517036437988281
    vertex -6.70710563659668 -76.25 13.707099914550781
    vertex -6.866024494171143 -76.25 13.5
  endloop
endfacet
facet normal 0.0 0.0 0.0
  outer loop
    vertex -6.895533561706543 -76.50881958007812 13.517036437988281
    vertex -6.866024494171143 -76.25 13.5
    vertex -6.998837947845459 -76.50881958007812 13.267631530761719
  endloop
endfacet
facet normal 0.0 0.0 0.0
  outer loop
    vertex -6.998837947845459 -76.50881958007812 13.267631530761719
    vertex -6.866024494171143 -76.25 13.5
    vertex -6.9659247398376465 -76.25 13.258811950683594
  endloop
endfacet
facet normal 0.0 0.0 0.0
  outer loop
    vertex -6.9659247398376465 -76.25 13.258811950683594
    vertex -6.9659247398376465 -70.73213958740234 13.258811950683594
    vertex -6.999999046325684 -76.25 13.0
  endloop
endfacet
facet normal 0.0 0.0 0.0
  outer loop
    vertex -6.999999046325684 -76.25 13.0
    vertex -6.9659247398376465 -70.73213958740234 13.258811950683594
    vertex -6.9659247398376465 -65.21428680419922 13.258811950683594
  endloop
endfacet
facet normal 0.0 0.0 0.0
  outer loop
    vertex -6.999999046325684 -76.25 13.0
    vertex -6.9659247398376465 -65.21428680419922 13.258811950683594
    vertex -6.9659247398376465 -59.69642639160156 13.258811950683594
  endloop
endfacet
facet normal 0.0 0.0 0.0
  outer loop
    vertex -6.9659247398376465 -59.69642639160156 13.258811950683594
    vertex -6.9659247398376465 -65.21428680419922 13.258811950683594
    vertex -6.866024494171143 -59.69642639160156 13.5
  endloop
endfacet
facet normal 0.0 0.0 0.0
  outer loop
    vertex -6.9659247398376465 -59.69642639160156 13.258811950683594
    vertex -6.866024494171143 -59.69642639160156 13.5
    vertex -6.866024494171143 -54.17857360839844 13.5
  endloop
endfacet
facet normal 0.0 0.0 0.0
  outer loop
    vertex -6.866024494171143 -54.17857360839844 13.5
    vertex -6.866024494171143 -59.69642639160156 13.5
    vertex -6.70710563659668 -54.17857360839844 13.707099914550781
  endloop
endfacet
facet normal 0.0 0.0 0.0
  outer loop
    vertex -6.866024494171143 -54.17857360839844 13.5
    vertex -6.70710563659668 -54.17857360839844 13.707099914550781
    vertex -6.70710563659668 -48.66071319580078 13.707099914550781
  endloop
endfacet
facet normal 0.0 0.0 0.0
  outer loop
    vertex -6.70710563659668 -48.66071319580078 13.707099914550781
    vertex -6.70710563659668 -54.17857360839844 13.707099914550781
    vertex -6.499999046325684 -48.66071319580078 13.866020202636719
  endloop
endfacet
facet normal 0.0 0.0 0.0
  outer loop
    vertex -6.70710563659668 -48.66071319580078 13.707099914550781
    vertex -6.499999046325684 -48.66071319580078 13.866020202636719
    vertex -6.499999046325684 -43.14285659790039 13.866020202636719
  endloop
endfacet
facet normal 0.0 0.0 0.0
  outer loop
    vertex -6.499999046325684 -43.14285659790039 13.866020202636719
    vertex -6.499999046325684 -48.66071319580078 13.866020202636719
    vertex -6.25881814956665 -43.14285659790039 13.965919494628906
  endloop
endfacet
facet normal 0.0 0.0 0.0
  outer loop
    vertex -6.499999046325684 -43.14285659790039 13.866020202636719
    vertex -6.25881814956665 -43.14285659790039 13.965919494628906
    vertex -6.25881814956665 -37.625 13.965919494628906
  endloop
endfacet
facet normal 0.0 0.0 0.0
  outer loop
    vertex -6.25881814956665 -37.625 13.965919494628906
    vertex -6.25881814956665 -43.14285659790039 13.965919494628906
    vertex -5.999999046325684 -76.25 14.0
  endloop
endfacet
facet normal 0.0 0.0 0.0
  outer loop
    vertex -6.25881814956665 -37.625 13.965919494628906
    vertex -5.999999046325684 -76.25 14.0
    vertex -6.25881814956665 -32.10714340209961 13.965919494628906
  endloop
endfacet
facet normal 0.0 0.0 0.0
  outer loop
    vertex -6.25881814956665 -32.10714340209961 13.965919494628906
    vertex -5.999999046325684 -76.25 14.0
    vertex -6.25881814956665 -26.58928680419922 13.965919494628906
  endloop
endfacet
facet normal 0.0 0.0 0.0
  outer loop
    vertex -6.25881814956665 -32.10714340209961 13.965919494628906
    vertex -6.25881814956665 -26.58928680419922 13.965919494628906
    vertex -6.499999046325684 -32.10714340209961 13.866020202636719
  endloop
endfacet
facet normal 0.0 0.0 0.0
  outer loop
    vertex -6.499999046325684 -32.10714340209961 13.866020202636719
    vertex -6.25881814956665 -26.58928680419922 13.965919494628906
    vertex -6.499999046325684 -26.58928680419922 13.866020202636719
  endloop
endfacet
facet normal 0.0 0.0 0.0
  outer loop
    vertex -6.499999046325684 -32.10714340209961 13.866020202636719
    vertex -6.499999046325684 -26.58928680419922 13.866020202636719
    vertex -6.70710563659668 -32.10714340209961 13.707099914550781
  endloop
endfacet
facet normal 0.0 0.0 0.0
  outer loop
    vertex -6.70710563659668 -32.10714340209961 13.707099914550781
    vertex -6.499999046325684 -26.58928680419922 13.866020202636719
    vertex -6.70710563659668 -26.58928680419922 13.707099914550781
  endloop
endfacet
facet normal 0.0 0.0 0.0
  outer loop
    vertex -6.70710563659668 -32.10714340209961 13.707099914550781
    vertex -6.70710563659668 -26.58928680419922 13.707099914550781
    vertex -6.866024494171143 -32.10714340209961 13.5
  endloop
endfacet
facet normal 0.0 0.0 0.0
  outer loop
    vertex -6.866024494171143 -32.10714340209961 13.5
    vertex -6.70710563659668 -26.58928680419922 13.707099914550781
    vertex -6.866024494171143 -26.58928680419922 13.5
  endloop
endfacet
facet normal 0.0 0.0 0.0
  outer loop
    vertex -6.866024494171143 -32.10714340209961 13.5
    vertex -6.866024494171143 -26.58928680419922 13.5
    vertex -6.9659247398376465 -32.10714340209961 13.258811950683594
  endloop
endfacet
facet normal 0.0 0.0 0.0
  outer loop
    vertex -6.9659247398376465 -32.10714340209961 13.258811950683594
    vertex -6.866024494171143 -26.58928680419922 13.5
    vertex -6.9659247398376465 -26.58928680419922 13.258811950683594
  endloop
endfacet
facet normal 0.0 0.0 0.0
  outer loop
    vertex -6.9659247398376465 -32.10714340209961 13.258811950683594
    vertex -6.9659247398376465 -26.58928680419922 13.258811950683594
    vertex -6.999999046325684 -76.25 13.0
  endloop
endfacet
facet normal 0.0 0.0 0.0
  outer loop
    vertex -6.999999046325684 -76.25 13.0
    vertex -6.9659247398376465 -26.58928680419922 13.258811950683594
    vertex -6.9659247398376465 -21.071430206298828 13.258811950683594
  endloop
endfacet
facet normal 0.0 0.0 0.0
  outer loop
    vertex -6.999999046325684 -76.25 13.0
    vertex -6.9659247398376465 -21.071430206298828 13.258811950683594
    vertex -6.9659247398376465 -15.553569793701172 13.258811950683594
  endloop
endfacet
facet normal 0.0 0.0 0.0
  outer loop
    vertex -6.9659247398376465 -15.553569793701172 13.258811950683594
    vertex -6.9659247398376465 -21.071430206298828 13.258811950683594
    vertex -6.866024494171143 -15.553569793701172 13.5
  endloop
endfacet
facet normal 0.0 0.0 0.0
  outer loop
    vertex -6.9659247398376465 -15.553569793701172 13.258811950683594
    vertex -6.866024494171143 -15.553569793701172 13.5
    vertex -6.866024494171143 -10.035715103149414 13.5
  endloop
endfacet
facet normal 0.0 0.0 0.0
  outer loop
    vertex -6.866024494171143 -10.035715103149414 13.5
    vertex -6.866024494171143 -15.553569793701172 13.5
    vertex -6.70710563659668 -10.035715103149414 13.707099914550781
  endloop
endfacet
facet normal 0.0 0.0 0.0
  outer loop
    vertex -6.866024494171143 -10.035715103149414 13.5
    vertex -6.70710563659668 -10.035715103149414 13.707099914550781
    vertex -6.70710563659668 -4.517856597900391 13.707099914550781
  endloop
endfacet
facet normal 0.0 0.0 0.0
  outer loop
    vertex -6.70710563659668 -4.517856597900391 13.707099914550781
    vertex -6.70710563659668 -10.035715103149414 13.707099914550781
    vertex -6.499999046325684 -4.517856597900391 13.866020202636719
  endloop
endfacet
facet normal 0.0 0.0 0.0
  outer loop
    vertex -6.70710563659668 -4.517856597900391 13.707099914550781
    vertex -6.499999046325684 -4.517856597900391 13.866020202636719
    vertex -6.499999046325684 1.0 13.866020202636719
  endloop
endfacet
facet normal 0.0 0.0 0.0
  outer loop
    vertex -6.499999046325684 1.0 13.866020202636719
    vertex -6.499999046325684 -4.517856597900391 13.866020202636719
    vertex -6.25881814956665 1.0 13.965919494628906
  endloop
endfacet
facet normal 0.0 0.0 0.0
  outer loop
    vertex -6.499999046325684 1.0 13.866020202636719
    vertex -6.25881814956665 1.0 13.965919494628906
    vertex -6.25881814956665 6.517857551574707 13.965919494628906
  endloop
endfacet
facet normal 0.0 0.0 0.0
  outer loop
    vertex -6.25881814956665 6.517857551574707 13.965919494628906
    vertex -6.25881814956665 1.0 13.965919494628906
    vertex -5.999999046325684 78.25 14.0
  endloop
endfacet
facet normal 0.0 0.0 0.0
  outer loop
    vertex -6.25881814956665 6.517857551574707 13.965919494628906
    vertex -5.999999046325684 78.25 14.0
    vertex -6.25881814956665 12.035714149475098 13.965919494628906
  endloop
endfacet
facet normal 0.0 0.0 0.0
  outer loop
    vertex -6.25881814956665 12.035714149475098 13.965919494628906
    vertex -5.999999046325684 78.25 14.0
    vertex -6.25881814956665 17.553571701049805 13.965919494628906
  endloop
endfacet
facet normal 0.0 0.0 0.0
  outer loop
    vertex -6.25881814956665 12.035714149475098 13.965919494628906
    vertex -6.25881814956665 17.553571701049805 13.965919494628906
    vertex -6.499999046325684 12.035714149475098 13.866020202636719
  endloop
endfacet
facet normal 0.0 0.0 0.0
  outer loop
    vertex -6.499999046325684 12.035714149475098 13.866020202636719
    vertex -6.25881814956665 17.553571701049805 13.965919494628906
    vertex -6.499999046325684 17.553571701049805 13.866020202636719
  endloop
endfacet
facet normal 0.0 0.0 0.0
  outer loop
    vertex -6.499999046325684 12.035714149475098 13.866020202636719
    vertex -6.499999046325684 17.553571701049805 13.866020202636719
    vertex -6.70710563659668 12.035714149475098 13.707099914550781
  endloop
endfacet
facet normal 0.0 0.0 0.0
  outer loop
    vertex -6.70710563659668 12.035714149475098 13.707099914550781
    vertex -6.499999046325684 17.553571701049805 13.866020202636719
    vertex -6.70710563659668 17.553571701049805 13.707099914550781
  endloop
endfacet
facet normal 0.0 0.0 0.0
  outer loop
    vertex -6.70710563659668 12.035714149475098 13.707099914550781
    vertex -6.70710563659668 17.553571701049805 13.707099914550781
    vertex -6.866024494171143 12.035714149475098 13.5
  endloop
endfacet
facet normal 0.0 0.0 0.0
  outer loop
    vertex -6.866024494171143 12.035714149475098 13.5
    vertex -6.70710563659668 17.553571701049805 13.707099914550781
    vertex -6.866024494171143 17.553571701049805 13.5
  endloop
endfacet
facet normal 0.0 0.0 0.0
  outer loop
    vertex -6.866024494171143 12.035714149475098 13.5
    vertex -6.866024494171143 17.553571701049805 13.5
    vertex -6.9659247398376465 12.035714149475098 13.258811950683594
  endloop
endfacet
facet normal 0.0 0.0 0.0
  outer loop
    vertex -6.9659247398376465 12.035714149475098 13.258811950683594
    vertex -6.866024494171143 17.553571701049805 13.5
    vertex -6.9659247398376465 17.553571701049805 13.258811950683594
  endloop
endfacet
facet normal 0.0 0.0 0.0
  outer loop
    vertex -6.9659247398376465 12.035714149475098 13.258811950683594
    vertex -6.9659247398376465 17.553571701049805 13.258811950683594
    vertex -6.999999046325684 78.25 13.0
  endloop
endfacet
facet normal 0.0 0.0 0.0
  outer loop
    vertex -6.999999046325684 78.25 13.0
    vertex -6.9659247398376465 17.553571701049805 13.258811950683594
    vertex -6.9659247398376465 23.071428298950195 13.258811950683594
  endloop
endfacet
facet normal 0.0 0.0 0.0
  outer loop
    vertex -6.999999046325684 78.25 13.0
    vertex -6.9659247398376465 23.071428298950195 13.258811950683594
    vertex -6.9659247398376465 28.58928680419922 13.258811950683594
  endloop
endfacet
facet normal 0.0 0.0 0.0
  outer loop
    vertex -6.9659247398376465 28.58928680419922 13.258811950683594
    vertex -6.9659247398376465 23.071428298950195 13.258811950683594
    vertex -6.866024494171143 28.58928680419922 13.5
  endloop
endfacet
facet normal 0.0 0.0 0.0
  outer loop
    vertex -6.9659247398376465 28.58928680419922 13.258811950683594
    vertex -6.866024494171143 28.58928680419922 13.5
    vertex -6.866024494171143 34.10714340209961 13.5
  endloop
endfacet
facet normal 0.0 0.0 0.0
  outer loop
    vertex -6.866024494171143 34.10714340209961 13.5
    vertex -6.866024494171143 28.58928680419922 13.5
    vertex -6.70710563659668 34.10714340209961 13.707099914550781
  endloop
endfacet
facet normal 0.0 0.0 0.0
  outer loop
    vertex -6.866024494171143 34.10714340209961 13.5
    vertex -6.70710563659668 34.10714340209961 13.707099914550781
    vertex -6.70710563659668 39.625 13.707099914550781
  endloop
endfacet
facet normal 0.0 0.0 0.0
  outer loop
    vertex -6.70710563659668 39.625 13.707099914550781
    vertex -6.70710563659668 34.10714340209961 13.707099914550781
    vertex -6.499999046325684 39.625 13.866020202636719
  endloop
endfacet
facet normal 0.0 0.0 0.0
  outer loop
    vertex -6.70710563659668 39.625 13.707099914550781
    vertex -6.499999046325684 39.625 13.866020202636719
    vertex -6.499999046325684 45.14285659790039 13.866020202636719
  endloop
endfacet
facet normal 0.0 0.0 0.0
  outer loop
    vertex -6.499999046325684 45.14285659790039 13.866020202636719
    vertex -6.499999046325684 39.625 13.866020202636719
    vertex -6.25881814956665 45.14285659790039 13.965919494628906
  endloop
endfacet
facet normal 0.0 0.0 0.0
  outer loop
    vertex -6.499999046325684 45.14285659790039 13.866020202636719
    vertex -6.25881814956665 45.14285659790039 13.965919494628906
    vertex -6.25881814956665 50.66071319580078 13.965919494628906
  endloop
endfacet
facet normal 0.0 0.0 0.0
  outer loop
    vertex -6.25881814956665 50.66071319580078 13.965919494628906
    vertex -6.25881814956665 45.14285659790039 13.965919494628906
    vertex -5.999999046325684 78.25 14.0
  endloop
endfacet
facet normal 0.0 0.0 0.0
  outer loop
    vertex -6.25881814956665 50.66071319580078 13.965919494628906
    vertex -5.999999046325684 78.25 14.0
    vertex -6.25881814956665 56.17856979370117 13.965919494628906
  endloop
endfacet
facet normal 0.0 0.0 0.0
  outer loop
    vertex -6.25881814956665 56.17856979370117 13.965919494628906
    vertex -5.999999046325684 78.25 14.0
    vertex -6.25881814956665 61.69643020629883 13.965919494628906
  endloop
endfacet
facet normal 0.0 0.0 0.0
  outer loop
    vertex -6.25881814956665 56.17856979370117 13.965919494628906
    vertex -6.25881814956665 61.69643020629883 13.965919494628906
    vertex -6.499999046325684 56.17856979370117 13.866020202636719
  endloop
endfacet
facet normal 0.0 0.0 0.0
  outer loop
    vertex -6.499999046325684 56.17856979370117 13.866020202636719
    vertex -6.25881814956665 61.69643020629883 13.965919494628906
    vertex -6.499999046325684 61.69643020629883 13.866020202636719
  endloop
endfacet
facet normal 0.0 0.0 0.0
  outer loop
    vertex -6.499999046325684 56.17856979370117 13.866020202636719
    vertex -6.499999046325684 61.69643020629883 13.866020202636719
    vertex -6.70710563659668 56.17856979370117 13.707099914550781
  endloop
endfacet
facet normal 0.0 0.0 0.0
  outer loop
    vertex -6.70710563659668 56.17856979370117 13.707099914550781
    vertex -6.499999046325684 61.69643020629883 13.866020202636719
    vertex -6.70710563659668 61.69643020629883 13.707099914550781
  endloop
endfacet
facet normal 0.0 0.0 0.0
  outer loop
    vertex -6.70710563659668 56.17856979370117 13.707099914550781
    vertex -6.70710563659668 61.69643020629883 13.707099914550781
    vertex -6.866024494171143 56.17856979370117 13.5
  endloop
endfacet
facet normal 0.0 0.0 0.0
  outer loop
    vertex -6.866024494171143 56.17856979370117 13.5
    vertex -6.70710563659668 61.69643020629883 13.707099914550781
    vertex -6.866024494171143 61.69643020629883 13.5
  endloop
endfacet
facet normal 0.0 0.0 0.0
  outer loop
    vertex -6.866024494171143 56.17856979370117 13.5
    vertex -6.866024494171143 61.69643020629883 13.5
    vertex -6.9659247398376465 56.17856979370117 13.258811950683594
  endloop
endfacet
facet normal 0.0 0.0 0.0
  outer loop
    vertex -6.9659247398376465 56.17856979370117 13.258811950683594
    vertex -6.866024494171143 61.69643020629883 13.5
    vertex -6.9659247398376465 61.69643020629883 13.258811950683594
  endloop
endfacet
facet normal 0.0 0.0 0.0
  outer loop
    vertex -6.9659247398376465 56.17856979370117 13.258811950683594
    vertex -6.9659247398376465 61.69643020629883 13.258811950683594
    vertex -6.999999046325684 78.25 13.0
  endloop
endfacet
facet normal 0.0 0.0 0.0
  outer loop
    vertex -6.999999046325684 78.25 13.0
    vertex -6.9659247398376465 61.69643020629883 13.258811950683594
    vertex -6.9659247398376465 67.21428680419922 13.258811950683594
  endloop
endfacet
facet normal 0.0 0.0 0.0
  outer loop
    vertex -6.999999046325684 78.25 13.0
    vertex -6.9659247398376465 67.21428680419922 13.258811950683594
    vertex -6.9659247398376465 72.73214721679688 13.258811950683594
  endloop
endfacet
facet normal 0.0 0.0 0.0
  outer loop
    vertex -6.9659247398376465 72.73214721679688 13.258811950683594
    vertex -6.9659247398376465 67.21428680419922 13.258811950683594
    vertex -6.866024494171143 72.73214721679688 13.5
  endloop
endfacet
facet normal 0.0 0.0 0.0
  outer loop
    vertex -6.9659247398376465 72.73214721679688 13.258811950683594
    vertex -6.866024494171143 72.73214721679688 13.5
    vertex -6.866024494171143 78.25 13.5
  endloop
endfacet
facet normal 0.0 0.0 0.0
  outer loop
    vertex -6.866024494171143 78.25 13.5
    vertex -6.866024494171143 72.73214721679688 13.5
    vertex -6.70710563659668 78.25 13.707099914550781
  endloop
endfacet
facet normal 0.0 0.0 0.0
  outer loop
    vertex -6.70710563659668 78.25 13.707099914550781
    vertex -6.866024494171143 72.73214721679688 13.5
    vertex -6.70710563659668 72.73214721679688 13.707099914550781
  endloop
endfacet
facet normal 0.0 0.0 0.0
  outer loop
    vertex -6.70710563659668 78.25 13.707099914550781
    vertex -6.70710563659668 72.73214721679688 13.707099914550781
    vertex -6.499999046325684 78.25 13.866020202636719
  endloop
endfacet
facet normal 0.0 0.0 0.0
  outer loop
    vertex -6.499999046325684 78.25 13.866020202636719
    vertex -6.70710563659668 72.73214721679688 13.707099914550781
    vertex -6.499999046325684 72.73214721679688 13.866020202636719
  endloop
endfacet
facet normal 0.0 0.0 0.0
  outer loop
    vertex -6.499999046325684 78.25 13.866020202636719
    vertex -6.499999046325684 72.73214721679688 13.866020202636719
    vertex -6.25881814956665 78.25 13.965919494628906
  endloop
endfacet
facet normal 0.0 0.0 0.0
  outer loop
    vertex -6.25881814956665 78.25 13.965919494628906
    vertex -6.499999046325684 72.73214721679688 13.866020202636719
    vertex -6.25881814956665 72.73214721679688 13.965919494628906
  endloop
endfacet
facet normal 0.0 0.0 0.0
  outer loop
    vertex -6.25881814956665 78.25 13.965919494628906
    vertex -6.25881814956665 72.73214721679688 13.965919494628906
    vertex -5.999999046325684 78.25 14.0
  endloop
endfacet
facet normal 0.0 0.0 0.0
  outer loop
    vertex -5.999999046325684 78.25 14.0
    vertex -6.25881814956665 72.73214721679688 13.965919494628906
    vertex -6.25881814956665 67.21428680419922 13.965919494628906
  endloop
endfacet
facet normal 0.0 0.0 0.0
  outer loop
    vertex -5.999999046325684 78.25 14.0
    vertex -6.25881814956665 67.21428680419922 13.965919494628906
    vertex -6.25881814956665 61.69643020629883 13.965919494628906
  endloop
endfacet
facet normal 0.0 0.0 0.0
  outer loop
    vertex -6.25881814956665 61.69643020629883 13.965919494628906
    vertex -6.25881814956665 67.21428680419922 13.965919494628906
    vertex -6.499999046325684 61.69643020629883 13.866020202636719
  endloop
endfacet
facet normal 0.0 0.0 0.0
  outer loop
    vertex -6.9659247398376465 -70.73213958740234 13.258811950683594
    vertex -6.9659247398376465 -76.25 13.258811950683594
    vertex -6.866024494171143 -70.73213958740234 13.5
  endloop
endfacet
facet normal 0.0 0.0 0.0
  outer loop
    vertex -6.866024494171143 -70.73213958740234 13.5
    vertex -6.9659247398376465 -76.25 13.258811950683594
    vertex -6.866024494171143 -76.25 13.5
  endloop
endfacet
facet normal 0.0 0.0 0.0
  outer loop
    vertex -6.866024494171143 -70.73213958740234 13.5
    vertex -6.866024494171143 -76.25 13.5
    vertex -6.70710563659668 -70.73213958740234 13.707099914550781
  endloop
endfacet
facet normal 0.0 0.0 0.0
  outer loop
    vertex -6.70710563659668 -70.73213958740234 13.707099914550781
    vertex -6.866024494171143 -76.25 13.5
    vertex -6.70710563659668 -76.25 13.707099914550781
  endloop
endfacet
facet normal 0.0 0.0 0.0
  outer loop
    vertex -6.70710563659668 -70.73213958740234 13.707099914550781
    vertex -6.70710563659668 -76.25 13.707099914550781
    vertex -6.499999046325684 -70.73213958740234 13.866020202636719
  endloop
endfacet
facet normal 0.0 0.0 0.0
  outer loop
    vertex -6.499999046325684 -70.73213958740234 13.866020202636719
    vertex -6.70710563659668 -76.25 13.707099914550781
    vertex -6.499999046325684 -76.25 13.866020202636719
  endloop
endfacet
facet normal 0.0 0.0 0.0
  outer loop
    vertex -6.499999046325684 -70.73213958740234 13.866020202636719
    vertex -6.499999046325684 -76.25 13.866020202636719
    vertex -6.25881814956665 -70.73213958740234 13.965919494628906
  endloop
endfacet
facet normal 0.0 0.0 0.0
  outer loop
    vertex -6.25881814956665 -70.73213958740234 13.965919494628906
    vertex -6.499999046325684 -76.25 13.866020202636719
    vertex -6.25881814956665 -76.25 13.965919494628906
  endloop
endfacet
facet normal 0.0 0.0 0.0
  outer loop
    vertex -6.25881814956665 -70.73213958740234 13.965919494628906
    vertex -6.25881814956665 -76.25 13.965919494628906
    vertex -5.999999046325684 -76.25 14.0
  endloop
endfacet
facet normal 0.0 0.0 0.0
  outer loop
    vertex -5.999999046325684 78.25 14.0
    vertex -6.25881814956665 1.0 13.965919494628906
    vertex -5.999999046325684 -76.25 14.0
  endloop
endfacet
facet normal 0.0 0.0 0.0
  outer loop
    vertex -5.999999046325684 -76.25 14.0
    vertex -6.25881814956665 1.0 13.965919494628906
    vertex -6.25881814956665 -4.517856597900391 13.965919494628906
  endloop
endfacet
facet normal 0.0 0.0 0.0
  outer loop
    vertex -5.999999046325684 -76.25 14.0
    vertex -6.25881814956665 -4.517856597900391 13.965919494628906
    vertex -6.25881814956665 -10.035715103149414 13.965919494628906
  endloop
endfacet
facet normal 0.0 0.0 0.0
  outer loop
    vertex -6.25881814956665 -10.035715103149414 13.965919494628906
    vertex -6.25881814956665 -4.517856597900391 13.965919494628906
    vertex -6.499999046325684 -10.035715103149414 13.866020202636719
  endloop
endfacet
facet normal 0.0 0.0 0.0
  outer loop
    vertex -6.25881814956665 -10.035715103149414 13.965919494628906
    vertex -6.499999046325684 -10.035715103149414 13.866020202636719
    vertex -6.499999046325684 -15.553569793701172 13.866020202636719
  endloop
endfacet
facet normal 0.0 0.0 0.0
  outer loop
    vertex -6.499999046325684 -15.553569793701172 13.866020202636719
    vertex -6.499999046325684 -10.035715103149414 13.866020202636719
    vertex -6.70710563659668 -15.553569793701172 13.707099914550781
  endloop
endfacet
facet normal 0.0 0.0 0.0
  outer loop
    vertex -6.499999046325684 -15.553569793701172 13.866020202636719
    vertex -6.70710563659668 -15.553569793701172 13.707099914550781
    vertex -6.70710563659668 -21.071430206298828 13.707099914550781
  endloop
endfacet
facet normal 0.0 0.0 0.0
  outer loop
    vertex -6.70710563659668 -21.071430206298828 13.707099914550781
    vertex -6.70710563659668 -15.553569793701172 13.707099914550781
    vertex -6.866024494171143 -21.071430206298828 13.5
  endloop
endfacet
facet normal 0.0 0.0 0.0
  outer loop
    vertex -6.70710563659668 -21.071430206298828 13.707099914550781
    vertex -6.866024494171143 -21.071430206298828 13.5
    vertex -6.866024494171143 -26.58928680419922 13.5
  endloop
endfacet
facet normal 0.0 0.0 0.0
  outer loop
    vertex -6.866024494171143 -26.58928680419922 13.5
    vertex -6.866024494171143 -21.071430206298828 13.5
    vertex -6.9659247398376465 -26.58928680419922 13.258811950683594
  endloop
endfacet
facet normal 0.0 0.0 0.0
  outer loop
    vertex -6.866024494171143 78.25 13.5
    vertex -6.9659247398376465 78.25 13.258811950683594
    vertex -6.9659247398376465 72.73214721679688 13.258811950683594
  endloop
endfacet
facet normal 0.0 0.0 0.0
  outer loop
    vertex -6.9659247398376465 72.73214721679688 13.258811950683594
    vertex -6.9659247398376465 78.25 13.258811950683594
    vertex -6.999999046325684 78.25 13.0
  endloop
endfacet
facet normal 0.0 0.0 0.0
  outer loop
    vertex -6.999999046325684 -76.25 13.0
    vertex -6.9659247398376465 1.0 13.258811950683594
    vertex -6.999999046325684 78.25 13.0
  endloop
endfacet
facet normal 0.0 0.0 0.0
  outer loop
    vertex -6.999999046325684 78.25 13.0
    vertex -6.9659247398376465 1.0 13.258811950683594
    vertex -6.9659247398376465 6.517857551574707 13.258811950683594
  endloop
endfacet
facet normal 0.0 0.0 0.0
  outer loop
    vertex -6.999999046325684 78.25 13.0
    vertex -6.9659247398376465 6.517857551574707 13.258811950683594
    vertex -6.9659247398376465 12.035714149475098 13.258811950683594
  endloop
endfacet
facet normal 0.0 0.0 0.0
  outer loop
    vertex -6.9659247398376465 12.035714149475098 13.258811950683594
    vertex -6.9659247398376465 6.517857551574707 13.258811950683594
    vertex -6.866024494171143 12.035714149475098 13.5
  endloop
endfacet
facet normal 0.0 0.0 0.0
  outer loop
    vertex -6.9659247398376465 -65.21428680419922 13.258811950683594
    vertex -6.9659247398376465 -70.73213958740234 13.258811950683594
    vertex -6.866024494171143 -65.21428680419922 13.5
  endloop
endfacet
facet normal 0.0 0.0 0.0
  outer loop
    vertex -6.866024494171143 -65.21428680419922 13.5
    vertex -6.9659247398376465 -70.73213958740234 13.258811950683594
    vertex -6.866024494171143 -70.73213958740234 13.5
  endloop
endfacet
facet normal 0.0 0.0 0.0
  outer loop
    vertex -6.866024494171143 -65.21428680419922 13.5
    vertex -6.866024494171143 -70.73213958740234 13.5
    vertex -6.70710563659668 -65.21428680419922 13.707099914550781
  endloop
endfacet
facet normal 0.0 0.0 0.0
  outer loop
    vertex -6.70710563659668 -65.21428680419922 13.707099914550781
    vertex -6.866024494171143 -70.73213958740234 13.5
    vertex -6.70710563659668 -70.73213958740234 13.707099914550781
  endloop
endfacet
facet normal 0.0 0.0 0.0
  outer loop
    vertex -6.70710563659668 -65.21428680419922 13.707099914550781
    vertex -6.70710563659668 -70.73213958740234 13.707099914550781
    vertex -6.499999046325684 -65.21428680419922 13.866020202636719
  endloop
endfacet
facet normal 0.0 0.0 0.0
  outer loop
    vertex -6.499999046325684 -65.21428680419922 13.866020202636719
    vertex -6.70710563659668 -70.73213958740234 13.707099914550781
    vertex -6.499999046325684 -70.73213958740234 13.866020202636719
  endloop
endfacet
facet normal 0.0 0.0 0.0
  outer loop
    vertex -6.499999046325684 -65.21428680419922 13.866020202636719
    vertex -6.499999046325684 -70.73213958740234 13.866020202636719
    vertex -6.25881814956665 -65.21428680419922 13.965919494628906
  endloop
endfacet
facet normal 0.0 0.0 0.0
  outer loop
    vertex -6.25881814956665 -65.21428680419922 13.965919494628906
    vertex -6.499999046325684 -70.73213958740234 13.866020202636719
    vertex -6.25881814956665 -70.73213958740234 13.965919494628906
  endloop
endfacet
facet normal 0.0 0.0 0.0
  outer loop
    vertex -6.25881814956665 -65.21428680419922 13.965919494628906
    vertex -6.25881814956665 -70.73213958740234 13.965919494628906
    vertex -5.999999046325684 -76.25 14.0
  endloop
endfacet
facet normal 0.0 0.0 0.0
  outer loop
    vertex -6.9659247398376465 -59.69642639160156 13.258811950683594
    vertex -6.9659247398376465 -54.17857360839844 13.258811950683594
    vertex -6.999999046325684 -76.25 13.0
  endloop
endfacet
facet normal 0.0 0.0 0.0
  outer loop
    vertex -6.999999046325684 -76.25 13.0
    vertex -6.9659247398376465 -54.17857360839844 13.258811950683594
    vertex -6.9659247398376465 -48.66071319580078 13.258811950683594
  endloop
endfacet
facet normal 0.0 0.0 0.0
  outer loop
    vertex -6.999999046325684 -76.25 13.0
    vertex -6.9659247398376465 -48.66071319580078 13.258811950683594
    vertex -6.9659247398376465 -43.14285659790039 13.258811950683594
  endloop
endfacet
facet normal 0.0 0.0 0.0
  outer loop
    vertex -6.9659247398376465 -43.14285659790039 13.258811950683594
    vertex -6.9659247398376465 -48.66071319580078 13.258811950683594
    vertex -6.866024494171143 -43.14285659790039 13.5
  endloop
endfacet
facet normal 0.0 0.0 0.0
  outer loop
    vertex -6.9659247398376465 -43.14285659790039 13.258811950683594
    vertex -6.866024494171143 -43.14285659790039 13.5
    vertex -6.866024494171143 -37.625 13.5
  endloop
endfacet
facet normal 0.0 0.0 0.0
  outer loop
    vertex -6.866024494171143 -37.625 13.5
    vertex -6.866024494171143 -43.14285659790039 13.5
    vertex -6.70710563659668 -37.625 13.707099914550781
  endloop
endfacet
facet normal 0.0 0.0 0.0
  outer loop
    vertex -6.866024494171143 -37.625 13.5
    vertex -6.70710563659668 -37.625 13.707099914550781
    vertex -6.70710563659668 -32.10714340209961 13.707099914550781
  endloop
endfacet
facet normal 0.0 0.0 0.0
  outer loop
    vertex -6.70710563659668 -32.10714340209961 13.707099914550781
    vertex -6.70710563659668 -37.625 13.707099914550781
    vertex -6.499999046325684 -32.10714340209961 13.866020202636719
  endloop
endfacet
facet normal 0.0 0.0 0.0
  outer loop
    vertex -6.9659247398376465 -59.69642639160156 13.258811950683594
    vertex -6.866024494171143 -54.17857360839844 13.5
    vertex -6.9659247398376465 -54.17857360839844 13.258811950683594
  endloop
endfacet
facet normal 0.0 0.0 0.0
  outer loop
    vertex -6.9659247398376465 -54.17857360839844 13.258811950683594
    vertex -6.866024494171143 -54.17857360839844 13.5
    vertex -6.866024494171143 -48.66071319580078 13.5
  endloop
endfacet
facet normal 0.0 0.0 0.0
  outer loop
    vertex -6.9659247398376465 -54.17857360839844 13.258811950683594
    vertex -6.866024494171143 -48.66071319580078 13.5
    vertex -6.9659247398376465 -48.66071319580078 13.258811950683594
  endloop
endfacet
facet normal 0.0 0.0 0.0
  outer loop
    vertex -6.9659247398376465 -48.66071319580078 13.258811950683594
    vertex -6.866024494171143 -48.66071319580078 13.5
    vertex -6.866024494171143 -43.14285659790039 13.5
  endloop
endfacet
facet normal 0.0 0.0 0.0
  outer loop
    vertex -6.9659247398376465 -32.10714340209961 13.258811950683594
    vertex -6.999999046325684 -76.25 13.0
    vertex -6.9659247398376465 -37.625 13.258811950683594
  endloop
endfacet
facet normal 0.0 0.0 0.0
  outer loop
    vertex -6.9659247398376465 -37.625 13.258811950683594
    vertex -6.999999046325684 -76.25 13.0
    vertex -6.9659247398376465 -43.14285659790039 13.258811950683594
  endloop
endfacet
facet normal 0.0 0.0 0.0
  outer loop
    vertex -6.9659247398376465 -37.625 13.258811950683594
    vertex -6.9659247398376465 -43.14285659790039 13.258811950683594
    vertex -6.866024494171143 -37.625 13.5
  endloop
endfacet
facet normal 0.0 0.0 0.0
  outer loop
    vertex -6.866024494171143 -32.10714340209961 13.5
    vertex -6.9659247398376465 -32.10714340209961 13.258811950683594
    vertex -6.9659247398376465 -37.625 13.258811950683594
  endloop
endfacet
facet normal 0.0 0.0 0.0
  outer loop
    vertex -6.866024494171143 -32.10714340209961 13.5
    vertex -6.9659247398376465 -37.625 13.258811950683594
    vertex -6.866024494171143 -37.625 13.5
  endloop
endfacet
facet normal 0.0 0.0 0.0
  outer loop
    vertex -6.866024494171143 -15.553569793701172 13.5
    vertex -6.9659247398376465 -21.071430206298828 13.258811950683594
    vertex -6.866024494171143 -21.071430206298828 13.5
  endloop
endfacet
facet normal 0.0 0.0 0.0
  outer loop
    vertex -6.866024494171143 -21.071430206298828 13.5
    vertex -6.9659247398376465 -21.071430206298828 13.258811950683594
    vertex -6.9659247398376465 -26.58928680419922 13.258811950683594
  endloop
endfacet
facet normal 0.0 0.0 0.0
  outer loop
    vertex -6.9659247398376465 -15.553569793701172 13.258811950683594
    vertex -6.9659247398376465 -10.035715103149414 13.258811950683594
    vertex -6.999999046325684 -76.25 13.0
  endloop
endfacet
facet normal 0.0 0.0 0.0
  outer loop
    vertex -6.999999046325684 -76.25 13.0
    vertex -6.9659247398376465 -10.035715103149414 13.258811950683594
    vertex -6.9659247398376465 -4.517856597900391 13.258811950683594
  endloop
endfacet
facet normal 0.0 0.0 0.0
  outer loop
    vertex -6.999999046325684 -76.25 13.0
    vertex -6.9659247398376465 -4.517856597900391 13.258811950683594
    vertex -6.9659247398376465 1.0 13.258811950683594
  endloop
endfacet
facet normal 0.0 0.0 0.0
  outer loop
    vertex -6.9659247398376465 1.0 13.258811950683594
    vertex -6.9659247398376465 -4.517856597900391 13.258811950683594
    vertex -6.866024494171143 1.0 13.5
  endloop
endfacet
facet normal 0.0 0.0 0.0
  outer loop
    vertex -6.9659247398376465 1.0 13.258811950683594
    vertex -6.866024494171143 1.0 13.5
    vertex -6.866024494171143 6.517857551574707 13.5
  endloop
endfacet
facet normal 0.0 0.0 0.0
  outer loop
    vertex -6.866024494171143 6.517857551574707 13.5
    vertex -6.866024494171143 1.0 13.5
    vertex -6.70710563659668 6.517857551574707 13.707099914550781
  endloop
endfacet
facet normal 0.0 0.0 0.0
  outer loop
    vertex -6.866024494171143 6.517857551574707 13.5
    vertex -6.70710563659668 6.517857551574707 13.707099914550781
    vertex -6.70710563659668 12.035714149475098 13.707099914550781
  endloop
endfacet
facet normal 0.0 0.0 0.0
  outer loop
    vertex -6.70710563659668 12.035714149475098 13.707099914550781
    vertex -6.70710563659668 6.517857551574707 13.707099914550781
    vertex -6.499999046325684 12.035714149475098 13.866020202636719
  endloop
endfacet
facet normal 0.0 0.0 0.0
  outer loop
    vertex -6.9659247398376465 -15.553569793701172 13.258811950683594
    vertex -6.866024494171143 -10.035715103149414 13.5
    vertex -6.9659247398376465 -10.035715103149414 13.258811950683594
  endloop
endfacet
facet normal 0.0 0.0 0.0
  outer loop
    vertex -6.9659247398376465 -10.035715103149414 13.258811950683594
    vertex -6.866024494171143 -10.035715103149414 13.5
    vertex -6.866024494171143 -4.517856597900391 13.5
  endloop
endfacet
facet normal 0.0 0.0 0.0
  outer loop
    vertex -6.9659247398376465 -10.035715103149414 13.258811950683594
    vertex -6.866024494171143 -4.517856597900391 13.5
    vertex -6.9659247398376465 -4.517856597900391 13.258811950683594
  endloop
endfacet
facet normal 0.0 0.0 0.0
  outer loop
    vertex -6.9659247398376465 -4.517856597900391 13.258811950683594
    vertex -6.866024494171143 -4.517856597900391 13.5
    vertex -6.866024494171143 1.0 13.5
  endloop
endfacet
facet normal 0.0 0.0 0.0
  outer loop
    vertex -6.866024494171143 12.035714149475098 13.5
    vertex -6.9659247398376465 6.517857551574707 13.258811950683594
    vertex -6.866024494171143 6.517857551574707 13.5
  endloop
endfacet
facet normal 0.0 0.0 0.0
  outer loop
    vertex -6.866024494171143 6.517857551574707 13.5
    vertex -6.9659247398376465 6.517857551574707 13.258811950683594
    vertex -6.9659247398376465 1.0 13.258811950683594
  endloop
endfacet
facet normal 0.0 0.0 0.0
  outer loop
    vertex -6.9659247398376465 23.071428298950195 13.258811950683594
    vertex -6.9659247398376465 17.553571701049805 13.258811950683594
    vertex -6.866024494171143 23.071428298950195 13.5
  endloop
endfacet
facet normal 0.0 0.0 0.0
  outer loop
    vertex -6.866024494171143 23.071428298950195 13.5
    vertex -6.9659247398376465 17.553571701049805 13.258811950683594
    vertex -6.866024494171143 17.553571701049805 13.5
  endloop
endfacet
facet normal 0.0 0.0 0.0
  outer loop
    vertex -6.866024494171143 23.071428298950195 13.5
    vertex -6.866024494171143 17.553571701049805 13.5
    vertex -6.70710563659668 23.071428298950195 13.707099914550781
  endloop
endfacet
facet normal 0.0 0.0 0.0
  outer loop
    vertex -6.70710563659668 23.071428298950195 13.707099914550781
    vertex -6.866024494171143 17.553571701049805 13.5
    vertex -6.70710563659668 17.553571701049805 13.707099914550781
  endloop
endfacet
facet normal 0.0 0.0 0.0
  outer loop
    vertex -6.70710563659668 23.071428298950195 13.707099914550781
    vertex -6.70710563659668 17.553571701049805 13.707099914550781
    vertex -6.499999046325684 23.071428298950195 13.866020202636719
  endloop
endfacet
facet normal 0.0 0.0 0.0
  outer loop
    vertex -6.499999046325684 23.071428298950195 13.866020202636719
    vertex -6.70710563659668 17.553571701049805 13.707099914550781
    vertex -6.499999046325684 17.553571701049805 13.866020202636719
  endloop
endfacet
facet normal 0.0 0.0 0.0
  outer loop
    vertex -6.499999046325684 23.071428298950195 13.866020202636719
    vertex -6.499999046325684 17.553571701049805 13.866020202636719
    vertex -6.25881814956665 23.071428298950195 13.965919494628906
  endloop
endfacet
facet normal 0.0 0.0 0.0
  outer loop
    vertex -6.25881814956665 23.071428298950195 13.965919494628906
    vertex -6.499999046325684 17.553571701049805 13.866020202636719
    vertex -6.25881814956665 17.553571701049805 13.965919494628906
  endloop
endfacet
facet normal 0.0 0.0 0.0
  outer loop
    vertex -6.25881814956665 23.071428298950195 13.965919494628906
    vertex -6.25881814956665 17.553571701049805 13.965919494628906
    vertex -5.999999046325684 78.25 14.0
  endloop
endfacet
facet normal 0.0 0.0 0.0
  outer loop
    vertex -6.9659247398376465 28.58928680419922 13.258811950683594
    vertex -6.9659247398376465 34.10714340209961 13.258811950683594
    vertex -6.999999046325684 78.25 13.0
  endloop
endfacet
facet normal 0.0 0.0 0.0
  outer loop
    vertex -6.999999046325684 78.25 13.0
    vertex -6.9659247398376465 34.10714340209961 13.258811950683594
    vertex -6.9659247398376465 39.625 13.258811950683594
  endloop
endfacet
facet normal 0.0 0.0 0.0
  outer loop
    vertex -6.999999046325684 78.25 13.0
    vertex -6.9659247398376465 39.625 13.258811950683594
    vertex -6.9659247398376465 45.14285659790039 13.258811950683594
  endloop
endfacet
facet normal 0.0 0.0 0.0
  outer loop
    vertex -6.9659247398376465 45.14285659790039 13.258811950683594
    vertex -6.9659247398376465 39.625 13.258811950683594
    vertex -6.866024494171143 45.14285659790039 13.5
  endloop
endfacet
facet normal 0.0 0.0 0.0
  outer loop
    vertex -6.9659247398376465 45.14285659790039 13.258811950683594
    vertex -6.866024494171143 45.14285659790039 13.5
    vertex -6.866024494171143 50.66071319580078 13.5
  endloop
endfacet
facet normal 0.0 0.0 0.0
  outer loop
    vertex -6.866024494171143 50.66071319580078 13.5
    vertex -6.866024494171143 45.14285659790039 13.5
    vertex -6.70710563659668 50.66071319580078 13.707099914550781
  endloop
endfacet
facet normal 0.0 0.0 0.0
  outer loop
    vertex -6.866024494171143 50.66071319580078 13.5
    vertex -6.70710563659668 50.66071319580078 13.707099914550781
    vertex -6.70710563659668 56.17856979370117 13.707099914550781
  endloop
endfacet
facet normal 0.0 0.0 0.0
  outer loop
    vertex -6.70710563659668 56.17856979370117 13.707099914550781
    vertex -6.70710563659668 50.66071319580078 13.707099914550781
    vertex -6.499999046325684 56.17856979370117 13.866020202636719
  endloop
endfacet
facet normal 0.0 0.0 0.0
  outer loop
    vertex -6.9659247398376465 28.58928680419922 13.258811950683594
    vertex -6.866024494171143 34.10714340209961 13.5
    vertex -6.9659247398376465 34.10714340209961 13.258811950683594
  endloop
endfacet
facet normal 0.0 0.0 0.0
  outer loop
    vertex -6.9659247398376465 34.10714340209961 13.258811950683594
    vertex -6.866024494171143 34.10714340209961 13.5
    vertex -6.866024494171143 39.625 13.5
  endloop
endfacet
facet normal 0.0 0.0 0.0
  outer loop
    vertex -6.9659247398376465 34.10714340209961 13.258811950683594
    vertex -6.866024494171143 39.625 13.5
    vertex -6.9659247398376465 39.625 13.258811950683594
  endloop
endfacet
facet normal 0.0 0.0 0.0
  outer loop
    vertex -6.9659247398376465 39.625 13.258811950683594
    vertex -6.866024494171143 39.625 13.5
    vertex -6.866024494171143 45.14285659790039 13.5
  endloop
endfacet
facet normal 0.0 0.0 0.0
  outer loop
    vertex -6.9659247398376465 56.17856979370117 13.258811950683594
    vertex -6.999999046325684 78.25 13.0
    vertex -6.9659247398376465 50.66071319580078 13.258811950683594
  endloop
endfacet
facet normal 0.0 0.0 0.0
  outer loop
    vertex -6.9659247398376465 50.66071319580078 13.258811950683594
    vertex -6.999999046325684 78.25 13.0
    vertex -6.9659247398376465 45.14285659790039 13.258811950683594
  endloop
endfacet
facet normal 0.0 0.0 0.0
  outer loop
    vertex -6.9659247398376465 50.66071319580078 13.258811950683594
    vertex -6.9659247398376465 45.14285659790039 13.258811950683594
    vertex -6.866024494171143 50.66071319580078 13.5
  endloop
endfacet
facet normal 0.0 0.0 0.0
  outer loop
    vertex -6.866024494171143 56.17856979370117 13.5
    vertex -6.9659247398376465 56.17856979370117 13.258811950683594
    vertex -6.9659247398376465 50.66071319580078 13.258811950683594
  endloop
endfacet
facet normal 0.0 0.0 0.0
  outer loop
    vertex -6.866024494171143 56.17856979370117 13.5
    vertex -6.9659247398376465 50.66071319580078 13.258811950683594
    vertex -6.866024494171143 50.66071319580078 13.5
  endloop
endfacet
facet normal 0.0 0.0 0.0
  outer loop
    vertex -6.9659247398376465 67.21428680419922 13.258811950683594
    vertex -6.9659247398376465 61.69643020629883 13.258811950683594
    vertex -6.866024494171143 67.21428680419922 13.5
  endloop
endfacet
facet normal 0.0 0.0 0.0
  outer loop
    vertex -6.866024494171143 67.21428680419922 13.5
    vertex -6.9659247398376465 61.69643020629883 13.258811950683594
    vertex -6.866024494171143 61.69643020629883 13.5
  endloop
endfacet
facet normal 0.0 0.0 0.0
  outer loop
    vertex -6.866024494171143 67.21428680419922 13.5
    vertex -6.866024494171143 61.69643020629883 13.5
    vertex -6.70710563659668 67.21428680419922 13.707099914550781
  endloop
endfacet
facet normal 0.0 0.0 0.0
  outer loop
    vertex -6.70710563659668 67.21428680419922 13.707099914550781
    vertex -6.866024494171143 61.69643020629883 13.5
    vertex -6.70710563659668 61.69643020629883 13.707099914550781
  endloop
endfacet
facet normal 0.0 0.0 0.0
  outer loop
    vertex -6.70710563659668 67.21428680419922 13.707099914550781
    vertex -6.70710563659668 61.69643020629883 13.707099914550781
    vertex -6.499999046325684 67.21428680419922 13.866020202636719
  endloop
endfacet
facet normal 0.0 0.0 0.0
  outer loop
    vertex -6.499999046325684 67.21428680419922 13.866020202636719
    vertex -6.70710563659668 61.69643020629883 13.707099914550781
    vertex -6.499999046325684 61.69643020629883 13.866020202636719
  endloop
endfacet
facet normal 0.0 0.0 0.0
  outer loop
    vertex -6.499999046325684 67.21428680419922 13.866020202636719
    vertex -6.499999046325684 61.69643020629883 13.866020202636719
    vertex -6.25881814956665 67.21428680419922 13.965919494628906
  endloop
endfacet
facet normal 0.0 0.0 0.0
  outer loop
    vertex -6.9659247398376465 -65.21428680419922 13.258811950683594
    vertex -6.866024494171143 -65.21428680419922 13.5
    vertex -6.866024494171143 -59.69642639160156 13.5
  endloop
endfacet
facet normal 0.0 0.0 0.0
  outer loop
    vertex -6.866024494171143 -59.69642639160156 13.5
    vertex -6.866024494171143 -65.21428680419922 13.5
    vertex -6.70710563659668 -59.69642639160156 13.707099914550781
  endloop
endfacet
facet normal 0.0 0.0 0.0
  outer loop
    vertex -6.866024494171143 -59.69642639160156 13.5
    vertex -6.70710563659668 -59.69642639160156 13.707099914550781
    vertex -6.70710563659668 -54.17857360839844 13.707099914550781
  endloop
endfacet
facet normal 0.0 0.0 0.0
  outer loop
    vertex -6.70710563659668 -54.17857360839844 13.707099914550781
    vertex -6.70710563659668 -59.69642639160156 13.707099914550781
    vertex -6.499999046325684 -54.17857360839844 13.866020202636719
  endloop
endfacet
facet normal 0.0 0.0 0.0
  outer loop
    vertex -6.70710563659668 -54.17857360839844 13.707099914550781
    vertex -6.499999046325684 -54.17857360839844 13.866020202636719
    vertex -6.499999046325684 -48.66071319580078 13.866020202636719
  endloop
endfacet
facet normal 0.0 0.0 0.0
  outer loop
    vertex -6.499999046325684 -48.66071319580078 13.866020202636719
    vertex -6.499999046325684 -54.17857360839844 13.866020202636719
    vertex -6.25881814956665 -48.66071319580078 13.965919494628906
  endloop
endfacet
facet normal 0.0 0.0 0.0
  outer loop
    vertex -6.499999046325684 -48.66071319580078 13.866020202636719
    vertex -6.25881814956665 -48.66071319580078 13.965919494628906
    vertex -6.25881814956665 -43.14285659790039 13.965919494628906
  endloop
endfacet
facet normal 0.0 0.0 0.0
  outer loop
    vertex -6.25881814956665 -43.14285659790039 13.965919494628906
    vertex -6.25881814956665 -48.66071319580078 13.965919494628906
    vertex -5.999999046325684 -76.25 14.0
  endloop
endfacet
facet normal 0.0 0.0 0.0
  outer loop
    vertex -6.70710563659668 -59.69642639160156 13.707099914550781
    vertex -6.866024494171143 -65.21428680419922 13.5
    vertex -6.70710563659668 -65.21428680419922 13.707099914550781
  endloop
endfacet
facet normal 0.0 0.0 0.0
  outer loop
    vertex -6.866024494171143 -54.17857360839844 13.5
    vertex -6.70710563659668 -48.66071319580078 13.707099914550781
    vertex -6.866024494171143 -48.66071319580078 13.5
  endloop
endfacet
facet normal 0.0 0.0 0.0
  outer loop
    vertex -6.866024494171143 -48.66071319580078 13.5
    vertex -6.70710563659668 -48.66071319580078 13.707099914550781
    vertex -6.70710563659668 -43.14285659790039 13.707099914550781
  endloop
endfacet
facet normal 0.0 0.0 0.0
  outer loop
    vertex -6.866024494171143 -48.66071319580078 13.5
    vertex -6.70710563659668 -43.14285659790039 13.707099914550781
    vertex -6.866024494171143 -43.14285659790039 13.5
  endloop
endfacet
facet normal 0.0 0.0 0.0
  outer loop
    vertex -6.866024494171143 -43.14285659790039 13.5
    vertex -6.70710563659668 -43.14285659790039 13.707099914550781
    vertex -6.70710563659668 -37.625 13.707099914550781
  endloop
endfacet
facet normal 0.0 0.0 0.0
  outer loop
    vertex -6.70710563659668 -32.10714340209961 13.707099914550781
    vertex -6.866024494171143 -32.10714340209961 13.5
    vertex -6.866024494171143 -37.625 13.5
  endloop
endfacet
facet normal 0.0 0.0 0.0
  outer loop
    vertex -6.70710563659668 -21.071430206298828 13.707099914550781
    vertex -6.866024494171143 -26.58928680419922 13.5
    vertex -6.70710563659668 -26.58928680419922 13.707099914550781
  endloop
endfacet
facet normal 0.0 0.0 0.0
  outer loop
    vertex -6.70710563659668 -10.035715103149414 13.707099914550781
    vertex -6.866024494171143 -15.553569793701172 13.5
    vertex -6.70710563659668 -15.553569793701172 13.707099914550781
  endloop
endfacet
facet normal 0.0 0.0 0.0
  outer loop
    vertex -6.70710563659668 -15.553569793701172 13.707099914550781
    vertex -6.866024494171143 -15.553569793701172 13.5
    vertex -6.866024494171143 -21.071430206298828 13.5
  endloop
endfacet
facet normal 0.0 0.0 0.0
  outer loop
    vertex -6.866024494171143 -10.035715103149414 13.5
    vertex -6.70710563659668 -4.517856597900391 13.707099914550781
    vertex -6.866024494171143 -4.517856597900391 13.5
  endloop
endfacet
facet normal 0.0 0.0 0.0
  outer loop
    vertex -6.866024494171143 -4.517856597900391 13.5
    vertex -6.70710563659668 -4.517856597900391 13.707099914550781
    vertex -6.70710563659668 1.0 13.707099914550781
  endloop
endfacet
facet normal 0.0 0.0 0.0
  outer loop
    vertex -6.866024494171143 -4.517856597900391 13.5
    vertex -6.70710563659668 1.0 13.707099914550781
    vertex -6.866024494171143 1.0 13.5
  endloop
endfacet
facet normal 0.0 0.0 0.0
  outer loop
    vertex -6.866024494171143 1.0 13.5
    vertex -6.70710563659668 1.0 13.707099914550781
    vertex -6.70710563659668 6.517857551574707 13.707099914550781
  endloop
endfacet
facet normal 0.0 0.0 0.0
  outer loop
    vertex -6.70710563659668 12.035714149475098 13.707099914550781
    vertex -6.866024494171143 12.035714149475098 13.5
    vertex -6.866024494171143 6.517857551574707 13.5
  endloop
endfacet
facet normal 0.0 0.0 0.0
  outer loop
    vertex -6.9659247398376465 23.071428298950195 13.258811950683594
    vertex -6.866024494171143 23.071428298950195 13.5
    vertex -6.866024494171143 28.58928680419922 13.5
  endloop
endfacet
facet normal 0.0 0.0 0.0
  outer loop
    vertex -6.866024494171143 28.58928680419922 13.5
    vertex -6.866024494171143 23.071428298950195 13.5
    vertex -6.70710563659668 28.58928680419922 13.707099914550781
  endloop
endfacet
facet normal 0.0 0.0 0.0
  outer loop
    vertex -6.866024494171143 28.58928680419922 13.5
    vertex -6.70710563659668 28.58928680419922 13.707099914550781
    vertex -6.70710563659668 34.10714340209961 13.707099914550781
  endloop
endfacet
facet normal 0.0 0.0 0.0
  outer loop
    vertex -6.70710563659668 34.10714340209961 13.707099914550781
    vertex -6.70710563659668 28.58928680419922 13.707099914550781
    vertex -6.499999046325684 34.10714340209961 13.866020202636719
  endloop
endfacet
facet normal 0.0 0.0 0.0
  outer loop
    vertex -6.70710563659668 34.10714340209961 13.707099914550781
    vertex -6.499999046325684 34.10714340209961 13.866020202636719
    vertex -6.499999046325684 39.625 13.866020202636719
  endloop
endfacet
facet normal 0.0 0.0 0.0
  outer loop
    vertex -6.499999046325684 39.625 13.866020202636719
    vertex -6.499999046325684 34.10714340209961 13.866020202636719
    vertex -6.25881814956665 39.625 13.965919494628906
  endloop
endfacet
facet normal 0.0 0.0 0.0
  outer loop
    vertex -6.499999046325684 39.625 13.866020202636719
    vertex -6.25881814956665 39.625 13.965919494628906
    vertex -6.25881814956665 45.14285659790039 13.965919494628906
  endloop
endfacet
facet normal 0.0 0.0 0.0
  outer loop
    vertex -6.25881814956665 45.14285659790039 13.965919494628906
    vertex -6.25881814956665 39.625 13.965919494628906
    vertex -5.999999046325684 78.25 14.0
  endloop
endfacet
facet normal 0.0 0.0 0.0
  outer loop
    vertex -6.70710563659668 28.58928680419922 13.707099914550781
    vertex -6.866024494171143 23.071428298950195 13.5
    vertex -6.70710563659668 23.071428298950195 13.707099914550781
  endloop
endfacet
facet normal 0.0 0.0 0.0
  outer loop
    vertex -6.866024494171143 34.10714340209961 13.5
    vertex -6.70710563659668 39.625 13.707099914550781
    vertex -6.866024494171143 39.625 13.5
  endloop
endfacet
facet normal 0.0 0.0 0.0
  outer loop
    vertex -6.866024494171143 39.625 13.5
    vertex -6.70710563659668 39.625 13.707099914550781
    vertex -6.70710563659668 45.14285659790039 13.707099914550781
  endloop
endfacet
facet normal 0.0 0.0 0.0
  outer loop
    vertex -6.866024494171143 39.625 13.5
    vertex -6.70710563659668 45.14285659790039 13.707099914550781
    vertex -6.866024494171143 45.14285659790039 13.5
  endloop
endfacet
facet normal 0.0 0.0 0.0
  outer loop
    vertex -6.866024494171143 45.14285659790039 13.5
    vertex -6.70710563659668 45.14285659790039 13.707099914550781
    vertex -6.70710563659668 50.66071319580078 13.707099914550781
  endloop
endfacet
facet normal 0.0 0.0 0.0
  outer loop
    vertex -6.70710563659668 56.17856979370117 13.707099914550781
    vertex -6.866024494171143 56.17856979370117 13.5
    vertex -6.866024494171143 50.66071319580078 13.5
  endloop
endfacet
facet normal 0.0 0.0 0.0
  outer loop
    vertex -6.70710563659668 72.73214721679688 13.707099914550781
    vertex -6.866024494171143 72.73214721679688 13.5
    vertex -6.866024494171143 67.21428680419922 13.5
  endloop
endfacet
facet normal 0.0 0.0 0.0
  outer loop
    vertex -6.866024494171143 67.21428680419922 13.5
    vertex -6.866024494171143 72.73214721679688 13.5
    vertex -6.9659247398376465 67.21428680419922 13.258811950683594
  endloop
endfacet
facet normal 0.0 0.0 0.0
  outer loop
    vertex -6.70710563659668 72.73214721679688 13.707099914550781
    vertex -6.866024494171143 67.21428680419922 13.5
    vertex -6.70710563659668 67.21428680419922 13.707099914550781
  endloop
endfacet
facet normal 0.0 0.0 0.0
  outer loop
    vertex -6.70710563659668 -59.69642639160156 13.707099914550781
    vertex -6.70710563659668 -65.21428680419922 13.707099914550781
    vertex -6.499999046325684 -59.69642639160156 13.866020202636719
  endloop
endfacet
facet normal 0.0 0.0 0.0
  outer loop
    vertex -6.499999046325684 -59.69642639160156 13.866020202636719
    vertex -6.70710563659668 -65.21428680419922 13.707099914550781
    vertex -6.499999046325684 -65.21428680419922 13.866020202636719
  endloop
endfacet
facet normal 0.0 0.0 0.0
  outer loop
    vertex -6.499999046325684 -59.69642639160156 13.866020202636719
    vertex -6.499999046325684 -65.21428680419922 13.866020202636719
    vertex -6.25881814956665 -59.69642639160156 13.965919494628906
  endloop
endfacet
facet normal 0.0 0.0 0.0
  outer loop
    vertex -6.25881814956665 -59.69642639160156 13.965919494628906
    vertex -6.499999046325684 -65.21428680419922 13.866020202636719
    vertex -6.25881814956665 -65.21428680419922 13.965919494628906
  endloop
endfacet
facet normal 0.0 0.0 0.0
  outer loop
    vertex -6.25881814956665 -59.69642639160156 13.965919494628906
    vertex -6.25881814956665 -65.21428680419922 13.965919494628906
    vertex -5.999999046325684 -76.25 14.0
  endloop
endfacet
facet normal 0.0 0.0 0.0
  outer loop
    vertex -6.70710563659668 -48.66071319580078 13.707099914550781
    vertex -6.499999046325684 -43.14285659790039 13.866020202636719
    vertex -6.70710563659668 -43.14285659790039 13.707099914550781
  endloop
endfacet
facet normal 0.0 0.0 0.0
  outer loop
    vertex -6.70710563659668 -43.14285659790039 13.707099914550781
    vertex -6.499999046325684 -43.14285659790039 13.866020202636719
    vertex -6.499999046325684 -37.625 13.866020202636719
  endloop
endfacet
facet normal 0.0 0.0 0.0
  outer loop
    vertex -6.70710563659668 -43.14285659790039 13.707099914550781
    vertex -6.499999046325684 -37.625 13.866020202636719
    vertex -6.70710563659668 -37.625 13.707099914550781
  endloop
endfacet
facet normal 0.0 0.0 0.0
  outer loop
    vertex -6.70710563659668 -37.625 13.707099914550781
    vertex -6.499999046325684 -37.625 13.866020202636719
    vertex -6.499999046325684 -32.10714340209961 13.866020202636719
  endloop
endfacet
facet normal 0.0 0.0 0.0
  outer loop
    vertex -6.70710563659668 -21.071430206298828 13.707099914550781
    vertex -6.70710563659668 -26.58928680419922 13.707099914550781
    vertex -6.499999046325684 -21.071430206298828 13.866020202636719
  endloop
endfacet
facet normal 0.0 0.0 0.0
  outer loop
    vertex -6.499999046325684 -21.071430206298828 13.866020202636719
    vertex -6.70710563659668 -26.58928680419922 13.707099914550781
    vertex -6.499999046325684 -26.58928680419922 13.866020202636719
  endloop
endfacet
facet normal 0.0 0.0 0.0
  outer loop
    vertex -6.499999046325684 -21.071430206298828 13.866020202636719
    vertex -6.499999046325684 -26.58928680419922 13.866020202636719
    vertex -6.25881814956665 -21.071430206298828 13.965919494628906
  endloop
endfacet
facet normal 0.0 0.0 0.0
  outer loop
    vertex -6.25881814956665 -21.071430206298828 13.965919494628906
    vertex -6.499999046325684 -26.58928680419922 13.866020202636719
    vertex -6.25881814956665 -26.58928680419922 13.965919494628906
  endloop
endfacet
facet normal 0.0 0.0 0.0
  outer loop
    vertex -6.25881814956665 -21.071430206298828 13.965919494628906
    vertex -6.25881814956665 -26.58928680419922 13.965919494628906
    vertex -5.999999046325684 -76.25 14.0
  endloop
endfacet
facet normal 0.0 0.0 0.0
  outer loop
    vertex -6.499999046325684 -4.517856597900391 13.866020202636719
    vertex -6.70710563659668 -10.035715103149414 13.707099914550781
    vertex -6.499999046325684 -10.035715103149414 13.866020202636719
  endloop
endfacet
facet normal 0.0 0.0 0.0
  outer loop
    vertex -6.499999046325684 -10.035715103149414 13.866020202636719
    vertex -6.70710563659668 -10.035715103149414 13.707099914550781
    vertex -6.70710563659668 -15.553569793701172 13.707099914550781
  endloop
endfacet
facet normal 0.0 0.0 0.0
  outer loop
    vertex -6.70710563659668 -4.517856597900391 13.707099914550781
    vertex -6.499999046325684 1.0 13.866020202636719
    vertex -6.70710563659668 1.0 13.707099914550781
  endloop
endfacet
facet normal 0.0 0.0 0.0
  outer loop
    vertex -6.70710563659668 1.0 13.707099914550781
    vertex -6.499999046325684 1.0 13.866020202636719
    vertex -6.499999046325684 6.517857551574707 13.866020202636719
  endloop
endfacet
facet normal 0.0 0.0 0.0
  outer loop
    vertex -6.70710563659668 1.0 13.707099914550781
    vertex -6.499999046325684 6.517857551574707 13.866020202636719
    vertex -6.70710563659668 6.517857551574707 13.707099914550781
  endloop
endfacet
facet normal 0.0 0.0 0.0
  outer loop
    vertex -6.70710563659668 6.517857551574707 13.707099914550781
    vertex -6.499999046325684 6.517857551574707 13.866020202636719
    vertex -6.499999046325684 12.035714149475098 13.866020202636719
  endloop
endfacet
facet normal 0.0 0.0 0.0
  outer loop
    vertex -6.70710563659668 28.58928680419922 13.707099914550781
    vertex -6.70710563659668 23.071428298950195 13.707099914550781
    vertex -6.499999046325684 28.58928680419922 13.866020202636719
  endloop
endfacet
facet normal 0.0 0.0 0.0
  outer loop
    vertex -6.499999046325684 28.58928680419922 13.866020202636719
    vertex -6.70710563659668 23.071428298950195 13.707099914550781
    vertex -6.499999046325684 23.071428298950195 13.866020202636719
  endloop
endfacet
facet normal 0.0 0.0 0.0
  outer loop
    vertex -6.499999046325684 28.58928680419922 13.866020202636719
    vertex -6.499999046325684 23.071428298950195 13.866020202636719
    vertex -6.25881814956665 28.58928680419922 13.965919494628906
  endloop
endfacet
facet normal 0.0 0.0 0.0
  outer loop
    vertex -6.25881814956665 28.58928680419922 13.965919494628906
    vertex -6.499999046325684 23.071428298950195 13.866020202636719
    vertex -6.25881814956665 23.071428298950195 13.965919494628906
  endloop
endfacet
facet normal 0.0 0.0 0.0
  outer loop
    vertex -6.25881814956665 28.58928680419922 13.965919494628906
    vertex -6.25881814956665 23.071428298950195 13.965919494628906
    vertex -5.999999046325684 78.25 14.0
  endloop
endfacet
facet normal 0.0 0.0 0.0
  outer loop
    vertex -6.70710563659668 39.625 13.707099914550781
    vertex -6.499999046325684 45.14285659790039 13.866020202636719
    vertex -6.70710563659668 45.14285659790039 13.707099914550781
  endloop
endfacet
facet normal 0.0 0.0 0.0
  outer loop
    vertex -6.70710563659668 45.14285659790039 13.707099914550781
    vertex -6.499999046325684 45.14285659790039 13.866020202636719
    vertex -6.499999046325684 50.66071319580078 13.866020202636719
  endloop
endfacet
facet normal 0.0 0.0 0.0
  outer loop
    vertex -6.70710563659668 45.14285659790039 13.707099914550781
    vertex -6.499999046325684 50.66071319580078 13.866020202636719
    vertex -6.70710563659668 50.66071319580078 13.707099914550781
  endloop
endfacet
facet normal 0.0 0.0 0.0
  outer loop
    vertex -6.70710563659668 50.66071319580078 13.707099914550781
    vertex -6.499999046325684 50.66071319580078 13.866020202636719
    vertex -6.499999046325684 56.17856979370117 13.866020202636719
  endloop
endfacet
facet normal 0.0 0.0 0.0
  outer loop
    vertex -6.499999046325684 72.73214721679688 13.866020202636719
    vertex -6.70710563659668 72.73214721679688 13.707099914550781
    vertex -6.70710563659668 67.21428680419922 13.707099914550781
  endloop
endfacet
facet normal 0.0 0.0 0.0
  outer loop
    vertex -6.499999046325684 72.73214721679688 13.866020202636719
    vertex -6.70710563659668 67.21428680419922 13.707099914550781
    vertex -6.499999046325684 67.21428680419922 13.866020202636719
  endloop
endfacet
facet normal 0.0 0.0 0.0
  outer loop
    vertex -6.70710563659668 -59.69642639160156 13.707099914550781
    vertex -6.499999046325684 -59.69642639160156 13.866020202636719
    vertex -6.499999046325684 -54.17857360839844 13.866020202636719
  endloop
endfacet
facet normal 0.0 0.0 0.0
  outer loop
    vertex -6.499999046325684 -54.17857360839844 13.866020202636719
    vertex -6.499999046325684 -59.69642639160156 13.866020202636719
    vertex -6.25881814956665 -54.17857360839844 13.965919494628906
  endloop
endfacet
facet normal 0.0 0.0 0.0
  outer loop
    vertex -6.499999046325684 -54.17857360839844 13.866020202636719
    vertex -6.25881814956665 -54.17857360839844 13.965919494628906
    vertex -6.25881814956665 -48.66071319580078 13.965919494628906
  endloop
endfacet
facet normal 0.0 0.0 0.0
  outer loop
    vertex -6.25881814956665 -48.66071319580078 13.965919494628906
    vertex -6.25881814956665 -54.17857360839844 13.965919494628906
    vertex -5.999999046325684 -76.25 14.0
  endloop
endfacet
facet normal 0.0 0.0 0.0
  outer loop
    vertex -6.25881814956665 -54.17857360839844 13.965919494628906
    vertex -6.499999046325684 -59.69642639160156 13.866020202636719
    vertex -6.25881814956665 -59.69642639160156 13.965919494628906
  endloop
endfacet
facet normal 0.0 0.0 0.0
  outer loop
    vertex -6.25881814956665 -32.10714340209961 13.965919494628906
    vertex -6.499999046325684 -32.10714340209961 13.866020202636719
    vertex -6.499999046325684 -37.625 13.866020202636719
  endloop
endfacet
facet normal 0.0 0.0 0.0
  outer loop
    vertex -6.25881814956665 -32.10714340209961 13.965919494628906
    vertex -6.499999046325684 -37.625 13.866020202636719
    vertex -6.25881814956665 -37.625 13.965919494628906
  endloop
endfacet
facet normal 0.0 0.0 0.0
  outer loop
    vertex -6.25881814956665 -37.625 13.965919494628906
    vertex -6.499999046325684 -37.625 13.866020202636719
    vertex -6.499999046325684 -43.14285659790039 13.866020202636719
  endloop
endfacet
facet normal 0.0 0.0 0.0
  outer loop
    vertex -6.70710563659668 -21.071430206298828 13.707099914550781
    vertex -6.499999046325684 -21.071430206298828 13.866020202636719
    vertex -6.499999046325684 -15.553569793701172 13.866020202636719
  endloop
endfacet
facet normal 0.0 0.0 0.0
  outer loop
    vertex -6.499999046325684 -15.553569793701172 13.866020202636719
    vertex -6.499999046325684 -21.071430206298828 13.866020202636719
    vertex -6.25881814956665 -15.553569793701172 13.965919494628906
  endloop
endfacet
facet normal 0.0 0.0 0.0
  outer loop
    vertex -6.499999046325684 -15.553569793701172 13.866020202636719
    vertex -6.25881814956665 -15.553569793701172 13.965919494628906
    vertex -6.25881814956665 -10.035715103149414 13.965919494628906
  endloop
endfacet
facet normal 0.0 0.0 0.0
  outer loop
    vertex -6.25881814956665 -10.035715103149414 13.965919494628906
    vertex -6.25881814956665 -15.553569793701172 13.965919494628906
    vertex -5.999999046325684 -76.25 14.0
  endloop
endfacet
facet normal 0.0 0.0 0.0
  outer loop
    vertex -6.25881814956665 -15.553569793701172 13.965919494628906
    vertex -6.499999046325684 -21.071430206298828 13.866020202636719
    vertex -6.25881814956665 -21.071430206298828 13.965919494628906
  endloop
endfacet
facet normal 0.0 0.0 0.0
  outer loop
    vertex -6.25881814956665 1.0 13.965919494628906
    vertex -6.499999046325684 -4.517856597900391 13.866020202636719
    vertex -6.25881814956665 -4.517856597900391 13.965919494628906
  endloop
endfacet
facet normal 0.0 0.0 0.0
  outer loop
    vertex -6.25881814956665 -4.517856597900391 13.965919494628906
    vertex -6.499999046325684 -4.517856597900391 13.866020202636719
    vertex -6.499999046325684 -10.035715103149414 13.866020202636719
  endloop
endfacet
facet normal 0.0 0.0 0.0
  outer loop
    vertex -6.25881814956665 12.035714149475098 13.965919494628906
    vertex -6.499999046325684 12.035714149475098 13.866020202636719
    vertex -6.499999046325684 6.517857551574707 13.866020202636719
  endloop
endfacet
facet normal 0.0 0.0 0.0
  outer loop
    vertex -6.25881814956665 12.035714149475098 13.965919494628906
    vertex -6.499999046325684 6.517857551574707 13.866020202636719
    vertex -6.25881814956665 6.517857551574707 13.965919494628906
  endloop
endfacet
facet normal 0.0 0.0 0.0
  outer loop
    vertex -6.25881814956665 6.517857551574707 13.965919494628906
    vertex -6.499999046325684 6.517857551574707 13.866020202636719
    vertex -6.499999046325684 1.0 13.866020202636719
  endloop
endfacet
facet normal 0.0 0.0 0.0
  outer loop
    vertex -6.70710563659668 28.58928680419922 13.707099914550781
    vertex -6.499999046325684 28.58928680419922 13.866020202636719
    vertex -6.499999046325684 34.10714340209961 13.866020202636719
  endloop
endfacet
facet normal 0.0 0.0 0.0
  outer loop
    vertex -6.499999046325684 34.10714340209961 13.866020202636719
    vertex -6.499999046325684 28.58928680419922 13.866020202636719
    vertex -6.25881814956665 34.10714340209961 13.965919494628906
  endloop
endfacet
facet normal 0.0 0.0 0.0
  outer loop
    vertex -6.499999046325684 34.10714340209961 13.866020202636719
    vertex -6.25881814956665 34.10714340209961 13.965919494628906
    vertex -6.25881814956665 39.625 13.965919494628906
  endloop
endfacet
facet normal 0.0 0.0 0.0
  outer loop
    vertex -6.25881814956665 39.625 13.965919494628906
    vertex -6.25881814956665 34.10714340209961 13.965919494628906
    vertex -5.999999046325684 78.25 14.0
  endloop
endfacet
facet normal 0.0 0.0 0.0
  outer loop
    vertex -6.25881814956665 34.10714340209961 13.965919494628906
    vertex -6.499999046325684 28.58928680419922 13.866020202636719
    vertex -6.25881814956665 28.58928680419922 13.965919494628906
  endloop
endfacet
facet normal 0.0 0.0 0.0
  outer loop
    vertex -6.25881814956665 56.17856979370117 13.965919494628906
    vertex -6.499999046325684 56.17856979370117 13.866020202636719
    vertex -6.499999046325684 50.66071319580078 13.866020202636719
  endloop
endfacet
facet normal 0.0 0.0 0.0
  outer loop
    vertex -6.25881814956665 56.17856979370117 13.965919494628906
    vertex -6.499999046325684 50.66071319580078 13.866020202636719
    vertex -6.25881814956665 50.66071319580078 13.965919494628906
  endloop
endfacet
facet normal 0.0 0.0 0.0
  outer loop
    vertex -6.25881814956665 50.66071319580078 13.965919494628906
    vertex -6.499999046325684 50.66071319580078 13.866020202636719
    vertex -6.499999046325684 45.14285659790039 13.866020202636719
  endloop
endfacet
facet normal 0.0 0.0 0.0
  outer loop
    vertex -6.25881814956665 72.73214721679688 13.965919494628906
    vertex -6.499999046325684 72.73214721679688 13.866020202636719
    vertex -6.499999046325684 67.21428680419922 13.866020202636719
  endloop
endfacet
facet normal 0.0 0.0 0.0
  outer loop
    vertex -6.25881814956665 72.73214721679688 13.965919494628906
    vertex -6.499999046325684 67.21428680419922 13.866020202636719
    vertex -6.25881814956665 67.21428680419922 13.965919494628906
  endloop
endfacet
facet normal 0.0 0.0 0.0
  outer loop
    vertex -5.999999046325684 -76.25 14.0
    vertex -6.25881814956665 -54.17857360839844 13.965919494628906
    vertex -6.25881814956665 -59.69642639160156 13.965919494628906
  endloop
endfacet
facet normal 0.0 0.0 0.0
  outer loop
    vertex -5.999999046325684 -76.25 14.0
    vertex -6.25881814956665 -15.553569793701172 13.965919494628906
    vertex -6.25881814956665 -21.071430206298828 13.965919494628906
  endloop
endfacet
facet normal 0.0 0.0 0.0
  outer loop
    vertex -5.999999046325684 78.25 14.0
    vertex -6.25881814956665 34.10714340209961 13.965919494628906
    vertex -6.25881814956665 28.58928680419922 13.965919494628906
  endloop
endfacet
facet normal 0.0 0.0 0.0
  outer loop
    vertex -7.0340728759765625 -76.50881958007812 1.9073486328125e-06
    vertex -7.0340728759765625 -76.50881958007812 4.333330154418945
    vertex -6.999998569488525 -76.25 1.9073486328125e-06
  endloop
endfacet
facet normal 0.0 0.0 0.0
  outer loop
    vertex -6.999998569488525 -76.25 1.9073486328125e-06
    vertex -7.0340728759765625 -76.50881958007812 4.333330154418945
    vertex -7.034073352813721 -76.50881958007812 8.666665077209473
  endloop
endfacet
facet normal 0.0 0.0 0.0
  outer loop
    vertex -6.999998569488525 -76.25 1.9073486328125e-06
    vertex -7.034073352813721 -76.50881958007812 8.666665077209473
    vertex -6.999999046325684 -76.25 13.0
  endloop
endfacet
facet normal 0.0 0.0 0.0
  outer loop
    vertex -6.999999046325684 -76.25 13.0
    vertex -7.034073352813721 -76.50881958007812 8.666665077209473
    vertex -7.034073352813721 -76.50881958007812 13.0
  endloop
endfacet
facet normal 0.0 0.0 0.0
  outer loop
    vertex -7.034073352813721 -76.50881958007812 13.0
    vertex -7.034073352813721 -76.50881958007812 8.666665077209473
    vertex -7.133973598480225 -76.75 13.0
  endloop
endfacet
facet normal 0.0 0.0 0.0
  outer loop
    vertex -7.133973598480225 -76.75 13.0
    vertex -7.034073352813721 -76.50881958007812 8.666665077209473
    vertex -7.133973598480225 -76.75 8.666665077209473
  endloop
endfacet
facet normal 0.0 0.0 0.0
  outer loop
    vertex -7.133973598480225 -76.75 13.0
    vertex -7.133973598480225 -76.75 8.666665077209473
    vertex -7.2928924560546875 -76.95710754394531 13.0
  endloop
endfacet
facet normal 0.0 0.0 0.0
  outer loop
    vertex -7.2928924560546875 -76.95710754394531 13.0
    vertex -7.133973598480225 -76.75 8.666665077209473
    vertex -7.2928924560546875 -76.95710754394531 8.666665077209473
  endloop
endfacet
facet normal 0.0 0.0 0.0
  outer loop
    vertex -7.2928924560546875 -76.95710754394531 13.0
    vertex -7.2928924560546875 -76.95710754394531 8.666665077209473
    vertex -7.499999046325684 -77.11602783203125 13.0
  endloop
endfacet
facet normal 0.0 0.0 0.0
  outer loop
    vertex -7.499999046325684 -77.11602783203125 13.0
    vertex -7.2928924560546875 -76.95710754394531 8.666665077209473
    vertex -7.499999046325684 -77.11602783203125 8.666665077209473
  endloop
endfacet
facet normal 0.0 0.0 0.0
  outer loop
    vertex -7.499999046325684 -77.11602783203125 13.0
    vertex -7.499999046325684 -77.11602783203125 8.666665077209473
    vertex -7.741179943084717 -77.21592712402344 13.0
  endloop
endfacet
facet normal 0.0 0.0 0.0
  outer loop
    vertex -7.741179943084717 -77.21592712402344 13.0
    vertex -7.499999046325684 -77.11602783203125 8.666665077209473
    vertex -7.741179943084717 -77.21592712402344 8.666665077209473
  endloop
endfacet
facet normal 0.0 0.0 0.0
  outer loop
    vertex -7.741179943084717 -77.21592712402344 13.0
    vertex -7.741179943084717 -77.21592712402344 8.666665077209473
    vertex -7.999999046325684 -77.25 13.0
  endloop
endfacet
facet normal 0.0 0.0 0.0
  outer loop
    vertex -7.999999046325684 -77.25 13.0
    vertex -7.741179943084717 -77.21592712402344 8.666665077209473
    vertex -7.741179466247559 -77.21592712402344 4.333330154418945
  endloop
endfacet
facet normal 0.0 0.0 0.0
  outer loop
    vertex -7.999999046325684 -77.25 13.0
    vertex -7.741179466247559 -77.21592712402344 4.333330154418945
    vertex -7.999998569488525 -77.25 1.9073486328125e-06
  endloop
endfacet
facet normal 0.0 0.0 0.0
  outer loop
    vertex -7.999998569488525 -77.25 1.9073486328125e-06
    vertex -7.741179466247559 -77.21592712402344 4.333330154418945
    vertex -7.741179466247559 -77.21592712402344 1.9073486328125e-06
  endloop
endfacet
facet normal 0.0 0.0 0.0
  outer loop
    vertex -7.741179466247559 -77.21592712402344 1.9073486328125e-06
    vertex -7.741179466247559 -77.21592712402344 4.333330154418945
    vertex -7.499998569488525 -77.11602783203125 1.9073486328125e-06
  endloop
endfacet
facet normal 0.0 0.0 0.0
  outer loop
    vertex -7.499998569488525 -77.11602783203125 1.9073486328125e-06
    vertex -7.741179466247559 -77.21592712402344 4.333330154418945
    vertex -7.499998569488525 -77.11602783203125 4.333330154418945
  endloop
endfacet
facet normal 0.0 0.0 0.0
  outer loop
    vertex -7.499998569488525 -77.11602783203125 1.9073486328125e-06
    vertex -7.499998569488525 -77.11602783203125 4.333330154418945
    vertex -7.292891979217529 -76.95710754394531 1.9073486328125e-06
  endloop
endfacet
facet normal 0.0 0.0 0.0
  outer loop
    vertex -7.292891979217529 -76.95710754394531 1.9073486328125e-06
    vertex -7.499998569488525 -77.11602783203125 4.333330154418945
    vertex -7.292891979217529 -76.95710754394531 4.333330154418945
  endloop
endfacet
facet normal 0.0 0.0 0.0
  outer loop
    vertex -7.292891979217529 -76.95710754394531 1.9073486328125e-06
    vertex -7.292891979217529 -76.95710754394531 4.333330154418945
    vertex -7.133973121643066 -76.75 1.9073486328125e-06
  endloop
endfacet
facet normal 0.0 0.0 0.0
  outer loop
    vertex -7.133973121643066 -76.75 1.9073486328125e-06
    vertex -7.292891979217529 -76.95710754394531 4.333330154418945
    vertex -7.133973121643066 -76.75 4.333330154418945
  endloop
endfacet
facet normal 0.0 0.0 0.0
  outer loop
    vertex -7.133973121643066 -76.75 1.9073486328125e-06
    vertex -7.133973121643066 -76.75 4.333330154418945
    vertex -7.0340728759765625 -76.50881958007812 1.9073486328125e-06
  endloop
endfacet
facet normal 0.0 0.0 0.0
  outer loop
    vertex -7.0340728759765625 -76.50881958007812 1.9073486328125e-06
    vertex -7.133973121643066 -76.75 4.333330154418945
    vertex -7.0340728759765625 -76.50881958007812 4.333330154418945
  endloop
endfacet
facet normal 0.0 0.0 0.0
  outer loop
    vertex -7.133973598480225 -76.75 8.666665077209473
    vertex -7.034073352813721 -76.50881958007812 8.666665077209473
    vertex -7.0340728759765625 -76.50881958007812 4.333330154418945
  endloop
endfacet
facet normal 0.0 0.0 0.0
  outer loop
    vertex -7.133973598480225 -76.75 8.666665077209473
    vertex -7.0340728759765625 -76.50881958007812 4.333330154418945
    vertex -7.133973121643066 -76.75 4.333330154418945
  endloop
endfacet
facet normal 0.0 0.0 0.0
  outer loop
    vertex -7.2928924560546875 -76.95710754394531 8.666665077209473
    vertex -7.133973598480225 -76.75 8.666665077209473
    vertex -7.133973121643066 -76.75 4.333330154418945
  endloop
endfacet
facet normal 0.0 0.0 0.0
  outer loop
    vertex -7.2928924560546875 -76.95710754394531 8.666665077209473
    vertex -7.133973121643066 -76.75 4.333330154418945
    vertex -7.292891979217529 -76.95710754394531 4.333330154418945
  endloop
endfacet
facet normal 0.0 0.0 0.0
  outer loop
    vertex -7.499999046325684 -77.11602783203125 8.666665077209473
    vertex -7.2928924560546875 -76.95710754394531 8.666665077209473
    vertex -7.292891979217529 -76.95710754394531 4.333330154418945
  endloop
endfacet
facet normal 0.0 0.0 0.0
  outer loop
    vertex -7.499999046325684 -77.11602783203125 8.666665077209473
    vertex -7.292891979217529 -76.95710754394531 4.333330154418945
    vertex -7.499998569488525 -77.11602783203125 4.333330154418945
  endloop
endfacet
facet normal 0.0 0.0 0.0
  outer loop
    vertex -7.741179943084717 -77.21592712402344 8.666665077209473
    vertex -7.499999046325684 -77.11602783203125 8.666665077209473
    vertex -7.499998569488525 -77.11602783203125 4.333330154418945
  endloop
endfacet
facet normal 0.0 0.0 0.0
  outer loop
    vertex -7.741179943084717 -77.21592712402344 8.666665077209473
    vertex -7.499998569488525 -77.11602783203125 4.333330154418945
    vertex -7.741179466247559 -77.21592712402344 4.333330154418945
  endloop
endfacet
facet normal 0.0 0.0 0.0
  outer loop
    vertex 7.999999046325684 -77.25 13.0
    vertex 7.741179943084717 -77.21592712402344 13.0
    vertex 7.931850910186768 -77.25 13.517631530761719
  endloop
endfacet
facet normal 0.0 0.0 0.0
  outer loop
    vertex 7.931850910186768 -77.25 13.517631530761719
    vertex 7.741179943084717 -77.21592712402344 13.0
    vertex 7.681850910186768 -77.21592712402344 13.450645446777344
  endloop
endfacet
facet normal 0.0 0.0 0.0
  outer loop
    vertex 7.931850910186768 -77.25 13.517631530761719
    vertex 7.681850910186768 -77.21592712402344 13.450645446777344
    vertex 7.732049942016602 -77.25 14.0
  endloop
endfacet
facet normal 0.0 0.0 0.0
  outer loop
    vertex 7.732049942016602 -77.25 14.0
    vertex 7.681850910186768 -77.21592712402344 13.450645446777344
    vertex 7.507905960083008 -77.21592712402344 13.870590209960938
  endloop
endfacet
facet normal 0.0 0.0 0.0
  outer loop
    vertex 7.732049942016602 -77.25 14.0
    vertex 7.507905960083008 -77.21592712402344 13.870590209960938
    vertex 7.414212703704834 -77.25 14.414207458496094
  endloop
endfacet
facet normal 0.0 0.0 0.0
  outer loop
    vertex 7.414212703704834 -77.25 14.414207458496094
    vertex 7.507905960083008 -77.21592712402344 13.870590209960938
    vertex 7.231199741363525 -77.21592712402344 14.231193542480469
  endloop
endfacet
facet normal 0.0 0.0 0.0
  outer loop
    vertex 7.414212703704834 -77.25 14.414207458496094
    vertex 7.231199741363525 -77.21592712402344 14.231193542480469
    vertex 6.999999046325684 -77.25 14.732048034667969
  endloop
endfacet
facet normal 0.0 0.0 0.0
  outer loop
    vertex 6.999999046325684 -77.25 14.732048034667969
    vertex 7.231199741363525 -77.21592712402344 14.231193542480469
    vertex 6.870589733123779 -77.21592712402344 14.507904052734375
  endloop
endfacet
facet normal 0.0 0.0 0.0
  outer loop
    vertex 6.999999046325684 -77.25 14.732048034667969
    vertex 6.870589733123779 -77.21592712402344 14.507904052734375
    vertex 6.517637252807617 -77.25 14.931846618652344
  endloop
endfacet
facet normal 0.0 0.0 0.0
  outer loop
    vertex 6.517637252807617 -77.25 14.931846618652344
    vertex 6.870589733123779 -77.21592712402344 14.507904052734375
    vertex 6.450649738311768 -77.21592712402344 14.681846618652344
  endloop
endfacet
facet normal 0.0 0.0 0.0
  outer loop
    vertex 6.517637252807617 -77.25 14.931846618652344
    vertex 6.450649738311768 -77.21592712402344 14.681846618652344
    vertex 5.999999046325684 -77.25 15.0
  endloop
endfacet
facet normal 0.0 0.0 0.0
  outer loop
    vertex 5.999999046325684 -77.25 15.0
    vertex 6.450649738311768 -77.21592712402344 14.681846618652344
    vertex 5.999999046325684 -77.21592712402344 14.741180419921875
  endloop
endfacet
facet normal 0.0 0.0 0.0
  outer loop
    vertex 5.999999046325684 -77.21592712402344 14.741180419921875
    vertex 6.450649738311768 -77.21592712402344 14.681846618652344
    vertex 6.388227462768555 -77.11602783203125 14.448883056640625
  endloop
endfacet
facet normal 0.0 0.0 0.0
  outer loop
    vertex 5.999999046325684 -77.21592712402344 14.741180419921875
    vertex 6.388227462768555 -77.11602783203125 14.448883056640625
    vertex 5.999999046325684 -77.11602783203125 14.5
  endloop
endfacet
facet normal 0.0 0.0 0.0
  outer loop
    vertex 5.999999046325684 -77.11602783203125 14.5
    vertex 6.388227462768555 -77.11602783203125 14.448883056640625
    vertex 6.334624290466309 -76.95710754394531 14.248832702636719
  endloop
endfacet
facet normal 0.0 0.0 0.0
  outer loop
    vertex 5.999999046325684 -77.11602783203125 14.5
    vertex 6.334624290466309 -76.95710754394531 14.248832702636719
    vertex 5.999999046325684 -76.95710754394531 14.292892456054688
  endloop
endfacet
facet normal 0.0 0.0 0.0
  outer loop
    vertex 5.999999046325684 -76.95710754394531 14.292892456054688
    vertex 6.334624290466309 -76.95710754394531 14.248832702636719
    vertex 6.293493270874023 -76.75 14.095329284667969
  endloop
endfacet
facet normal 0.0 0.0 0.0
  outer loop
    vertex 5.999999046325684 -76.95710754394531 14.292892456054688
    vertex 6.293493270874023 -76.75 14.095329284667969
    vertex 5.999999046325684 -76.75 14.13397216796875
  endloop
endfacet
facet normal 0.0 0.0 0.0
  outer loop
    vertex 5.999999046325684 -76.75 14.13397216796875
    vertex 6.293493270874023 -76.75 14.095329284667969
    vertex 6.267637252807617 -76.50881958007812 13.998832702636719
  endloop
endfacet
facet normal 0.0 0.0 0.0
  outer loop
    vertex 5.999999046325684 -76.75 14.13397216796875
    vertex 6.267637252807617 -76.50881958007812 13.998832702636719
    vertex 5.999999046325684 -76.50881958007812 14.034072875976562
  endloop
endfacet
facet normal 0.0 0.0 0.0
  outer loop
    vertex 5.999999046325684 -76.50881958007812 14.034072875976562
    vertex 6.267637252807617 -76.50881958007812 13.998832702636719
    vertex 6.25881814956665 -76.25 13.965919494628906
  endloop
endfacet
facet normal 0.0 0.0 0.0
  outer loop
    vertex 5.999999046325684 -76.50881958007812 14.034072875976562
    vertex 6.25881814956665 -76.25 13.965919494628906
    vertex 5.999999046325684 -76.25 14.0
  endloop
endfacet
facet normal 0.0 0.0 0.0
  outer loop
    vertex 7.741179943084717 -77.21592712402344 13.0
    vertex 7.499999046325684 -77.11602783203125 13.0
    vertex 7.681850910186768 -77.21592712402344 13.450645446777344
  endloop
endfacet
facet normal 0.0 0.0 0.0
  outer loop
    vertex 7.681850910186768 -77.21592712402344 13.450645446777344
    vertex 7.499999046325684 -77.11602783203125 13.0
    vertex 7.448887825012207 -77.11602783203125 13.388221740722656
  endloop
endfacet
facet normal 0.0 0.0 0.0
  outer loop
    vertex 7.681850910186768 -77.21592712402344 13.450645446777344
    vertex 7.448887825012207 -77.11602783203125 13.388221740722656
    vertex 7.507905960083008 -77.21592712402344 13.870590209960938
  endloop
endfacet
facet normal 0.0 0.0 0.0
  outer loop
    vertex 7.507905960083008 -77.21592712402344 13.870590209960938
    vertex 7.448887825012207 -77.11602783203125 13.388221740722656
    vertex 7.299036979675293 -77.11602783203125 13.75
  endloop
endfacet
facet normal 0.0 0.0 0.0
  outer loop
    vertex 7.507905960083008 -77.21592712402344 13.870590209960938
    vertex 7.299036979675293 -77.11602783203125 13.75
    vertex 7.231199741363525 -77.21592712402344 14.231193542480469
  endloop
endfacet
facet normal 0.0 0.0 0.0
  outer loop
    vertex 7.231199741363525 -77.21592712402344 14.231193542480469
    vertex 7.299036979675293 -77.11602783203125 13.75
    vertex 7.060659408569336 -77.11602783203125 14.060653686523438
  endloop
endfacet
facet normal 0.0 0.0 0.0
  outer loop
    vertex 7.231199741363525 -77.21592712402344 14.231193542480469
    vertex 7.060659408569336 -77.11602783203125 14.060653686523438
    vertex 6.870589733123779 -77.21592712402344 14.507904052734375
  endloop
endfacet
facet normal 0.0 0.0 0.0
  outer loop
    vertex 6.870589733123779 -77.21592712402344 14.507904052734375
    vertex 7.060659408569336 -77.11602783203125 14.060653686523438
    vertex 6.749999046325684 -77.11602783203125 14.299034118652344
  endloop
endfacet
facet normal 0.0 0.0 0.0
  outer loop
    vertex 6.870589733123779 -77.21592712402344 14.507904052734375
    vertex 6.749999046325684 -77.11602783203125 14.299034118652344
    vertex 6.450649738311768 -77.21592712402344 14.681846618652344
  endloop
endfacet
facet normal 0.0 0.0 0.0
  outer loop
    vertex 6.450649738311768 -77.21592712402344 14.681846618652344
    vertex 6.749999046325684 -77.11602783203125 14.299034118652344
    vertex 6.388227462768555 -77.11602783203125 14.448883056640625
  endloop
endfacet
facet normal 0.0 0.0 0.0
  outer loop
    vertex 7.499999046325684 -77.11602783203125 13.0
    vertex 7.2928924560546875 -76.95710754394531 13.0
    vertex 7.448887825012207 -77.11602783203125 13.388221740722656
  endloop
endfacet
facet normal 0.0 0.0 0.0
  outer loop
    vertex 7.448887825012207 -77.11602783203125 13.388221740722656
    vertex 7.2928924560546875 -76.95710754394531 13.0
    vertex 7.248837947845459 -76.95710754394531 13.334625244140625
  endloop
endfacet
facet normal 0.0 0.0 0.0
  outer loop
    vertex 7.448887825012207 -77.11602783203125 13.388221740722656
    vertex 7.248837947845459 -76.95710754394531 13.334625244140625
    vertex 7.299036979675293 -77.11602783203125 13.75
  endloop
endfacet
facet normal 0.0 0.0 0.0
  outer loop
    vertex 7.299036979675293 -77.11602783203125 13.75
    vertex 7.248837947845459 -76.95710754394531 13.334625244140625
    vertex 7.119677543640137 -76.95710754394531 13.646446228027344
  endloop
endfacet
facet normal 0.0 0.0 0.0
  outer loop
    vertex 7.299036979675293 -77.11602783203125 13.75
    vertex 7.119677543640137 -76.95710754394531 13.646446228027344
    vertex 7.060659408569336 -77.11602783203125 14.060653686523438
  endloop
endfacet
facet normal 0.0 0.0 0.0
  outer loop
    vertex 7.060659408569336 -77.11602783203125 14.060653686523438
    vertex 7.119677543640137 -76.95710754394531 13.646446228027344
    vertex 6.914212703704834 -76.95710754394531 13.914207458496094
  endloop
endfacet
facet normal 0.0 0.0 0.0
  outer loop
    vertex 7.060659408569336 -77.11602783203125 14.060653686523438
    vertex 6.914212703704834 -76.95710754394531 13.914207458496094
    vertex 6.749999046325684 -77.11602783203125 14.299034118652344
  endloop
endfacet
facet normal 0.0 0.0 0.0
  outer loop
    vertex 6.749999046325684 -77.11602783203125 14.299034118652344
    vertex 6.914212703704834 -76.95710754394531 13.914207458496094
    vertex 6.6464457511901855 -76.95710754394531 14.119674682617188
  endloop
endfacet
facet normal 0.0 0.0 0.0
  outer loop
    vertex 6.749999046325684 -77.11602783203125 14.299034118652344
    vertex 6.6464457511901855 -76.95710754394531 14.119674682617188
    vertex 6.388227462768555 -77.11602783203125 14.448883056640625
  endloop
endfacet
facet normal 0.0 0.0 0.0
  outer loop
    vertex 6.388227462768555 -77.11602783203125 14.448883056640625
    vertex 6.6464457511901855 -76.95710754394531 14.119674682617188
    vertex 6.334624290466309 -76.95710754394531 14.248832702636719
  endloop
endfacet
facet normal 0.0 0.0 0.0
  outer loop
    vertex 7.2928924560546875 -76.95710754394531 13.0
    vertex 7.133973598480225 -76.75 13.0
    vertex 7.248837947845459 -76.95710754394531 13.334625244140625
  endloop
endfacet
facet normal 0.0 0.0 0.0
  outer loop
    vertex 7.248837947845459 -76.95710754394531 13.334625244140625
    vertex 7.133973598480225 -76.75 13.0
    vertex 7.095334529876709 -76.75 13.293487548828125
  endloop
endfacet
facet normal 0.0 0.0 0.0
  outer loop
    vertex 7.248837947845459 -76.95710754394531 13.334625244140625
    vertex 7.095334529876709 -76.75 13.293487548828125
    vertex 7.119677543640137 -76.95710754394531 13.646446228027344
  endloop
endfacet
facet normal 0.0 0.0 0.0
  outer loop
    vertex 7.119677543640137 -76.95710754394531 13.646446228027344
    vertex 7.095334529876709 -76.75 13.293487548828125
    vertex 6.982049942016602 -76.75 13.566986083984375
  endloop
endfacet
facet normal 0.0 0.0 0.0
  outer loop
    vertex 7.119677543640137 -76.95710754394531 13.646446228027344
    vertex 6.982049942016602 -76.75 13.566986083984375
    vertex 6.914212703704834 -76.95710754394531 13.914207458496094
  endloop
endfacet
facet normal 0.0 0.0 0.0
  outer loop
    vertex 6.914212703704834 -76.95710754394531 13.914207458496094
    vertex 6.982049942016602 -76.75 13.566986083984375
    vertex 6.801840305328369 -76.75 13.801834106445312
  endloop
endfacet
facet normal 0.0 0.0 0.0
  outer loop
    vertex 6.914212703704834 -76.95710754394531 13.914207458496094
    vertex 6.801840305328369 -76.75 13.801834106445312
    vertex 6.6464457511901855 -76.95710754394531 14.119674682617188
  endloop
endfacet
facet normal 0.0 0.0 0.0
  outer loop
    vertex 6.6464457511901855 -76.95710754394531 14.119674682617188
    vertex 6.801840305328369 -76.75 13.801834106445312
    vertex 6.566986560821533 -76.75 13.982048034667969
  endloop
endfacet
facet normal 0.0 0.0 0.0
  outer loop
    vertex 6.6464457511901855 -76.95710754394531 14.119674682617188
    vertex 6.566986560821533 -76.75 13.982048034667969
    vertex 6.334624290466309 -76.95710754394531 14.248832702636719
  endloop
endfacet
facet normal 0.0 0.0 0.0
  outer loop
    vertex 6.334624290466309 -76.95710754394531 14.248832702636719
    vertex 6.566986560821533 -76.75 13.982048034667969
    vertex 6.293493270874023 -76.75 14.095329284667969
  endloop
endfacet
facet normal 0.0 0.0 0.0
  outer loop
    vertex 7.133973598480225 -76.75 13.0
    vertex 7.034073352813721 -76.50881958007812 13.0
    vertex 7.095334529876709 -76.75 13.293487548828125
  endloop
endfacet
facet normal 0.0 0.0 0.0
  outer loop
    vertex 7.095334529876709 -76.75 13.293487548828125
    vertex 7.034073352813721 -76.50881958007812 13.0
    vertex 6.998837947845459 -76.50881958007812 13.267631530761719
  endloop
endfacet
facet normal 0.0 0.0 0.0
  outer loop
    vertex 7.095334529876709 -76.75 13.293487548828125
    vertex 6.998837947845459 -76.50881958007812 13.267631530761719
    vertex 6.982049942016602 -76.75 13.566986083984375
  endloop
endfacet
facet normal 0.0 0.0 0.0
  outer loop
    vertex 6.982049942016602 -76.75 13.566986083984375
    vertex 6.998837947845459 -76.50881958007812 13.267631530761719
    vertex 6.895533561706543 -76.50881958007812 13.517036437988281
  endloop
endfacet
facet normal 0.0 0.0 0.0
  outer loop
    vertex 6.982049942016602 -76.75 13.566986083984375
    vertex 6.895533561706543 -76.50881958007812 13.517036437988281
    vertex 6.801840305328369 -76.75 13.801834106445312
  endloop
endfacet
facet normal 0.0 0.0 0.0
  outer loop
    vertex 6.801840305328369 -76.75 13.801834106445312
    vertex 6.895533561706543 -76.50881958007812 13.517036437988281
    vertex 6.731199741363525 -76.50881958007812 13.731193542480469
  endloop
endfacet
facet normal 0.0 0.0 0.0
  outer loop
    vertex 6.801840305328369 -76.75 13.801834106445312
    vertex 6.731199741363525 -76.50881958007812 13.731193542480469
    vertex 6.566986560821533 -76.75 13.982048034667969
  endloop
endfacet
facet normal 0.0 0.0 0.0
  outer loop
    vertex 6.566986560821533 -76.75 13.982048034667969
    vertex 6.731199741363525 -76.50881958007812 13.731193542480469
    vertex 6.517035961151123 -76.50881958007812 13.895530700683594
  endloop
endfacet
facet normal 0.0 0.0 0.0
  outer loop
    vertex 6.566986560821533 -76.75 13.982048034667969
    vertex 6.517035961151123 -76.50881958007812 13.895530700683594
    vertex 6.293493270874023 -76.75 14.095329284667969
  endloop
endfacet
facet normal 0.0 0.0 0.0
  outer loop
    vertex 6.293493270874023 -76.75 14.095329284667969
    vertex 6.517035961151123 -76.50881958007812 13.895530700683594
    vertex 6.267637252807617 -76.50881958007812 13.998832702636719
  endloop
endfacet
facet normal 0.0 0.0 0.0
  outer loop
    vertex 7.034073352813721 -76.50881958007812 13.0
    vertex 6.999999046325684 -76.25 13.0
    vertex 6.998837947845459 -76.50881958007812 13.267631530761719
  endloop
endfacet
facet normal 0.0 0.0 0.0
  outer loop
    vertex 6.998837947845459 -76.50881958007812 13.267631530761719
    vertex 6.999999046325684 -76.25 13.0
    vertex 6.9659247398376465 -76.25 13.258811950683594
  endloop
endfacet
facet normal 0.0 0.0 0.0
  outer loop
    vertex 6.998837947845459 -76.50881958007812 13.267631530761719
    vertex 6.9659247398376465 -76.25 13.258811950683594
    vertex 6.895533561706543 -76.50881958007812 13.517036437988281
  endloop
endfacet
facet normal 0.0 0.0 0.0
  outer loop
    vertex 6.895533561706543 -76.50881958007812 13.517036437988281
    vertex 6.9659247398376465 -76.25 13.258811950683594
    vertex 6.866024494171143 -76.25 13.5
  endloop
endfacet
facet normal 0.0 0.0 0.0
  outer loop
    vertex 6.895533561706543 -76.50881958007812 13.517036437988281
    vertex 6.866024494171143 -76.25 13.5
    vertex 6.731199741363525 -76.50881958007812 13.731193542480469
  endloop
endfacet
facet normal 0.0 0.0 0.0
  outer loop
    vertex 6.731199741363525 -76.50881958007812 13.731193542480469
    vertex 6.866024494171143 -76.25 13.5
    vertex 6.70710563659668 -76.25 13.707099914550781
  endloop
endfacet
facet normal 0.0 0.0 0.0
  outer loop
    vertex 6.731199741363525 -76.50881958007812 13.731193542480469
    vertex 6.70710563659668 -76.25 13.707099914550781
    vertex 6.517035961151123 -76.50881958007812 13.895530700683594
  endloop
endfacet
facet normal 0.0 0.0 0.0
  outer loop
    vertex 6.517035961151123 -76.50881958007812 13.895530700683594
    vertex 6.70710563659668 -76.25 13.707099914550781
    vertex 6.499999046325684 -76.25 13.866020202636719
  endloop
endfacet
facet normal 0.0 0.0 0.0
  outer loop
    vertex 6.517035961151123 -76.50881958007812 13.895530700683594
    vertex 6.499999046325684 -76.25 13.866020202636719
    vertex 6.267637252807617 -76.50881958007812 13.998832702636719
  endloop
endfacet
facet normal 0.0 0.0 0.0
  outer loop
    vertex 6.267637252807617 -76.50881958007812 13.998832702636719
    vertex 6.499999046325684 -76.25 13.866020202636719
    vertex 6.25881814956665 -76.25 13.965919494628906
  endloop
endfacet
facet normal 0.0 0.0 0.0
  outer loop
    vertex 6.9659247398376465 78.25 13.258811950683594
    vertex 6.9659247398376465 72.73214721679688 13.258811950683594
    vertex 6.999999046325684 78.25 13.0
  endloop
endfacet
facet normal 0.0 0.0 0.0
  outer loop
    vertex 6.999999046325684 78.25 13.0
    vertex 6.9659247398376465 72.73214721679688 13.258811950683594
    vertex 6.9659247398376465 67.21428680419922 13.258811950683594
  endloop
endfacet
facet normal 0.0 0.0 0.0
  outer loop
    vertex 6.999999046325684 78.25 13.0
    vertex 6.9659247398376465 67.21428680419922 13.258811950683594
    vertex 6.9659247398376465 61.69643020629883 13.258811950683594
  endloop
endfacet
facet normal 0.0 0.0 0.0
  outer loop
    vertex 6.9659247398376465 61.69643020629883 13.258811950683594
    vertex 6.9659247398376465 67.21428680419922 13.258811950683594
    vertex 6.866024494171143 61.69643020629883 13.5
  endloop
endfacet
facet normal 0.0 0.0 0.0
  outer loop
    vertex 6.9659247398376465 61.69643020629883 13.258811950683594
    vertex 6.866024494171143 61.69643020629883 13.5
    vertex 6.866024494171143 56.17856979370117 13.5
  endloop
endfacet
facet normal 0.0 0.0 0.0
  outer loop
    vertex 6.866024494171143 56.17856979370117 13.5
    vertex 6.866024494171143 61.69643020629883 13.5
    vertex 6.70710563659668 56.17856979370117 13.707099914550781
  endloop
endfacet
facet normal 0.0 0.0 0.0
  outer loop
    vertex 6.866024494171143 56.17856979370117 13.5
    vertex 6.70710563659668 56.17856979370117 13.707099914550781
    vertex 6.70710563659668 50.66071319580078 13.707099914550781
  endloop
endfacet
facet normal 0.0 0.0 0.0
  outer loop
    vertex 6.70710563659668 50.66071319580078 13.707099914550781
    vertex 6.70710563659668 56.17856979370117 13.707099914550781
    vertex 6.499999046325684 50.66071319580078 13.866020202636719
  endloop
endfacet
facet normal 0.0 0.0 0.0
  outer loop
    vertex 6.70710563659668 50.66071319580078 13.707099914550781
    vertex 6.499999046325684 50.66071319580078 13.866020202636719
    vertex 6.499999046325684 45.14285659790039 13.866020202636719
  endloop
endfacet
facet normal 0.0 0.0 0.0
  outer loop
    vertex 6.499999046325684 45.14285659790039 13.866020202636719
    vertex 6.499999046325684 50.66071319580078 13.866020202636719
    vertex 6.25881814956665 45.14285659790039 13.965919494628906
  endloop
endfacet
facet normal 0.0 0.0 0.0
  outer loop
    vertex 6.499999046325684 45.14285659790039 13.866020202636719
    vertex 6.25881814956665 45.14285659790039 13.965919494628906
    vertex 6.25881814956665 39.625 13.965919494628906
  endloop
endfacet
facet normal 0.0 0.0 0.0
  outer loop
    vertex 6.25881814956665 39.625 13.965919494628906
    vertex 6.25881814956665 45.14285659790039 13.965919494628906
    vertex 5.999999046325684 78.25 14.0
  endloop
endfacet
facet normal 0.0 0.0 0.0
  outer loop
    vertex 6.25881814956665 39.625 13.965919494628906
    vertex 5.999999046325684 78.25 14.0
    vertex 6.25881814956665 34.10714340209961 13.965919494628906
  endloop
endfacet
facet normal 0.0 0.0 0.0
  outer loop
    vertex 6.25881814956665 34.10714340209961 13.965919494628906
    vertex 5.999999046325684 78.25 14.0
    vertex 6.25881814956665 28.58928680419922 13.965919494628906
  endloop
endfacet
facet normal 0.0 0.0 0.0
  outer loop
    vertex 6.25881814956665 34.10714340209961 13.965919494628906
    vertex 6.25881814956665 28.58928680419922 13.965919494628906
    vertex 6.499999046325684 34.10714340209961 13.866020202636719
  endloop
endfacet
facet normal 0.0 0.0 0.0
  outer loop
    vertex 6.499999046325684 34.10714340209961 13.866020202636719
    vertex 6.25881814956665 28.58928680419922 13.965919494628906
    vertex 6.499999046325684 28.58928680419922 13.866020202636719
  endloop
endfacet
facet normal 0.0 0.0 0.0
  outer loop
    vertex 6.499999046325684 34.10714340209961 13.866020202636719
    vertex 6.499999046325684 28.58928680419922 13.866020202636719
    vertex 6.70710563659668 34.10714340209961 13.707099914550781
  endloop
endfacet
facet normal 0.0 0.0 0.0
  outer loop
    vertex 6.70710563659668 34.10714340209961 13.707099914550781
    vertex 6.499999046325684 28.58928680419922 13.866020202636719
    vertex 6.70710563659668 28.58928680419922 13.707099914550781
  endloop
endfacet
facet normal 0.0 0.0 0.0
  outer loop
    vertex 6.70710563659668 34.10714340209961 13.707099914550781
    vertex 6.70710563659668 28.58928680419922 13.707099914550781
    vertex 6.866024494171143 34.10714340209961 13.5
  endloop
endfacet
facet normal 0.0 0.0 0.0
  outer loop
    vertex 6.866024494171143 34.10714340209961 13.5
    vertex 6.70710563659668 28.58928680419922 13.707099914550781
    vertex 6.866024494171143 28.58928680419922 13.5
  endloop
endfacet
facet normal 0.0 0.0 0.0
  outer loop
    vertex 6.866024494171143 34.10714340209961 13.5
    vertex 6.866024494171143 28.58928680419922 13.5
    vertex 6.9659247398376465 34.10714340209961 13.258811950683594
  endloop
endfacet
facet normal 0.0 0.0 0.0
  outer loop
    vertex 6.9659247398376465 34.10714340209961 13.258811950683594
    vertex 6.866024494171143 28.58928680419922 13.5
    vertex 6.9659247398376465 28.58928680419922 13.258811950683594
  endloop
endfacet
facet normal 0.0 0.0 0.0
  outer loop
    vertex 6.9659247398376465 34.10714340209961 13.258811950683594
    vertex 6.9659247398376465 28.58928680419922 13.258811950683594
    vertex 6.999999046325684 78.25 13.0
  endloop
endfacet
facet normal 0.0 0.0 0.0
  outer loop
    vertex 6.999999046325684 78.25 13.0
    vertex 6.9659247398376465 28.58928680419922 13.258811950683594
    vertex 6.9659247398376465 23.071428298950195 13.258811950683594
  endloop
endfacet
facet normal 0.0 0.0 0.0
  outer loop
    vertex 6.999999046325684 78.25 13.0
    vertex 6.9659247398376465 23.071428298950195 13.258811950683594
    vertex 6.9659247398376465 17.553571701049805 13.258811950683594
  endloop
endfacet
facet normal 0.0 0.0 0.0
  outer loop
    vertex 6.9659247398376465 17.553571701049805 13.258811950683594
    vertex 6.9659247398376465 23.071428298950195 13.258811950683594
    vertex 6.866024494171143 17.553571701049805 13.5
  endloop
endfacet
facet normal 0.0 0.0 0.0
  outer loop
    vertex 6.9659247398376465 17.553571701049805 13.258811950683594
    vertex 6.866024494171143 17.553571701049805 13.5
    vertex 6.866024494171143 12.035714149475098 13.5
  endloop
endfacet
facet normal 0.0 0.0 0.0
  outer loop
    vertex 6.866024494171143 12.035714149475098 13.5
    vertex 6.866024494171143 17.553571701049805 13.5
    vertex 6.70710563659668 12.035714149475098 13.707099914550781
  endloop
endfacet
facet normal 0.0 0.0 0.0
  outer loop
    vertex 6.866024494171143 12.035714149475098 13.5
    vertex 6.70710563659668 12.035714149475098 13.707099914550781
    vertex 6.70710563659668 6.517857551574707 13.707099914550781
  endloop
endfacet
facet normal 0.0 0.0 0.0
  outer loop
    vertex 6.70710563659668 6.517857551574707 13.707099914550781
    vertex 6.70710563659668 12.035714149475098 13.707099914550781
    vertex 6.499999046325684 6.517857551574707 13.866020202636719
  endloop
endfacet
facet normal 0.0 0.0 0.0
  outer loop
    vertex 6.70710563659668 6.517857551574707 13.707099914550781
    vertex 6.499999046325684 6.517857551574707 13.866020202636719
    vertex 6.499999046325684 1.0 13.866020202636719
  endloop
endfacet
facet normal 0.0 0.0 0.0
  outer loop
    vertex 6.499999046325684 1.0 13.866020202636719
    vertex 6.499999046325684 6.517857551574707 13.866020202636719
    vertex 6.25881814956665 1.0 13.965919494628906
  endloop
endfacet
facet normal 0.0 0.0 0.0
  outer loop
    vertex 6.499999046325684 1.0 13.866020202636719
    vertex 6.25881814956665 1.0 13.965919494628906
    vertex 6.25881814956665 -4.517856597900391 13.965919494628906
  endloop
endfacet
facet normal 0.0 0.0 0.0
  outer loop
    vertex 6.25881814956665 -4.517856597900391 13.965919494628906
    vertex 6.25881814956665 1.0 13.965919494628906
    vertex 5.999999046325684 -76.25 14.0
  endloop
endfacet
facet normal 0.0 0.0 0.0
  outer loop
    vertex 6.25881814956665 -4.517856597900391 13.965919494628906
    vertex 5.999999046325684 -76.25 14.0
    vertex 6.25881814956665 -10.035715103149414 13.965919494628906
  endloop
endfacet
facet normal 0.0 0.0 0.0
  outer loop
    vertex 6.25881814956665 -10.035715103149414 13.965919494628906
    vertex 5.999999046325684 -76.25 14.0
    vertex 6.25881814956665 -15.553569793701172 13.965919494628906
  endloop
endfacet
facet normal 0.0 0.0 0.0
  outer loop
    vertex 6.25881814956665 -10.035715103149414 13.965919494628906
    vertex 6.25881814956665 -15.553569793701172 13.965919494628906
    vertex 6.499999046325684 -10.035715103149414 13.866020202636719
  endloop
endfacet
facet normal 0.0 0.0 0.0
  outer loop
    vertex 6.499999046325684 -10.035715103149414 13.866020202636719
    vertex 6.25881814956665 -15.553569793701172 13.965919494628906
    vertex 6.499999046325684 -15.553569793701172 13.866020202636719
  endloop
endfacet
facet normal 0.0 0.0 0.0
  outer loop
    vertex 6.499999046325684 -10.035715103149414 13.866020202636719
    vertex 6.499999046325684 -15.553569793701172 13.866020202636719
    vertex 6.70710563659668 -10.035715103149414 13.707099914550781
  endloop
endfacet
facet normal 0.0 0.0 0.0
  outer loop
    vertex 6.70710563659668 -10.035715103149414 13.707099914550781
    vertex 6.499999046325684 -15.553569793701172 13.866020202636719
    vertex 6.70710563659668 -15.553569793701172 13.707099914550781
  endloop
endfacet
facet normal 0.0 0.0 0.0
  outer loop
    vertex 6.70710563659668 -10.035715103149414 13.707099914550781
    vertex 6.70710563659668 -15.553569793701172 13.707099914550781
    vertex 6.866024494171143 -10.035715103149414 13.5
  endloop
endfacet
facet normal 0.0 0.0 0.0
  outer loop
    vertex 6.866024494171143 -10.035715103149414 13.5
    vertex 6.70710563659668 -15.553569793701172 13.707099914550781
    vertex 6.866024494171143 -15.553569793701172 13.5
  endloop
endfacet
facet normal 0.0 0.0 0.0
  outer loop
    vertex 6.866024494171143 -10.035715103149414 13.5
    vertex 6.866024494171143 -15.553569793701172 13.5
    vertex 6.9659247398376465 -10.035715103149414 13.258811950683594
  endloop
endfacet
facet normal 0.0 0.0 0.0
  outer loop
    vertex 6.9659247398376465 -10.035715103149414 13.258811950683594
    vertex 6.866024494171143 -15.553569793701172 13.5
    vertex 6.9659247398376465 -15.553569793701172 13.258811950683594
  endloop
endfacet
facet normal 0.0 0.0 0.0
  outer loop
    vertex 6.9659247398376465 -10.035715103149414 13.258811950683594
    vertex 6.9659247398376465 -15.553569793701172 13.258811950683594
    vertex 6.999999046325684 -76.25 13.0
  endloop
endfacet
facet normal 0.0 0.0 0.0
  outer loop
    vertex 6.999999046325684 -76.25 13.0
    vertex 6.9659247398376465 -15.553569793701172 13.258811950683594
    vertex 6.9659247398376465 -21.071430206298828 13.258811950683594
  endloop
endfacet
facet normal 0.0 0.0 0.0
  outer loop
    vertex 6.999999046325684 -76.25 13.0
    vertex 6.9659247398376465 -21.071430206298828 13.258811950683594
    vertex 6.9659247398376465 -26.58928680419922 13.258811950683594
  endloop
endfacet
facet normal 0.0 0.0 0.0
  outer loop
    vertex 6.9659247398376465 -26.58928680419922 13.258811950683594
    vertex 6.9659247398376465 -21.071430206298828 13.258811950683594
    vertex 6.866024494171143 -26.58928680419922 13.5
  endloop
endfacet
facet normal 0.0 0.0 0.0
  outer loop
    vertex 6.9659247398376465 -26.58928680419922 13.258811950683594
    vertex 6.866024494171143 -26.58928680419922 13.5
    vertex 6.866024494171143 -32.10714340209961 13.5
  endloop
endfacet
facet normal 0.0 0.0 0.0
  outer loop
    vertex 6.866024494171143 -32.10714340209961 13.5
    vertex 6.866024494171143 -26.58928680419922 13.5
    vertex 6.70710563659668 -32.10714340209961 13.707099914550781
  endloop
endfacet
facet normal 0.0 0.0 0.0
  outer loop
    vertex 6.866024494171143 -32.10714340209961 13.5
    vertex 6.70710563659668 -32.10714340209961 13.707099914550781
    vertex 6.70710563659668 -37.625 13.707099914550781
  endloop
endfacet
facet normal 0.0 0.0 0.0
  outer loop
    vertex 6.70710563659668 -37.625 13.707099914550781
    vertex 6.70710563659668 -32.10714340209961 13.707099914550781
    vertex 6.499999046325684 -37.625 13.866020202636719
  endloop
endfacet
facet normal 0.0 0.0 0.0
  outer loop
    vertex 6.70710563659668 -37.625 13.707099914550781
    vertex 6.499999046325684 -37.625 13.866020202636719
    vertex 6.499999046325684 -43.14285659790039 13.866020202636719
  endloop
endfacet
facet normal 0.0 0.0 0.0
  outer loop
    vertex 6.499999046325684 -43.14285659790039 13.866020202636719
    vertex 6.499999046325684 -37.625 13.866020202636719
    vertex 6.25881814956665 -43.14285659790039 13.965919494628906
  endloop
endfacet
facet normal 0.0 0.0 0.0
  outer loop
    vertex 6.499999046325684 -43.14285659790039 13.866020202636719
    vertex 6.25881814956665 -43.14285659790039 13.965919494628906
    vertex 6.25881814956665 -48.66071319580078 13.965919494628906
  endloop
endfacet
facet normal 0.0 0.0 0.0
  outer loop
    vertex 6.25881814956665 -48.66071319580078 13.965919494628906
    vertex 6.25881814956665 -43.14285659790039 13.965919494628906
    vertex 5.999999046325684 -76.25 14.0
  endloop
endfacet
facet normal 0.0 0.0 0.0
  outer loop
    vertex 6.25881814956665 -48.66071319580078 13.965919494628906
    vertex 5.999999046325684 -76.25 14.0
    vertex 6.25881814956665 -54.17857360839844 13.965919494628906
  endloop
endfacet
facet normal 0.0 0.0 0.0
  outer loop
    vertex 6.25881814956665 -54.17857360839844 13.965919494628906
    vertex 5.999999046325684 -76.25 14.0
    vertex 6.25881814956665 -59.69642639160156 13.965919494628906
  endloop
endfacet
facet normal 0.0 0.0 0.0
  outer loop
    vertex 6.25881814956665 -54.17857360839844 13.965919494628906
    vertex 6.25881814956665 -59.69642639160156 13.965919494628906
    vertex 6.499999046325684 -54.17857360839844 13.866020202636719
  endloop
endfacet
facet normal 0.0 0.0 0.0
  outer loop
    vertex 6.499999046325684 -54.17857360839844 13.866020202636719
    vertex 6.25881814956665 -59.69642639160156 13.965919494628906
    vertex 6.499999046325684 -59.69642639160156 13.866020202636719
  endloop
endfacet
facet normal 0.0 0.0 0.0
  outer loop
    vertex 6.499999046325684 -54.17857360839844 13.866020202636719
    vertex 6.499999046325684 -59.69642639160156 13.866020202636719
    vertex 6.70710563659668 -54.17857360839844 13.707099914550781
  endloop
endfacet
facet normal 0.0 0.0 0.0
  outer loop
    vertex 6.70710563659668 -54.17857360839844 13.707099914550781
    vertex 6.499999046325684 -59.69642639160156 13.866020202636719
    vertex 6.70710563659668 -59.69642639160156 13.707099914550781
  endloop
endfacet
facet normal 0.0 0.0 0.0
  outer loop
    vertex 6.70710563659668 -54.17857360839844 13.707099914550781
    vertex 6.70710563659668 -59.69642639160156 13.707099914550781
    vertex 6.866024494171143 -54.17857360839844 13.5
  endloop
endfacet
facet normal 0.0 0.0 0.0
  outer loop
    vertex 6.866024494171143 -54.17857360839844 13.5
    vertex 6.70710563659668 -59.69642639160156 13.707099914550781
    vertex 6.866024494171143 -59.69642639160156 13.5
  endloop
endfacet
facet normal 0.0 0.0 0.0
  outer loop
    vertex 6.866024494171143 -54.17857360839844 13.5
    vertex 6.866024494171143 -59.69642639160156 13.5
    vertex 6.9659247398376465 -54.17857360839844 13.258811950683594
  endloop
endfacet
facet normal 0.0 0.0 0.0
  outer loop
    vertex 6.9659247398376465 -54.17857360839844 13.258811950683594
    vertex 6.866024494171143 -59.69642639160156 13.5
    vertex 6.9659247398376465 -59.69642639160156 13.258811950683594
  endloop
endfacet
facet normal 0.0 0.0 0.0
  outer loop
    vertex 6.9659247398376465 -54.17857360839844 13.258811950683594
    vertex 6.9659247398376465 -59.69642639160156 13.258811950683594
    vertex 6.999999046325684 -76.25 13.0
  endloop
endfacet
facet normal 0.0 0.0 0.0
  outer loop
    vertex 6.999999046325684 -76.25 13.0
    vertex 6.9659247398376465 -59.69642639160156 13.258811950683594
    vertex 6.9659247398376465 -65.21428680419922 13.258811950683594
  endloop
endfacet
facet normal 0.0 0.0 0.0
  outer loop
    vertex 6.999999046325684 -76.25 13.0
    vertex 6.9659247398376465 -65.21428680419922 13.258811950683594
    vertex 6.9659247398376465 -70.73213958740234 13.258811950683594
  endloop
endfacet
facet normal 0.0 0.0 0.0
  outer loop
    vertex 6.9659247398376465 -70.73213958740234 13.258811950683594
    vertex 6.9659247398376465 -65.21428680419922 13.258811950683594
    vertex 6.866024494171143 -70.73213958740234 13.5
  endloop
endfacet
facet normal 0.0 0.0 0.0
  outer loop
    vertex 6.9659247398376465 -70.73213958740234 13.258811950683594
    vertex 6.866024494171143 -70.73213958740234 13.5
    vertex 6.866024494171143 -76.25 13.5
  endloop
endfacet
facet normal 0.0 0.0 0.0
  outer loop
    vertex 6.866024494171143 -76.25 13.5
    vertex 6.866024494171143 -70.73213958740234 13.5
    vertex 6.70710563659668 -76.25 13.707099914550781
  endloop
endfacet
facet normal 0.0 0.0 0.0
  outer loop
    vertex 6.70710563659668 -76.25 13.707099914550781
    vertex 6.866024494171143 -70.73213958740234 13.5
    vertex 6.70710563659668 -70.73213958740234 13.707099914550781
  endloop
endfacet
facet normal 0.0 0.0 0.0
  outer loop
    vertex 6.70710563659668 -76.25 13.707099914550781
    vertex 6.70710563659668 -70.73213958740234 13.707099914550781
    vertex 6.499999046325684 -76.25 13.866020202636719
  endloop
endfacet
facet normal 0.0 0.0 0.0
  outer loop
    vertex 6.499999046325684 -76.25 13.866020202636719
    vertex 6.70710563659668 -70.73213958740234 13.707099914550781
    vertex 6.499999046325684 -70.73213958740234 13.866020202636719
  endloop
endfacet
facet normal 0.0 0.0 0.0
  outer loop
    vertex 6.499999046325684 -76.25 13.866020202636719
    vertex 6.499999046325684 -70.73213958740234 13.866020202636719
    vertex 6.25881814956665 -76.25 13.965919494628906
  endloop
endfacet
facet normal 0.0 0.0 0.0
  outer loop
    vertex 6.25881814956665 -76.25 13.965919494628906
    vertex 6.499999046325684 -70.73213958740234 13.866020202636719
    vertex 6.25881814956665 -70.73213958740234 13.965919494628906
  endloop
endfacet
facet normal 0.0 0.0 0.0
  outer loop
    vertex 6.25881814956665 -76.25 13.965919494628906
    vertex 6.25881814956665 -70.73213958740234 13.965919494628906
    vertex 5.999999046325684 -76.25 14.0
  endloop
endfacet
facet normal 0.0 0.0 0.0
  outer loop
    vertex 5.999999046325684 -76.25 14.0
    vertex 6.25881814956665 -70.73213958740234 13.965919494628906
    vertex 6.25881814956665 -65.21428680419922 13.965919494628906
  endloop
endfacet
facet normal 0.0 0.0 0.0
  outer loop
    vertex 5.999999046325684 -76.25 14.0
    vertex 6.25881814956665 -65.21428680419922 13.965919494628906
    vertex 6.25881814956665 -59.69642639160156 13.965919494628906
  endloop
endfacet
facet normal 0.0 0.0 0.0
  outer loop
    vertex 6.25881814956665 -59.69642639160156 13.965919494628906
    vertex 6.25881814956665 -65.21428680419922 13.965919494628906
    vertex 6.499999046325684 -59.69642639160156 13.866020202636719
  endloop
endfacet
facet normal 0.0 0.0 0.0
  outer loop
    vertex 6.9659247398376465 72.73214721679688 13.258811950683594
    vertex 6.9659247398376465 78.25 13.258811950683594
    vertex 6.866024494171143 72.73214721679688 13.5
  endloop
endfacet
facet normal 0.0 0.0 0.0
  outer loop
    vertex 6.866024494171143 72.73214721679688 13.5
    vertex 6.9659247398376465 78.25 13.258811950683594
    vertex 6.866024494171143 78.25 13.5
  endloop
endfacet
facet normal 0.0 0.0 0.0
  outer loop
    vertex 6.866024494171143 72.73214721679688 13.5
    vertex 6.866024494171143 78.25 13.5
    vertex 6.70710563659668 72.73214721679688 13.707099914550781
  endloop
endfacet
facet normal 0.0 0.0 0.0
  outer loop
    vertex 6.70710563659668 72.73214721679688 13.707099914550781
    vertex 6.866024494171143 78.25 13.5
    vertex 6.70710563659668 78.25 13.707099914550781
  endloop
endfacet
facet normal 0.0 0.0 0.0
  outer loop
    vertex 6.70710563659668 72.73214721679688 13.707099914550781
    vertex 6.70710563659668 78.25 13.707099914550781
    vertex 6.499999046325684 72.73214721679688 13.866020202636719
  endloop
endfacet
facet normal 0.0 0.0 0.0
  outer loop
    vertex 6.499999046325684 72.73214721679688 13.866020202636719
    vertex 6.70710563659668 78.25 13.707099914550781
    vertex 6.499999046325684 78.25 13.866020202636719
  endloop
endfacet
facet normal 0.0 0.0 0.0
  outer loop
    vertex 6.499999046325684 72.73214721679688 13.866020202636719
    vertex 6.499999046325684 78.25 13.866020202636719
    vertex 6.25881814956665 72.73214721679688 13.965919494628906
  endloop
endfacet
facet normal 0.0 0.0 0.0
  outer loop
    vertex 6.25881814956665 72.73214721679688 13.965919494628906
    vertex 6.499999046325684 78.25 13.866020202636719
    vertex 6.25881814956665 78.25 13.965919494628906
  endloop
endfacet
facet normal 0.0 0.0 0.0
  outer loop
    vertex 6.25881814956665 72.73214721679688 13.965919494628906
    vertex 6.25881814956665 78.25 13.965919494628906
    vertex 5.999999046325684 78.25 14.0
  endloop
endfacet
facet normal 0.0 0.0 0.0
  outer loop
    vertex 5.999999046325684 -76.25 14.0
    vertex 6.25881814956665 1.0 13.965919494628906
    vertex 5.999999046325684 78.25 14.0
  endloop
endfacet
facet normal 0.0 0.0 0.0
  outer loop
    vertex 5.999999046325684 78.25 14.0
    vertex 6.25881814956665 1.0 13.965919494628906
    vertex 6.25881814956665 6.517857551574707 13.965919494628906
  endloop
endfacet
facet normal 0.0 0.0 0.0
  outer loop
    vertex 5.999999046325684 78.25 14.0
    vertex 6.25881814956665 6.517857551574707 13.965919494628906
    vertex 6.25881814956665 12.035714149475098 13.965919494628906
  endloop
endfacet
facet normal 0.0 0.0 0.0
  outer loop
    vertex 6.25881814956665 12.035714149475098 13.965919494628906
    vertex 6.25881814956665 6.517857551574707 13.965919494628906
    vertex 6.499999046325684 12.035714149475098 13.866020202636719
  endloop
endfacet
facet normal 0.0 0.0 0.0
  outer loop
    vertex 6.25881814956665 12.035714149475098 13.965919494628906
    vertex 6.499999046325684 12.035714149475098 13.866020202636719
    vertex 6.499999046325684 17.553571701049805 13.866020202636719
  endloop
endfacet
facet normal 0.0 0.0 0.0
  outer loop
    vertex 6.499999046325684 17.553571701049805 13.866020202636719
    vertex 6.499999046325684 12.035714149475098 13.866020202636719
    vertex 6.70710563659668 17.553571701049805 13.707099914550781
  endloop
endfacet
facet normal 0.0 0.0 0.0
  outer loop
    vertex 6.499999046325684 17.553571701049805 13.866020202636719
    vertex 6.70710563659668 17.553571701049805 13.707099914550781
    vertex 6.70710563659668 23.071428298950195 13.707099914550781
  endloop
endfacet
facet normal 0.0 0.0 0.0
  outer loop
    vertex 6.70710563659668 23.071428298950195 13.707099914550781
    vertex 6.70710563659668 17.553571701049805 13.707099914550781
    vertex 6.866024494171143 23.071428298950195 13.5
  endloop
endfacet
facet normal 0.0 0.0 0.0
  outer loop
    vertex 6.70710563659668 23.071428298950195 13.707099914550781
    vertex 6.866024494171143 23.071428298950195 13.5
    vertex 6.866024494171143 28.58928680419922 13.5
  endloop
endfacet
facet normal 0.0 0.0 0.0
  outer loop
    vertex 6.866024494171143 28.58928680419922 13.5
    vertex 6.866024494171143 23.071428298950195 13.5
    vertex 6.9659247398376465 28.58928680419922 13.258811950683594
  endloop
endfacet
facet normal 0.0 0.0 0.0
  outer loop
    vertex 6.866024494171143 -76.25 13.5
    vertex 6.9659247398376465 -76.25 13.258811950683594
    vertex 6.9659247398376465 -70.73213958740234 13.258811950683594
  endloop
endfacet
facet normal 0.0 0.0 0.0
  outer loop
    vertex 6.9659247398376465 -70.73213958740234 13.258811950683594
    vertex 6.9659247398376465 -76.25 13.258811950683594
    vertex 6.999999046325684 -76.25 13.0
  endloop
endfacet
facet normal 0.0 0.0 0.0
  outer loop
    vertex 6.999999046325684 78.25 13.0
    vertex 6.9659247398376465 1.0 13.258811950683594
    vertex 6.999999046325684 -76.25 13.0
  endloop
endfacet
facet normal 0.0 0.0 0.0
  outer loop
    vertex 6.999999046325684 -76.25 13.0
    vertex 6.9659247398376465 1.0 13.258811950683594
    vertex 6.9659247398376465 -4.517856597900391 13.258811950683594
  endloop
endfacet
facet normal 0.0 0.0 0.0
  outer loop
    vertex 6.999999046325684 -76.25 13.0
    vertex 6.9659247398376465 -4.517856597900391 13.258811950683594
    vertex 6.9659247398376465 -10.035715103149414 13.258811950683594
  endloop
endfacet
facet normal 0.0 0.0 0.0
  outer loop
    vertex 6.9659247398376465 -10.035715103149414 13.258811950683594
    vertex 6.9659247398376465 -4.517856597900391 13.258811950683594
    vertex 6.866024494171143 -10.035715103149414 13.5
  endloop
endfacet
facet normal 0.0 0.0 0.0
  outer loop
    vertex 6.9659247398376465 67.21428680419922 13.258811950683594
    vertex 6.9659247398376465 72.73214721679688 13.258811950683594
    vertex 6.866024494171143 67.21428680419922 13.5
  endloop
endfacet
facet normal 0.0 0.0 0.0
  outer loop
    vertex 6.866024494171143 67.21428680419922 13.5
    vertex 6.9659247398376465 72.73214721679688 13.258811950683594
    vertex 6.866024494171143 72.73214721679688 13.5
  endloop
endfacet
facet normal 0.0 0.0 0.0
  outer loop
    vertex 6.866024494171143 67.21428680419922 13.5
    vertex 6.866024494171143 72.73214721679688 13.5
    vertex 6.70710563659668 67.21428680419922 13.707099914550781
  endloop
endfacet
facet normal 0.0 0.0 0.0
  outer loop
    vertex 6.70710563659668 67.21428680419922 13.707099914550781
    vertex 6.866024494171143 72.73214721679688 13.5
    vertex 6.70710563659668 72.73214721679688 13.707099914550781
  endloop
endfacet
facet normal 0.0 0.0 0.0
  outer loop
    vertex 6.70710563659668 67.21428680419922 13.707099914550781
    vertex 6.70710563659668 72.73214721679688 13.707099914550781
    vertex 6.499999046325684 67.21428680419922 13.866020202636719
  endloop
endfacet
facet normal 0.0 0.0 0.0
  outer loop
    vertex 6.499999046325684 67.21428680419922 13.866020202636719
    vertex 6.70710563659668 72.73214721679688 13.707099914550781
    vertex 6.499999046325684 72.73214721679688 13.866020202636719
  endloop
endfacet
facet normal 0.0 0.0 0.0
  outer loop
    vertex 6.499999046325684 67.21428680419922 13.866020202636719
    vertex 6.499999046325684 72.73214721679688 13.866020202636719
    vertex 6.25881814956665 67.21428680419922 13.965919494628906
  endloop
endfacet
facet normal 0.0 0.0 0.0
  outer loop
    vertex 6.25881814956665 67.21428680419922 13.965919494628906
    vertex 6.499999046325684 72.73214721679688 13.866020202636719
    vertex 6.25881814956665 72.73214721679688 13.965919494628906
  endloop
endfacet
facet normal 0.0 0.0 0.0
  outer loop
    vertex 6.25881814956665 67.21428680419922 13.965919494628906
    vertex 6.25881814956665 72.73214721679688 13.965919494628906
    vertex 5.999999046325684 78.25 14.0
  endloop
endfacet
facet normal 0.0 0.0 0.0
  outer loop
    vertex 6.9659247398376465 61.69643020629883 13.258811950683594
    vertex 6.9659247398376465 56.17856979370117 13.258811950683594
    vertex 6.999999046325684 78.25 13.0
  endloop
endfacet
facet normal 0.0 0.0 0.0
  outer loop
    vertex 6.999999046325684 78.25 13.0
    vertex 6.9659247398376465 56.17856979370117 13.258811950683594
    vertex 6.9659247398376465 50.66071319580078 13.258811950683594
  endloop
endfacet
facet normal 0.0 0.0 0.0
  outer loop
    vertex 6.999999046325684 78.25 13.0
    vertex 6.9659247398376465 50.66071319580078 13.258811950683594
    vertex 6.9659247398376465 45.14285659790039 13.258811950683594
  endloop
endfacet
facet normal 0.0 0.0 0.0
  outer loop
    vertex 6.9659247398376465 45.14285659790039 13.258811950683594
    vertex 6.9659247398376465 50.66071319580078 13.258811950683594
    vertex 6.866024494171143 45.14285659790039 13.5
  endloop
endfacet
facet normal 0.0 0.0 0.0
  outer loop
    vertex 6.9659247398376465 45.14285659790039 13.258811950683594
    vertex 6.866024494171143 45.14285659790039 13.5
    vertex 6.866024494171143 39.625 13.5
  endloop
endfacet
facet normal 0.0 0.0 0.0
  outer loop
    vertex 6.866024494171143 39.625 13.5
    vertex 6.866024494171143 45.14285659790039 13.5
    vertex 6.70710563659668 39.625 13.707099914550781
  endloop
endfacet
facet normal 0.0 0.0 0.0
  outer loop
    vertex 6.866024494171143 39.625 13.5
    vertex 6.70710563659668 39.625 13.707099914550781
    vertex 6.70710563659668 34.10714340209961 13.707099914550781
  endloop
endfacet
facet normal 0.0 0.0 0.0
  outer loop
    vertex 6.70710563659668 34.10714340209961 13.707099914550781
    vertex 6.70710563659668 39.625 13.707099914550781
    vertex 6.499999046325684 34.10714340209961 13.866020202636719
  endloop
endfacet
facet normal 0.0 0.0 0.0
  outer loop
    vertex 6.9659247398376465 61.69643020629883 13.258811950683594
    vertex 6.866024494171143 56.17856979370117 13.5
    vertex 6.9659247398376465 56.17856979370117 13.258811950683594
  endloop
endfacet
facet normal 0.0 0.0 0.0
  outer loop
    vertex 6.9659247398376465 56.17856979370117 13.258811950683594
    vertex 6.866024494171143 56.17856979370117 13.5
    vertex 6.866024494171143 50.66071319580078 13.5
  endloop
endfacet
facet normal 0.0 0.0 0.0
  outer loop
    vertex 6.9659247398376465 56.17856979370117 13.258811950683594
    vertex 6.866024494171143 50.66071319580078 13.5
    vertex 6.9659247398376465 50.66071319580078 13.258811950683594
  endloop
endfacet
facet normal 0.0 0.0 0.0
  outer loop
    vertex 6.9659247398376465 50.66071319580078 13.258811950683594
    vertex 6.866024494171143 50.66071319580078 13.5
    vertex 6.866024494171143 45.14285659790039 13.5
  endloop
endfacet
facet normal 0.0 0.0 0.0
  outer loop
    vertex 6.9659247398376465 34.10714340209961 13.258811950683594
    vertex 6.999999046325684 78.25 13.0
    vertex 6.9659247398376465 39.625 13.258811950683594
  endloop
endfacet
facet normal 0.0 0.0 0.0
  outer loop
    vertex 6.9659247398376465 39.625 13.258811950683594
    vertex 6.999999046325684 78.25 13.0
    vertex 6.9659247398376465 45.14285659790039 13.258811950683594
  endloop
endfacet
facet normal 0.0 0.0 0.0
  outer loop
    vertex 6.9659247398376465 39.625 13.258811950683594
    vertex 6.9659247398376465 45.14285659790039 13.258811950683594
    vertex 6.866024494171143 39.625 13.5
  endloop
endfacet
facet normal 0.0 0.0 0.0
  outer loop
    vertex 6.866024494171143 34.10714340209961 13.5
    vertex 6.9659247398376465 34.10714340209961 13.258811950683594
    vertex 6.9659247398376465 39.625 13.258811950683594
  endloop
endfacet
facet normal 0.0 0.0 0.0
  outer loop
    vertex 6.866024494171143 34.10714340209961 13.5
    vertex 6.9659247398376465 39.625 13.258811950683594
    vertex 6.866024494171143 39.625 13.5
  endloop
endfacet
facet normal 0.0 0.0 0.0
  outer loop
    vertex 6.866024494171143 17.553571701049805 13.5
    vertex 6.9659247398376465 23.071428298950195 13.258811950683594
    vertex 6.866024494171143 23.071428298950195 13.5
  endloop
endfacet
facet normal 0.0 0.0 0.0
  outer loop
    vertex 6.866024494171143 23.071428298950195 13.5
    vertex 6.9659247398376465 23.071428298950195 13.258811950683594
    vertex 6.9659247398376465 28.58928680419922 13.258811950683594
  endloop
endfacet
facet normal 0.0 0.0 0.0
  outer loop
    vertex 6.9659247398376465 17.553571701049805 13.258811950683594
    vertex 6.9659247398376465 12.035714149475098 13.258811950683594
    vertex 6.999999046325684 78.25 13.0
  endloop
endfacet
facet normal 0.0 0.0 0.0
  outer loop
    vertex 6.999999046325684 78.25 13.0
    vertex 6.9659247398376465 12.035714149475098 13.258811950683594
    vertex 6.9659247398376465 6.517857551574707 13.258811950683594
  endloop
endfacet
facet normal 0.0 0.0 0.0
  outer loop
    vertex 6.999999046325684 78.25 13.0
    vertex 6.9659247398376465 6.517857551574707 13.258811950683594
    vertex 6.9659247398376465 1.0 13.258811950683594
  endloop
endfacet
facet normal 0.0 0.0 0.0
  outer loop
    vertex 6.9659247398376465 1.0 13.258811950683594
    vertex 6.9659247398376465 6.517857551574707 13.258811950683594
    vertex 6.866024494171143 1.0 13.5
  endloop
endfacet
facet normal 0.0 0.0 0.0
  outer loop
    vertex 6.9659247398376465 1.0 13.258811950683594
    vertex 6.866024494171143 1.0 13.5
    vertex 6.866024494171143 -4.517856597900391 13.5
  endloop
endfacet
facet normal 0.0 0.0 0.0
  outer loop
    vertex 6.866024494171143 -4.517856597900391 13.5
    vertex 6.866024494171143 1.0 13.5
    vertex 6.70710563659668 -4.517856597900391 13.707099914550781
  endloop
endfacet
facet normal 0.0 0.0 0.0
  outer loop
    vertex 6.866024494171143 -4.517856597900391 13.5
    vertex 6.70710563659668 -4.517856597900391 13.707099914550781
    vertex 6.70710563659668 -10.035715103149414 13.707099914550781
  endloop
endfacet
facet normal 0.0 0.0 0.0
  outer loop
    vertex 6.70710563659668 -10.035715103149414 13.707099914550781
    vertex 6.70710563659668 -4.517856597900391 13.707099914550781
    vertex 6.499999046325684 -10.035715103149414 13.866020202636719
  endloop
endfacet
facet normal 0.0 0.0 0.0
  outer loop
    vertex 6.9659247398376465 17.553571701049805 13.258811950683594
    vertex 6.866024494171143 12.035714149475098 13.5
    vertex 6.9659247398376465 12.035714149475098 13.258811950683594
  endloop
endfacet
facet normal 0.0 0.0 0.0
  outer loop
    vertex 6.9659247398376465 12.035714149475098 13.258811950683594
    vertex 6.866024494171143 12.035714149475098 13.5
    vertex 6.866024494171143 6.517857551574707 13.5
  endloop
endfacet
facet normal 0.0 0.0 0.0
  outer loop
    vertex 6.9659247398376465 12.035714149475098 13.258811950683594
    vertex 6.866024494171143 6.517857551574707 13.5
    vertex 6.9659247398376465 6.517857551574707 13.258811950683594
  endloop
endfacet
facet normal 0.0 0.0 0.0
  outer loop
    vertex 6.9659247398376465 6.517857551574707 13.258811950683594
    vertex 6.866024494171143 6.517857551574707 13.5
    vertex 6.866024494171143 1.0 13.5
  endloop
endfacet
facet normal 0.0 0.0 0.0
  outer loop
    vertex 6.866024494171143 -10.035715103149414 13.5
    vertex 6.9659247398376465 -4.517856597900391 13.258811950683594
    vertex 6.866024494171143 -4.517856597900391 13.5
  endloop
endfacet
facet normal 0.0 0.0 0.0
  outer loop
    vertex 6.866024494171143 -4.517856597900391 13.5
    vertex 6.9659247398376465 -4.517856597900391 13.258811950683594
    vertex 6.9659247398376465 1.0 13.258811950683594
  endloop
endfacet
facet normal 0.0 0.0 0.0
  outer loop
    vertex 6.9659247398376465 -21.071430206298828 13.258811950683594
    vertex 6.9659247398376465 -15.553569793701172 13.258811950683594
    vertex 6.866024494171143 -21.071430206298828 13.5
  endloop
endfacet
facet normal 0.0 0.0 0.0
  outer loop
    vertex 6.866024494171143 -21.071430206298828 13.5
    vertex 6.9659247398376465 -15.553569793701172 13.258811950683594
    vertex 6.866024494171143 -15.553569793701172 13.5
  endloop
endfacet
facet normal 0.0 0.0 0.0
  outer loop
    vertex 6.866024494171143 -21.071430206298828 13.5
    vertex 6.866024494171143 -15.553569793701172 13.5
    vertex 6.70710563659668 -21.071430206298828 13.707099914550781
  endloop
endfacet
facet normal 0.0 0.0 0.0
  outer loop
    vertex 6.70710563659668 -21.071430206298828 13.707099914550781
    vertex 6.866024494171143 -15.553569793701172 13.5
    vertex 6.70710563659668 -15.553569793701172 13.707099914550781
  endloop
endfacet
facet normal 0.0 0.0 0.0
  outer loop
    vertex 6.70710563659668 -21.071430206298828 13.707099914550781
    vertex 6.70710563659668 -15.553569793701172 13.707099914550781
    vertex 6.499999046325684 -21.071430206298828 13.866020202636719
  endloop
endfacet
facet normal 0.0 0.0 0.0
  outer loop
    vertex 6.499999046325684 -21.071430206298828 13.866020202636719
    vertex 6.70710563659668 -15.553569793701172 13.707099914550781
    vertex 6.499999046325684 -15.553569793701172 13.866020202636719
  endloop
endfacet
facet normal 0.0 0.0 0.0
  outer loop
    vertex 6.499999046325684 -21.071430206298828 13.866020202636719
    vertex 6.499999046325684 -15.553569793701172 13.866020202636719
    vertex 6.25881814956665 -21.071430206298828 13.965919494628906
  endloop
endfacet
facet normal 0.0 0.0 0.0
  outer loop
    vertex 6.25881814956665 -21.071430206298828 13.965919494628906
    vertex 6.499999046325684 -15.553569793701172 13.866020202636719
    vertex 6.25881814956665 -15.553569793701172 13.965919494628906
  endloop
endfacet
facet normal 0.0 0.0 0.0
  outer loop
    vertex 6.25881814956665 -21.071430206298828 13.965919494628906
    vertex 6.25881814956665 -15.553569793701172 13.965919494628906
    vertex 5.999999046325684 -76.25 14.0
  endloop
endfacet
facet normal 0.0 0.0 0.0
  outer loop
    vertex 6.9659247398376465 -26.58928680419922 13.258811950683594
    vertex 6.9659247398376465 -32.10714340209961 13.258811950683594
    vertex 6.999999046325684 -76.25 13.0
  endloop
endfacet
facet normal 0.0 0.0 0.0
  outer loop
    vertex 6.999999046325684 -76.25 13.0
    vertex 6.9659247398376465 -32.10714340209961 13.258811950683594
    vertex 6.9659247398376465 -37.625 13.258811950683594
  endloop
endfacet
facet normal 0.0 0.0 0.0
  outer loop
    vertex 6.999999046325684 -76.25 13.0
    vertex 6.9659247398376465 -37.625 13.258811950683594
    vertex 6.9659247398376465 -43.14285659790039 13.258811950683594
  endloop
endfacet
facet normal 0.0 0.0 0.0
  outer loop
    vertex 6.9659247398376465 -43.14285659790039 13.258811950683594
    vertex 6.9659247398376465 -37.625 13.258811950683594
    vertex 6.866024494171143 -43.14285659790039 13.5
  endloop
endfacet
facet normal 0.0 0.0 0.0
  outer loop
    vertex 6.9659247398376465 -43.14285659790039 13.258811950683594
    vertex 6.866024494171143 -43.14285659790039 13.5
    vertex 6.866024494171143 -48.66071319580078 13.5
  endloop
endfacet
facet normal 0.0 0.0 0.0
  outer loop
    vertex 6.866024494171143 -48.66071319580078 13.5
    vertex 6.866024494171143 -43.14285659790039 13.5
    vertex 6.70710563659668 -48.66071319580078 13.707099914550781
  endloop
endfacet
facet normal 0.0 0.0 0.0
  outer loop
    vertex 6.866024494171143 -48.66071319580078 13.5
    vertex 6.70710563659668 -48.66071319580078 13.707099914550781
    vertex 6.70710563659668 -54.17857360839844 13.707099914550781
  endloop
endfacet
facet normal 0.0 0.0 0.0
  outer loop
    vertex 6.70710563659668 -54.17857360839844 13.707099914550781
    vertex 6.70710563659668 -48.66071319580078 13.707099914550781
    vertex 6.499999046325684 -54.17857360839844 13.866020202636719
  endloop
endfacet
facet normal 0.0 0.0 0.0
  outer loop
    vertex 6.9659247398376465 -26.58928680419922 13.258811950683594
    vertex 6.866024494171143 -32.10714340209961 13.5
    vertex 6.9659247398376465 -32.10714340209961 13.258811950683594
  endloop
endfacet
facet normal 0.0 0.0 0.0
  outer loop
    vertex 6.9659247398376465 -32.10714340209961 13.258811950683594
    vertex 6.866024494171143 -32.10714340209961 13.5
    vertex 6.866024494171143 -37.625 13.5
  endloop
endfacet
facet normal 0.0 0.0 0.0
  outer loop
    vertex 6.9659247398376465 -32.10714340209961 13.258811950683594
    vertex 6.866024494171143 -37.625 13.5
    vertex 6.9659247398376465 -37.625 13.258811950683594
  endloop
endfacet
facet normal 0.0 0.0 0.0
  outer loop
    vertex 6.9659247398376465 -37.625 13.258811950683594
    vertex 6.866024494171143 -37.625 13.5
    vertex 6.866024494171143 -43.14285659790039 13.5
  endloop
endfacet
facet normal 0.0 0.0 0.0
  outer loop
    vertex 6.9659247398376465 -54.17857360839844 13.258811950683594
    vertex 6.999999046325684 -76.25 13.0
    vertex 6.9659247398376465 -48.66071319580078 13.258811950683594
  endloop
endfacet
facet normal 0.0 0.0 0.0
  outer loop
    vertex 6.9659247398376465 -48.66071319580078 13.258811950683594
    vertex 6.999999046325684 -76.25 13.0
    vertex 6.9659247398376465 -43.14285659790039 13.258811950683594
  endloop
endfacet
facet normal 0.0 0.0 0.0
  outer loop
    vertex 6.9659247398376465 -48.66071319580078 13.258811950683594
    vertex 6.9659247398376465 -43.14285659790039 13.258811950683594
    vertex 6.866024494171143 -48.66071319580078 13.5
  endloop
endfacet
facet normal 0.0 0.0 0.0
  outer loop
    vertex 6.866024494171143 -54.17857360839844 13.5
    vertex 6.9659247398376465 -54.17857360839844 13.258811950683594
    vertex 6.9659247398376465 -48.66071319580078 13.258811950683594
  endloop
endfacet
facet normal 0.0 0.0 0.0
  outer loop
    vertex 6.866024494171143 -54.17857360839844 13.5
    vertex 6.9659247398376465 -48.66071319580078 13.258811950683594
    vertex 6.866024494171143 -48.66071319580078 13.5
  endloop
endfacet
facet normal 0.0 0.0 0.0
  outer loop
    vertex 6.9659247398376465 -65.21428680419922 13.258811950683594
    vertex 6.9659247398376465 -59.69642639160156 13.258811950683594
    vertex 6.866024494171143 -65.21428680419922 13.5
  endloop
endfacet
facet normal 0.0 0.0 0.0
  outer loop
    vertex 6.866024494171143 -65.21428680419922 13.5
    vertex 6.9659247398376465 -59.69642639160156 13.258811950683594
    vertex 6.866024494171143 -59.69642639160156 13.5
  endloop
endfacet
facet normal 0.0 0.0 0.0
  outer loop
    vertex 6.866024494171143 -65.21428680419922 13.5
    vertex 6.866024494171143 -59.69642639160156 13.5
    vertex 6.70710563659668 -65.21428680419922 13.707099914550781
  endloop
endfacet
facet normal 0.0 0.0 0.0
  outer loop
    vertex 6.70710563659668 -65.21428680419922 13.707099914550781
    vertex 6.866024494171143 -59.69642639160156 13.5
    vertex 6.70710563659668 -59.69642639160156 13.707099914550781
  endloop
endfacet
facet normal 0.0 0.0 0.0
  outer loop
    vertex 6.70710563659668 -65.21428680419922 13.707099914550781
    vertex 6.70710563659668 -59.69642639160156 13.707099914550781
    vertex 6.499999046325684 -65.21428680419922 13.866020202636719
  endloop
endfacet
facet normal 0.0 0.0 0.0
  outer loop
    vertex 6.499999046325684 -65.21428680419922 13.866020202636719
    vertex 6.70710563659668 -59.69642639160156 13.707099914550781
    vertex 6.499999046325684 -59.69642639160156 13.866020202636719
  endloop
endfacet
facet normal 0.0 0.0 0.0
  outer loop
    vertex 6.499999046325684 -65.21428680419922 13.866020202636719
    vertex 6.499999046325684 -59.69642639160156 13.866020202636719
    vertex 6.25881814956665 -65.21428680419922 13.965919494628906
  endloop
endfacet
facet normal 0.0 0.0 0.0
  outer loop
    vertex 6.9659247398376465 67.21428680419922 13.258811950683594
    vertex 6.866024494171143 67.21428680419922 13.5
    vertex 6.866024494171143 61.69643020629883 13.5
  endloop
endfacet
facet normal 0.0 0.0 0.0
  outer loop
    vertex 6.866024494171143 61.69643020629883 13.5
    vertex 6.866024494171143 67.21428680419922 13.5
    vertex 6.70710563659668 61.69643020629883 13.707099914550781
  endloop
endfacet
facet normal 0.0 0.0 0.0
  outer loop
    vertex 6.866024494171143 61.69643020629883 13.5
    vertex 6.70710563659668 61.69643020629883 13.707099914550781
    vertex 6.70710563659668 56.17856979370117 13.707099914550781
  endloop
endfacet
facet normal 0.0 0.0 0.0
  outer loop
    vertex 6.70710563659668 56.17856979370117 13.707099914550781
    vertex 6.70710563659668 61.69643020629883 13.707099914550781
    vertex 6.499999046325684 56.17856979370117 13.866020202636719
  endloop
endfacet
facet normal 0.0 0.0 0.0
  outer loop
    vertex 6.70710563659668 56.17856979370117 13.707099914550781
    vertex 6.499999046325684 56.17856979370117 13.866020202636719
    vertex 6.499999046325684 50.66071319580078 13.866020202636719
  endloop
endfacet
facet normal 0.0 0.0 0.0
  outer loop
    vertex 6.499999046325684 50.66071319580078 13.866020202636719
    vertex 6.499999046325684 56.17856979370117 13.866020202636719
    vertex 6.25881814956665 50.66071319580078 13.965919494628906
  endloop
endfacet
facet normal 0.0 0.0 0.0
  outer loop
    vertex 6.499999046325684 50.66071319580078 13.866020202636719
    vertex 6.25881814956665 50.66071319580078 13.965919494628906
    vertex 6.25881814956665 45.14285659790039 13.965919494628906
  endloop
endfacet
facet normal 0.0 0.0 0.0
  outer loop
    vertex 6.25881814956665 45.14285659790039 13.965919494628906
    vertex 6.25881814956665 50.66071319580078 13.965919494628906
    vertex 5.999999046325684 78.25 14.0
  endloop
endfacet
facet normal 0.0 0.0 0.0
  outer loop
    vertex 6.70710563659668 61.69643020629883 13.707099914550781
    vertex 6.866024494171143 67.21428680419922 13.5
    vertex 6.70710563659668 67.21428680419922 13.707099914550781
  endloop
endfacet
facet normal 0.0 0.0 0.0
  outer loop
    vertex 6.866024494171143 56.17856979370117 13.5
    vertex 6.70710563659668 50.66071319580078 13.707099914550781
    vertex 6.866024494171143 50.66071319580078 13.5
  endloop
endfacet
facet normal 0.0 0.0 0.0
  outer loop
    vertex 6.866024494171143 50.66071319580078 13.5
    vertex 6.70710563659668 50.66071319580078 13.707099914550781
    vertex 6.70710563659668 45.14285659790039 13.707099914550781
  endloop
endfacet
facet normal 0.0 0.0 0.0
  outer loop
    vertex 6.866024494171143 50.66071319580078 13.5
    vertex 6.70710563659668 45.14285659790039 13.707099914550781
    vertex 6.866024494171143 45.14285659790039 13.5
  endloop
endfacet
facet normal 0.0 0.0 0.0
  outer loop
    vertex 6.866024494171143 45.14285659790039 13.5
    vertex 6.70710563659668 45.14285659790039 13.707099914550781
    vertex 6.70710563659668 39.625 13.707099914550781
  endloop
endfacet
facet normal 0.0 0.0 0.0
  outer loop
    vertex 6.70710563659668 34.10714340209961 13.707099914550781
    vertex 6.866024494171143 34.10714340209961 13.5
    vertex 6.866024494171143 39.625 13.5
  endloop
endfacet
facet normal 0.0 0.0 0.0
  outer loop
    vertex 6.70710563659668 23.071428298950195 13.707099914550781
    vertex 6.866024494171143 28.58928680419922 13.5
    vertex 6.70710563659668 28.58928680419922 13.707099914550781
  endloop
endfacet
facet normal 0.0 0.0 0.0
  outer loop
    vertex 6.70710563659668 12.035714149475098 13.707099914550781
    vertex 6.866024494171143 17.553571701049805 13.5
    vertex 6.70710563659668 17.553571701049805 13.707099914550781
  endloop
endfacet
facet normal 0.0 0.0 0.0
  outer loop
    vertex 6.70710563659668 17.553571701049805 13.707099914550781
    vertex 6.866024494171143 17.553571701049805 13.5
    vertex 6.866024494171143 23.071428298950195 13.5
  endloop
endfacet
facet normal 0.0 0.0 0.0
  outer loop
    vertex 6.866024494171143 12.035714149475098 13.5
    vertex 6.70710563659668 6.517857551574707 13.707099914550781
    vertex 6.866024494171143 6.517857551574707 13.5
  endloop
endfacet
facet normal 0.0 0.0 0.0
  outer loop
    vertex 6.866024494171143 6.517857551574707 13.5
    vertex 6.70710563659668 6.517857551574707 13.707099914550781
    vertex 6.70710563659668 1.0 13.707099914550781
  endloop
endfacet
facet normal 0.0 0.0 0.0
  outer loop
    vertex 6.866024494171143 6.517857551574707 13.5
    vertex 6.70710563659668 1.0 13.707099914550781
    vertex 6.866024494171143 1.0 13.5
  endloop
endfacet
facet normal 0.0 0.0 0.0
  outer loop
    vertex 6.866024494171143 1.0 13.5
    vertex 6.70710563659668 1.0 13.707099914550781
    vertex 6.70710563659668 -4.517856597900391 13.707099914550781
  endloop
endfacet
facet normal 0.0 0.0 0.0
  outer loop
    vertex 6.70710563659668 -10.035715103149414 13.707099914550781
    vertex 6.866024494171143 -10.035715103149414 13.5
    vertex 6.866024494171143 -4.517856597900391 13.5
  endloop
endfacet
facet normal 0.0 0.0 0.0
  outer loop
    vertex 6.9659247398376465 -21.071430206298828 13.258811950683594
    vertex 6.866024494171143 -21.071430206298828 13.5
    vertex 6.866024494171143 -26.58928680419922 13.5
  endloop
endfacet
facet normal 0.0 0.0 0.0
  outer loop
    vertex 6.866024494171143 -26.58928680419922 13.5
    vertex 6.866024494171143 -21.071430206298828 13.5
    vertex 6.70710563659668 -26.58928680419922 13.707099914550781
  endloop
endfacet
facet normal 0.0 0.0 0.0
  outer loop
    vertex 6.866024494171143 -26.58928680419922 13.5
    vertex 6.70710563659668 -26.58928680419922 13.707099914550781
    vertex 6.70710563659668 -32.10714340209961 13.707099914550781
  endloop
endfacet
facet normal 0.0 0.0 0.0
  outer loop
    vertex 6.70710563659668 -32.10714340209961 13.707099914550781
    vertex 6.70710563659668 -26.58928680419922 13.707099914550781
    vertex 6.499999046325684 -32.10714340209961 13.866020202636719
  endloop
endfacet
facet normal 0.0 0.0 0.0
  outer loop
    vertex 6.70710563659668 -32.10714340209961 13.707099914550781
    vertex 6.499999046325684 -32.10714340209961 13.866020202636719
    vertex 6.499999046325684 -37.625 13.866020202636719
  endloop
endfacet
facet normal 0.0 0.0 0.0
  outer loop
    vertex 6.499999046325684 -37.625 13.866020202636719
    vertex 6.499999046325684 -32.10714340209961 13.866020202636719
    vertex 6.25881814956665 -37.625 13.965919494628906
  endloop
endfacet
facet normal 0.0 0.0 0.0
  outer loop
    vertex 6.499999046325684 -37.625 13.866020202636719
    vertex 6.25881814956665 -37.625 13.965919494628906
    vertex 6.25881814956665 -43.14285659790039 13.965919494628906
  endloop
endfacet
facet normal 0.0 0.0 0.0
  outer loop
    vertex 6.25881814956665 -43.14285659790039 13.965919494628906
    vertex 6.25881814956665 -37.625 13.965919494628906
    vertex 5.999999046325684 -76.25 14.0
  endloop
endfacet
facet normal 0.0 0.0 0.0
  outer loop
    vertex 6.70710563659668 -26.58928680419922 13.707099914550781
    vertex 6.866024494171143 -21.071430206298828 13.5
    vertex 6.70710563659668 -21.071430206298828 13.707099914550781
  endloop
endfacet
facet normal 0.0 0.0 0.0
  outer loop
    vertex 6.866024494171143 -32.10714340209961 13.5
    vertex 6.70710563659668 -37.625 13.707099914550781
    vertex 6.866024494171143 -37.625 13.5
  endloop
endfacet
facet normal 0.0 0.0 0.0
  outer loop
    vertex 6.866024494171143 -37.625 13.5
    vertex 6.70710563659668 -37.625 13.707099914550781
    vertex 6.70710563659668 -43.14285659790039 13.707099914550781
  endloop
endfacet
facet normal 0.0 0.0 0.0
  outer loop
    vertex 6.866024494171143 -37.625 13.5
    vertex 6.70710563659668 -43.14285659790039 13.707099914550781
    vertex 6.866024494171143 -43.14285659790039 13.5
  endloop
endfacet
facet normal 0.0 0.0 0.0
  outer loop
    vertex 6.866024494171143 -43.14285659790039 13.5
    vertex 6.70710563659668 -43.14285659790039 13.707099914550781
    vertex 6.70710563659668 -48.66071319580078 13.707099914550781
  endloop
endfacet
facet normal 0.0 0.0 0.0
  outer loop
    vertex 6.70710563659668 -54.17857360839844 13.707099914550781
    vertex 6.866024494171143 -54.17857360839844 13.5
    vertex 6.866024494171143 -48.66071319580078 13.5
  endloop
endfacet
facet normal 0.0 0.0 0.0
  outer loop
    vertex 6.70710563659668 -70.73213958740234 13.707099914550781
    vertex 6.866024494171143 -70.73213958740234 13.5
    vertex 6.866024494171143 -65.21428680419922 13.5
  endloop
endfacet
facet normal 0.0 0.0 0.0
  outer loop
    vertex 6.866024494171143 -65.21428680419922 13.5
    vertex 6.866024494171143 -70.73213958740234 13.5
    vertex 6.9659247398376465 -65.21428680419922 13.258811950683594
  endloop
endfacet
facet normal 0.0 0.0 0.0
  outer loop
    vertex 6.70710563659668 -70.73213958740234 13.707099914550781
    vertex 6.866024494171143 -65.21428680419922 13.5
    vertex 6.70710563659668 -65.21428680419922 13.707099914550781
  endloop
endfacet
facet normal 0.0 0.0 0.0
  outer loop
    vertex 6.70710563659668 61.69643020629883 13.707099914550781
    vertex 6.70710563659668 67.21428680419922 13.707099914550781
    vertex 6.499999046325684 61.69643020629883 13.866020202636719
  endloop
endfacet
facet normal 0.0 0.0 0.0
  outer loop
    vertex 6.499999046325684 61.69643020629883 13.866020202636719
    vertex 6.70710563659668 67.21428680419922 13.707099914550781
    vertex 6.499999046325684 67.21428680419922 13.866020202636719
  endloop
endfacet
facet normal 0.0 0.0 0.0
  outer loop
    vertex 6.499999046325684 61.69643020629883 13.866020202636719
    vertex 6.499999046325684 67.21428680419922 13.866020202636719
    vertex 6.25881814956665 61.69643020629883 13.965919494628906
  endloop
endfacet
facet normal 0.0 0.0 0.0
  outer loop
    vertex 6.25881814956665 61.69643020629883 13.965919494628906
    vertex 6.499999046325684 67.21428680419922 13.866020202636719
    vertex 6.25881814956665 67.21428680419922 13.965919494628906
  endloop
endfacet
facet normal 0.0 0.0 0.0
  outer loop
    vertex 6.25881814956665 61.69643020629883 13.965919494628906
    vertex 6.25881814956665 67.21428680419922 13.965919494628906
    vertex 5.999999046325684 78.25 14.0
  endloop
endfacet
facet normal 0.0 0.0 0.0
  outer loop
    vertex 6.70710563659668 50.66071319580078 13.707099914550781
    vertex 6.499999046325684 45.14285659790039 13.866020202636719
    vertex 6.70710563659668 45.14285659790039 13.707099914550781
  endloop
endfacet
facet normal 0.0 0.0 0.0
  outer loop
    vertex 6.70710563659668 45.14285659790039 13.707099914550781
    vertex 6.499999046325684 45.14285659790039 13.866020202636719
    vertex 6.499999046325684 39.625 13.866020202636719
  endloop
endfacet
facet normal 0.0 0.0 0.0
  outer loop
    vertex 6.70710563659668 45.14285659790039 13.707099914550781
    vertex 6.499999046325684 39.625 13.866020202636719
    vertex 6.70710563659668 39.625 13.707099914550781
  endloop
endfacet
facet normal 0.0 0.0 0.0
  outer loop
    vertex 6.70710563659668 39.625 13.707099914550781
    vertex 6.499999046325684 39.625 13.866020202636719
    vertex 6.499999046325684 34.10714340209961 13.866020202636719
  endloop
endfacet
facet normal 0.0 0.0 0.0
  outer loop
    vertex 6.70710563659668 23.071428298950195 13.707099914550781
    vertex 6.70710563659668 28.58928680419922 13.707099914550781
    vertex 6.499999046325684 23.071428298950195 13.866020202636719
  endloop
endfacet
facet normal 0.0 0.0 0.0
  outer loop
    vertex 6.499999046325684 23.071428298950195 13.866020202636719
    vertex 6.70710563659668 28.58928680419922 13.707099914550781
    vertex 6.499999046325684 28.58928680419922 13.866020202636719
  endloop
endfacet
facet normal 0.0 0.0 0.0
  outer loop
    vertex 6.499999046325684 23.071428298950195 13.866020202636719
    vertex 6.499999046325684 28.58928680419922 13.866020202636719
    vertex 6.25881814956665 23.071428298950195 13.965919494628906
  endloop
endfacet
facet normal 0.0 0.0 0.0
  outer loop
    vertex 6.25881814956665 23.071428298950195 13.965919494628906
    vertex 6.499999046325684 28.58928680419922 13.866020202636719
    vertex 6.25881814956665 28.58928680419922 13.965919494628906
  endloop
endfacet
facet normal 0.0 0.0 0.0
  outer loop
    vertex 6.25881814956665 23.071428298950195 13.965919494628906
    vertex 6.25881814956665 28.58928680419922 13.965919494628906
    vertex 5.999999046325684 78.25 14.0
  endloop
endfacet
facet normal 0.0 0.0 0.0
  outer loop
    vertex 6.499999046325684 6.517857551574707 13.866020202636719
    vertex 6.70710563659668 12.035714149475098 13.707099914550781
    vertex 6.499999046325684 12.035714149475098 13.866020202636719
  endloop
endfacet
facet normal 0.0 0.0 0.0
  outer loop
    vertex 6.499999046325684 12.035714149475098 13.866020202636719
    vertex 6.70710563659668 12.035714149475098 13.707099914550781
    vertex 6.70710563659668 17.553571701049805 13.707099914550781
  endloop
endfacet
facet normal 0.0 0.0 0.0
  outer loop
    vertex 6.70710563659668 6.517857551574707 13.707099914550781
    vertex 6.499999046325684 1.0 13.866020202636719
    vertex 6.70710563659668 1.0 13.707099914550781
  endloop
endfacet
facet normal 0.0 0.0 0.0
  outer loop
    vertex 6.70710563659668 1.0 13.707099914550781
    vertex 6.499999046325684 1.0 13.866020202636719
    vertex 6.499999046325684 -4.517856597900391 13.866020202636719
  endloop
endfacet
facet normal 0.0 0.0 0.0
  outer loop
    vertex 6.70710563659668 1.0 13.707099914550781
    vertex 6.499999046325684 -4.517856597900391 13.866020202636719
    vertex 6.70710563659668 -4.517856597900391 13.707099914550781
  endloop
endfacet
facet normal 0.0 0.0 0.0
  outer loop
    vertex 6.70710563659668 -4.517856597900391 13.707099914550781
    vertex 6.499999046325684 -4.517856597900391 13.866020202636719
    vertex 6.499999046325684 -10.035715103149414 13.866020202636719
  endloop
endfacet
facet normal 0.0 0.0 0.0
  outer loop
    vertex 6.70710563659668 -26.58928680419922 13.707099914550781
    vertex 6.70710563659668 -21.071430206298828 13.707099914550781
    vertex 6.499999046325684 -26.58928680419922 13.866020202636719
  endloop
endfacet
facet normal 0.0 0.0 0.0
  outer loop
    vertex 6.499999046325684 -26.58928680419922 13.866020202636719
    vertex 6.70710563659668 -21.071430206298828 13.707099914550781
    vertex 6.499999046325684 -21.071430206298828 13.866020202636719
  endloop
endfacet
facet normal 0.0 0.0 0.0
  outer loop
    vertex 6.499999046325684 -26.58928680419922 13.866020202636719
    vertex 6.499999046325684 -21.071430206298828 13.866020202636719
    vertex 6.25881814956665 -26.58928680419922 13.965919494628906
  endloop
endfacet
facet normal 0.0 0.0 0.0
  outer loop
    vertex 6.25881814956665 -26.58928680419922 13.965919494628906
    vertex 6.499999046325684 -21.071430206298828 13.866020202636719
    vertex 6.25881814956665 -21.071430206298828 13.965919494628906
  endloop
endfacet
facet normal 0.0 0.0 0.0
  outer loop
    vertex 6.25881814956665 -26.58928680419922 13.965919494628906
    vertex 6.25881814956665 -21.071430206298828 13.965919494628906
    vertex 5.999999046325684 -76.25 14.0
  endloop
endfacet
facet normal 0.0 0.0 0.0
  outer loop
    vertex 6.70710563659668 -37.625 13.707099914550781
    vertex 6.499999046325684 -43.14285659790039 13.866020202636719
    vertex 6.70710563659668 -43.14285659790039 13.707099914550781
  endloop
endfacet
facet normal 0.0 0.0 0.0
  outer loop
    vertex 6.70710563659668 -43.14285659790039 13.707099914550781
    vertex 6.499999046325684 -43.14285659790039 13.866020202636719
    vertex 6.499999046325684 -48.66071319580078 13.866020202636719
  endloop
endfacet
facet normal 0.0 0.0 0.0
  outer loop
    vertex 6.70710563659668 -43.14285659790039 13.707099914550781
    vertex 6.499999046325684 -48.66071319580078 13.866020202636719
    vertex 6.70710563659668 -48.66071319580078 13.707099914550781
  endloop
endfacet
facet normal 0.0 0.0 0.0
  outer loop
    vertex 6.70710563659668 -48.66071319580078 13.707099914550781
    vertex 6.499999046325684 -48.66071319580078 13.866020202636719
    vertex 6.499999046325684 -54.17857360839844 13.866020202636719
  endloop
endfacet
facet normal 0.0 0.0 0.0
  outer loop
    vertex 6.499999046325684 -70.73213958740234 13.866020202636719
    vertex 6.70710563659668 -70.73213958740234 13.707099914550781
    vertex 6.70710563659668 -65.21428680419922 13.707099914550781
  endloop
endfacet
facet normal 0.0 0.0 0.0
  outer loop
    vertex 6.499999046325684 -70.73213958740234 13.866020202636719
    vertex 6.70710563659668 -65.21428680419922 13.707099914550781
    vertex 6.499999046325684 -65.21428680419922 13.866020202636719
  endloop
endfacet
facet normal 0.0 0.0 0.0
  outer loop
    vertex 6.70710563659668 61.69643020629883 13.707099914550781
    vertex 6.499999046325684 61.69643020629883 13.866020202636719
    vertex 6.499999046325684 56.17856979370117 13.866020202636719
  endloop
endfacet
facet normal 0.0 0.0 0.0
  outer loop
    vertex 6.499999046325684 56.17856979370117 13.866020202636719
    vertex 6.499999046325684 61.69643020629883 13.866020202636719
    vertex 6.25881814956665 56.17856979370117 13.965919494628906
  endloop
endfacet
facet normal 0.0 0.0 0.0
  outer loop
    vertex 6.499999046325684 56.17856979370117 13.866020202636719
    vertex 6.25881814956665 56.17856979370117 13.965919494628906
    vertex 6.25881814956665 50.66071319580078 13.965919494628906
  endloop
endfacet
facet normal 0.0 0.0 0.0
  outer loop
    vertex 6.25881814956665 50.66071319580078 13.965919494628906
    vertex 6.25881814956665 56.17856979370117 13.965919494628906
    vertex 5.999999046325684 78.25 14.0
  endloop
endfacet
facet normal 0.0 0.0 0.0
  outer loop
    vertex 6.25881814956665 56.17856979370117 13.965919494628906
    vertex 6.499999046325684 61.69643020629883 13.866020202636719
    vertex 6.25881814956665 61.69643020629883 13.965919494628906
  endloop
endfacet
facet normal 0.0 0.0 0.0
  outer loop
    vertex 6.25881814956665 34.10714340209961 13.965919494628906
    vertex 6.499999046325684 34.10714340209961 13.866020202636719
    vertex 6.499999046325684 39.625 13.866020202636719
  endloop
endfacet
facet normal 0.0 0.0 0.0
  outer loop
    vertex 6.25881814956665 34.10714340209961 13.965919494628906
    vertex 6.499999046325684 39.625 13.866020202636719
    vertex 6.25881814956665 39.625 13.965919494628906
  endloop
endfacet
facet normal 0.0 0.0 0.0
  outer loop
    vertex 6.25881814956665 39.625 13.965919494628906
    vertex 6.499999046325684 39.625 13.866020202636719
    vertex 6.499999046325684 45.14285659790039 13.866020202636719
  endloop
endfacet
facet normal 0.0 0.0 0.0
  outer loop
    vertex 6.70710563659668 23.071428298950195 13.707099914550781
    vertex 6.499999046325684 23.071428298950195 13.866020202636719
    vertex 6.499999046325684 17.553571701049805 13.866020202636719
  endloop
endfacet
facet normal 0.0 0.0 0.0
  outer loop
    vertex 6.499999046325684 17.553571701049805 13.866020202636719
    vertex 6.499999046325684 23.071428298950195 13.866020202636719
    vertex 6.25881814956665 17.553571701049805 13.965919494628906
  endloop
endfacet
facet normal 0.0 0.0 0.0
  outer loop
    vertex 6.499999046325684 17.553571701049805 13.866020202636719
    vertex 6.25881814956665 17.553571701049805 13.965919494628906
    vertex 6.25881814956665 12.035714149475098 13.965919494628906
  endloop
endfacet
facet normal 0.0 0.0 0.0
  outer loop
    vertex 6.25881814956665 12.035714149475098 13.965919494628906
    vertex 6.25881814956665 17.553571701049805 13.965919494628906
    vertex 5.999999046325684 78.25 14.0
  endloop
endfacet
facet normal 0.0 0.0 0.0
  outer loop
    vertex 6.25881814956665 17.553571701049805 13.965919494628906
    vertex 6.499999046325684 23.071428298950195 13.866020202636719
    vertex 6.25881814956665 23.071428298950195 13.965919494628906
  endloop
endfacet
facet normal 0.0 0.0 0.0
  outer loop
    vertex 6.25881814956665 1.0 13.965919494628906
    vertex 6.499999046325684 6.517857551574707 13.866020202636719
    vertex 6.25881814956665 6.517857551574707 13.965919494628906
  endloop
endfacet
facet normal 0.0 0.0 0.0
  outer loop
    vertex 6.25881814956665 6.517857551574707 13.965919494628906
    vertex 6.499999046325684 6.517857551574707 13.866020202636719
    vertex 6.499999046325684 12.035714149475098 13.866020202636719
  endloop
endfacet
facet normal 0.0 0.0 0.0
  outer loop
    vertex 6.25881814956665 -10.035715103149414 13.965919494628906
    vertex 6.499999046325684 -10.035715103149414 13.866020202636719
    vertex 6.499999046325684 -4.517856597900391 13.866020202636719
  endloop
endfacet
facet normal 0.0 0.0 0.0
  outer loop
    vertex 6.25881814956665 -10.035715103149414 13.965919494628906
    vertex 6.499999046325684 -4.517856597900391 13.866020202636719
    vertex 6.25881814956665 -4.517856597900391 13.965919494628906
  endloop
endfacet
facet normal 0.0 0.0 0.0
  outer loop
    vertex 6.25881814956665 -4.517856597900391 13.965919494628906
    vertex 6.499999046325684 -4.517856597900391 13.866020202636719
    vertex 6.499999046325684 1.0 13.866020202636719
  endloop
endfacet
facet normal 0.0 0.0 0.0
  outer loop
    vertex 6.70710563659668 -26.58928680419922 13.707099914550781
    vertex 6.499999046325684 -26.58928680419922 13.866020202636719
    vertex 6.499999046325684 -32.10714340209961 13.866020202636719
  endloop
endfacet
facet normal 0.0 0.0 0.0
  outer loop
    vertex 6.499999046325684 -32.10714340209961 13.866020202636719
    vertex 6.499999046325684 -26.58928680419922 13.866020202636719
    vertex 6.25881814956665 -32.10714340209961 13.965919494628906
  endloop
endfacet
facet normal 0.0 0.0 0.0
  outer loop
    vertex 6.499999046325684 -32.10714340209961 13.866020202636719
    vertex 6.25881814956665 -32.10714340209961 13.965919494628906
    vertex 6.25881814956665 -37.625 13.965919494628906
  endloop
endfacet
facet normal 0.0 0.0 0.0
  outer loop
    vertex 6.25881814956665 -37.625 13.965919494628906
    vertex 6.25881814956665 -32.10714340209961 13.965919494628906
    vertex 5.999999046325684 -76.25 14.0
  endloop
endfacet
facet normal 0.0 0.0 0.0
  outer loop
    vertex 6.25881814956665 -32.10714340209961 13.965919494628906
    vertex 6.499999046325684 -26.58928680419922 13.866020202636719
    vertex 6.25881814956665 -26.58928680419922 13.965919494628906
  endloop
endfacet
facet normal 0.0 0.0 0.0
  outer loop
    vertex 6.25881814956665 -54.17857360839844 13.965919494628906
    vertex 6.499999046325684 -54.17857360839844 13.866020202636719
    vertex 6.499999046325684 -48.66071319580078 13.866020202636719
  endloop
endfacet
facet normal 0.0 0.0 0.0
  outer loop
    vertex 6.25881814956665 -54.17857360839844 13.965919494628906
    vertex 6.499999046325684 -48.66071319580078 13.866020202636719
    vertex 6.25881814956665 -48.66071319580078 13.965919494628906
  endloop
endfacet
facet normal 0.0 0.0 0.0
  outer loop
    vertex 6.25881814956665 -48.66071319580078 13.965919494628906
    vertex 6.499999046325684 -48.66071319580078 13.866020202636719
    vertex 6.499999046325684 -43.14285659790039 13.866020202636719
  endloop
endfacet
facet normal 0.0 0.0 0.0
  outer loop
    vertex 6.25881814956665 -70.73213958740234 13.965919494628906
    vertex 6.499999046325684 -70.73213958740234 13.866020202636719
    vertex 6.499999046325684 -65.21428680419922 13.866020202636719
  endloop
endfacet
facet normal 0.0 0.0 0.0
  outer loop
    vertex 6.25881814956665 -70.73213958740234 13.965919494628906
    vertex 6.499999046325684 -65.21428680419922 13.866020202636719
    vertex 6.25881814956665 -65.21428680419922 13.965919494628906
  endloop
endfacet
facet normal 0.0 0.0 0.0
  outer loop
    vertex 5.999999046325684 78.25 14.0
    vertex 6.25881814956665 56.17856979370117 13.965919494628906
    vertex 6.25881814956665 61.69643020629883 13.965919494628906
  endloop
endfacet
facet normal 0.0 0.0 0.0
  outer loop
    vertex 5.999999046325684 78.25 14.0
    vertex 6.25881814956665 17.553571701049805 13.965919494628906
    vertex 6.25881814956665 23.071428298950195 13.965919494628906
  endloop
endfacet
facet normal 0.0 0.0 0.0
  outer loop
    vertex 5.999999046325684 -76.25 14.0
    vertex 6.25881814956665 -32.10714340209961 13.965919494628906
    vertex 6.25881814956665 -26.58928680419922 13.965919494628906
  endloop
endfacet
facet normal 0.0 0.0 0.0
  outer loop
    vertex -5.999999046325684 -76.50881958007812 14.034072875976562
    vertex -1.9999998807907104 -76.50881958007812 14.034072875976562
    vertex -5.999999046325684 -76.25 14.0
  endloop
endfacet
facet normal 0.0 0.0 0.0
  outer loop
    vertex -5.999999046325684 -76.25 14.0
    vertex -1.9999998807907104 -76.50881958007812 14.034072875976562
    vertex 1.9999996423721313 -76.50881958007812 14.034072875976562
  endloop
endfacet
facet normal 0.0 0.0 0.0
  outer loop
    vertex -5.999999046325684 -76.25 14.0
    vertex 1.9999996423721313 -76.50881958007812 14.034072875976562
    vertex 5.999999046325684 -76.25 14.0
  endloop
endfacet
facet normal 0.0 0.0 0.0
  outer loop
    vertex 5.999999046325684 -76.25 14.0
    vertex 1.9999996423721313 -76.50881958007812 14.034072875976562
    vertex 5.999999046325684 -76.50881958007812 14.034072875976562
  endloop
endfacet
facet normal 0.0 0.0 0.0
  outer loop
    vertex 5.999999046325684 -76.50881958007812 14.034072875976562
    vertex 1.9999996423721313 -76.50881958007812 14.034072875976562
    vertex 5.999999046325684 -76.75 14.13397216796875
  endloop
endfacet
facet normal 0.0 0.0 0.0
  outer loop
    vertex 5.999999046325684 -76.75 14.13397216796875
    vertex 1.9999996423721313 -76.50881958007812 14.034072875976562
    vertex 1.9999996423721313 -76.75 14.13397216796875
  endloop
endfacet
facet normal 0.0 0.0 0.0
  outer loop
    vertex 5.999999046325684 -76.75 14.13397216796875
    vertex 1.9999996423721313 -76.75 14.13397216796875
    vertex 5.999999046325684 -76.95710754394531 14.292892456054688
  endloop
endfacet
facet normal 0.0 0.0 0.0
  outer loop
    vertex 5.999999046325684 -76.95710754394531 14.292892456054688
    vertex 1.9999996423721313 -76.75 14.13397216796875
    vertex 1.9999996423721313 -76.95710754394531 14.292892456054688
  endloop
endfacet
facet normal 0.0 0.0 0.0
  outer loop
    vertex 5.999999046325684 -76.95710754394531 14.292892456054688
    vertex 1.9999996423721313 -76.95710754394531 14.292892456054688
    vertex 5.999999046325684 -77.11602783203125 14.5
  endloop
endfacet
facet normal 0.0 0.0 0.0
  outer loop
    vertex 5.999999046325684 -77.11602783203125 14.5
    vertex 1.9999996423721313 -76.95710754394531 14.292892456054688
    vertex 1.9999996423721313 -77.11602783203125 14.5
  endloop
endfacet
facet normal 0.0 0.0 0.0
  outer loop
    vertex 5.999999046325684 -77.11602783203125 14.5
    vertex 1.9999996423721313 -77.11602783203125 14.5
    vertex 5.999999046325684 -77.21592712402344 14.741180419921875
  endloop
endfacet
facet normal 0.0 0.0 0.0
  outer loop
    vertex 5.999999046325684 -77.21592712402344 14.741180419921875
    vertex 1.9999996423721313 -77.11602783203125 14.5
    vertex 1.9999996423721313 -77.21592712402344 14.741180419921875
  endloop
endfacet
facet normal 0.0 0.0 0.0
  outer loop
    vertex 5.999999046325684 -77.21592712402344 14.741180419921875
    vertex 1.9999996423721313 -77.21592712402344 14.741180419921875
    vertex 5.999999046325684 -77.25 15.0
  endloop
endfacet
facet normal 0.0 0.0 0.0
  outer loop
    vertex 5.999999046325684 -77.25 15.0
    vertex 1.9999996423721313 -77.21592712402344 14.741180419921875
    vertex -1.9999998807907104 -77.21592712402344 14.741180419921875
  endloop
endfacet
facet normal 0.0 0.0 0.0
  outer loop
    vertex 5.999999046325684 -77.25 15.0
    vertex -1.9999998807907104 -77.21592712402344 14.741180419921875
    vertex -5.999999046325684 -77.25 15.0
  endloop
endfacet
facet normal 0.0 0.0 0.0
  outer loop
    vertex -5.999999046325684 -77.25 15.0
    vertex -1.9999998807907104 -77.21592712402344 14.741180419921875
    vertex -5.999999046325684 -77.21592712402344 14.741180419921875
  endloop
endfacet
facet normal 0.0 0.0 0.0
  outer loop
    vertex -5.999999046325684 -77.21592712402344 14.741180419921875
    vertex -1.9999998807907104 -77.21592712402344 14.741180419921875
    vertex -5.999999046325684 -77.11602783203125 14.5
  endloop
endfacet
facet normal 0.0 0.0 0.0
  outer loop
    vertex -5.999999046325684 -77.11602783203125 14.5
    vertex -1.9999998807907104 -77.21592712402344 14.741180419921875
    vertex -1.9999998807907104 -77.11602783203125 14.5
  endloop
endfacet
facet normal 0.0 0.0 0.0
  outer loop
    vertex -5.999999046325684 -77.11602783203125 14.5
    vertex -1.9999998807907104 -77.11602783203125 14.5
    vertex -5.999999046325684 -76.95710754394531 14.292892456054688
  endloop
endfacet
facet normal 0.0 0.0 0.0
  outer loop
    vertex -5.999999046325684 -76.95710754394531 14.292892456054688
    vertex -1.9999998807907104 -77.11602783203125 14.5
    vertex -1.9999998807907104 -76.95710754394531 14.292892456054688
  endloop
endfacet
facet normal 0.0 0.0 0.0
  outer loop
    vertex -5.999999046325684 -76.95710754394531 14.292892456054688
    vertex -1.9999998807907104 -76.95710754394531 14.292892456054688
    vertex -5.999999046325684 -76.75 14.13397216796875
  endloop
endfacet
facet normal 0.0 0.0 0.0
  outer loop
    vertex -5.999999046325684 -76.75 14.13397216796875
    vertex -1.9999998807907104 -76.95710754394531 14.292892456054688
    vertex -1.9999998807907104 -76.75 14.13397216796875
  endloop
endfacet
facet normal 0.0 0.0 0.0
  outer loop
    vertex -5.999999046325684 -76.75 14.13397216796875
    vertex -1.9999998807907104 -76.75 14.13397216796875
    vertex -5.999999046325684 -76.50881958007812 14.034072875976562
  endloop
endfacet
facet normal 0.0 0.0 0.0
  outer loop
    vertex -5.999999046325684 -76.50881958007812 14.034072875976562
    vertex -1.9999998807907104 -76.75 14.13397216796875
    vertex -1.9999998807907104 -76.50881958007812 14.034072875976562
  endloop
endfacet
facet normal 0.0 0.0 0.0
  outer loop
    vertex 1.9999996423721313 -76.75 14.13397216796875
    vertex 1.9999996423721313 -76.50881958007812 14.034072875976562
    vertex -1.9999998807907104 -76.50881958007812 14.034072875976562
  endloop
endfacet
facet normal 0.0 0.0 0.0
  outer loop
    vertex 1.9999996423721313 -76.75 14.13397216796875
    vertex -1.9999998807907104 -76.50881958007812 14.034072875976562
    vertex -1.9999998807907104 -76.75 14.13397216796875
  endloop
endfacet
facet normal 0.0 0.0 0.0
  outer loop
    vertex 1.9999996423721313 -76.95710754394531 14.292892456054688
    vertex 1.9999996423721313 -76.75 14.13397216796875
    vertex -1.9999998807907104 -76.75 14.13397216796875
  endloop
endfacet
facet normal 0.0 0.0 0.0
  outer loop
    vertex 1.9999996423721313 -76.95710754394531 14.292892456054688
    vertex -1.9999998807907104 -76.75 14.13397216796875
    vertex -1.9999998807907104 -76.95710754394531 14.292892456054688
  endloop
endfacet
facet normal 0.0 0.0 0.0
  outer loop
    vertex 1.9999996423721313 -77.11602783203125 14.5
    vertex 1.9999996423721313 -76.95710754394531 14.292892456054688
    vertex -1.9999998807907104 -76.95710754394531 14.292892456054688
  endloop
endfacet
facet normal 0.0 0.0 0.0
  outer loop
    vertex 1.9999996423721313 -77.11602783203125 14.5
    vertex -1.9999998807907104 -76.95710754394531 14.292892456054688
    vertex -1.9999998807907104 -77.11602783203125 14.5
  endloop
endfacet
facet normal 0.0 0.0 0.0
  outer loop
    vertex 1.9999996423721313 -77.21592712402344 14.741180419921875
    vertex 1.9999996423721313 -77.11602783203125 14.5
    vertex -1.9999998807907104 -77.11602783203125 14.5
  endloop
endfacet
facet normal 0.0 0.0 0.0
  outer loop
    vertex 1.9999996423721313 -77.21592712402344 14.741180419921875
    vertex -1.9999998807907104 -77.11602783203125 14.5
    vertex -1.9999998807907104 -77.21592712402344 14.741180419921875
  endloop
endfacet
facet normal 0.0 0.0 0.0
  outer loop
    vertex 7.741180419921875 -77.21592712402344 1.9073486328125e-06
    vertex 7.741180419921875 -77.21592712402344 4.333330154418945
    vertex 7.999999523162842 -77.25 1.9073486328125e-06
  endloop
endfacet
facet normal 0.0 0.0 0.0
  outer loop
    vertex 7.999999523162842 -77.25 1.9073486328125e-06
    vertex 7.741180419921875 -77.21592712402344 4.333330154418945
    vertex 7.741179943084717 -77.21592712402344 8.666665077209473
  endloop
endfacet
facet normal 0.0 0.0 0.0
  outer loop
    vertex 7.999999523162842 -77.25 1.9073486328125e-06
    vertex 7.741179943084717 -77.21592712402344 8.666665077209473
    vertex 7.999999046325684 -77.25 13.0
  endloop
endfacet
facet normal 0.0 0.0 0.0
  outer loop
    vertex 7.999999046325684 -77.25 13.0
    vertex 7.741179943084717 -77.21592712402344 8.666665077209473
    vertex 7.741179943084717 -77.21592712402344 13.0
  endloop
endfacet
facet normal 0.0 0.0 0.0
  outer loop
    vertex 7.741179943084717 -77.21592712402344 13.0
    vertex 7.741179943084717 -77.21592712402344 8.666665077209473
    vertex 7.499999046325684 -77.11602783203125 13.0
  endloop
endfacet
facet normal 0.0 0.0 0.0
  outer loop
    vertex 7.499999046325684 -77.11602783203125 13.0
    vertex 7.741179943084717 -77.21592712402344 8.666665077209473
    vertex 7.499999046325684 -77.11602783203125 8.666665077209473
  endloop
endfacet
facet normal 0.0 0.0 0.0
  outer loop
    vertex 7.499999046325684 -77.11602783203125 13.0
    vertex 7.499999046325684 -77.11602783203125 8.666665077209473
    vertex 7.2928924560546875 -76.95710754394531 13.0
  endloop
endfacet
facet normal 0.0 0.0 0.0
  outer loop
    vertex 7.2928924560546875 -76.95710754394531 13.0
    vertex 7.499999046325684 -77.11602783203125 8.666665077209473
    vertex 7.2928924560546875 -76.95710754394531 8.666665077209473
  endloop
endfacet
facet normal 0.0 0.0 0.0
  outer loop
    vertex 7.2928924560546875 -76.95710754394531 13.0
    vertex 7.2928924560546875 -76.95710754394531 8.666665077209473
    vertex 7.133973598480225 -76.75 13.0
  endloop
endfacet
facet normal 0.0 0.0 0.0
  outer loop
    vertex 7.133973598480225 -76.75 13.0
    vertex 7.2928924560546875 -76.95710754394531 8.666665077209473
    vertex 7.133973598480225 -76.75 8.666665077209473
  endloop
endfacet
facet normal 0.0 0.0 0.0
  outer loop
    vertex 7.133973598480225 -76.75 13.0
    vertex 7.133973598480225 -76.75 8.666665077209473
    vertex 7.034073352813721 -76.50881958007812 13.0
  endloop
endfacet
facet normal 0.0 0.0 0.0
  outer loop
    vertex 7.034073352813721 -76.50881958007812 13.0
    vertex 7.133973598480225 -76.75 8.666665077209473
    vertex 7.034073352813721 -76.50881958007812 8.666665077209473
  endloop
endfacet
facet normal 0.0 0.0 0.0
  outer loop
    vertex 7.034073352813721 -76.50881958007812 13.0
    vertex 7.034073352813721 -76.50881958007812 8.666665077209473
    vertex 6.999999046325684 -76.25 13.0
  endloop
endfacet
facet normal 0.0 0.0 0.0
  outer loop
    vertex 6.999999046325684 -76.25 13.0
    vertex 7.034073352813721 -76.50881958007812 8.666665077209473
    vertex 7.034073829650879 -76.50881958007812 4.333330154418945
  endloop
endfacet
facet normal 0.0 0.0 0.0
  outer loop
    vertex 6.999999046325684 -76.25 13.0
    vertex 7.034073829650879 -76.50881958007812 4.333330154418945
    vertex 6.999999523162842 -76.25 1.9073486328125e-06
  endloop
endfacet
facet normal 0.0 0.0 0.0
  outer loop
    vertex 6.999999523162842 -76.25 1.9073486328125e-06
    vertex 7.034073829650879 -76.50881958007812 4.333330154418945
    vertex 7.034073829650879 -76.50881958007812 1.9073486328125e-06
  endloop
endfacet
facet normal 0.0 0.0 0.0
  outer loop
    vertex 7.034073829650879 -76.50881958007812 1.9073486328125e-06
    vertex 7.034073829650879 -76.50881958007812 4.333330154418945
    vertex 7.133974075317383 -76.75 1.9073486328125e-06
  endloop
endfacet
facet normal 0.0 0.0 0.0
  outer loop
    vertex 7.133974075317383 -76.75 1.9073486328125e-06
    vertex 7.034073829650879 -76.50881958007812 4.333330154418945
    vertex 7.133974075317383 -76.75 4.333330154418945
  endloop
endfacet
facet normal 0.0 0.0 0.0
  outer loop
    vertex 7.133974075317383 -76.75 1.9073486328125e-06
    vertex 7.133974075317383 -76.75 4.333330154418945
    vertex 7.292892932891846 -76.95710754394531 1.9073486328125e-06
  endloop
endfacet
facet normal 0.0 0.0 0.0
  outer loop
    vertex 7.292892932891846 -76.95710754394531 1.9073486328125e-06
    vertex 7.133974075317383 -76.75 4.333330154418945
    vertex 7.292892932891846 -76.95710754394531 4.333330154418945
  endloop
endfacet
facet normal 0.0 0.0 0.0
  outer loop
    vertex 7.292892932891846 -76.95710754394531 1.9073486328125e-06
    vertex 7.292892932891846 -76.95710754394531 4.333330154418945
    vertex 7.499999523162842 -77.11602783203125 1.9073486328125e-06
  endloop
endfacet
facet normal 0.0 0.0 0.0
  outer loop
    vertex 7.499999523162842 -77.11602783203125 1.9073486328125e-06
    vertex 7.292892932891846 -76.95710754394531 4.333330154418945
    vertex 7.499999523162842 -77.11602783203125 4.333330154418945
  endloop
endfacet
facet normal 0.0 0.0 0.0
  outer loop
    vertex 7.499999523162842 -77.11602783203125 1.9073486328125e-06
    vertex 7.499999523162842 -77.11602783203125 4.333330154418945
    vertex 7.741180419921875 -77.21592712402344 1.9073486328125e-06
  endloop
endfacet
facet normal 0.0 0.0 0.0
  outer loop
    vertex 7.741180419921875 -77.21592712402344 1.9073486328125e-06
    vertex 7.499999523162842 -77.11602783203125 4.333330154418945
    vertex 7.741180419921875 -77.21592712402344 4.333330154418945
  endloop
endfacet
facet normal 0.0 0.0 0.0
  outer loop
    vertex 7.499999046325684 -77.11602783203125 8.666665077209473
    vertex 7.741179943084717 -77.21592712402344 8.666665077209473
    vertex 7.741180419921875 -77.21592712402344 4.333330154418945
  endloop
endfacet
facet normal 0.0 0.0 0.0
  outer loop
    vertex 7.499999046325684 -77.11602783203125 8.666665077209473
    vertex 7.741180419921875 -77.21592712402344 4.333330154418945
    vertex 7.499999523162842 -77.11602783203125 4.333330154418945
  endloop
endfacet
facet normal 0.0 0.0 0.0
  outer loop
    vertex 7.2928924560546875 -76.95710754394531 8.666665077209473
    vertex 7.499999046325684 -77.11602783203125 8.666665077209473
    vertex 7.499999523162842 -77.11602783203125 4.333330154418945
  endloop
endfacet
facet normal 0.0 0.0 0.0
  outer loop
    vertex 7.2928924560546875 -76.95710754394531 8.666665077209473
    vertex 7.499999523162842 -77.11602783203125 4.333330154418945
    vertex 7.292892932891846 -76.95710754394531 4.333330154418945
  endloop
endfacet
facet normal 0.0 0.0 0.0
  outer loop
    vertex 7.133973598480225 -76.75 8.666665077209473
    vertex 7.2928924560546875 -76.95710754394531 8.666665077209473
    vertex 7.292892932891846 -76.95710754394531 4.333330154418945
  endloop
endfacet
facet normal 0.0 0.0 0.0
  outer loop
    vertex 7.133973598480225 -76.75 8.666665077209473
    vertex 7.292892932891846 -76.95710754394531 4.333330154418945
    vertex 7.133974075317383 -76.75 4.333330154418945
  endloop
endfacet
facet normal 0.0 0.0 0.0
  outer loop
    vertex 7.034073352813721 -76.50881958007812 8.666665077209473
    vertex 7.133973598480225 -76.75 8.666665077209473
    vertex 7.133974075317383 -76.75 4.333330154418945
  endloop
endfacet
facet normal 0.0 0.0 0.0
  outer loop
    vertex 7.034073352813721 -76.50881958007812 8.666665077209473
    vertex 7.133974075317383 -76.75 4.333330154418945
    vertex 7.034073829650879 -76.50881958007812 4.333330154418945
  endloop
endfacet
facet normal 0.0 0.0 0.0
  outer loop
    vertex 6.965925216674805 78.50881958007812 1.9073486328125e-06
    vertex 6.965925216674805 78.50881958007812 4.333330154418945
    vertex 6.999999523162842 78.25 1.9073486328125e-06
  endloop
endfacet
facet normal 0.0 0.0 0.0
  outer loop
    vertex 6.999999523162842 78.25 1.9073486328125e-06
    vertex 6.965925216674805 78.50881958007812 4.333330154418945
    vertex 6.9659247398376465 78.50881958007812 8.666665077209473
  endloop
endfacet
facet normal 0.0 0.0 0.0
  outer loop
    vertex 6.999999523162842 78.25 1.9073486328125e-06
    vertex 6.9659247398376465 78.50881958007812 8.666665077209473
    vertex 6.999999046325684 78.25 13.0
  endloop
endfacet
facet normal 0.0 0.0 0.0
  outer loop
    vertex 6.999999046325684 78.25 13.0
    vertex 6.9659247398376465 78.50881958007812 8.666665077209473
    vertex 6.9659247398376465 78.50881958007812 13.0
  endloop
endfacet
facet normal 0.0 0.0 0.0
  outer loop
    vertex 6.9659247398376465 78.50881958007812 13.0
    vertex 6.9659247398376465 78.50881958007812 8.666665077209473
    vertex 6.866024494171143 78.75 13.0
  endloop
endfacet
facet normal 0.0 0.0 0.0
  outer loop
    vertex 6.866024494171143 78.75 13.0
    vertex 6.9659247398376465 78.50881958007812 8.666665077209473
    vertex 6.866024494171143 78.75 8.666665077209473
  endloop
endfacet
facet normal 0.0 0.0 0.0
  outer loop
    vertex 6.866024494171143 78.75 13.0
    vertex 6.866024494171143 78.75 8.666665077209473
    vertex 6.70710563659668 78.95710754394531 13.0
  endloop
endfacet
facet normal 0.0 0.0 0.0
  outer loop
    vertex 6.70710563659668 78.95710754394531 13.0
    vertex 6.866024494171143 78.75 8.666665077209473
    vertex 6.70710563659668 78.95710754394531 8.666665077209473
  endloop
endfacet
facet normal 0.0 0.0 0.0
  outer loop
    vertex 6.70710563659668 78.95710754394531 13.0
    vertex 6.70710563659668 78.95710754394531 8.666665077209473
    vertex 6.499999046325684 79.11602783203125 13.0
  endloop
endfacet
facet normal 0.0 0.0 0.0
  outer loop
    vertex 6.499999046325684 79.11602783203125 13.0
    vertex 6.70710563659668 78.95710754394531 8.666665077209473
    vertex 6.499999046325684 79.11602783203125 8.666665077209473
  endloop
endfacet
facet normal 0.0 0.0 0.0
  outer loop
    vertex 6.499999046325684 79.11602783203125 13.0
    vertex 6.499999046325684 79.11602783203125 8.666665077209473
    vertex 6.25881814956665 79.21592712402344 13.0
  endloop
endfacet
facet normal 0.0 0.0 0.0
  outer loop
    vertex 6.25881814956665 79.21592712402344 13.0
    vertex 6.499999046325684 79.11602783203125 8.666665077209473
    vertex 6.25881814956665 79.21592712402344 8.666665077209473
  endloop
endfacet
facet normal 0.0 0.0 0.0
  outer loop
    vertex 6.25881814956665 79.21592712402344 13.0
    vertex 6.25881814956665 79.21592712402344 8.666665077209473
    vertex 5.999999046325684 79.25 13.0
  endloop
endfacet
facet normal 0.0 0.0 0.0
  outer loop
    vertex 5.999999046325684 79.25 13.0
    vertex 6.25881814956665 79.21592712402344 8.666665077209473
    vertex 6.258818626403809 79.21592712402344 4.333330154418945
  endloop
endfacet
facet normal 0.0 0.0 0.0
  outer loop
    vertex 5.999999046325684 79.25 13.0
    vertex 6.258818626403809 79.21592712402344 4.333330154418945
    vertex 5.999999523162842 79.25 1.9073486328125e-06
  endloop
endfacet
facet normal 0.0 0.0 0.0
  outer loop
    vertex 5.999999523162842 79.25 1.9073486328125e-06
    vertex 6.258818626403809 79.21592712402344 4.333330154418945
    vertex 6.258818626403809 79.21592712402344 1.9073486328125e-06
  endloop
endfacet
facet normal 0.0 0.0 0.0
  outer loop
    vertex 6.258818626403809 79.21592712402344 1.9073486328125e-06
    vertex 6.258818626403809 79.21592712402344 4.333330154418945
    vertex 6.499999523162842 79.11602783203125 1.9073486328125e-06
  endloop
endfacet
facet normal 0.0 0.0 0.0
  outer loop
    vertex 6.499999523162842 79.11602783203125 1.9073486328125e-06
    vertex 6.258818626403809 79.21592712402344 4.333330154418945
    vertex 6.499999523162842 79.11602783203125 4.333330154418945
  endloop
endfacet
facet normal 0.0 0.0 0.0
  outer loop
    vertex 6.499999523162842 79.11602783203125 1.9073486328125e-06
    vertex 6.499999523162842 79.11602783203125 4.333330154418945
    vertex 6.707106113433838 78.95710754394531 1.9073486328125e-06
  endloop
endfacet
facet normal 0.0 0.0 0.0
  outer loop
    vertex 6.707106113433838 78.95710754394531 1.9073486328125e-06
    vertex 6.499999523162842 79.11602783203125 4.333330154418945
    vertex 6.707106113433838 78.95710754394531 4.333330154418945
  endloop
endfacet
facet normal 0.0 0.0 0.0
  outer loop
    vertex 6.707106113433838 78.95710754394531 1.9073486328125e-06
    vertex 6.707106113433838 78.95710754394531 4.333330154418945
    vertex 6.866024971008301 78.75 1.9073486328125e-06
  endloop
endfacet
facet normal 0.0 0.0 0.0
  outer loop
    vertex 6.866024971008301 78.75 1.9073486328125e-06
    vertex 6.707106113433838 78.95710754394531 4.333330154418945
    vertex 6.866024971008301 78.75 4.333330154418945
  endloop
endfacet
facet normal 0.0 0.0 0.0
  outer loop
    vertex 6.866024971008301 78.75 1.9073486328125e-06
    vertex 6.866024971008301 78.75 4.333330154418945
    vertex 6.965925216674805 78.50881958007812 1.9073486328125e-06
  endloop
endfacet
facet normal 0.0 0.0 0.0
  outer loop
    vertex 6.965925216674805 78.50881958007812 1.9073486328125e-06
    vertex 6.866024971008301 78.75 4.333330154418945
    vertex 6.965925216674805 78.50881958007812 4.333330154418945
  endloop
endfacet
facet normal 0.0 0.0 0.0
  outer loop
    vertex 6.866024494171143 78.75 8.666665077209473
    vertex 6.9659247398376465 78.50881958007812 8.666665077209473
    vertex 6.965925216674805 78.50881958007812 4.333330154418945
  endloop
endfacet
facet normal 0.0 0.0 0.0
  outer loop
    vertex 6.866024494171143 78.75 8.666665077209473
    vertex 6.965925216674805 78.50881958007812 4.333330154418945
    vertex 6.866024971008301 78.75 4.333330154418945
  endloop
endfacet
facet normal 0.0 0.0 0.0
  outer loop
    vertex 6.70710563659668 78.95710754394531 8.666665077209473
    vertex 6.866024494171143 78.75 8.666665077209473
    vertex 6.866024971008301 78.75 4.333330154418945
  endloop
endfacet
facet normal 0.0 0.0 0.0
  outer loop
    vertex 6.70710563659668 78.95710754394531 8.666665077209473
    vertex 6.866024971008301 78.75 4.333330154418945
    vertex 6.707106113433838 78.95710754394531 4.333330154418945
  endloop
endfacet
facet normal 0.0 0.0 0.0
  outer loop
    vertex 6.499999046325684 79.11602783203125 8.666665077209473
    vertex 6.70710563659668 78.95710754394531 8.666665077209473
    vertex 6.707106113433838 78.95710754394531 4.333330154418945
  endloop
endfacet
facet normal 0.0 0.0 0.0
  outer loop
    vertex 6.499999046325684 79.11602783203125 8.666665077209473
    vertex 6.707106113433838 78.95710754394531 4.333330154418945
    vertex 6.499999523162842 79.11602783203125 4.333330154418945
  endloop
endfacet
facet normal 0.0 0.0 0.0
  outer loop
    vertex 6.25881814956665 79.21592712402344 8.666665077209473
    vertex 6.499999046325684 79.11602783203125 8.666665077209473
    vertex 6.499999523162842 79.11602783203125 4.333330154418945
  endloop
endfacet
facet normal 0.0 0.0 0.0
  outer loop
    vertex 6.25881814956665 79.21592712402344 8.666665077209473
    vertex 6.499999523162842 79.11602783203125 4.333330154418945
    vertex 6.258818626403809 79.21592712402344 4.333330154418945
  endloop
endfacet
facet normal 0.0 0.0 0.0
  outer loop
    vertex 5.999999046325684 78.50881958007812 13.965919494628906
    vertex 1.9999996423721313 78.50881958007812 13.965919494628906
    vertex 5.999999046325684 78.25 14.0
  endloop
endfacet
facet normal 0.0 0.0 0.0
  outer loop
    vertex 5.999999046325684 78.25 14.0
    vertex 1.9999996423721313 78.50881958007812 13.965919494628906
    vertex -1.9999998807907104 78.50881958007812 13.965919494628906
  endloop
endfacet
facet normal 0.0 0.0 0.0
  outer loop
    vertex 5.999999046325684 78.25 14.0
    vertex -1.9999998807907104 78.50881958007812 13.965919494628906
    vertex -5.999999046325684 78.25 14.0
  endloop
endfacet
facet normal 0.0 0.0 0.0
  outer loop
    vertex -5.999999046325684 78.25 14.0
    vertex -1.9999998807907104 78.50881958007812 13.965919494628906
    vertex -5.999999046325684 78.50881958007812 13.965919494628906
  endloop
endfacet
facet normal 0.0 0.0 0.0
  outer loop
    vertex -5.999999046325684 78.50881958007812 13.965919494628906
    vertex -1.9999998807907104 78.50881958007812 13.965919494628906
    vertex -5.999999046325684 78.75 13.866020202636719
  endloop
endfacet
facet normal 0.0 0.0 0.0
  outer loop
    vertex -5.999999046325684 78.75 13.866020202636719
    vertex -1.9999998807907104 78.50881958007812 13.965919494628906
    vertex -1.999999761581421 78.75 13.866020202636719
  endloop
endfacet
facet normal 0.0 0.0 0.0
  outer loop
    vertex -5.999999046325684 78.75 13.866020202636719
    vertex -1.999999761581421 78.75 13.866020202636719
    vertex -5.999999046325684 78.95710754394531 13.707099914550781
  endloop
endfacet
facet normal 0.0 0.0 0.0
  outer loop
    vertex -5.999999046325684 78.95710754394531 13.707099914550781
    vertex -1.999999761581421 78.75 13.866020202636719
    vertex -1.999999761581421 78.95710754394531 13.707099914550781
  endloop
endfacet
facet normal 0.0 0.0 0.0
  outer loop
    vertex -5.999999046325684 78.95710754394531 13.707099914550781
    vertex -1.999999761581421 78.95710754394531 13.707099914550781
    vertex -5.999999046325684 79.11602783203125 13.5
  endloop
endfacet
facet normal 0.0 0.0 0.0
  outer loop
    vertex -5.999999046325684 79.11602783203125 13.5
    vertex -1.999999761581421 78.95710754394531 13.707099914550781
    vertex -1.999999761581421 79.11602783203125 13.5
  endloop
endfacet
facet normal 0.0 0.0 0.0
  outer loop
    vertex -5.999999046325684 79.11602783203125 13.5
    vertex -1.999999761581421 79.11602783203125 13.5
    vertex -5.999999046325684 79.21592712402344 13.258811950683594
  endloop
endfacet
facet normal 0.0 0.0 0.0
  outer loop
    vertex -5.999999046325684 79.21592712402344 13.258811950683594
    vertex -1.999999761581421 79.11602783203125 13.5
    vertex -1.999999761581421 79.21592712402344 13.258811950683594
  endloop
endfacet
facet normal 0.0 0.0 0.0
  outer loop
    vertex -5.999999046325684 79.21592712402344 13.258811950683594
    vertex -1.999999761581421 79.21592712402344 13.258811950683594
    vertex -5.999999046325684 79.25 13.0
  endloop
endfacet
facet normal 0.0 0.0 0.0
  outer loop
    vertex -5.999999046325684 79.25 13.0
    vertex -1.999999761581421 79.21592712402344 13.258811950683594
    vertex 1.999999761581421 79.21592712402344 13.258811950683594
  endloop
endfacet
facet normal 0.0 0.0 0.0
  outer loop
    vertex -5.999999046325684 79.25 13.0
    vertex 1.999999761581421 79.21592712402344 13.258811950683594
    vertex 5.999999046325684 79.25 13.0
  endloop
endfacet
facet normal 0.0 0.0 0.0
  outer loop
    vertex 5.999999046325684 79.25 13.0
    vertex 1.999999761581421 79.21592712402344 13.258811950683594
    vertex 5.999999046325684 79.21592712402344 13.258811950683594
  endloop
endfacet
facet normal 0.0 0.0 0.0
  outer loop
    vertex 5.999999046325684 79.21592712402344 13.258811950683594
    vertex 1.999999761581421 79.21592712402344 13.258811950683594
    vertex 5.999999046325684 79.11602783203125 13.5
  endloop
endfacet
facet normal 0.0 0.0 0.0
  outer loop
    vertex 5.999999046325684 79.11602783203125 13.5
    vertex 1.999999761581421 79.21592712402344 13.258811950683594
    vertex 1.999999761581421 79.11602783203125 13.5
  endloop
endfacet
facet normal 0.0 0.0 0.0
  outer loop
    vertex 5.999999046325684 79.11602783203125 13.5
    vertex 1.999999761581421 79.11602783203125 13.5
    vertex 5.999999046325684 78.95710754394531 13.707099914550781
  endloop
endfacet
facet normal 0.0 0.0 0.0
  outer loop
    vertex 5.999999046325684 78.95710754394531 13.707099914550781
    vertex 1.999999761581421 79.11602783203125 13.5
    vertex 1.999999761581421 78.95710754394531 13.707099914550781
  endloop
endfacet
facet normal 0.0 0.0 0.0
  outer loop
    vertex 5.999999046325684 78.95710754394531 13.707099914550781
    vertex 1.999999761581421 78.95710754394531 13.707099914550781
    vertex 5.999999046325684 78.75 13.866020202636719
  endloop
endfacet
facet normal 0.0 0.0 0.0
  outer loop
    vertex 5.999999046325684 78.75 13.866020202636719
    vertex 1.999999761581421 78.95710754394531 13.707099914550781
    vertex 1.999999761581421 78.75 13.866020202636719
  endloop
endfacet
facet normal 0.0 0.0 0.0
  outer loop
    vertex 5.999999046325684 78.75 13.866020202636719
    vertex 1.999999761581421 78.75 13.866020202636719
    vertex 5.999999046325684 78.50881958007812 13.965919494628906
  endloop
endfacet
facet normal 0.0 0.0 0.0
  outer loop
    vertex 5.999999046325684 78.50881958007812 13.965919494628906
    vertex 1.999999761581421 78.75 13.866020202636719
    vertex 1.9999996423721313 78.50881958007812 13.965919494628906
  endloop
endfacet
facet normal 0.0 0.0 0.0
  outer loop
    vertex -1.999999761581421 78.75 13.866020202636719
    vertex -1.9999998807907104 78.50881958007812 13.965919494628906
    vertex 1.9999996423721313 78.50881958007812 13.965919494628906
  endloop
endfacet
facet normal 0.0 0.0 0.0
  outer loop
    vertex -1.999999761581421 78.75 13.866020202636719
    vertex 1.9999996423721313 78.50881958007812 13.965919494628906
    vertex 1.999999761581421 78.75 13.866020202636719
  endloop
endfacet
facet normal 0.0 0.0 0.0
  outer loop
    vertex -1.999999761581421 78.95710754394531 13.707099914550781
    vertex -1.999999761581421 78.75 13.866020202636719
    vertex 1.999999761581421 78.75 13.866020202636719
  endloop
endfacet
facet normal 0.0 0.0 0.0
  outer loop
    vertex -1.999999761581421 78.95710754394531 13.707099914550781
    vertex 1.999999761581421 78.75 13.866020202636719
    vertex 1.999999761581421 78.95710754394531 13.707099914550781
  endloop
endfacet
facet normal 0.0 0.0 0.0
  outer loop
    vertex -1.999999761581421 79.11602783203125 13.5
    vertex -1.999999761581421 78.95710754394531 13.707099914550781
    vertex 1.999999761581421 78.95710754394531 13.707099914550781
  endloop
endfacet
facet normal 0.0 0.0 0.0
  outer loop
    vertex -1.999999761581421 79.11602783203125 13.5
    vertex 1.999999761581421 78.95710754394531 13.707099914550781
    vertex 1.999999761581421 79.11602783203125 13.5
  endloop
endfacet
facet normal 0.0 0.0 0.0
  outer loop
    vertex -1.999999761581421 79.21592712402344 13.258811950683594
    vertex -1.999999761581421 79.11602783203125 13.5
    vertex 1.999999761581421 79.11602783203125 13.5
  endloop
endfacet
facet normal 0.0 0.0 0.0
  outer loop
    vertex -1.999999761581421 79.21592712402344 13.258811950683594
    vertex 1.999999761581421 79.11602783203125 13.5
    vertex 1.999999761581421 79.21592712402344 13.258811950683594
  endloop
endfacet
facet normal 0.0 0.0 0.0
  outer loop
    vertex -6.258817672729492 79.21592712402344 1.9073486328125e-06
    vertex -6.258817672729492 79.21592712402344 4.333330154418945
    vertex -5.999998569488525 79.25 1.9073486328125e-06
  endloop
endfacet
facet normal 0.0 0.0 0.0
  outer loop
    vertex -5.999998569488525 79.25 1.9073486328125e-06
    vertex -6.258817672729492 79.21592712402344 4.333330154418945
    vertex -6.25881814956665 79.21592712402344 8.666665077209473
  endloop
endfacet
facet normal 0.0 0.0 0.0
  outer loop
    vertex -5.999998569488525 79.25 1.9073486328125e-06
    vertex -6.25881814956665 79.21592712402344 8.666665077209473
    vertex -5.999999046325684 79.25 13.0
  endloop
endfacet
facet normal 0.0 0.0 0.0
  outer loop
    vertex -5.999999046325684 79.25 13.0
    vertex -6.25881814956665 79.21592712402344 8.666665077209473
    vertex -6.25881814956665 79.21592712402344 13.0
  endloop
endfacet
facet normal 0.0 0.0 0.0
  outer loop
    vertex -6.25881814956665 79.21592712402344 13.0
    vertex -6.25881814956665 79.21592712402344 8.666665077209473
    vertex -6.499999046325684 79.11602783203125 13.0
  endloop
endfacet
facet normal 0.0 0.0 0.0
  outer loop
    vertex -6.499999046325684 79.11602783203125 13.0
    vertex -6.25881814956665 79.21592712402344 8.666665077209473
    vertex -6.499999046325684 79.11602783203125 8.666665077209473
  endloop
endfacet
facet normal 0.0 0.0 0.0
  outer loop
    vertex -6.499999046325684 79.11602783203125 13.0
    vertex -6.499999046325684 79.11602783203125 8.666665077209473
    vertex -6.70710563659668 78.95710754394531 13.0
  endloop
endfacet
facet normal 0.0 0.0 0.0
  outer loop
    vertex -6.70710563659668 78.95710754394531 13.0
    vertex -6.499999046325684 79.11602783203125 8.666665077209473
    vertex -6.70710563659668 78.95710754394531 8.666665077209473
  endloop
endfacet
facet normal 0.0 0.0 0.0
  outer loop
    vertex -6.70710563659668 78.95710754394531 13.0
    vertex -6.70710563659668 78.95710754394531 8.666665077209473
    vertex -6.866024494171143 78.75 13.0
  endloop
endfacet
facet normal 0.0 0.0 0.0
  outer loop
    vertex -6.866024494171143 78.75 13.0
    vertex -6.70710563659668 78.95710754394531 8.666665077209473
    vertex -6.866024494171143 78.75 8.666665077209473
  endloop
endfacet
facet normal 0.0 0.0 0.0
  outer loop
    vertex -6.866024494171143 78.75 13.0
    vertex -6.866024494171143 78.75 8.666665077209473
    vertex -6.9659247398376465 78.50881958007812 13.0
  endloop
endfacet
facet normal 0.0 0.0 0.0
  outer loop
    vertex -6.9659247398376465 78.50881958007812 13.0
    vertex -6.866024494171143 78.75 8.666665077209473
    vertex -6.9659247398376465 78.50881958007812 8.666665077209473
  endloop
endfacet
facet normal 0.0 0.0 0.0
  outer loop
    vertex -6.9659247398376465 78.50881958007812 13.0
    vertex -6.9659247398376465 78.50881958007812 8.666665077209473
    vertex -6.999999046325684 78.25 13.0
  endloop
endfacet
facet normal 0.0 0.0 0.0
  outer loop
    vertex -6.999999046325684 78.25 13.0
    vertex -6.9659247398376465 78.50881958007812 8.666665077209473
    vertex -6.965924263000488 78.50881958007812 4.333330154418945
  endloop
endfacet
facet normal 0.0 0.0 0.0
  outer loop
    vertex -6.999999046325684 78.25 13.0
    vertex -6.965924263000488 78.50881958007812 4.333330154418945
    vertex -6.999998569488525 78.25 1.9073486328125e-06
  endloop
endfacet
facet normal 0.0 0.0 0.0
  outer loop
    vertex -6.999998569488525 78.25 1.9073486328125e-06
    vertex -6.965924263000488 78.50881958007812 4.333330154418945
    vertex -6.965924263000488 78.50881958007812 1.9073486328125e-06
  endloop
endfacet
facet normal 0.0 0.0 0.0
  outer loop
    vertex -6.965924263000488 78.50881958007812 1.9073486328125e-06
    vertex -6.965924263000488 78.50881958007812 4.333330154418945
    vertex -6.866024017333984 78.75 1.9073486328125e-06
  endloop
endfacet
facet normal 0.0 0.0 0.0
  outer loop
    vertex -6.866024017333984 78.75 1.9073486328125e-06
    vertex -6.965924263000488 78.50881958007812 4.333330154418945
    vertex -6.866024017333984 78.75 4.333330154418945
  endloop
endfacet
facet normal 0.0 0.0 0.0
  outer loop
    vertex -6.866024017333984 78.75 1.9073486328125e-06
    vertex -6.866024017333984 78.75 4.333330154418945
    vertex -6.7071051597595215 78.95710754394531 1.9073486328125e-06
  endloop
endfacet
facet normal 0.0 0.0 0.0
  outer loop
    vertex -6.7071051597595215 78.95710754394531 1.9073486328125e-06
    vertex -6.866024017333984 78.75 4.333330154418945
    vertex -6.7071051597595215 78.95710754394531 4.333330154418945
  endloop
endfacet
facet normal 0.0 0.0 0.0
  outer loop
    vertex -6.7071051597595215 78.95710754394531 1.9073486328125e-06
    vertex -6.7071051597595215 78.95710754394531 4.333330154418945
    vertex -6.499998569488525 79.11602783203125 1.9073486328125e-06
  endloop
endfacet
facet normal 0.0 0.0 0.0
  outer loop
    vertex -6.499998569488525 79.11602783203125 1.9073486328125e-06
    vertex -6.7071051597595215 78.95710754394531 4.333330154418945
    vertex -6.499998569488525 79.11602783203125 4.333330154418945
  endloop
endfacet
facet normal 0.0 0.0 0.0
  outer loop
    vertex -6.499998569488525 79.11602783203125 1.9073486328125e-06
    vertex -6.499998569488525 79.11602783203125 4.333330154418945
    vertex -6.258817672729492 79.21592712402344 1.9073486328125e-06
  endloop
endfacet
facet normal 0.0 0.0 0.0
  outer loop
    vertex -6.258817672729492 79.21592712402344 1.9073486328125e-06
    vertex -6.499998569488525 79.11602783203125 4.333330154418945
    vertex -6.258817672729492 79.21592712402344 4.333330154418945
  endloop
endfacet
facet normal 0.0 0.0 0.0
  outer loop
    vertex -6.499999046325684 79.11602783203125 8.666665077209473
    vertex -6.25881814956665 79.21592712402344 8.666665077209473
    vertex -6.258817672729492 79.21592712402344 4.333330154418945
  endloop
endfacet
facet normal 0.0 0.0 0.0
  outer loop
    vertex -6.499999046325684 79.11602783203125 8.666665077209473
    vertex -6.258817672729492 79.21592712402344 4.333330154418945
    vertex -6.499998569488525 79.11602783203125 4.333330154418945
  endloop
endfacet
facet normal 0.0 0.0 0.0
  outer loop
    vertex -6.70710563659668 78.95710754394531 8.666665077209473
    vertex -6.499999046325684 79.11602783203125 8.666665077209473
    vertex -6.499998569488525 79.11602783203125 4.333330154418945
  endloop
endfacet
facet normal 0.0 0.0 0.0
  outer loop
    vertex -6.70710563659668 78.95710754394531 8.666665077209473
    vertex -6.499998569488525 79.11602783203125 4.333330154418945
    vertex -6.7071051597595215 78.95710754394531 4.333330154418945
  endloop
endfacet
facet normal 0.0 0.0 0.0
  outer loop
    vertex -6.866024494171143 78.75 8.666665077209473
    vertex -6.70710563659668 78.95710754394531 8.666665077209473
    vertex -6.7071051597595215 78.95710754394531 4.333330154418945
  endloop
endfacet
facet normal 0.0 0.0 0.0
  outer loop
    vertex -6.866024494171143 78.75 8.666665077209473
    vertex -6.7071051597595215 78.95710754394531 4.333330154418945
    vertex -6.866024017333984 78.75 4.333330154418945
  endloop
endfacet
facet normal 0.0 0.0 0.0
  outer loop
    vertex -6.9659247398376465 78.50881958007812 8.666665077209473
    vertex -6.866024494171143 78.75 8.666665077209473
    vertex -6.866024017333984 78.75 4.333330154418945
  endloop
endfacet
facet normal 0.0 0.0 0.0
  outer loop
    vertex -6.9659247398376465 78.50881958007812 8.666665077209473
    vertex -6.866024017333984 78.75 4.333330154418945
    vertex -6.965924263000488 78.50881958007812 4.333330154418945
  endloop
endfacet
facet normal 0.0 0.0 0.0
  outer loop
    vertex -6.999998569488525 -76.25 1.9073486328125e-06
    vertex -6.999999046325684 -76.25 13.0
    vertex -6.999998569488525 78.25 1.9073486328125e-06
  endloop
endfacet
facet normal 0.0 0.0 0.0
  outer loop
    vertex -6.999998569488525 78.25 1.9073486328125e-06
    vertex -6.999999046325684 -76.25 13.0
    vertex -6.999999046325684 78.25 13.0
  endloop
endfacet
facet normal 0.0 0.0 0.0
  outer loop
    vertex -18.999998092651367 -77.99118041992188 24.965917587280273
    vertex -19.09206199645996 -78.02413177490234 24.96979331970215
    vertex -18.999998092651367 -78.25 24.999998092651367
  endloop
endfacet
facet normal 0.0 0.0 0.0
  outer loop
    vertex -18.999998092651367 -78.25 24.999998092651367
    vertex -19.09206199645996 -78.02413177490234 24.96979331970215
    vertex -19.22587013244629 -78.1579360961914 24.96979331970215
  endloop
endfacet
facet normal 0.0 0.0 0.0
  outer loop
    vertex -18.999998092651367 -78.25 24.999998092651367
    vertex -19.22587013244629 -78.1579360961914 24.96979331970215
    vertex -19.258817672729492 -78.25 24.965917587280273
  endloop
endfacet
facet normal 0.0 0.0 0.0
  outer loop
    vertex -19.258817672729492 -78.25 24.965917587280273
    vertex -19.22587013244629 -78.1579360961914 24.96979331970215
    vertex -19.390789031982422 -78.01659393310547 24.8903865814209
  endloop
endfacet
facet normal 0.0 0.0 0.0
  outer loop
    vertex -19.258817672729492 -78.25 24.965917587280273
    vertex -19.390789031982422 -78.01659393310547 24.8903865814209
    vertex -19.510967254638672 -78.20114135742188 24.858205795288086
  endloop
endfacet
facet normal 0.0 0.0 0.0
  outer loop
    vertex -19.510967254638672 -78.20114135742188 24.858205795288086
    vertex -19.390789031982422 -78.01659393310547 24.8903865814209
    vertex -19.534807205200195 -77.88772583007812 24.763364791870117
  endloop
endfacet
facet normal 0.0 0.0 0.0
  outer loop
    vertex -19.510967254638672 -78.20114135742188 24.858205795288086
    vertex -19.534807205200195 -77.88772583007812 24.763364791870117
    vertex -19.66655921936035 -78.09004974365234 24.728078842163086
  endloop
endfacet
facet normal 0.0 0.0 0.0
  outer loop
    vertex -19.66655921936035 -78.09004974365234 24.728078842163086
    vertex -19.534807205200195 -77.88772583007812 24.763364791870117
    vertex -19.650222778320312 -77.77824401855469 24.595518112182617
  endloop
endfacet
facet normal 0.0 0.0 0.0
  outer loop
    vertex -19.66655921936035 -78.09004974365234 24.728078842163086
    vertex -19.650222778320312 -77.77824401855469 24.595518112182617
    vertex -19.786502838134766 -77.98751831054688 24.559019088745117
  endloop
endfacet
facet normal 0.0 0.0 0.0
  outer loop
    vertex -19.786502838134766 -77.98751831054688 24.559019088745117
    vertex -19.650222778320312 -77.77824401855469 24.595518112182617
    vertex -19.730865478515625 -77.69398498535156 24.39581871032715
  endloop
endfacet
facet normal 0.0 0.0 0.0
  outer loop
    vertex -19.786502838134766 -77.98751831054688 24.559019088745117
    vertex -19.730865478515625 -77.69398498535156 24.39581871032715
    vertex -19.864383697509766 -77.89901733398438 24.36005973815918
  endloop
endfacet
facet normal 0.0 0.0 0.0
  outer loop
    vertex -19.864383697509766 -77.89901733398438 24.36005973815918
    vertex -19.730865478515625 -77.69398498535156 24.39581871032715
    vertex -19.772418975830078 -77.63946533203125 24.174955368041992
  endloop
endfacet
facet normal 0.0 0.0 0.0
  outer loop
    vertex -19.864383697509766 -77.89901733398438 24.36005973815918
    vertex -19.772418975830078 -77.63946533203125 24.174955368041992
    vertex -19.896034240722656 -77.82929229736328 24.141843795776367
  endloop
endfacet
facet normal 0.0 0.0 0.0
  outer loop
    vertex -19.896034240722656 -77.82929229736328 24.141843795776367
    vertex -19.772418975830078 -77.63946533203125 24.174955368041992
    vertex -19.866024017333984 -77.75 23.999998092651367
  endloop
endfacet
facet normal 0.0 0.0 0.0
  outer loop
    vertex -19.896034240722656 -77.82929229736328 24.141843795776367
    vertex -19.866024017333984 -77.75 23.999998092651367
    vertex -19.965923309326172 -77.99118041992188 23.999998092651367
  endloop
endfacet
facet normal 0.0 0.0 0.0
  outer loop
    vertex -18.999998092651367 -77.75 24.866018295288086
    vertex -19.048856735229492 -77.73902893066406 24.858205795288086
    vertex -18.999998092651367 -77.99118041992188 24.965917587280273
  endloop
endfacet
facet normal 0.0 0.0 0.0
  outer loop
    vertex -18.999998092651367 -77.99118041992188 24.965917587280273
    vertex -19.048856735229492 -77.73902893066406 24.858205795288086
    vertex -19.233407974243164 -77.85920715332031 24.8903865814209
  endloop
endfacet
facet normal 0.0 0.0 0.0
  outer loop
    vertex -18.999998092651367 -77.99118041992188 24.965917587280273
    vertex -19.233407974243164 -77.85920715332031 24.8903865814209
    vertex -19.09206199645996 -78.02413177490234 24.96979331970215
  endloop
endfacet
facet normal 0.0 0.0 0.0
  outer loop
    vertex -19.09206199645996 -78.02413177490234 24.96979331970215
    vertex -19.233407974243164 -77.85920715332031 24.8903865814209
    vertex -19.22587013244629 -78.1579360961914 24.96979331970215
  endloop
endfacet
facet normal 0.0 0.0 0.0
  outer loop
    vertex -18.999998092651367 -77.75 24.866018295288086
    vertex -18.999998092651367 -77.54289245605469 24.70709800720215
    vertex -19.048856735229492 -77.73902893066406 24.858205795288086
  endloop
endfacet
facet normal 0.0 0.0 0.0
  outer loop
    vertex -19.048856735229492 -77.73902893066406 24.858205795288086
    vertex -18.999998092651367 -77.54289245605469 24.70709800720215
    vertex -19.15994644165039 -77.58343505859375 24.728078842163086
  endloop
endfacet
facet normal 0.0 0.0 0.0
  outer loop
    vertex -19.048856735229492 -77.73902893066406 24.858205795288086
    vertex -19.15994644165039 -77.58343505859375 24.728078842163086
    vertex -19.233407974243164 -77.85920715332031 24.8903865814209
  endloop
endfacet
facet normal 0.0 0.0 0.0
  outer loop
    vertex -19.233407974243164 -77.85920715332031 24.8903865814209
    vertex -19.15994644165039 -77.58343505859375 24.728078842163086
    vertex -19.36227035522461 -77.71519470214844 24.763364791870117
  endloop
endfacet
facet normal 0.0 0.0 0.0
  outer loop
    vertex -19.233407974243164 -77.85920715332031 24.8903865814209
    vertex -19.36227035522461 -77.71519470214844 24.763364791870117
    vertex -19.390789031982422 -78.01659393310547 24.8903865814209
  endloop
endfacet
facet normal 0.0 0.0 0.0
  outer loop
    vertex -19.390789031982422 -78.01659393310547 24.8903865814209
    vertex -19.36227035522461 -77.71519470214844 24.763364791870117
    vertex -19.534807205200195 -77.88772583007812 24.763364791870117
  endloop
endfacet
facet normal 0.0 0.0 0.0
  outer loop
    vertex -19.15994644165039 -77.58343505859375 24.728078842163086
    vertex -18.999998092651367 -77.54289245605469 24.70709800720215
    vertex -19.03573989868164 -77.37808990478516 24.48835563659668
  endloop
endfacet
facet normal 0.0 0.0 0.0
  outer loop
    vertex -19.03573989868164 -77.37808990478516 24.48835563659668
    vertex -18.999998092651367 -77.54289245605469 24.70709800720215
    vertex -18.999998092651367 -77.38397216796875 24.499998092651367
  endloop
endfacet
facet normal 0.0 0.0 0.0
  outer loop
    vertex -19.03573989868164 -77.37808990478516 24.48835563659668
    vertex -18.999998092651367 -77.38397216796875 24.499998092651367
    vertex -18.999998092651367 -77.28407287597656 24.25881004333496
  endloop
endfacet
facet normal 0.0 0.0 0.0
  outer loop
    vertex -18.999998092651367 -77.25 23.999998092651367
    vertex -19.21503448486328 -77.27649688720703 24.077749252319336
    vertex -18.999998092651367 -77.28407287597656 24.25881004333496
  endloop
endfacet
facet normal 0.0 0.0 0.0
  outer loop
    vertex -18.999998092651367 -77.28407287597656 24.25881004333496
    vertex -19.21503448486328 -77.27649688720703 24.077749252319336
    vertex -19.12883186340332 -77.30194091796875 24.290822982788086
  endloop
endfacet
facet normal 0.0 0.0 0.0
  outer loop
    vertex -18.999998092651367 -77.28407287597656 24.25881004333496
    vertex -19.12883186340332 -77.30194091796875 24.290822982788086
    vertex -19.03573989868164 -77.37808990478516 24.48835563659668
  endloop
endfacet
facet normal 0.0 0.0 0.0
  outer loop
    vertex -19.03573989868164 -77.37808990478516 24.48835563659668
    vertex -19.12883186340332 -77.30194091796875 24.290822982788086
    vertex -19.262483596801758 -77.46349334716797 24.559019088745117
  endloop
endfacet
facet normal 0.0 0.0 0.0
  outer loop
    vertex -19.03573989868164 -77.37808990478516 24.48835563659668
    vertex -19.262483596801758 -77.46349334716797 24.559019088745117
    vertex -19.15994644165039 -77.58343505859375 24.728078842163086
  endloop
endfacet
facet normal 0.0 0.0 0.0
  outer loop
    vertex -19.15994644165039 -77.58343505859375 24.728078842163086
    vertex -19.262483596801758 -77.46349334716797 24.559019088745117
    vertex -19.36227035522461 -77.71519470214844 24.763364791870117
  endloop
endfacet
facet normal 0.0 0.0 0.0
  outer loop
    vertex -18.999998092651367 -77.25 23.999998092651367
    vertex -19.258817672729492 -77.28407287597656 23.999998092651367
    vertex -19.21503448486328 -77.27649688720703 24.077749252319336
  endloop
endfacet
facet normal 0.0 0.0 0.0
  outer loop
    vertex -19.21503448486328 -77.27649688720703 24.077749252319336
    vertex -19.258817672729492 -77.28407287597656 23.999998092651367
    vertex -19.42070770263672 -77.35396575927734 24.141843795776367
  endloop
endfacet
facet normal 0.0 0.0 0.0
  outer loop
    vertex -19.21503448486328 -77.27649688720703 24.077749252319336
    vertex -19.42070770263672 -77.35396575927734 24.141843795776367
    vertex -19.350980758666992 -77.38561248779297 24.36005973815918
  endloop
endfacet
facet normal 0.0 0.0 0.0
  outer loop
    vertex -19.350980758666992 -77.38561248779297 24.36005973815918
    vertex -19.42070770263672 -77.35396575927734 24.141843795776367
    vertex -19.556015014648438 -77.51913452148438 24.39581871032715
  endloop
endfacet
facet normal 0.0 0.0 0.0
  outer loop
    vertex -19.350980758666992 -77.38561248779297 24.36005973815918
    vertex -19.556015014648438 -77.51913452148438 24.39581871032715
    vertex -19.471757888793945 -77.59977722167969 24.595518112182617
  endloop
endfacet
facet normal 0.0 0.0 0.0
  outer loop
    vertex -19.471757888793945 -77.59977722167969 24.595518112182617
    vertex -19.556015014648438 -77.51913452148438 24.39581871032715
    vertex -19.650222778320312 -77.77824401855469 24.595518112182617
  endloop
endfacet
facet normal 0.0 0.0 0.0
  outer loop
    vertex -19.471757888793945 -77.59977722167969 24.595518112182617
    vertex -19.650222778320312 -77.77824401855469 24.595518112182617
    vertex -19.534807205200195 -77.88772583007812 24.763364791870117
  endloop
endfacet
facet normal 0.0 0.0 0.0
  outer loop
    vertex -19.258817672729492 -77.28407287597656 23.999998092651367
    vertex -19.499998092651367 -77.38397216796875 23.999998092651367
    vertex -19.42070770263672 -77.35396575927734 24.141843795776367
  endloop
endfacet
facet normal 0.0 0.0 0.0
  outer loop
    vertex -19.42070770263672 -77.35396575927734 24.141843795776367
    vertex -19.499998092651367 -77.38397216796875 23.999998092651367
    vertex -19.610536575317383 -77.47757720947266 24.174955368041992
  endloop
endfacet
facet normal 0.0 0.0 0.0
  outer loop
    vertex -19.42070770263672 -77.35396575927734 24.141843795776367
    vertex -19.610536575317383 -77.47757720947266 24.174955368041992
    vertex -19.556015014648438 -77.51913452148438 24.39581871032715
  endloop
endfacet
facet normal 0.0 0.0 0.0
  outer loop
    vertex -19.556015014648438 -77.51913452148438 24.39581871032715
    vertex -19.610536575317383 -77.47757720947266 24.174955368041992
    vertex -19.730865478515625 -77.69398498535156 24.39581871032715
  endloop
endfacet
facet normal 0.0 0.0 0.0
  outer loop
    vertex -19.556015014648438 -77.51913452148438 24.39581871032715
    vertex -19.730865478515625 -77.69398498535156 24.39581871032715
    vertex -19.650222778320312 -77.77824401855469 24.595518112182617
  endloop
endfacet
facet normal 0.0 0.0 0.0
  outer loop
    vertex -19.499998092651367 -77.38397216796875 23.999998092651367
    vertex -19.70710563659668 -77.54289245605469 23.999998092651367
    vertex -19.610536575317383 -77.47757720947266 24.174955368041992
  endloop
endfacet
facet normal 0.0 0.0 0.0
  outer loop
    vertex -19.610536575317383 -77.47757720947266 24.174955368041992
    vertex -19.70710563659668 -77.54289245605469 23.999998092651367
    vertex -19.772418975830078 -77.63946533203125 24.174955368041992
  endloop
endfacet
facet normal 0.0 0.0 0.0
  outer loop
    vertex -19.610536575317383 -77.47757720947266 24.174955368041992
    vertex -19.772418975830078 -77.63946533203125 24.174955368041992
    vertex -19.730865478515625 -77.69398498535156 24.39581871032715
  endloop
endfacet
facet normal 0.0 0.0 0.0
  outer loop
    vertex -19.70710563659668 -77.54289245605469 23.999998092651367
    vertex -19.866024017333984 -77.75 23.999998092651367
    vertex -19.772418975830078 -77.63946533203125 24.174955368041992
  endloop
endfacet
facet normal 0.0 0.0 0.0
  outer loop
    vertex -19.896034240722656 -77.82929229736328 24.141843795776367
    vertex -19.965923309326172 -77.99118041992188 23.999998092651367
    vertex -19.9735050201416 -78.03496551513672 24.077749252319336
  endloop
endfacet
facet normal 0.0 0.0 0.0
  outer loop
    vertex -19.9735050201416 -78.03496551513672 24.077749252319336
    vertex -19.965923309326172 -77.99118041992188 23.999998092651367
    vertex -19.999998092651367 -78.25 23.999998092651367
  endloop
endfacet
facet normal 0.0 0.0 0.0
  outer loop
    vertex -19.9735050201416 -78.03496551513672 24.077749252319336
    vertex -19.999998092651367 -78.25 23.999998092651367
    vertex -19.965923309326172 -78.25 24.25881004333496
  endloop
endfacet
facet normal 0.0 0.0 0.0
  outer loop
    vertex -19.866024017333984 -78.25 24.499998092651367
    vertex -19.87190818786621 -78.2142562866211 24.48835563659668
    vertex -19.965923309326172 -78.25 24.25881004333496
  endloop
endfacet
facet normal 0.0 0.0 0.0
  outer loop
    vertex -19.965923309326172 -78.25 24.25881004333496
    vertex -19.87190818786621 -78.2142562866211 24.48835563659668
    vertex -19.94805908203125 -78.12116241455078 24.290822982788086
  endloop
endfacet
facet normal 0.0 0.0 0.0
  outer loop
    vertex -19.965923309326172 -78.25 24.25881004333496
    vertex -19.94805908203125 -78.12116241455078 24.290822982788086
    vertex -19.9735050201416 -78.03496551513672 24.077749252319336
  endloop
endfacet
facet normal 0.0 0.0 0.0
  outer loop
    vertex -19.9735050201416 -78.03496551513672 24.077749252319336
    vertex -19.94805908203125 -78.12116241455078 24.290822982788086
    vertex -19.896034240722656 -77.82929229736328 24.141843795776367
  endloop
endfacet
facet normal 0.0 0.0 0.0
  outer loop
    vertex -19.866024017333984 -78.25 24.499998092651367
    vertex -19.70710563659668 -78.25 24.70709800720215
    vertex -19.87190818786621 -78.2142562866211 24.48835563659668
  endloop
endfacet
facet normal 0.0 0.0 0.0
  outer loop
    vertex -19.87190818786621 -78.2142562866211 24.48835563659668
    vertex -19.70710563659668 -78.25 24.70709800720215
    vertex -19.786502838134766 -77.98751831054688 24.559019088745117
  endloop
endfacet
facet normal 0.0 0.0 0.0
  outer loop
    vertex -19.87190818786621 -78.2142562866211 24.48835563659668
    vertex -19.786502838134766 -77.98751831054688 24.559019088745117
    vertex -19.864383697509766 -77.89901733398438 24.36005973815918
  endloop
endfacet
facet normal 0.0 0.0 0.0
  outer loop
    vertex -19.499998092651367 -78.25 24.866018295288086
    vertex -19.510967254638672 -78.20114135742188 24.858205795288086
    vertex -19.70710563659668 -78.25 24.70709800720215
  endloop
endfacet
facet normal 0.0 0.0 0.0
  outer loop
    vertex -19.70710563659668 -78.25 24.70709800720215
    vertex -19.510967254638672 -78.20114135742188 24.858205795288086
    vertex -19.66655921936035 -78.09004974365234 24.728078842163086
  endloop
endfacet
facet normal 0.0 0.0 0.0
  outer loop
    vertex -19.70710563659668 -78.25 24.70709800720215
    vertex -19.66655921936035 -78.09004974365234 24.728078842163086
    vertex -19.786502838134766 -77.98751831054688 24.559019088745117
  endloop
endfacet
facet normal 0.0 0.0 0.0
  outer loop
    vertex -19.499998092651367 -78.25 24.866018295288086
    vertex -19.258817672729492 -78.25 24.965917587280273
    vertex -19.510967254638672 -78.20114135742188 24.858205795288086
  endloop
endfacet
facet normal 0.0 0.0 0.0
  outer loop
    vertex -19.471757888793945 -77.59977722167969 24.595518112182617
    vertex -19.534807205200195 -77.88772583007812 24.763364791870117
    vertex -19.36227035522461 -77.71519470214844 24.763364791870117
  endloop
endfacet
facet normal 0.0 0.0 0.0
  outer loop
    vertex -19.390789031982422 -78.01659393310547 24.8903865814209
    vertex -19.22587013244629 -78.1579360961914 24.96979331970215
    vertex -19.233407974243164 -77.85920715332031 24.8903865814209
  endloop
endfacet
facet normal 0.0 0.0 0.0
  outer loop
    vertex -19.350980758666992 -77.38561248779297 24.36005973815918
    vertex -19.471757888793945 -77.59977722167969 24.595518112182617
    vertex -19.262483596801758 -77.46349334716797 24.559019088745117
  endloop
endfacet
facet normal 0.0 0.0 0.0
  outer loop
    vertex -19.262483596801758 -77.46349334716797 24.559019088745117
    vertex -19.471757888793945 -77.59977722167969 24.595518112182617
    vertex -19.36227035522461 -77.71519470214844 24.763364791870117
  endloop
endfacet
facet normal 0.0 0.0 0.0
  outer loop
    vertex -19.21503448486328 -77.27649688720703 24.077749252319336
    vertex -19.350980758666992 -77.38561248779297 24.36005973815918
    vertex -19.12883186340332 -77.30194091796875 24.290822982788086
  endloop
endfacet
facet normal 0.0 0.0 0.0
  outer loop
    vertex -19.12883186340332 -77.30194091796875 24.290822982788086
    vertex -19.350980758666992 -77.38561248779297 24.36005973815918
    vertex -19.262483596801758 -77.46349334716797 24.559019088745117
  endloop
endfacet
facet normal 0.0 0.0 0.0
  outer loop
    vertex -19.87190818786621 -78.2142562866211 24.48835563659668
    vertex -19.864383697509766 -77.89901733398438 24.36005973815918
    vertex -19.94805908203125 -78.12116241455078 24.290822982788086
  endloop
endfacet
facet normal 0.0 0.0 0.0
  outer loop
    vertex -19.94805908203125 -78.12116241455078 24.290822982788086
    vertex -19.864383697509766 -77.89901733398438 24.36005973815918
    vertex -19.896034240722656 -77.82929229736328 24.141843795776367
  endloop
endfacet
facet normal 0.0 0.0 0.0
  outer loop
    vertex -19.258817672729492 -77.28407287597656 1.9073486328125e-06
    vertex -19.258817672729492 -77.28407287597656 4.799996852874756
    vertex -18.999998092651367 -77.25 1.9073486328125e-06
  endloop
endfacet
facet normal 0.0 0.0 0.0
  outer loop
    vertex -18.999998092651367 -77.25 1.9073486328125e-06
    vertex -19.258817672729492 -77.28407287597656 4.799996852874756
    vertex -19.258817672729492 -77.28407287597656 9.599998474121094
  endloop
endfacet
facet normal 0.0 0.0 0.0
  outer loop
    vertex -18.999998092651367 -77.25 1.9073486328125e-06
    vertex -19.258817672729492 -77.28407287597656 9.599998474121094
    vertex -19.258817672729492 -77.28407287597656 14.399993896484375
  endloop
endfacet
facet normal 0.0 0.0 0.0
  outer loop
    vertex -19.258817672729492 -77.28407287597656 14.399993896484375
    vertex -19.258817672729492 -77.28407287597656 9.599998474121094
    vertex -19.499998092651367 -77.38397216796875 14.399993896484375
  endloop
endfacet
facet normal 0.0 0.0 0.0
  outer loop
    vertex -19.258817672729492 -77.28407287597656 14.399993896484375
    vertex -19.499998092651367 -77.38397216796875 14.399993896484375
    vertex -19.499998092651367 -77.38397216796875 19.199995040893555
  endloop
endfacet
facet normal 0.0 0.0 0.0
  outer loop
    vertex -19.499998092651367 -77.38397216796875 19.199995040893555
    vertex -19.499998092651367 -77.38397216796875 14.399993896484375
    vertex -19.70710563659668 -77.54289245605469 19.199995040893555
  endloop
endfacet
facet normal 0.0 0.0 0.0
  outer loop
    vertex -19.499998092651367 -77.38397216796875 19.199995040893555
    vertex -19.70710563659668 -77.54289245605469 19.199995040893555
    vertex -19.70710563659668 -77.54289245605469 23.999998092651367
  endloop
endfacet
facet normal 0.0 0.0 0.0
  outer loop
    vertex -19.70710563659668 -77.54289245605469 23.999998092651367
    vertex -19.70710563659668 -77.54289245605469 19.199995040893555
    vertex -19.866024017333984 -77.75 23.999998092651367
  endloop
endfacet
facet normal 0.0 0.0 0.0
  outer loop
    vertex -19.866024017333984 -77.75 23.999998092651367
    vertex -19.70710563659668 -77.54289245605469 19.199995040893555
    vertex -19.866024017333984 -77.75 19.199995040893555
  endloop
endfacet
facet normal 0.0 0.0 0.0
  outer loop
    vertex -19.866024017333984 -77.75 23.999998092651367
    vertex -19.866024017333984 -77.75 19.199995040893555
    vertex -19.965923309326172 -77.99118041992188 23.999998092651367
  endloop
endfacet
facet normal 0.0 0.0 0.0
  outer loop
    vertex -19.965923309326172 -77.99118041992188 23.999998092651367
    vertex -19.866024017333984 -77.75 19.199995040893555
    vertex -19.965923309326172 -77.99118041992188 19.199995040893555
  endloop
endfacet
facet normal 0.0 0.0 0.0
  outer loop
    vertex -19.965923309326172 -77.99118041992188 23.999998092651367
    vertex -19.965923309326172 -77.99118041992188 19.199995040893555
    vertex -19.999998092651367 -78.25 23.999998092651367
  endloop
endfacet
facet normal 0.0 0.0 0.0
  outer loop
    vertex -19.999998092651367 -78.25 23.999998092651367
    vertex -19.965923309326172 -77.99118041992188 19.199995040893555
    vertex -19.965923309326172 -77.99118041992188 14.399993896484375
  endloop
endfacet
facet normal 0.0 0.0 0.0
  outer loop
    vertex -19.999998092651367 -78.25 23.999998092651367
    vertex -19.965923309326172 -77.99118041992188 14.399993896484375
    vertex -19.965923309326172 -77.99118041992188 9.599998474121094
  endloop
endfacet
facet normal 0.0 0.0 0.0
  outer loop
    vertex -19.965923309326172 -77.99118041992188 9.599998474121094
    vertex -19.965923309326172 -77.99118041992188 14.399993896484375
    vertex -19.866024017333984 -77.75 9.599998474121094
  endloop
endfacet
facet normal 0.0 0.0 0.0
  outer loop
    vertex -19.965923309326172 -77.99118041992188 9.599998474121094
    vertex -19.866024017333984 -77.75 9.599998474121094
    vertex -19.866024017333984 -77.75 4.799996852874756
  endloop
endfacet
facet normal 0.0 0.0 0.0
  outer loop
    vertex -19.866024017333984 -77.75 4.799996852874756
    vertex -19.866024017333984 -77.75 9.599998474121094
    vertex -19.70710563659668 -77.54289245605469 4.799996852874756
  endloop
endfacet
facet normal 0.0 0.0 0.0
  outer loop
    vertex -19.866024017333984 -77.75 4.799996852874756
    vertex -19.70710563659668 -77.54289245605469 4.799996852874756
    vertex -19.70710563659668 -77.54289245605469 1.9073486328125e-06
  endloop
endfacet
facet normal 0.0 0.0 0.0
  outer loop
    vertex -19.70710563659668 -77.54289245605469 1.9073486328125e-06
    vertex -19.70710563659668 -77.54289245605469 4.799996852874756
    vertex -19.499998092651367 -77.38397216796875 1.9073486328125e-06
  endloop
endfacet
facet normal 0.0 0.0 0.0
  outer loop
    vertex -19.499998092651367 -77.38397216796875 1.9073486328125e-06
    vertex -19.70710563659668 -77.54289245605469 4.799996852874756
    vertex -19.499998092651367 -77.38397216796875 4.799996852874756
  endloop
endfacet
facet normal 0.0 0.0 0.0
  outer loop
    vertex -19.499998092651367 -77.38397216796875 1.9073486328125e-06
    vertex -19.499998092651367 -77.38397216796875 4.799996852874756
    vertex -19.258817672729492 -77.28407287597656 1.9073486328125e-06
  endloop
endfacet
facet normal 0.0 0.0 0.0
  outer loop
    vertex -19.258817672729492 -77.28407287597656 1.9073486328125e-06
    vertex -19.499998092651367 -77.38397216796875 4.799996852874756
    vertex -19.258817672729492 -77.28407287597656 4.799996852874756
  endloop
endfacet
facet normal 0.0 0.0 0.0
  outer loop
    vertex -19.70710563659668 -77.54289245605469 1.9073486328125e-06
    vertex -19.866024017333984 -77.75 1.9073486328125e-06
    vertex -19.866024017333984 -77.75 4.799996852874756
  endloop
endfacet
facet normal 0.0 0.0 0.0
  outer loop
    vertex -19.866024017333984 -77.75 4.799996852874756
    vertex -19.866024017333984 -77.75 1.9073486328125e-06
    vertex -19.965923309326172 -77.99118041992188 4.799996852874756
  endloop
endfacet
facet normal 0.0 0.0 0.0
  outer loop
    vertex -19.866024017333984 -77.75 4.799996852874756
    vertex -19.965923309326172 -77.99118041992188 4.799996852874756
    vertex -19.965923309326172 -77.99118041992188 9.599998474121094
  endloop
endfacet
facet normal 0.0 0.0 0.0
  outer loop
    vertex -19.965923309326172 -77.99118041992188 9.599998474121094
    vertex -19.965923309326172 -77.99118041992188 4.799996852874756
    vertex -19.999998092651367 -78.25 1.9073486328125e-06
  endloop
endfacet
facet normal 0.0 0.0 0.0
  outer loop
    vertex -19.965923309326172 -77.99118041992188 9.599998474121094
    vertex -19.999998092651367 -78.25 1.9073486328125e-06
    vertex -19.999998092651367 -78.25 23.999998092651367
  endloop
endfacet
facet normal 0.0 0.0 0.0
  outer loop
    vertex -19.866024017333984 -77.75 1.9073486328125e-06
    vertex -19.965923309326172 -77.99118041992188 1.9073486328125e-06
    vertex -19.965923309326172 -77.99118041992188 4.799996852874756
  endloop
endfacet
facet normal 0.0 0.0 0.0
  outer loop
    vertex -19.965923309326172 -77.99118041992188 4.799996852874756
    vertex -19.965923309326172 -77.99118041992188 1.9073486328125e-06
    vertex -19.999998092651367 -78.25 1.9073486328125e-06
  endloop
endfacet
facet normal 0.0 0.0 0.0
  outer loop
    vertex -19.70710563659668 -77.54289245605469 23.999998092651367
    vertex -19.499998092651367 -77.38397216796875 23.999998092651367
    vertex -19.499998092651367 -77.38397216796875 19.199995040893555
  endloop
endfacet
facet normal 0.0 0.0 0.0
  outer loop
    vertex -19.499998092651367 -77.38397216796875 19.199995040893555
    vertex -19.499998092651367 -77.38397216796875 23.999998092651367
    vertex -19.258817672729492 -77.28407287597656 19.199995040893555
  endloop
endfacet
facet normal 0.0 0.0 0.0
  outer loop
    vertex -19.499998092651367 -77.38397216796875 19.199995040893555
    vertex -19.258817672729492 -77.28407287597656 19.199995040893555
    vertex -19.258817672729492 -77.28407287597656 14.399993896484375
  endloop
endfacet
facet normal 0.0 0.0 0.0
  outer loop
    vertex -19.258817672729492 -77.28407287597656 14.399993896484375
    vertex -19.258817672729492 -77.28407287597656 19.199995040893555
    vertex -18.999998092651367 -77.25 23.999998092651367
  endloop
endfacet
facet normal 0.0 0.0 0.0
  outer loop
    vertex -19.258817672729492 -77.28407287597656 14.399993896484375
    vertex -18.999998092651367 -77.25 23.999998092651367
    vertex -18.999998092651367 -77.25 1.9073486328125e-06
  endloop
endfacet
facet normal 0.0 0.0 0.0
  outer loop
    vertex -19.499998092651367 -77.38397216796875 23.999998092651367
    vertex -19.258817672729492 -77.28407287597656 23.999998092651367
    vertex -19.258817672729492 -77.28407287597656 19.199995040893555
  endloop
endfacet
facet normal 0.0 0.0 0.0
  outer loop
    vertex -19.258817672729492 -77.28407287597656 19.199995040893555
    vertex -19.258817672729492 -77.28407287597656 23.999998092651367
    vertex -18.999998092651367 -77.25 23.999998092651367
  endloop
endfacet
facet normal 0.0 0.0 0.0
  outer loop
    vertex -19.258817672729492 -77.28407287597656 9.599998474121094
    vertex -19.258817672729492 -77.28407287597656 4.799996852874756
    vertex -19.499998092651367 -77.38397216796875 9.599998474121094
  endloop
endfacet
facet normal 0.0 0.0 0.0
  outer loop
    vertex -19.499998092651367 -77.38397216796875 9.599998474121094
    vertex -19.258817672729492 -77.28407287597656 4.799996852874756
    vertex -19.499998092651367 -77.38397216796875 4.799996852874756
  endloop
endfacet
facet normal 0.0 0.0 0.0
  outer loop
    vertex -19.499998092651367 -77.38397216796875 9.599998474121094
    vertex -19.499998092651367 -77.38397216796875 4.799996852874756
    vertex -19.70710563659668 -77.54289245605469 9.599998474121094
  endloop
endfacet
facet normal 0.0 0.0 0.0
  outer loop
    vertex -19.70710563659668 -77.54289245605469 9.599998474121094
    vertex -19.499998092651367 -77.38397216796875 4.799996852874756
    vertex -19.70710563659668 -77.54289245605469 4.799996852874756
  endloop
endfacet
facet normal 0.0 0.0 0.0
  outer loop
    vertex -19.70710563659668 -77.54289245605469 9.599998474121094
    vertex -19.70710563659668 -77.54289245605469 4.799996852874756
    vertex -19.866024017333984 -77.75 9.599998474121094
  endloop
endfacet
facet normal 0.0 0.0 0.0
  outer loop
    vertex -19.258817672729492 -77.28407287597656 9.599998474121094
    vertex -19.499998092651367 -77.38397216796875 9.599998474121094
    vertex -19.499998092651367 -77.38397216796875 14.399993896484375
  endloop
endfacet
facet normal 0.0 0.0 0.0
  outer loop
    vertex -19.499998092651367 -77.38397216796875 14.399993896484375
    vertex -19.499998092651367 -77.38397216796875 9.599998474121094
    vertex -19.70710563659668 -77.54289245605469 14.399993896484375
  endloop
endfacet
facet normal 0.0 0.0 0.0
  outer loop
    vertex -19.499998092651367 -77.38397216796875 14.399993896484375
    vertex -19.70710563659668 -77.54289245605469 14.399993896484375
    vertex -19.70710563659668 -77.54289245605469 19.199995040893555
  endloop
endfacet
facet normal 0.0 0.0 0.0
  outer loop
    vertex -19.70710563659668 -77.54289245605469 19.199995040893555
    vertex -19.70710563659668 -77.54289245605469 14.399993896484375
    vertex -19.866024017333984 -77.75 19.199995040893555
  endloop
endfacet
facet normal 0.0 0.0 0.0
  outer loop
    vertex -19.70710563659668 -77.54289245605469 14.399993896484375
    vertex -19.499998092651367 -77.38397216796875 9.599998474121094
    vertex -19.70710563659668 -77.54289245605469 9.599998474121094
  endloop
endfacet
facet normal 0.0 0.0 0.0
  outer loop
    vertex -19.70710563659668 -77.54289245605469 14.399993896484375
    vertex -19.70710563659668 -77.54289245605469 9.599998474121094
    vertex -19.866024017333984 -77.75 14.399993896484375
  endloop
endfacet
facet normal 0.0 0.0 0.0
  outer loop
    vertex -19.866024017333984 -77.75 14.399993896484375
    vertex -19.70710563659668 -77.54289245605469 9.599998474121094
    vertex -19.866024017333984 -77.75 9.599998474121094
  endloop
endfacet
facet normal 0.0 0.0 0.0
  outer loop
    vertex -19.866024017333984 -77.75 14.399993896484375
    vertex -19.866024017333984 -77.75 9.599998474121094
    vertex -19.965923309326172 -77.99118041992188 14.399993896484375
  endloop
endfacet
facet normal 0.0 0.0 0.0
  outer loop
    vertex -19.965923309326172 -77.99118041992188 19.199995040893555
    vertex -19.866024017333984 -77.75 19.199995040893555
    vertex -19.866024017333984 -77.75 14.399993896484375
  endloop
endfacet
facet normal 0.0 0.0 0.0
  outer loop
    vertex -19.866024017333984 -77.75 14.399993896484375
    vertex -19.866024017333984 -77.75 19.199995040893555
    vertex -19.70710563659668 -77.54289245605469 14.399993896484375
  endloop
endfacet
facet normal 0.0 0.0 0.0
  outer loop
    vertex -19.965923309326172 -77.99118041992188 19.199995040893555
    vertex -19.866024017333984 -77.75 14.399993896484375
    vertex -19.965923309326172 -77.99118041992188 14.399993896484375
  endloop
endfacet
facet normal 0.0 0.0 0.0
  outer loop
    vertex -19.999998092651367 -78.25 23.999998092651367
    vertex -19.999998092651367 -79.25 23.999998092651367
    vertex -19.965923309326172 -78.25 24.25881004333496
  endloop
endfacet
facet normal 0.0 0.0 0.0
  outer loop
    vertex -19.965923309326172 -78.25 24.25881004333496
    vertex -19.999998092651367 -79.25 23.999998092651367
    vertex -19.965923309326172 -79.25 24.25881004333496
  endloop
endfacet
facet normal 0.0 0.0 0.0
  outer loop
    vertex -19.965923309326172 -78.25 24.25881004333496
    vertex -19.965923309326172 -79.25 24.25881004333496
    vertex -19.866024017333984 -78.25 24.499998092651367
  endloop
endfacet
facet normal 0.0 0.0 0.0
  outer loop
    vertex -19.866024017333984 -78.25 24.499998092651367
    vertex -19.965923309326172 -79.25 24.25881004333496
    vertex -19.866024017333984 -79.25 24.499998092651367
  endloop
endfacet
facet normal 0.0 0.0 0.0
  outer loop
    vertex -19.866024017333984 -78.25 24.499998092651367
    vertex -19.866024017333984 -79.25 24.499998092651367
    vertex -19.70710563659668 -78.25 24.70709800720215
  endloop
endfacet
facet normal 0.0 0.0 0.0
  outer loop
    vertex -19.70710563659668 -78.25 24.70709800720215
    vertex -19.866024017333984 -79.25 24.499998092651367
    vertex -19.70710563659668 -79.25 24.70709800720215
  endloop
endfacet
facet normal 0.0 0.0 0.0
  outer loop
    vertex -19.70710563659668 -78.25 24.70709800720215
    vertex -19.70710563659668 -79.25 24.70709800720215
    vertex -19.499998092651367 -78.25 24.866018295288086
  endloop
endfacet
facet normal 0.0 0.0 0.0
  outer loop
    vertex -19.499998092651367 -78.25 24.866018295288086
    vertex -19.70710563659668 -79.25 24.70709800720215
    vertex -19.499998092651367 -79.25 24.866018295288086
  endloop
endfacet
facet normal 0.0 0.0 0.0
  outer loop
    vertex -19.499998092651367 -78.25 24.866018295288086
    vertex -19.499998092651367 -79.25 24.866018295288086
    vertex -19.258817672729492 -78.25 24.965917587280273
  endloop
endfacet
facet normal 0.0 0.0 0.0
  outer loop
    vertex -19.258817672729492 -78.25 24.965917587280273
    vertex -19.499998092651367 -79.25 24.866018295288086
    vertex -19.258817672729492 -79.25 24.965917587280273
  endloop
endfacet
facet normal 0.0 0.0 0.0
  outer loop
    vertex -19.258817672729492 -78.25 24.965917587280273
    vertex -19.258817672729492 -79.25 24.965917587280273
    vertex -18.999998092651367 -78.25 24.999998092651367
  endloop
endfacet
facet normal 0.0 0.0 0.0
  outer loop
    vertex -18.999998092651367 -78.25 24.999998092651367
    vertex -19.258817672729492 -79.25 24.965917587280273
    vertex -18.999998092651367 -79.25 24.999998092651367
  endloop
endfacet
facet normal 0.0 0.0 0.0
  outer loop
    vertex 19.258817672729492 -78.25 24.965917587280273
    vertex 19.22587013244629 -78.1579360961914 24.96979331970215
    vertex 18.999998092651367 -78.25 24.999998092651367
  endloop
endfacet
facet normal 0.0 0.0 0.0
  outer loop
    vertex 18.999998092651367 -78.25 24.999998092651367
    vertex 19.22587013244629 -78.1579360961914 24.96979331970215
    vertex 19.09206199645996 -78.02413177490234 24.96979331970215
  endloop
endfacet
facet normal 0.0 0.0 0.0
  outer loop
    vertex 18.999998092651367 -78.25 24.999998092651367
    vertex 19.09206199645996 -78.02413177490234 24.96979331970215
    vertex 18.999998092651367 -77.99118041992188 24.965917587280273
  endloop
endfacet
facet normal 0.0 0.0 0.0
  outer loop
    vertex 18.999998092651367 -77.99118041992188 24.965917587280273
    vertex 19.09206199645996 -78.02413177490234 24.96979331970215
    vertex 19.233407974243164 -77.85920715332031 24.8903865814209
  endloop
endfacet
facet normal 0.0 0.0 0.0
  outer loop
    vertex 18.999998092651367 -77.99118041992188 24.965917587280273
    vertex 19.233407974243164 -77.85920715332031 24.8903865814209
    vertex 19.048856735229492 -77.73902893066406 24.858205795288086
  endloop
endfacet
facet normal 0.0 0.0 0.0
  outer loop
    vertex 19.048856735229492 -77.73902893066406 24.858205795288086
    vertex 19.233407974243164 -77.85920715332031 24.8903865814209
    vertex 19.36227035522461 -77.71519470214844 24.763364791870117
  endloop
endfacet
facet normal 0.0 0.0 0.0
  outer loop
    vertex 19.048856735229492 -77.73902893066406 24.858205795288086
    vertex 19.36227035522461 -77.71519470214844 24.763364791870117
    vertex 19.15994644165039 -77.58343505859375 24.728078842163086
  endloop
endfacet
facet normal 0.0 0.0 0.0
  outer loop
    vertex 19.15994644165039 -77.58343505859375 24.728078842163086
    vertex 19.36227035522461 -77.71519470214844 24.763364791870117
    vertex 19.471757888793945 -77.59977722167969 24.595518112182617
  endloop
endfacet
facet normal 0.0 0.0 0.0
  outer loop
    vertex 19.15994644165039 -77.58343505859375 24.728078842163086
    vertex 19.471757888793945 -77.59977722167969 24.595518112182617
    vertex 19.262483596801758 -77.46349334716797 24.559019088745117
  endloop
endfacet
facet normal 0.0 0.0 0.0
  outer loop
    vertex 19.262483596801758 -77.46349334716797 24.559019088745117
    vertex 19.471757888793945 -77.59977722167969 24.595518112182617
    vertex 19.556015014648438 -77.51913452148438 24.39581871032715
  endloop
endfacet
facet normal 0.0 0.0 0.0
  outer loop
    vertex 19.262483596801758 -77.46349334716797 24.559019088745117
    vertex 19.556015014648438 -77.51913452148438 24.39581871032715
    vertex 19.350980758666992 -77.38561248779297 24.36005973815918
  endloop
endfacet
facet normal 0.0 0.0 0.0
  outer loop
    vertex 19.350980758666992 -77.38561248779297 24.36005973815918
    vertex 19.556015014648438 -77.51913452148438 24.39581871032715
    vertex 19.610536575317383 -77.47757720947266 24.174955368041992
  endloop
endfacet
facet normal 0.0 0.0 0.0
  outer loop
    vertex 19.350980758666992 -77.38561248779297 24.36005973815918
    vertex 19.610536575317383 -77.47757720947266 24.174955368041992
    vertex 19.42070770263672 -77.35396575927734 24.141843795776367
  endloop
endfacet
facet normal 0.0 0.0 0.0
  outer loop
    vertex 19.42070770263672 -77.35396575927734 24.141843795776367
    vertex 19.610536575317383 -77.47757720947266 24.174955368041992
    vertex 19.499998092651367 -77.38397216796875 23.999998092651367
  endloop
endfacet
facet normal 0.0 0.0 0.0
  outer loop
    vertex 19.42070770263672 -77.35396575927734 24.141843795776367
    vertex 19.499998092651367 -77.38397216796875 23.999998092651367
    vertex 19.258817672729492 -77.28407287597656 23.999998092651367
  endloop
endfacet
facet normal 0.0 0.0 0.0
  outer loop
    vertex 19.499998092651367 -78.25 24.866018295288086
    vertex 19.510967254638672 -78.20114135742188 24.858205795288086
    vertex 19.258817672729492 -78.25 24.965917587280273
  endloop
endfacet
facet normal 0.0 0.0 0.0
  outer loop
    vertex 19.258817672729492 -78.25 24.965917587280273
    vertex 19.510967254638672 -78.20114135742188 24.858205795288086
    vertex 19.390789031982422 -78.01659393310547 24.8903865814209
  endloop
endfacet
facet normal 0.0 0.0 0.0
  outer loop
    vertex 19.258817672729492 -78.25 24.965917587280273
    vertex 19.390789031982422 -78.01659393310547 24.8903865814209
    vertex 19.22587013244629 -78.1579360961914 24.96979331970215
  endloop
endfacet
facet normal 0.0 0.0 0.0
  outer loop
    vertex 19.22587013244629 -78.1579360961914 24.96979331970215
    vertex 19.390789031982422 -78.01659393310547 24.8903865814209
    vertex 19.09206199645996 -78.02413177490234 24.96979331970215
  endloop
endfacet
facet normal 0.0 0.0 0.0
  outer loop
    vertex 19.499998092651367 -78.25 24.866018295288086
    vertex 19.70710563659668 -78.25 24.70709800720215
    vertex 19.510967254638672 -78.20114135742188 24.858205795288086
  endloop
endfacet
facet normal 0.0 0.0 0.0
  outer loop
    vertex 19.510967254638672 -78.20114135742188 24.858205795288086
    vertex 19.70710563659668 -78.25 24.70709800720215
    vertex 19.66655921936035 -78.09004974365234 24.728078842163086
  endloop
endfacet
facet normal 0.0 0.0 0.0
  outer loop
    vertex 19.510967254638672 -78.20114135742188 24.858205795288086
    vertex 19.66655921936035 -78.09004974365234 24.728078842163086
    vertex 19.390789031982422 -78.01659393310547 24.8903865814209
  endloop
endfacet
facet normal 0.0 0.0 0.0
  outer loop
    vertex 19.390789031982422 -78.01659393310547 24.8903865814209
    vertex 19.66655921936035 -78.09004974365234 24.728078842163086
    vertex 19.534807205200195 -77.88772583007812 24.763364791870117
  endloop
endfacet
facet normal 0.0 0.0 0.0
  outer loop
    vertex 19.390789031982422 -78.01659393310547 24.8903865814209
    vertex 19.534807205200195 -77.88772583007812 24.763364791870117
    vertex 19.233407974243164 -77.85920715332031 24.8903865814209
  endloop
endfacet
facet normal 0.0 0.0 0.0
  outer loop
    vertex 19.233407974243164 -77.85920715332031 24.8903865814209
    vertex 19.534807205200195 -77.88772583007812 24.763364791870117
    vertex 19.36227035522461 -77.71519470214844 24.763364791870117
  endloop
endfacet
facet normal 0.0 0.0 0.0
  outer loop
    vertex 19.66655921936035 -78.09004974365234 24.728078842163086
    vertex 19.70710563659668 -78.25 24.70709800720215
    vertex 19.87190818786621 -78.2142562866211 24.48835563659668
  endloop
endfacet
facet normal 0.0 0.0 0.0
  outer loop
    vertex 19.87190818786621 -78.2142562866211 24.48835563659668
    vertex 19.70710563659668 -78.25 24.70709800720215
    vertex 19.866024017333984 -78.25 24.499998092651367
  endloop
endfacet
facet normal 0.0 0.0 0.0
  outer loop
    vertex 19.87190818786621 -78.2142562866211 24.48835563659668
    vertex 19.866024017333984 -78.25 24.499998092651367
    vertex 19.965923309326172 -78.25 24.25881004333496
  endloop
endfacet
facet normal 0.0 0.0 0.0
  outer loop
    vertex 19.999998092651367 -78.25 23.999998092651367
    vertex 19.9735050201416 -78.03496551513672 24.077749252319336
    vertex 19.965923309326172 -78.25 24.25881004333496
  endloop
endfacet
facet normal 0.0 0.0 0.0
  outer loop
    vertex 19.965923309326172 -78.25 24.25881004333496
    vertex 19.9735050201416 -78.03496551513672 24.077749252319336
    vertex 19.94805908203125 -78.12116241455078 24.290822982788086
  endloop
endfacet
facet normal 0.0 0.0 0.0
  outer loop
    vertex 19.965923309326172 -78.25 24.25881004333496
    vertex 19.94805908203125 -78.12116241455078 24.290822982788086
    vertex 19.87190818786621 -78.2142562866211 24.48835563659668
  endloop
endfacet
facet normal 0.0 0.0 0.0
  outer loop
    vertex 19.87190818786621 -78.2142562866211 24.48835563659668
    vertex 19.94805908203125 -78.12116241455078 24.290822982788086
    vertex 19.786502838134766 -77.98751831054688 24.559019088745117
  endloop
endfacet
facet normal 0.0 0.0 0.0
  outer loop
    vertex 19.87190818786621 -78.2142562866211 24.48835563659668
    vertex 19.786502838134766 -77.98751831054688 24.559019088745117
    vertex 19.66655921936035 -78.09004974365234 24.728078842163086
  endloop
endfacet
facet normal 0.0 0.0 0.0
  outer loop
    vertex 19.66655921936035 -78.09004974365234 24.728078842163086
    vertex 19.786502838134766 -77.98751831054688 24.559019088745117
    vertex 19.534807205200195 -77.88772583007812 24.763364791870117
  endloop
endfacet
facet normal 0.0 0.0 0.0
  outer loop
    vertex 19.999998092651367 -78.25 23.999998092651367
    vertex 19.965923309326172 -77.99118041992188 23.999998092651367
    vertex 19.9735050201416 -78.03496551513672 24.077749252319336
  endloop
endfacet
facet normal 0.0 0.0 0.0
  outer loop
    vertex 19.9735050201416 -78.03496551513672 24.077749252319336
    vertex 19.965923309326172 -77.99118041992188 23.999998092651367
    vertex 19.896034240722656 -77.82929229736328 24.141843795776367
  endloop
endfacet
facet normal 0.0 0.0 0.0
  outer loop
    vertex 19.9735050201416 -78.03496551513672 24.077749252319336
    vertex 19.896034240722656 -77.82929229736328 24.141843795776367
    vertex 19.864383697509766 -77.89901733398438 24.36005973815918
  endloop
endfacet
facet normal 0.0 0.0 0.0
  outer loop
    vertex 19.864383697509766 -77.89901733398438 24.36005973815918
    vertex 19.896034240722656 -77.82929229736328 24.141843795776367
    vertex 19.730865478515625 -77.69398498535156 24.39581871032715
  endloop
endfacet
facet normal 0.0 0.0 0.0
  outer loop
    vertex 19.864383697509766 -77.89901733398438 24.36005973815918
    vertex 19.730865478515625 -77.69398498535156 24.39581871032715
    vertex 19.650222778320312 -77.77824401855469 24.595518112182617
  endloop
endfacet
facet normal 0.0 0.0 0.0
  outer loop
    vertex 19.650222778320312 -77.77824401855469 24.595518112182617
    vertex 19.730865478515625 -77.69398498535156 24.39581871032715
    vertex 19.471757888793945 -77.59977722167969 24.595518112182617
  endloop
endfacet
facet normal 0.0 0.0 0.0
  outer loop
    vertex 19.650222778320312 -77.77824401855469 24.595518112182617
    vertex 19.471757888793945 -77.59977722167969 24.595518112182617
    vertex 19.36227035522461 -77.71519470214844 24.763364791870117
  endloop
endfacet
facet normal 0.0 0.0 0.0
  outer loop
    vertex 19.965923309326172 -77.99118041992188 23.999998092651367
    vertex 19.866024017333984 -77.75 23.999998092651367
    vertex 19.896034240722656 -77.82929229736328 24.141843795776367
  endloop
endfacet
facet normal 0.0 0.0 0.0
  outer loop
    vertex 19.896034240722656 -77.82929229736328 24.141843795776367
    vertex 19.866024017333984 -77.75 23.999998092651367
    vertex 19.772418975830078 -77.63946533203125 24.174955368041992
  endloop
endfacet
facet normal 0.0 0.0 0.0
  outer loop
    vertex 19.896034240722656 -77.82929229736328 24.141843795776367
    vertex 19.772418975830078 -77.63946533203125 24.174955368041992
    vertex 19.730865478515625 -77.69398498535156 24.39581871032715
  endloop
endfacet
facet normal 0.0 0.0 0.0
  outer loop
    vertex 19.730865478515625 -77.69398498535156 24.39581871032715
    vertex 19.772418975830078 -77.63946533203125 24.174955368041992
    vertex 19.556015014648438 -77.51913452148438 24.39581871032715
  endloop
endfacet
facet normal 0.0 0.0 0.0
  outer loop
    vertex 19.730865478515625 -77.69398498535156 24.39581871032715
    vertex 19.556015014648438 -77.51913452148438 24.39581871032715
    vertex 19.471757888793945 -77.59977722167969 24.595518112182617
  endloop
endfacet
facet normal 0.0 0.0 0.0
  outer loop
    vertex 19.866024017333984 -77.75 23.999998092651367
    vertex 19.70710563659668 -77.54289245605469 23.999998092651367
    vertex 19.772418975830078 -77.63946533203125 24.174955368041992
  endloop
endfacet
facet normal 0.0 0.0 0.0
  outer loop
    vertex 19.772418975830078 -77.63946533203125 24.174955368041992
    vertex 19.70710563659668 -77.54289245605469 23.999998092651367
    vertex 19.610536575317383 -77.47757720947266 24.174955368041992
  endloop
endfacet
facet normal 0.0 0.0 0.0
  outer loop
    vertex 19.772418975830078 -77.63946533203125 24.174955368041992
    vertex 19.610536575317383 -77.47757720947266 24.174955368041992
    vertex 19.556015014648438 -77.51913452148438 24.39581871032715
  endloop
endfacet
facet normal 0.0 0.0 0.0
  outer loop
    vertex 19.70710563659668 -77.54289245605469 23.999998092651367
    vertex 19.499998092651367 -77.38397216796875 23.999998092651367
    vertex 19.610536575317383 -77.47757720947266 24.174955368041992
  endloop
endfacet
facet normal 0.0 0.0 0.0
  outer loop
    vertex 19.42070770263672 -77.35396575927734 24.141843795776367
    vertex 19.258817672729492 -77.28407287597656 23.999998092651367
    vertex 19.21503448486328 -77.27649688720703 24.077749252319336
  endloop
endfacet
facet normal 0.0 0.0 0.0
  outer loop
    vertex 19.21503448486328 -77.27649688720703 24.077749252319336
    vertex 19.258817672729492 -77.28407287597656 23.999998092651367
    vertex 18.999998092651367 -77.25 23.999998092651367
  endloop
endfacet
facet normal 0.0 0.0 0.0
  outer loop
    vertex 19.21503448486328 -77.27649688720703 24.077749252319336
    vertex 18.999998092651367 -77.25 23.999998092651367
    vertex 18.999998092651367 -77.28407287597656 24.25881004333496
  endloop
endfacet
facet normal 0.0 0.0 0.0
  outer loop
    vertex 18.999998092651367 -77.38397216796875 24.499998092651367
    vertex 19.03573989868164 -77.37808990478516 24.48835563659668
    vertex 18.999998092651367 -77.28407287597656 24.25881004333496
  endloop
endfacet
facet normal 0.0 0.0 0.0
  outer loop
    vertex 18.999998092651367 -77.28407287597656 24.25881004333496
    vertex 19.03573989868164 -77.37808990478516 24.48835563659668
    vertex 19.12883186340332 -77.30194091796875 24.290822982788086
  endloop
endfacet
facet normal 0.0 0.0 0.0
  outer loop
    vertex 18.999998092651367 -77.28407287597656 24.25881004333496
    vertex 19.12883186340332 -77.30194091796875 24.290822982788086
    vertex 19.21503448486328 -77.27649688720703 24.077749252319336
  endloop
endfacet
facet normal 0.0 0.0 0.0
  outer loop
    vertex 19.21503448486328 -77.27649688720703 24.077749252319336
    vertex 19.12883186340332 -77.30194091796875 24.290822982788086
    vertex 19.42070770263672 -77.35396575927734 24.141843795776367
  endloop
endfacet
facet normal 0.0 0.0 0.0
  outer loop
    vertex 18.999998092651367 -77.38397216796875 24.499998092651367
    vertex 18.999998092651367 -77.54289245605469 24.70709800720215
    vertex 19.03573989868164 -77.37808990478516 24.48835563659668
  endloop
endfacet
facet normal 0.0 0.0 0.0
  outer loop
    vertex 19.03573989868164 -77.37808990478516 24.48835563659668
    vertex 18.999998092651367 -77.54289245605469 24.70709800720215
    vertex 19.262483596801758 -77.46349334716797 24.559019088745117
  endloop
endfacet
facet normal 0.0 0.0 0.0
  outer loop
    vertex 19.03573989868164 -77.37808990478516 24.48835563659668
    vertex 19.262483596801758 -77.46349334716797 24.559019088745117
    vertex 19.350980758666992 -77.38561248779297 24.36005973815918
  endloop
endfacet
facet normal 0.0 0.0 0.0
  outer loop
    vertex 18.999998092651367 -77.75 24.866018295288086
    vertex 19.048856735229492 -77.73902893066406 24.858205795288086
    vertex 18.999998092651367 -77.54289245605469 24.70709800720215
  endloop
endfacet
facet normal 0.0 0.0 0.0
  outer loop
    vertex 18.999998092651367 -77.54289245605469 24.70709800720215
    vertex 19.048856735229492 -77.73902893066406 24.858205795288086
    vertex 19.15994644165039 -77.58343505859375 24.728078842163086
  endloop
endfacet
facet normal 0.0 0.0 0.0
  outer loop
    vertex 18.999998092651367 -77.54289245605469 24.70709800720215
    vertex 19.15994644165039 -77.58343505859375 24.728078842163086
    vertex 19.262483596801758 -77.46349334716797 24.559019088745117
  endloop
endfacet
facet normal 0.0 0.0 0.0
  outer loop
    vertex 18.999998092651367 -77.75 24.866018295288086
    vertex 18.999998092651367 -77.99118041992188 24.965917587280273
    vertex 19.048856735229492 -77.73902893066406 24.858205795288086
  endloop
endfacet
facet normal 0.0 0.0 0.0
  outer loop
    vertex 19.650222778320312 -77.77824401855469 24.595518112182617
    vertex 19.36227035522461 -77.71519470214844 24.763364791870117
    vertex 19.534807205200195 -77.88772583007812 24.763364791870117
  endloop
endfacet
facet normal 0.0 0.0 0.0
  outer loop
    vertex 19.233407974243164 -77.85920715332031 24.8903865814209
    vertex 19.09206199645996 -78.02413177490234 24.96979331970215
    vertex 19.390789031982422 -78.01659393310547 24.8903865814209
  endloop
endfacet
facet normal 0.0 0.0 0.0
  outer loop
    vertex 19.864383697509766 -77.89901733398438 24.36005973815918
    vertex 19.650222778320312 -77.77824401855469 24.595518112182617
    vertex 19.786502838134766 -77.98751831054688 24.559019088745117
  endloop
endfacet
facet normal 0.0 0.0 0.0
  outer loop
    vertex 19.786502838134766 -77.98751831054688 24.559019088745117
    vertex 19.650222778320312 -77.77824401855469 24.595518112182617
    vertex 19.534807205200195 -77.88772583007812 24.763364791870117
  endloop
endfacet
facet normal 0.0 0.0 0.0
  outer loop
    vertex 19.9735050201416 -78.03496551513672 24.077749252319336
    vertex 19.864383697509766 -77.89901733398438 24.36005973815918
    vertex 19.94805908203125 -78.12116241455078 24.290822982788086
  endloop
endfacet
facet normal 0.0 0.0 0.0
  outer loop
    vertex 19.94805908203125 -78.12116241455078 24.290822982788086
    vertex 19.864383697509766 -77.89901733398438 24.36005973815918
    vertex 19.786502838134766 -77.98751831054688 24.559019088745117
  endloop
endfacet
facet normal 0.0 0.0 0.0
  outer loop
    vertex 19.03573989868164 -77.37808990478516 24.48835563659668
    vertex 19.350980758666992 -77.38561248779297 24.36005973815918
    vertex 19.12883186340332 -77.30194091796875 24.290822982788086
  endloop
endfacet
facet normal 0.0 0.0 0.0
  outer loop
    vertex 19.12883186340332 -77.30194091796875 24.290822982788086
    vertex 19.350980758666992 -77.38561248779297 24.36005973815918
    vertex 19.42070770263672 -77.35396575927734 24.141843795776367
  endloop
endfacet
facet normal 0.0 0.0 0.0
  outer loop
    vertex 19.965923309326172 -77.99118041992188 1.9073486328125e-06
    vertex 19.965923309326172 -77.99118041992188 4.799996852874756
    vertex 19.999998092651367 -78.25 1.9073486328125e-06
  endloop
endfacet
facet normal 0.0 0.0 0.0
  outer loop
    vertex 19.999998092651367 -78.25 1.9073486328125e-06
    vertex 19.965923309326172 -77.99118041992188 4.799996852874756
    vertex 19.965923309326172 -77.99118041992188 9.599998474121094
  endloop
endfacet
facet normal 0.0 0.0 0.0
  outer loop
    vertex 19.999998092651367 -78.25 1.9073486328125e-06
    vertex 19.965923309326172 -77.99118041992188 9.599998474121094
    vertex 19.965923309326172 -77.99118041992188 14.399993896484375
  endloop
endfacet
facet normal 0.0 0.0 0.0
  outer loop
    vertex 19.965923309326172 -77.99118041992188 14.399993896484375
    vertex 19.965923309326172 -77.99118041992188 9.599998474121094
    vertex 19.866024017333984 -77.75 14.399993896484375
  endloop
endfacet
facet normal 0.0 0.0 0.0
  outer loop
    vertex 19.965923309326172 -77.99118041992188 14.399993896484375
    vertex 19.866024017333984 -77.75 14.399993896484375
    vertex 19.866024017333984 -77.75 19.199995040893555
  endloop
endfacet
facet normal 0.0 0.0 0.0
  outer loop
    vertex 19.866024017333984 -77.75 19.199995040893555
    vertex 19.866024017333984 -77.75 14.399993896484375
    vertex 19.70710563659668 -77.54289245605469 19.199995040893555
  endloop
endfacet
facet normal 0.0 0.0 0.0
  outer loop
    vertex 19.866024017333984 -77.75 19.199995040893555
    vertex 19.70710563659668 -77.54289245605469 19.199995040893555
    vertex 19.70710563659668 -77.54289245605469 23.999998092651367
  endloop
endfacet
facet normal 0.0 0.0 0.0
  outer loop
    vertex 19.70710563659668 -77.54289245605469 23.999998092651367
    vertex 19.70710563659668 -77.54289245605469 19.199995040893555
    vertex 19.499998092651367 -77.38397216796875 23.999998092651367
  endloop
endfacet
facet normal 0.0 0.0 0.0
  outer loop
    vertex 19.499998092651367 -77.38397216796875 23.999998092651367
    vertex 19.70710563659668 -77.54289245605469 19.199995040893555
    vertex 19.499998092651367 -77.38397216796875 19.199995040893555
  endloop
endfacet
facet normal 0.0 0.0 0.0
  outer loop
    vertex 19.499998092651367 -77.38397216796875 23.999998092651367
    vertex 19.499998092651367 -77.38397216796875 19.199995040893555
    vertex 19.258817672729492 -77.28407287597656 23.999998092651367
  endloop
endfacet
facet normal 0.0 0.0 0.0
  outer loop
    vertex 19.258817672729492 -77.28407287597656 23.999998092651367
    vertex 19.499998092651367 -77.38397216796875 19.199995040893555
    vertex 19.258817672729492 -77.28407287597656 19.199995040893555
  endloop
endfacet
facet normal 0.0 0.0 0.0
  outer loop
    vertex 19.258817672729492 -77.28407287597656 23.999998092651367
    vertex 19.258817672729492 -77.28407287597656 19.199995040893555
    vertex 18.999998092651367 -77.25 23.999998092651367
  endloop
endfacet
facet normal 0.0 0.0 0.0
  outer loop
    vertex 18.999998092651367 -77.25 23.999998092651367
    vertex 19.258817672729492 -77.28407287597656 19.199995040893555
    vertex 19.258817672729492 -77.28407287597656 14.399993896484375
  endloop
endfacet
facet normal 0.0 0.0 0.0
  outer loop
    vertex 18.999998092651367 -77.25 23.999998092651367
    vertex 19.258817672729492 -77.28407287597656 14.399993896484375
    vertex 19.258817672729492 -77.28407287597656 9.599998474121094
  endloop
endfacet
facet normal 0.0 0.0 0.0
  outer loop
    vertex 19.258817672729492 -77.28407287597656 9.599998474121094
    vertex 19.258817672729492 -77.28407287597656 14.399993896484375
    vertex 19.499998092651367 -77.38397216796875 9.599998474121094
  endloop
endfacet
facet normal 0.0 0.0 0.0
  outer loop
    vertex 19.258817672729492 -77.28407287597656 9.599998474121094
    vertex 19.499998092651367 -77.38397216796875 9.599998474121094
    vertex 19.499998092651367 -77.38397216796875 4.799996852874756
  endloop
endfacet
facet normal 0.0 0.0 0.0
  outer loop
    vertex 19.499998092651367 -77.38397216796875 4.799996852874756
    vertex 19.499998092651367 -77.38397216796875 9.599998474121094
    vertex 19.70710563659668 -77.54289245605469 4.799996852874756
  endloop
endfacet
facet normal 0.0 0.0 0.0
  outer loop
    vertex 19.499998092651367 -77.38397216796875 4.799996852874756
    vertex 19.70710563659668 -77.54289245605469 4.799996852874756
    vertex 19.70710563659668 -77.54289245605469 1.9073486328125e-06
  endloop
endfacet
facet normal 0.0 0.0 0.0
  outer loop
    vertex 19.70710563659668 -77.54289245605469 1.9073486328125e-06
    vertex 19.70710563659668 -77.54289245605469 4.799996852874756
    vertex 19.866024017333984 -77.75 1.9073486328125e-06
  endloop
endfacet
facet normal 0.0 0.0 0.0
  outer loop
    vertex 19.866024017333984 -77.75 1.9073486328125e-06
    vertex 19.70710563659668 -77.54289245605469 4.799996852874756
    vertex 19.866024017333984 -77.75 4.799996852874756
  endloop
endfacet
facet normal 0.0 0.0 0.0
  outer loop
    vertex 19.866024017333984 -77.75 1.9073486328125e-06
    vertex 19.866024017333984 -77.75 4.799996852874756
    vertex 19.965923309326172 -77.99118041992188 1.9073486328125e-06
  endloop
endfacet
facet normal 0.0 0.0 0.0
  outer loop
    vertex 19.965923309326172 -77.99118041992188 1.9073486328125e-06
    vertex 19.866024017333984 -77.75 4.799996852874756
    vertex 19.965923309326172 -77.99118041992188 4.799996852874756
  endloop
endfacet
facet normal 0.0 0.0 0.0
  outer loop
    vertex 19.70710563659668 -77.54289245605469 1.9073486328125e-06
    vertex 19.499998092651367 -77.38397216796875 1.9073486328125e-06
    vertex 19.499998092651367 -77.38397216796875 4.799996852874756
  endloop
endfacet
facet normal 0.0 0.0 0.0
  outer loop
    vertex 19.499998092651367 -77.38397216796875 4.799996852874756
    vertex 19.499998092651367 -77.38397216796875 1.9073486328125e-06
    vertex 19.258817672729492 -77.28407287597656 4.799996852874756
  endloop
endfacet
facet normal 0.0 0.0 0.0
  outer loop
    vertex 19.499998092651367 -77.38397216796875 4.799996852874756
    vertex 19.258817672729492 -77.28407287597656 4.799996852874756
    vertex 19.258817672729492 -77.28407287597656 9.599998474121094
  endloop
endfacet
facet normal 0.0 0.0 0.0
  outer loop
    vertex 19.258817672729492 -77.28407287597656 9.599998474121094
    vertex 19.258817672729492 -77.28407287597656 4.799996852874756
    vertex 18.999998092651367 -77.25 1.9073486328125e-06
  endloop
endfacet
facet normal 0.0 0.0 0.0
  outer loop
    vertex 19.258817672729492 -77.28407287597656 9.599998474121094
    vertex 18.999998092651367 -77.25 1.9073486328125e-06
    vertex 18.999998092651367 -77.25 23.999998092651367
  endloop
endfacet
facet normal 0.0 0.0 0.0
  outer loop
    vertex 19.499998092651367 -77.38397216796875 1.9073486328125e-06
    vertex 19.258817672729492 -77.28407287597656 1.9073486328125e-06
    vertex 19.258817672729492 -77.28407287597656 4.799996852874756
  endloop
endfacet
facet normal 0.0 0.0 0.0
  outer loop
    vertex 19.258817672729492 -77.28407287597656 4.799996852874756
    vertex 19.258817672729492 -77.28407287597656 1.9073486328125e-06
    vertex 18.999998092651367 -77.25 1.9073486328125e-06
  endloop
endfacet
facet normal 0.0 0.0 0.0
  outer loop
    vertex 19.70710563659668 -77.54289245605469 23.999998092651367
    vertex 19.866024017333984 -77.75 23.999998092651367
    vertex 19.866024017333984 -77.75 19.199995040893555
  endloop
endfacet
facet normal 0.0 0.0 0.0
  outer loop
    vertex 19.866024017333984 -77.75 19.199995040893555
    vertex 19.866024017333984 -77.75 23.999998092651367
    vertex 19.965923309326172 -77.99118041992188 19.199995040893555
  endloop
endfacet
facet normal 0.0 0.0 0.0
  outer loop
    vertex 19.866024017333984 -77.75 19.199995040893555
    vertex 19.965923309326172 -77.99118041992188 19.199995040893555
    vertex 19.965923309326172 -77.99118041992188 14.399993896484375
  endloop
endfacet
facet normal 0.0 0.0 0.0
  outer loop
    vertex 19.965923309326172 -77.99118041992188 14.399993896484375
    vertex 19.965923309326172 -77.99118041992188 19.199995040893555
    vertex 19.999998092651367 -78.25 23.999998092651367
  endloop
endfacet
facet normal 0.0 0.0 0.0
  outer loop
    vertex 19.965923309326172 -77.99118041992188 14.399993896484375
    vertex 19.999998092651367 -78.25 23.999998092651367
    vertex 19.999998092651367 -78.25 1.9073486328125e-06
  endloop
endfacet
facet normal 0.0 0.0 0.0
  outer loop
    vertex 19.866024017333984 -77.75 23.999998092651367
    vertex 19.965923309326172 -77.99118041992188 23.999998092651367
    vertex 19.965923309326172 -77.99118041992188 19.199995040893555
  endloop
endfacet
facet normal 0.0 0.0 0.0
  outer loop
    vertex 19.965923309326172 -77.99118041992188 19.199995040893555
    vertex 19.965923309326172 -77.99118041992188 23.999998092651367
    vertex 19.999998092651367 -78.25 23.999998092651367
  endloop
endfacet
facet normal 0.0 0.0 0.0
  outer loop
    vertex 19.965923309326172 -77.99118041992188 9.599998474121094
    vertex 19.965923309326172 -77.99118041992188 4.799996852874756
    vertex 19.866024017333984 -77.75 9.599998474121094
  endloop
endfacet
facet normal 0.0 0.0 0.0
  outer loop
    vertex 19.866024017333984 -77.75 9.599998474121094
    vertex 19.965923309326172 -77.99118041992188 4.799996852874756
    vertex 19.866024017333984 -77.75 4.799996852874756
  endloop
endfacet
facet normal 0.0 0.0 0.0
  outer loop
    vertex 19.866024017333984 -77.75 9.599998474121094
    vertex 19.866024017333984 -77.75 4.799996852874756
    vertex 19.70710563659668 -77.54289245605469 9.599998474121094
  endloop
endfacet
facet normal 0.0 0.0 0.0
  outer loop
    vertex 19.70710563659668 -77.54289245605469 9.599998474121094
    vertex 19.866024017333984 -77.75 4.799996852874756
    vertex 19.70710563659668 -77.54289245605469 4.799996852874756
  endloop
endfacet
facet normal 0.0 0.0 0.0
  outer loop
    vertex 19.70710563659668 -77.54289245605469 9.599998474121094
    vertex 19.70710563659668 -77.54289245605469 4.799996852874756
    vertex 19.499998092651367 -77.38397216796875 9.599998474121094
  endloop
endfacet
facet normal 0.0 0.0 0.0
  outer loop
    vertex 19.965923309326172 -77.99118041992188 9.599998474121094
    vertex 19.866024017333984 -77.75 9.599998474121094
    vertex 19.866024017333984 -77.75 14.399993896484375
  endloop
endfacet
facet normal 0.0 0.0 0.0
  outer loop
    vertex 19.866024017333984 -77.75 14.399993896484375
    vertex 19.866024017333984 -77.75 9.599998474121094
    vertex 19.70710563659668 -77.54289245605469 14.399993896484375
  endloop
endfacet
facet normal 0.0 0.0 0.0
  outer loop
    vertex 19.866024017333984 -77.75 14.399993896484375
    vertex 19.70710563659668 -77.54289245605469 14.399993896484375
    vertex 19.70710563659668 -77.54289245605469 19.199995040893555
  endloop
endfacet
facet normal 0.0 0.0 0.0
  outer loop
    vertex 19.70710563659668 -77.54289245605469 19.199995040893555
    vertex 19.70710563659668 -77.54289245605469 14.399993896484375
    vertex 19.499998092651367 -77.38397216796875 19.199995040893555
  endloop
endfacet
facet normal 0.0 0.0 0.0
  outer loop
    vertex 19.70710563659668 -77.54289245605469 14.399993896484375
    vertex 19.866024017333984 -77.75 9.599998474121094
    vertex 19.70710563659668 -77.54289245605469 9.599998474121094
  endloop
endfacet
facet normal 0.0 0.0 0.0
  outer loop
    vertex 19.70710563659668 -77.54289245605469 14.399993896484375
    vertex 19.70710563659668 -77.54289245605469 9.599998474121094
    vertex 19.499998092651367 -77.38397216796875 14.399993896484375
  endloop
endfacet
facet normal 0.0 0.0 0.0
  outer loop
    vertex 19.499998092651367 -77.38397216796875 14.399993896484375
    vertex 19.70710563659668 -77.54289245605469 9.599998474121094
    vertex 19.499998092651367 -77.38397216796875 9.599998474121094
  endloop
endfacet
facet normal 0.0 0.0 0.0
  outer loop
    vertex 19.499998092651367 -77.38397216796875 14.399993896484375
    vertex 19.499998092651367 -77.38397216796875 9.599998474121094
    vertex 19.258817672729492 -77.28407287597656 14.399993896484375
  endloop
endfacet
facet normal 0.0 0.0 0.0
  outer loop
    vertex 19.258817672729492 -77.28407287597656 19.199995040893555
    vertex 19.499998092651367 -77.38397216796875 19.199995040893555
    vertex 19.499998092651367 -77.38397216796875 14.399993896484375
  endloop
endfacet
facet normal 0.0 0.0 0.0
  outer loop
    vertex 19.499998092651367 -77.38397216796875 14.399993896484375
    vertex 19.499998092651367 -77.38397216796875 19.199995040893555
    vertex 19.70710563659668 -77.54289245605469 14.399993896484375
  endloop
endfacet
facet normal 0.0 0.0 0.0
  outer loop
    vertex 19.258817672729492 -77.28407287597656 19.199995040893555
    vertex 19.499998092651367 -77.38397216796875 14.399993896484375
    vertex 19.258817672729492 -77.28407287597656 14.399993896484375
  endloop
endfacet
facet normal 0.0 0.0 0.0
  outer loop
    vertex -18.999998092651367 -77.28407287597656 24.25881004333496
    vertex -13.571427345275879 -77.28407287597656 24.25881004333496
    vertex -18.999998092651367 -77.25 23.999998092651367
  endloop
endfacet
facet normal 0.0 0.0 0.0
  outer loop
    vertex -18.999998092651367 -77.25 23.999998092651367
    vertex -13.571427345275879 -77.28407287597656 24.25881004333496
    vertex -8.142857551574707 -77.28407287597656 24.25881004333496
  endloop
endfacet
facet normal 0.0 0.0 0.0
  outer loop
    vertex -18.999998092651367 -77.25 23.999998092651367
    vertex -8.142857551574707 -77.28407287597656 24.25881004333496
    vertex -2.7142858505249023 -77.28407287597656 24.25881004333496
  endloop
endfacet
facet normal 0.0 0.0 0.0
  outer loop
    vertex -2.7142858505249023 -77.28407287597656 24.25881004333496
    vertex -8.142857551574707 -77.28407287597656 24.25881004333496
    vertex -2.7142858505249023 -77.38397216796875 24.499998092651367
  endloop
endfacet
facet normal 0.0 0.0 0.0
  outer loop
    vertex -2.7142858505249023 -77.28407287597656 24.25881004333496
    vertex -2.7142858505249023 -77.38397216796875 24.499998092651367
    vertex 2.714284896850586 -77.38397216796875 24.499998092651367
  endloop
endfacet
facet normal 0.0 0.0 0.0
  outer loop
    vertex 2.714284896850586 -77.38397216796875 24.499998092651367
    vertex -2.7142858505249023 -77.38397216796875 24.499998092651367
    vertex 2.714284896850586 -77.54289245605469 24.70709800720215
  endloop
endfacet
facet normal 0.0 0.0 0.0
  outer loop
    vertex 2.714284896850586 -77.38397216796875 24.499998092651367
    vertex 2.714284896850586 -77.54289245605469 24.70709800720215
    vertex 8.142855644226074 -77.54289245605469 24.70709800720215
  endloop
endfacet
facet normal 0.0 0.0 0.0
  outer loop
    vertex 8.142855644226074 -77.54289245605469 24.70709800720215
    vertex 2.714284896850586 -77.54289245605469 24.70709800720215
    vertex 8.142855644226074 -77.75 24.866018295288086
  endloop
endfacet
facet normal 0.0 0.0 0.0
  outer loop
    vertex 8.142855644226074 -77.54289245605469 24.70709800720215
    vertex 8.142855644226074 -77.75 24.866018295288086
    vertex 13.571425437927246 -77.75 24.866018295288086
  endloop
endfacet
facet normal 0.0 0.0 0.0
  outer loop
    vertex 13.571425437927246 -77.75 24.866018295288086
    vertex 8.142855644226074 -77.75 24.866018295288086
    vertex 13.571425437927246 -77.99118041992188 24.965917587280273
  endloop
endfacet
facet normal 0.0 0.0 0.0
  outer loop
    vertex 13.571425437927246 -77.75 24.866018295288086
    vertex 13.571425437927246 -77.99118041992188 24.965917587280273
    vertex 18.999998092651367 -77.99118041992188 24.965917587280273
  endloop
endfacet
facet normal 0.0 0.0 0.0
  outer loop
    vertex 18.999998092651367 -77.99118041992188 24.965917587280273
    vertex 13.571425437927246 -77.99118041992188 24.965917587280273
    vertex 18.999998092651367 -78.25 24.999998092651367
  endloop
endfacet
facet normal 0.0 0.0 0.0
  outer loop
    vertex 18.999998092651367 -78.25 24.999998092651367
    vertex 13.571425437927246 -77.99118041992188 24.965917587280273
    vertex 8.142855644226074 -77.99118041992188 24.965917587280273
  endloop
endfacet
facet normal 0.0 0.0 0.0
  outer loop
    vertex 18.999998092651367 -78.25 24.999998092651367
    vertex 8.142855644226074 -77.99118041992188 24.965917587280273
    vertex 2.714284896850586 -77.99118041992188 24.965917587280273
  endloop
endfacet
facet normal 0.0 0.0 0.0
  outer loop
    vertex 2.714284896850586 -77.99118041992188 24.965917587280273
    vertex 8.142855644226074 -77.99118041992188 24.965917587280273
    vertex 2.714284896850586 -77.75 24.866018295288086
  endloop
endfacet
facet normal 0.0 0.0 0.0
  outer loop
    vertex 2.714284896850586 -77.99118041992188 24.965917587280273
    vertex 2.714284896850586 -77.75 24.866018295288086
    vertex -2.7142858505249023 -77.75 24.866018295288086
  endloop
endfacet
facet normal 0.0 0.0 0.0
  outer loop
    vertex -2.7142858505249023 -77.75 24.866018295288086
    vertex 2.714284896850586 -77.75 24.866018295288086
    vertex -2.7142858505249023 -77.54289245605469 24.70709800720215
  endloop
endfacet
facet normal 0.0 0.0 0.0
  outer loop
    vertex -2.7142858505249023 -77.75 24.866018295288086
    vertex -2.7142858505249023 -77.54289245605469 24.70709800720215
    vertex -8.142857551574707 -77.54289245605469 24.70709800720215
  endloop
endfacet
facet normal 0.0 0.0 0.0
  outer loop
    vertex -8.142857551574707 -77.54289245605469 24.70709800720215
    vertex -2.7142858505249023 -77.54289245605469 24.70709800720215
    vertex -8.142857551574707 -77.38397216796875 24.499998092651367
  endloop
endfacet
facet normal 0.0 0.0 0.0
  outer loop
    vertex -8.142857551574707 -77.54289245605469 24.70709800720215
    vertex -8.142857551574707 -77.38397216796875 24.499998092651367
    vertex -13.571427345275879 -77.38397216796875 24.499998092651367
  endloop
endfacet
facet normal 0.0 0.0 0.0
  outer loop
    vertex -13.571427345275879 -77.38397216796875 24.499998092651367
    vertex -8.142857551574707 -77.38397216796875 24.499998092651367
    vertex -13.571427345275879 -77.28407287597656 24.25881004333496
  endloop
endfacet
facet normal 0.0 0.0 0.0
  outer loop
    vertex -13.571427345275879 -77.38397216796875 24.499998092651367
    vertex -13.571427345275879 -77.28407287597656 24.25881004333496
    vertex -18.999998092651367 -77.28407287597656 24.25881004333496
  endloop
endfacet
facet normal 0.0 0.0 0.0
  outer loop
    vertex -18.999998092651367 -77.28407287597656 24.25881004333496
    vertex -18.999998092651367 -77.38397216796875 24.499998092651367
    vertex -13.571427345275879 -77.38397216796875 24.499998092651367
  endloop
endfacet
facet normal 0.0 0.0 0.0
  outer loop
    vertex -13.571427345275879 -77.38397216796875 24.499998092651367
    vertex -18.999998092651367 -77.38397216796875 24.499998092651367
    vertex -13.571427345275879 -77.54289245605469 24.70709800720215
  endloop
endfacet
facet normal 0.0 0.0 0.0
  outer loop
    vertex -13.571427345275879 -77.38397216796875 24.499998092651367
    vertex -13.571427345275879 -77.54289245605469 24.70709800720215
    vertex -8.142857551574707 -77.54289245605469 24.70709800720215
  endloop
endfacet
facet normal 0.0 0.0 0.0
  outer loop
    vertex -8.142857551574707 -77.54289245605469 24.70709800720215
    vertex -13.571427345275879 -77.54289245605469 24.70709800720215
    vertex -8.142857551574707 -77.75 24.866018295288086
  endloop
endfacet
facet normal 0.0 0.0 0.0
  outer loop
    vertex -8.142857551574707 -77.54289245605469 24.70709800720215
    vertex -8.142857551574707 -77.75 24.866018295288086
    vertex -2.7142858505249023 -77.75 24.866018295288086
  endloop
endfacet
facet normal 0.0 0.0 0.0
  outer loop
    vertex -2.7142858505249023 -77.75 24.866018295288086
    vertex -8.142857551574707 -77.75 24.866018295288086
    vertex -2.7142858505249023 -77.99118041992188 24.965917587280273
  endloop
endfacet
facet normal 0.0 0.0 0.0
  outer loop
    vertex -2.7142858505249023 -77.75 24.866018295288086
    vertex -2.7142858505249023 -77.99118041992188 24.965917587280273
    vertex 2.714284896850586 -77.99118041992188 24.965917587280273
  endloop
endfacet
facet normal 0.0 0.0 0.0
  outer loop
    vertex 2.714284896850586 -77.99118041992188 24.965917587280273
    vertex -2.7142858505249023 -77.99118041992188 24.965917587280273
    vertex 18.999998092651367 -78.25 24.999998092651367
  endloop
endfacet
facet normal 0.0 0.0 0.0
  outer loop
    vertex -18.999998092651367 -77.38397216796875 24.499998092651367
    vertex -18.999998092651367 -77.54289245605469 24.70709800720215
    vertex -13.571427345275879 -77.54289245605469 24.70709800720215
  endloop
endfacet
facet normal 0.0 0.0 0.0
  outer loop
    vertex -13.571427345275879 -77.54289245605469 24.70709800720215
    vertex -18.999998092651367 -77.54289245605469 24.70709800720215
    vertex -13.571427345275879 -77.75 24.866018295288086
  endloop
endfacet
facet normal 0.0 0.0 0.0
  outer loop
    vertex -13.571427345275879 -77.54289245605469 24.70709800720215
    vertex -13.571427345275879 -77.75 24.866018295288086
    vertex -8.142857551574707 -77.75 24.866018295288086
  endloop
endfacet
facet normal 0.0 0.0 0.0
  outer loop
    vertex -8.142857551574707 -77.75 24.866018295288086
    vertex -13.571427345275879 -77.75 24.866018295288086
    vertex -8.142857551574707 -77.99118041992188 24.965917587280273
  endloop
endfacet
facet normal 0.0 0.0 0.0
  outer loop
    vertex -8.142857551574707 -77.75 24.866018295288086
    vertex -8.142857551574707 -77.99118041992188 24.965917587280273
    vertex -2.7142858505249023 -77.99118041992188 24.965917587280273
  endloop
endfacet
facet normal 0.0 0.0 0.0
  outer loop
    vertex -2.7142858505249023 -77.99118041992188 24.965917587280273
    vertex -8.142857551574707 -77.99118041992188 24.965917587280273
    vertex -18.999998092651367 -78.25 24.999998092651367
  endloop
endfacet
facet normal 0.0 0.0 0.0
  outer loop
    vertex -2.7142858505249023 -77.99118041992188 24.965917587280273
    vertex -18.999998092651367 -78.25 24.999998092651367
    vertex 18.999998092651367 -78.25 24.999998092651367
  endloop
endfacet
facet normal 0.0 0.0 0.0
  outer loop
    vertex -18.999998092651367 -77.54289245605469 24.70709800720215
    vertex -18.999998092651367 -77.75 24.866018295288086
    vertex -13.571427345275879 -77.75 24.866018295288086
  endloop
endfacet
facet normal 0.0 0.0 0.0
  outer loop
    vertex -13.571427345275879 -77.75 24.866018295288086
    vertex -18.999998092651367 -77.75 24.866018295288086
    vertex -13.571427345275879 -77.99118041992188 24.965917587280273
  endloop
endfacet
facet normal 0.0 0.0 0.0
  outer loop
    vertex -13.571427345275879 -77.75 24.866018295288086
    vertex -13.571427345275879 -77.99118041992188 24.965917587280273
    vertex -8.142857551574707 -77.99118041992188 24.965917587280273
  endloop
endfacet
facet normal 0.0 0.0 0.0
  outer loop
    vertex -8.142857551574707 -77.99118041992188 24.965917587280273
    vertex -13.571427345275879 -77.99118041992188 24.965917587280273
    vertex -18.999998092651367 -78.25 24.999998092651367
  endloop
endfacet
facet normal 0.0 0.0 0.0
  outer loop
    vertex -18.999998092651367 -77.75 24.866018295288086
    vertex -18.999998092651367 -77.99118041992188 24.965917587280273
    vertex -13.571427345275879 -77.99118041992188 24.965917587280273
  endloop
endfacet
facet normal 0.0 0.0 0.0
  outer loop
    vertex -13.571427345275879 -77.99118041992188 24.965917587280273
    vertex -18.999998092651367 -77.99118041992188 24.965917587280273
    vertex -18.999998092651367 -78.25 24.999998092651367
  endloop
endfacet
facet normal 0.0 0.0 0.0
  outer loop
    vertex 18.999998092651367 -77.99118041992188 24.965917587280273
    vertex 18.999998092651367 -77.75 24.866018295288086
    vertex 13.571425437927246 -77.75 24.866018295288086
  endloop
endfacet
facet normal 0.0 0.0 0.0
  outer loop
    vertex 13.571425437927246 -77.75 24.866018295288086
    vertex 18.999998092651367 -77.75 24.866018295288086
    vertex 13.571425437927246 -77.54289245605469 24.70709800720215
  endloop
endfacet
facet normal 0.0 0.0 0.0
  outer loop
    vertex 13.571425437927246 -77.75 24.866018295288086
    vertex 13.571425437927246 -77.54289245605469 24.70709800720215
    vertex 8.142855644226074 -77.54289245605469 24.70709800720215
  endloop
endfacet
facet normal 0.0 0.0 0.0
  outer loop
    vertex 8.142855644226074 -77.54289245605469 24.70709800720215
    vertex 13.571425437927246 -77.54289245605469 24.70709800720215
    vertex 8.142855644226074 -77.38397216796875 24.499998092651367
  endloop
endfacet
facet normal 0.0 0.0 0.0
  outer loop
    vertex 8.142855644226074 -77.54289245605469 24.70709800720215
    vertex 8.142855644226074 -77.38397216796875 24.499998092651367
    vertex 2.714284896850586 -77.38397216796875 24.499998092651367
  endloop
endfacet
facet normal 0.0 0.0 0.0
  outer loop
    vertex 2.714284896850586 -77.38397216796875 24.499998092651367
    vertex 8.142855644226074 -77.38397216796875 24.499998092651367
    vertex 2.714284896850586 -77.28407287597656 24.25881004333496
  endloop
endfacet
facet normal 0.0 0.0 0.0
  outer loop
    vertex 2.714284896850586 -77.38397216796875 24.499998092651367
    vertex 2.714284896850586 -77.28407287597656 24.25881004333496
    vertex -2.7142858505249023 -77.28407287597656 24.25881004333496
  endloop
endfacet
facet normal 0.0 0.0 0.0
  outer loop
    vertex -2.7142858505249023 -77.28407287597656 24.25881004333496
    vertex 2.714284896850586 -77.28407287597656 24.25881004333496
    vertex -18.999998092651367 -77.25 23.999998092651367
  endloop
endfacet
facet normal 0.0 0.0 0.0
  outer loop
    vertex 18.999998092651367 -77.75 24.866018295288086
    vertex 18.999998092651367 -77.54289245605469 24.70709800720215
    vertex 13.571425437927246 -77.54289245605469 24.70709800720215
  endloop
endfacet
facet normal 0.0 0.0 0.0
  outer loop
    vertex 13.571425437927246 -77.54289245605469 24.70709800720215
    vertex 18.999998092651367 -77.54289245605469 24.70709800720215
    vertex 13.571425437927246 -77.38397216796875 24.499998092651367
  endloop
endfacet
facet normal 0.0 0.0 0.0
  outer loop
    vertex 13.571425437927246 -77.54289245605469 24.70709800720215
    vertex 13.571425437927246 -77.38397216796875 24.499998092651367
    vertex 8.142855644226074 -77.38397216796875 24.499998092651367
  endloop
endfacet
facet normal 0.0 0.0 0.0
  outer loop
    vertex 8.142855644226074 -77.38397216796875 24.499998092651367
    vertex 13.571425437927246 -77.38397216796875 24.499998092651367
    vertex 8.142855644226074 -77.28407287597656 24.25881004333496
  endloop
endfacet
facet normal 0.0 0.0 0.0
  outer loop
    vertex 8.142855644226074 -77.38397216796875 24.499998092651367
    vertex 8.142855644226074 -77.28407287597656 24.25881004333496
    vertex 2.714284896850586 -77.28407287597656 24.25881004333496
  endloop
endfacet
facet normal 0.0 0.0 0.0
  outer loop
    vertex 2.714284896850586 -77.28407287597656 24.25881004333496
    vertex 8.142855644226074 -77.28407287597656 24.25881004333496
    vertex 18.999998092651367 -77.25 23.999998092651367
  endloop
endfacet
facet normal 0.0 0.0 0.0
  outer loop
    vertex 2.714284896850586 -77.28407287597656 24.25881004333496
    vertex 18.999998092651367 -77.25 23.999998092651367
    vertex -18.999998092651367 -77.25 23.999998092651367
  endloop
endfacet
facet normal 0.0 0.0 0.0
  outer loop
    vertex 18.999998092651367 -77.54289245605469 24.70709800720215
    vertex 18.999998092651367 -77.38397216796875 24.499998092651367
    vertex 13.571425437927246 -77.38397216796875 24.499998092651367
  endloop
endfacet
facet normal 0.0 0.0 0.0
  outer loop
    vertex 13.571425437927246 -77.38397216796875 24.499998092651367
    vertex 18.999998092651367 -77.38397216796875 24.499998092651367
    vertex 13.571425437927246 -77.28407287597656 24.25881004333496
  endloop
endfacet
facet normal 0.0 0.0 0.0
  outer loop
    vertex 13.571425437927246 -77.38397216796875 24.499998092651367
    vertex 13.571425437927246 -77.28407287597656 24.25881004333496
    vertex 8.142855644226074 -77.28407287597656 24.25881004333496
  endloop
endfacet
facet normal 0.0 0.0 0.0
  outer loop
    vertex 8.142855644226074 -77.28407287597656 24.25881004333496
    vertex 13.571425437927246 -77.28407287597656 24.25881004333496
    vertex 18.999998092651367 -77.25 23.999998092651367
  endloop
endfacet
facet normal 0.0 0.0 0.0
  outer loop
    vertex 18.999998092651367 -77.38397216796875 24.499998092651367
    vertex 18.999998092651367 -77.28407287597656 24.25881004333496
    vertex 13.571425437927246 -77.28407287597656 24.25881004333496
  endloop
endfacet
facet normal 0.0 0.0 0.0
  outer loop
    vertex 13.571425437927246 -77.28407287597656 24.25881004333496
    vertex 18.999998092651367 -77.28407287597656 24.25881004333496
    vertex 18.999998092651367 -77.25 23.999998092651367
  endloop
endfacet
facet normal 0.0 0.0 0.0
  outer loop
    vertex -2.7142858505249023 -77.38397216796875 24.499998092651367
    vertex -8.142857551574707 -77.28407287597656 24.25881004333496
    vertex -8.142857551574707 -77.38397216796875 24.499998092651367
  endloop
endfacet
facet normal 0.0 0.0 0.0
  outer loop
    vertex -8.142857551574707 -77.38397216796875 24.499998092651367
    vertex -8.142857551574707 -77.28407287597656 24.25881004333496
    vertex -13.571427345275879 -77.28407287597656 24.25881004333496
  endloop
endfacet
facet normal 0.0 0.0 0.0
  outer loop
    vertex 2.714284896850586 -77.54289245605469 24.70709800720215
    vertex -2.7142858505249023 -77.38397216796875 24.499998092651367
    vertex -2.7142858505249023 -77.54289245605469 24.70709800720215
  endloop
endfacet
facet normal 0.0 0.0 0.0
  outer loop
    vertex -2.7142858505249023 -77.54289245605469 24.70709800720215
    vertex -2.7142858505249023 -77.38397216796875 24.499998092651367
    vertex -8.142857551574707 -77.38397216796875 24.499998092651367
  endloop
endfacet
facet normal 0.0 0.0 0.0
  outer loop
    vertex 8.142855644226074 -77.75 24.866018295288086
    vertex 2.714284896850586 -77.54289245605469 24.70709800720215
    vertex 2.714284896850586 -77.75 24.866018295288086
  endloop
endfacet
facet normal 0.0 0.0 0.0
  outer loop
    vertex 2.714284896850586 -77.75 24.866018295288086
    vertex 2.714284896850586 -77.54289245605469 24.70709800720215
    vertex -2.7142858505249023 -77.54289245605469 24.70709800720215
  endloop
endfacet
facet normal 0.0 0.0 0.0
  outer loop
    vertex 13.571425437927246 -77.99118041992188 24.965917587280273
    vertex 8.142855644226074 -77.75 24.866018295288086
    vertex 8.142855644226074 -77.99118041992188 24.965917587280273
  endloop
endfacet
facet normal 0.0 0.0 0.0
  outer loop
    vertex 8.142855644226074 -77.99118041992188 24.965917587280273
    vertex 8.142855644226074 -77.75 24.866018295288086
    vertex 2.714284896850586 -77.75 24.866018295288086
  endloop
endfacet
facet normal 0.0 0.0 0.0
  outer loop
    vertex 18.999998092651367 -78.25 24.999998092651367
    vertex 18.999998092651367 -79.25 24.999998092651367
    vertex 19.258817672729492 -78.25 24.965917587280273
  endloop
endfacet
facet normal 0.0 0.0 0.0
  outer loop
    vertex 19.258817672729492 -78.25 24.965917587280273
    vertex 18.999998092651367 -79.25 24.999998092651367
    vertex 19.258817672729492 -79.25 24.965917587280273
  endloop
endfacet
facet normal 0.0 0.0 0.0
  outer loop
    vertex 19.258817672729492 -78.25 24.965917587280273
    vertex 19.258817672729492 -79.25 24.965917587280273
    vertex 19.499998092651367 -78.25 24.866018295288086
  endloop
endfacet
facet normal 0.0 0.0 0.0
  outer loop
    vertex 19.499998092651367 -78.25 24.866018295288086
    vertex 19.258817672729492 -79.25 24.965917587280273
    vertex 19.499998092651367 -79.25 24.866018295288086
  endloop
endfacet
facet normal 0.0 0.0 0.0
  outer loop
    vertex 19.499998092651367 -78.25 24.866018295288086
    vertex 19.499998092651367 -79.25 24.866018295288086
    vertex 19.70710563659668 -78.25 24.70709800720215
  endloop
endfacet
facet normal 0.0 0.0 0.0
  outer loop
    vertex 19.70710563659668 -78.25 24.70709800720215
    vertex 19.499998092651367 -79.25 24.866018295288086
    vertex 19.70710563659668 -79.25 24.70709800720215
  endloop
endfacet
facet normal 0.0 0.0 0.0
  outer loop
    vertex 19.70710563659668 -78.25 24.70709800720215
    vertex 19.70710563659668 -79.25 24.70709800720215
    vertex 19.866024017333984 -78.25 24.499998092651367
  endloop
endfacet
facet normal 0.0 0.0 0.0
  outer loop
    vertex 19.866024017333984 -78.25 24.499998092651367
    vertex 19.70710563659668 -79.25 24.70709800720215
    vertex 19.866024017333984 -79.25 24.499998092651367
  endloop
endfacet
facet normal 0.0 0.0 0.0
  outer loop
    vertex 19.866024017333984 -78.25 24.499998092651367
    vertex 19.866024017333984 -79.25 24.499998092651367
    vertex 19.965923309326172 -78.25 24.25881004333496
  endloop
endfacet
facet normal 0.0 0.0 0.0
  outer loop
    vertex 19.965923309326172 -78.25 24.25881004333496
    vertex 19.866024017333984 -79.25 24.499998092651367
    vertex 19.965923309326172 -79.25 24.25881004333496
  endloop
endfacet
facet normal 0.0 0.0 0.0
  outer loop
    vertex 19.965923309326172 -78.25 24.25881004333496
    vertex 19.965923309326172 -79.25 24.25881004333496
    vertex 19.999998092651367 -78.25 23.999998092651367
  endloop
endfacet
facet normal 0.0 0.0 0.0
  outer loop
    vertex 19.999998092651367 -78.25 23.999998092651367
    vertex 19.965923309326172 -79.25 24.25881004333496
    vertex 19.999998092651367 -79.25 23.999998092651367
  endloop
endfacet
facet normal 0.0 0.0 0.0
  outer loop
    vertex -19.999998092651367 -78.25 23.999998092651367
    vertex -19.999998092651367 -78.25 1.9073486328125e-06
    vertex -19.999998092651367 -79.25 23.999998092651367
  endloop
endfacet
facet normal 0.0 0.0 0.0
  outer loop
    vertex -19.999998092651367 -79.25 23.999998092651367
    vertex -19.999998092651367 -78.25 1.9073486328125e-06
    vertex -19.999998092651367 -79.25 1.9073486328125e-06
  endloop
endfacet
facet normal 0.0 0.0 0.0
  outer loop
    vertex -14.431849479675293 -79.25 19.482358932495117
    vertex -14.499998092651367 -79.25 19.999998092651367
    vertex -19.999998092651367 -79.25 23.999998092651367
  endloop
endfacet
facet normal 0.0 0.0 0.0
  outer loop
    vertex -19.999998092651367 -79.25 23.999998092651367
    vertex -14.499998092651367 -79.25 19.999998092651367
    vertex -14.431849479675293 -79.25 20.517629623413086
  endloop
endfacet
facet normal 0.0 0.0 0.0
  outer loop
    vertex -19.999998092651367 -79.25 23.999998092651367
    vertex -14.431849479675293 -79.25 20.517629623413086
    vertex -14.232048988342285 -79.25 20.999998092651367
  endloop
endfacet
facet normal 0.0 0.0 0.0
  outer loop
    vertex -14.232048988342285 -79.25 20.999998092651367
    vertex -13.91421127319336 -79.25 21.41420555114746
    vertex -19.999998092651367 -79.25 23.999998092651367
  endloop
endfacet
facet normal 0.0 0.0 0.0
  outer loop
    vertex -19.999998092651367 -79.25 23.999998092651367
    vertex -13.91421127319336 -79.25 21.41420555114746
    vertex -13.499998092651367 -79.25 21.732046127319336
  endloop
endfacet
facet normal 0.0 0.0 0.0
  outer loop
    vertex -19.999998092651367 -79.25 23.999998092651367
    vertex -13.499998092651367 -79.25 21.732046127319336
    vertex -18.999998092651367 -79.25 24.999998092651367
  endloop
endfacet
facet normal 0.0 0.0 0.0
  outer loop
    vertex -18.999998092651367 -79.25 24.999998092651367
    vertex -13.499998092651367 -79.25 21.732046127319336
    vertex -13.0176362991333 -79.25 21.93184471130371
  endloop
endfacet
facet normal 0.0 0.0 0.0
  outer loop
    vertex -18.999998092651367 -79.25 24.999998092651367
    vertex -13.0176362991333 -79.25 21.93184471130371
    vertex -12.499998092651367 -79.25 21.999998092651367
  endloop
endfacet
facet normal 0.0 0.0 0.0
  outer loop
    vertex -12.499998092651367 -79.25 21.999998092651367
    vertex -11.98236083984375 -79.25 21.93184471130371
    vertex -18.999998092651367 -79.25 24.999998092651367
  endloop
endfacet
facet normal 0.0 0.0 0.0
  outer loop
    vertex -18.999998092651367 -79.25 24.999998092651367
    vertex -11.98236083984375 -79.25 21.93184471130371
    vertex 18.999998092651367 -79.25 24.999998092651367
  endloop
endfacet
facet normal 0.0 0.0 0.0
  outer loop
    vertex 18.999998092651367 -79.25 24.999998092651367
    vertex -11.98236083984375 -79.25 21.93184471130371
    vertex 11.98236083984375 -79.25 21.93184471130371
  endloop
endfacet
facet normal 0.0 0.0 0.0
  outer loop
    vertex 18.999998092651367 -79.25 24.999998092651367
    vertex 11.98236083984375 -79.25 21.93184471130371
    vertex 12.499998092651367 -79.25 21.999998092651367
  endloop
endfacet
facet normal 0.0 0.0 0.0
  outer loop
    vertex 11.98236083984375 -79.25 21.93184471130371
    vertex -11.98236083984375 -79.25 21.93184471130371
    vertex 11.499999046325684 -79.25 21.732046127319336
  endloop
endfacet
facet normal 0.0 0.0 0.0
  outer loop
    vertex 11.499999046325684 -79.25 21.732046127319336
    vertex -11.98236083984375 -79.25 21.93184471130371
    vertex -11.499999046325684 -79.25 21.732046127319336
  endloop
endfacet
facet normal 0.0 0.0 0.0
  outer loop
    vertex 11.499999046325684 -79.25 21.732046127319336
    vertex -11.499999046325684 -79.25 21.732046127319336
    vertex -11.085785865783691 -79.25 21.41420555114746
  endloop
endfacet
facet normal 0.0 0.0 0.0
  outer loop
    vertex 11.499999046325684 -79.25 21.732046127319336
    vertex -11.085785865783691 -79.25 21.41420555114746
    vertex 11.085785865783691 -79.25 21.41420555114746
  endloop
endfacet
facet normal 0.0 0.0 0.0
  outer loop
    vertex 11.085785865783691 -79.25 21.41420555114746
    vertex -11.085785865783691 -79.25 21.41420555114746
    vertex -10.767948150634766 -79.25 20.999998092651367
  endloop
endfacet
facet normal 0.0 0.0 0.0
  outer loop
    vertex 11.085785865783691 -79.25 21.41420555114746
    vertex -10.767948150634766 -79.25 20.999998092651367
    vertex 10.767948150634766 -79.25 20.999998092651367
  endloop
endfacet
facet normal 0.0 0.0 0.0
  outer loop
    vertex 10.767948150634766 -79.25 20.999998092651367
    vertex -10.767948150634766 -79.25 20.999998092651367
    vertex -10.568147659301758 -79.25 20.517629623413086
  endloop
endfacet
facet normal 0.0 0.0 0.0
  outer loop
    vertex 10.767948150634766 -79.25 20.999998092651367
    vertex -10.568147659301758 -79.25 20.517629623413086
    vertex 10.568147659301758 -79.25 20.517629623413086
  endloop
endfacet
facet normal 0.0 0.0 0.0
  outer loop
    vertex 10.568147659301758 -79.25 20.517629623413086
    vertex -10.568147659301758 -79.25 20.517629623413086
    vertex -10.499999046325684 -79.25 19.999998092651367
  endloop
endfacet
facet normal 0.0 0.0 0.0
  outer loop
    vertex 10.568147659301758 -79.25 20.517629623413086
    vertex -10.499999046325684 -79.25 19.999998092651367
    vertex 10.499999046325684 -79.25 19.999998092651367
  endloop
endfacet
facet normal 0.0 0.0 0.0
  outer loop
    vertex 10.499999046325684 -79.25 19.999998092651367
    vertex -10.499999046325684 -79.25 19.999998092651367
    vertex 10.568147659301758 -79.25 19.482358932495117
  endloop
endfacet
facet normal 0.0 0.0 0.0
  outer loop
    vertex 10.568147659301758 -79.25 19.482358932495117
    vertex -10.499999046325684 -79.25 19.999998092651367
    vertex -10.568147659301758 -79.25 19.482358932495117
  endloop
endfacet
facet normal 0.0 0.0 0.0
  outer loop
    vertex 10.568147659301758 -79.25 19.482358932495117
    vertex -10.568147659301758 -79.25 19.482358932495117
    vertex 10.767948150634766 -79.25 19.0
  endloop
endfacet
facet normal 0.0 0.0 0.0
  outer loop
    vertex 10.767948150634766 -79.25 19.0
    vertex -10.568147659301758 -79.25 19.482358932495117
    vertex -10.767948150634766 -79.25 19.0
  endloop
endfacet
facet normal 0.0 0.0 0.0
  outer loop
    vertex 10.767948150634766 -79.25 19.0
    vertex -10.767948150634766 -79.25 19.0
    vertex -11.085785865783691 -79.25 18.585784912109375
  endloop
endfacet
facet normal 0.0 0.0 0.0
  outer loop
    vertex 10.767948150634766 -79.25 19.0
    vertex -11.085785865783691 -79.25 18.585784912109375
    vertex 11.085785865783691 -79.25 18.585784912109375
  endloop
endfacet
facet normal 0.0 0.0 0.0
  outer loop
    vertex 11.085785865783691 -79.25 18.585784912109375
    vertex -11.085785865783691 -79.25 18.585784912109375
    vertex -11.499999046325684 -79.25 18.2679443359375
  endloop
endfacet
facet normal 0.0 0.0 0.0
  outer loop
    vertex 11.085785865783691 -79.25 18.585784912109375
    vertex -11.499999046325684 -79.25 18.2679443359375
    vertex 11.499999046325684 -79.25 18.2679443359375
  endloop
endfacet
facet normal 0.0 0.0 0.0
  outer loop
    vertex 11.499999046325684 -79.25 18.2679443359375
    vertex -11.499999046325684 -79.25 18.2679443359375
    vertex -11.98236083984375 -79.25 18.068145751953125
  endloop
endfacet
facet normal 0.0 0.0 0.0
  outer loop
    vertex 11.499999046325684 -79.25 18.2679443359375
    vertex -11.98236083984375 -79.25 18.068145751953125
    vertex 11.98236083984375 -79.25 18.068145751953125
  endloop
endfacet
facet normal 0.0 0.0 0.0
  outer loop
    vertex 11.98236083984375 -79.25 18.068145751953125
    vertex -11.98236083984375 -79.25 18.068145751953125
    vertex 19.999998092651367 -79.25 1.9073486328125e-06
  endloop
endfacet
facet normal 0.0 0.0 0.0
  outer loop
    vertex 11.98236083984375 -79.25 18.068145751953125
    vertex 19.999998092651367 -79.25 1.9073486328125e-06
    vertex 12.499998092651367 -79.25 18.0
  endloop
endfacet
facet normal 0.0 0.0 0.0
  outer loop
    vertex 12.499998092651367 -79.25 18.0
    vertex 19.999998092651367 -79.25 1.9073486328125e-06
    vertex 13.0176362991333 -79.25 18.068145751953125
  endloop
endfacet
facet normal 0.0 0.0 0.0
  outer loop
    vertex 13.0176362991333 -79.25 18.068145751953125
    vertex 19.999998092651367 -79.25 1.9073486328125e-06
    vertex 13.499998092651367 -79.25 18.2679443359375
  endloop
endfacet
facet normal 0.0 0.0 0.0
  outer loop
    vertex 13.499998092651367 -79.25 18.2679443359375
    vertex 19.999998092651367 -79.25 1.9073486328125e-06
    vertex 13.91421127319336 -79.25 18.585784912109375
  endloop
endfacet
facet normal 0.0 0.0 0.0
  outer loop
    vertex 13.91421127319336 -79.25 18.585784912109375
    vertex 19.999998092651367 -79.25 1.9073486328125e-06
    vertex 14.232048988342285 -79.25 19.0
  endloop
endfacet
facet normal 0.0 0.0 0.0
  outer loop
    vertex 14.232048988342285 -79.25 19.0
    vertex 19.999998092651367 -79.25 1.9073486328125e-06
    vertex 19.999998092651367 -79.25 23.999998092651367
  endloop
endfacet
facet normal 0.0 0.0 0.0
  outer loop
    vertex 14.232048988342285 -79.25 19.0
    vertex 19.999998092651367 -79.25 23.999998092651367
    vertex 14.431849479675293 -79.25 19.482358932495117
  endloop
endfacet
facet normal 0.0 0.0 0.0
  outer loop
    vertex 14.431849479675293 -79.25 19.482358932495117
    vertex 19.999998092651367 -79.25 23.999998092651367
    vertex 14.499998092651367 -79.25 19.999998092651367
  endloop
endfacet
facet normal 0.0 0.0 0.0
  outer loop
    vertex 14.499998092651367 -79.25 19.999998092651367
    vertex 19.999998092651367 -79.25 23.999998092651367
    vertex 14.431849479675293 -79.25 20.517629623413086
  endloop
endfacet
facet normal 0.0 0.0 0.0
  outer loop
    vertex 14.431849479675293 -79.25 20.517629623413086
    vertex 19.999998092651367 -79.25 23.999998092651367
    vertex 14.232048988342285 -79.25 20.999998092651367
  endloop
endfacet
facet normal 0.0 0.0 0.0
  outer loop
    vertex 14.232048988342285 -79.25 20.999998092651367
    vertex 19.999998092651367 -79.25 23.999998092651367
    vertex 13.91421127319336 -79.25 21.41420555114746
  endloop
endfacet
facet normal 0.0 0.0 0.0
  outer loop
    vertex 13.91421127319336 -79.25 21.41420555114746
    vertex 19.999998092651367 -79.25 23.999998092651367
    vertex 13.499998092651367 -79.25 21.732046127319336
  endloop
endfacet
facet normal 0.0 0.0 0.0
  outer loop
    vertex 13.499998092651367 -79.25 21.732046127319336
    vertex 19.999998092651367 -79.25 23.999998092651367
    vertex 18.999998092651367 -79.25 24.999998092651367
  endloop
endfacet
facet normal 0.0 0.0 0.0
  outer loop
    vertex 13.499998092651367 -79.25 21.732046127319336
    vertex 18.999998092651367 -79.25 24.999998092651367
    vertex 13.0176362991333 -79.25 21.93184471130371
  endloop
endfacet
facet normal 0.0 0.0 0.0
  outer loop
    vertex 13.0176362991333 -79.25 21.93184471130371
    vertex 18.999998092651367 -79.25 24.999998092651367
    vertex 12.499998092651367 -79.25 21.999998092651367
  endloop
endfacet
facet normal 0.0 0.0 0.0
  outer loop
    vertex 19.999998092651367 -79.25 1.9073486328125e-06
    vertex -11.98236083984375 -79.25 18.068145751953125
    vertex -19.999998092651367 -79.25 1.9073486328125e-06
  endloop
endfacet
facet normal 0.0 0.0 0.0
  outer loop
    vertex -19.999998092651367 -79.25 1.9073486328125e-06
    vertex -11.98236083984375 -79.25 18.068145751953125
    vertex -12.499998092651367 -79.25 18.0
  endloop
endfacet
facet normal 0.0 0.0 0.0
  outer loop
    vertex -19.999998092651367 -79.25 1.9073486328125e-06
    vertex -12.499998092651367 -79.25 18.0
    vertex -13.0176362991333 -79.25 18.068145751953125
  endloop
endfacet
facet normal 0.0 0.0 0.0
  outer loop
    vertex -13.0176362991333 -79.25 18.068145751953125
    vertex -13.499998092651367 -79.25 18.2679443359375
    vertex -19.999998092651367 -79.25 1.9073486328125e-06
  endloop
endfacet
facet normal 0.0 0.0 0.0
  outer loop
    vertex -19.999998092651367 -79.25 1.9073486328125e-06
    vertex -13.499998092651367 -79.25 18.2679443359375
    vertex -13.91421127319336 -79.25 18.585784912109375
  endloop
endfacet
facet normal 0.0 0.0 0.0
  outer loop
    vertex -19.999998092651367 -79.25 1.9073486328125e-06
    vertex -13.91421127319336 -79.25 18.585784912109375
    vertex -14.232048988342285 -79.25 19.0
  endloop
endfacet
facet normal 0.0 0.0 0.0
  outer loop
    vertex -19.999998092651367 -79.25 1.9073486328125e-06
    vertex -14.232048988342285 -79.25 19.0
    vertex -19.999998092651367 -79.25 23.999998092651367
  endloop
endfacet
facet normal 0.0 0.0 0.0
  outer loop
    vertex -19.999998092651367 -79.25 23.999998092651367
    vertex -14.232048988342285 -79.25 19.0
    vertex -14.431849479675293 -79.25 19.482358932495117
  endloop
endfacet
facet normal 0.0 0.0 0.0
  outer loop
    vertex -19.258817672729492 -79.25 24.965917587280273
    vertex -19.499998092651367 -79.25 24.866018295288086
    vertex -18.999998092651367 -79.25 24.999998092651367
  endloop
endfacet
facet normal 0.0 0.0 0.0
  outer loop
    vertex -18.999998092651367 -79.25 24.999998092651367
    vertex -19.499998092651367 -79.25 24.866018295288086
    vertex -19.70710563659668 -79.25 24.70709800720215
  endloop
endfacet
facet normal 0.0 0.0 0.0
  outer loop
    vertex -18.999998092651367 -79.25 24.999998092651367
    vertex -19.70710563659668 -79.25 24.70709800720215
    vertex -19.866024017333984 -79.25 24.499998092651367
  endloop
endfacet
facet normal 0.0 0.0 0.0
  outer loop
    vertex -19.866024017333984 -79.25 24.499998092651367
    vertex -19.965923309326172 -79.25 24.25881004333496
    vertex -18.999998092651367 -79.25 24.999998092651367
  endloop
endfacet
facet normal 0.0 0.0 0.0
  outer loop
    vertex -18.999998092651367 -79.25 24.999998092651367
    vertex -19.965923309326172 -79.25 24.25881004333496
    vertex -19.999998092651367 -79.25 23.999998092651367
  endloop
endfacet
facet normal 0.0 0.0 0.0
  outer loop
    vertex 19.999998092651367 -79.25 23.999998092651367
    vertex 19.965923309326172 -79.25 24.25881004333496
    vertex 18.999998092651367 -79.25 24.999998092651367
  endloop
endfacet
facet normal 0.0 0.0 0.0
  outer loop
    vertex 18.999998092651367 -79.25 24.999998092651367
    vertex 19.965923309326172 -79.25 24.25881004333496
    vertex 19.866024017333984 -79.25 24.499998092651367
  endloop
endfacet
facet normal 0.0 0.0 0.0
  outer loop
    vertex 18.999998092651367 -79.25 24.999998092651367
    vertex 19.866024017333984 -79.25 24.499998092651367
    vertex 19.70710563659668 -79.25 24.70709800720215
  endloop
endfacet
facet normal 0.0 0.0 0.0
  outer loop
    vertex 19.70710563659668 -79.25 24.70709800720215
    vertex 19.499998092651367 -79.25 24.866018295288086
    vertex 18.999998092651367 -79.25 24.999998092651367
  endloop
endfacet
facet normal 0.0 0.0 0.0
  outer loop
    vertex 18.999998092651367 -79.25 24.999998092651367
    vertex 19.499998092651367 -79.25 24.866018295288086
    vertex 19.258817672729492 -79.25 24.965917587280273
  endloop
endfacet
facet normal 0.0 0.0 0.0
  outer loop
    vertex -6.258817672729492 79.21592712402344 1.9073486328125e-06
    vertex -5.999998569488525 79.25 1.9073486328125e-06
    vertex -5.249999046325684 74.25 1.9073486328125e-06
  endloop
endfacet
facet normal 0.0 0.0 0.0
  outer loop
    vertex -5.249999046325684 74.25 1.9073486328125e-06
    vertex -5.999998569488525 79.25 1.9073486328125e-06
    vertex -5.795004367828369 79.17224884033203 1.9073486328125e-06
  endloop
endfacet
facet normal 0.0 0.0 0.0
  outer loop
    vertex -5.249999046325684 74.25 1.9073486328125e-06
    vertex -5.795004367828369 79.17224884033203 1.9073486328125e-06
    vertex -5.611880302429199 79.05169677734375 1.9073486328125e-06
  endloop
endfacet
facet normal 0.0 0.0 0.0
  outer loop
    vertex -5.249999046325684 74.25 1.9073486328125e-06
    vertex -5.611880302429199 79.05169677734375 1.9073486328125e-06
    vertex -5.249999046325684 78.28175354003906 1.9073486328125e-06
  endloop
endfacet
facet normal 0.0 0.0 0.0
  outer loop
    vertex -5.249999046325684 78.28175354003906 1.9073486328125e-06
    vertex -5.611880302429199 79.05169677734375 1.9073486328125e-06
    vertex -5.459429740905762 78.89412689208984 1.9073486328125e-06
  endloop
endfacet
facet normal 0.0 0.0 0.0
  outer loop
    vertex -5.249999046325684 78.28175354003906 1.9073486328125e-06
    vertex -5.459429740905762 78.89412689208984 1.9073486328125e-06
    vertex -5.344980239868164 78.70712280273438 1.9073486328125e-06
  endloop
endfacet
facet normal 0.0 0.0 0.0
  outer loop
    vertex -5.344980239868164 78.70712280273438 1.9073486328125e-06
    vertex -5.274033069610596 78.49967956542969 1.9073486328125e-06
    vertex -5.249999046325684 78.28175354003906 1.9073486328125e-06
  endloop
endfacet
facet normal 0.0 0.0 0.0
  outer loop
    vertex 5.25 74.25 1.9073486328125e-06
    vertex -2.9999990463256836 69.25 1.9073486328125e-06
    vertex -5.249999046325684 74.25 1.9073486328125e-06
  endloop
endfacet
facet normal 0.0 0.0 0.0
  outer loop
    vertex -5.249999046325684 74.25 1.9073486328125e-06
    vertex -2.9999990463256836 69.25 1.9073486328125e-06
    vertex -3.2588181495666504 69.21592712402344 1.9073486328125e-06
  endloop
endfacet
facet normal 0.0 0.0 0.0
  outer loop
    vertex -5.249999046325684 74.25 1.9073486328125e-06
    vertex -3.2588181495666504 69.21592712402344 1.9073486328125e-06
    vertex -3.4999990463256836 69.11602783203125 1.9073486328125e-06
  endloop
endfacet
facet normal 0.0 0.0 0.0
  outer loop
    vertex 5.25 78.28175354003906 1.9073486328125e-06
    vertex 5.611881256103516 79.05169677734375 1.9073486328125e-06
    vertex 5.25 74.25 1.9073486328125e-06
  endloop
endfacet
facet normal 0.0 0.0 0.0
  outer loop
    vertex 5.25 74.25 1.9073486328125e-06
    vertex 5.611881256103516 79.05169677734375 1.9073486328125e-06
    vertex 5.7950053215026855 79.17224884033203 1.9073486328125e-06
  endloop
endfacet
facet normal 0.0 0.0 0.0
  outer loop
    vertex 5.25 74.25 1.9073486328125e-06
    vertex 5.7950053215026855 79.17224884033203 1.9073486328125e-06
    vertex 5.999999523162842 79.25 1.9073486328125e-06
  endloop
endfacet
facet normal 0.0 0.0 0.0
  outer loop
    vertex 5.274034023284912 78.49967956542969 1.9073486328125e-06
    vertex 5.3449811935424805 78.70712280273438 1.9073486328125e-06
    vertex 5.25 78.28175354003906 1.9073486328125e-06
  endloop
endfacet
facet normal 0.0 0.0 0.0
  outer loop
    vertex 5.25 78.28175354003906 1.9073486328125e-06
    vertex 5.3449811935424805 78.70712280273438 1.9073486328125e-06
    vertex 5.459430694580078 78.89412689208984 1.9073486328125e-06
  endloop
endfacet
facet normal 0.0 0.0 0.0
  outer loop
    vertex 5.25 78.28175354003906 1.9073486328125e-06
    vertex 5.459430694580078 78.89412689208984 1.9073486328125e-06
    vertex 5.611881256103516 79.05169677734375 1.9073486328125e-06
  endloop
endfacet
facet normal 0.0 0.0 0.0
  outer loop
    vertex 5.999999523162842 79.25 1.9073486328125e-06
    vertex 6.258818626403809 79.21592712402344 1.9073486328125e-06
    vertex 5.25 74.25 1.9073486328125e-06
  endloop
endfacet
facet normal 0.0 0.0 0.0
  outer loop
    vertex 5.25 74.25 1.9073486328125e-06
    vertex 6.258818626403809 79.21592712402344 1.9073486328125e-06
    vertex 6.499999523162842 79.11602783203125 1.9073486328125e-06
  endloop
endfacet
facet normal 0.0 0.0 0.0
  outer loop
    vertex 5.25 74.25 1.9073486328125e-06
    vertex 6.499999523162842 79.11602783203125 1.9073486328125e-06
    vertex 6.999999523162842 78.25 1.9073486328125e-06
  endloop
endfacet
facet normal 0.0 0.0 0.0
  outer loop
    vertex 6.999999523162842 78.25 1.9073486328125e-06
    vertex 6.499999523162842 79.11602783203125 1.9073486328125e-06
    vertex 6.707106113433838 78.95710754394531 1.9073486328125e-06
  endloop
endfacet
facet normal 0.0 0.0 0.0
  outer loop
    vertex 6.999999523162842 78.25 1.9073486328125e-06
    vertex 6.707106113433838 78.95710754394531 1.9073486328125e-06
    vertex 6.866024971008301 78.75 1.9073486328125e-06
  endloop
endfacet
facet normal 0.0 0.0 0.0
  outer loop
    vertex 6.866024971008301 78.75 1.9073486328125e-06
    vertex 6.965925216674805 78.50881958007812 1.9073486328125e-06
    vertex 6.999999523162842 78.25 1.9073486328125e-06
  endloop
endfacet
facet normal 0.0 0.0 0.0
  outer loop
    vertex 5.25 74.25 1.9073486328125e-06
    vertex 6.999999523162842 78.25 1.9073486328125e-06
    vertex 4.0 68.25 1.9073486328125e-06
  endloop
endfacet
facet normal 0.0 0.0 0.0
  outer loop
    vertex 4.0 68.25 1.9073486328125e-06
    vertex 6.999999523162842 78.25 1.9073486328125e-06
    vertex 6.999999523162842 -76.25 1.9073486328125e-06
  endloop
endfacet
facet normal 0.0 0.0 0.0
  outer loop
    vertex 4.0 68.25 1.9073486328125e-06
    vertex 6.999999523162842 -76.25 1.9073486328125e-06
    vertex 4.0 -71.25 1.9073486328125e-06
  endloop
endfacet
facet normal 0.0 0.0 0.0
  outer loop
    vertex 4.0 -71.25 1.9073486328125e-06
    vertex 6.999999523162842 -76.25 1.9073486328125e-06
    vertex 3.965925931930542 -71.50881958007812 1.9073486328125e-06
  endloop
endfacet
facet normal 0.0 0.0 0.0
  outer loop
    vertex 3.965925931930542 -71.50881958007812 1.9073486328125e-06
    vertex 6.999999523162842 -76.25 1.9073486328125e-06
    vertex 3.866025447845459 -71.75 1.9073486328125e-06
  endloop
endfacet
facet normal 0.0 0.0 0.0
  outer loop
    vertex 3.866025447845459 -71.75 1.9073486328125e-06
    vertex 6.999999523162842 -76.25 1.9073486328125e-06
    vertex 7.034073829650879 -76.50881958007812 1.9073486328125e-06
  endloop
endfacet
facet normal 0.0 0.0 0.0
  outer loop
    vertex 3.866025447845459 -71.75 1.9073486328125e-06
    vertex 7.034073829650879 -76.50881958007812 1.9073486328125e-06
    vertex 3.707106828689575 -71.95710754394531 1.9073486328125e-06
  endloop
endfacet
facet normal 0.0 0.0 0.0
  outer loop
    vertex 3.707106828689575 -71.95710754394531 1.9073486328125e-06
    vertex 7.034073829650879 -76.50881958007812 1.9073486328125e-06
    vertex 3.5 -72.11602783203125 1.9073486328125e-06
  endloop
endfacet
facet normal 0.0 0.0 0.0
  outer loop
    vertex 3.5 -72.11602783203125 1.9073486328125e-06
    vertex 7.034073829650879 -76.50881958007812 1.9073486328125e-06
    vertex 3.258819103240967 -72.21592712402344 1.9073486328125e-06
  endloop
endfacet
facet normal 0.0 0.0 0.0
  outer loop
    vertex 3.258819103240967 -72.21592712402344 1.9073486328125e-06
    vertex 7.034073829650879 -76.50881958007812 1.9073486328125e-06
    vertex 3.0 -72.25 1.9073486328125e-06
  endloop
endfacet
facet normal 0.0 0.0 0.0
  outer loop
    vertex 3.0 -72.25 1.9073486328125e-06
    vertex 7.034073829650879 -76.50881958007812 1.9073486328125e-06
    vertex 7.133974075317383 -76.75 1.9073486328125e-06
  endloop
endfacet
facet normal 0.0 0.0 0.0
  outer loop
    vertex 3.0 -72.25 1.9073486328125e-06
    vertex 7.133974075317383 -76.75 1.9073486328125e-06
    vertex -7.133973121643066 -76.75 1.9073486328125e-06
  endloop
endfacet
facet normal 0.0 0.0 0.0
  outer loop
    vertex -7.133973121643066 -76.75 1.9073486328125e-06
    vertex 7.133974075317383 -76.75 1.9073486328125e-06
    vertex -7.292891979217529 -76.95710754394531 1.9073486328125e-06
  endloop
endfacet
facet normal 0.0 0.0 0.0
  outer loop
    vertex -7.292891979217529 -76.95710754394531 1.9073486328125e-06
    vertex 7.133974075317383 -76.75 1.9073486328125e-06
    vertex 7.292892932891846 -76.95710754394531 1.9073486328125e-06
  endloop
endfacet
facet normal 0.0 0.0 0.0
  outer loop
    vertex -7.292891979217529 -76.95710754394531 1.9073486328125e-06
    vertex 7.292892932891846 -76.95710754394531 1.9073486328125e-06
    vertex -7.499998569488525 -77.11602783203125 1.9073486328125e-06
  endloop
endfacet
facet normal 0.0 0.0 0.0
  outer loop
    vertex -7.499998569488525 -77.11602783203125 1.9073486328125e-06
    vertex 7.292892932891846 -76.95710754394531 1.9073486328125e-06
    vertex 7.499999523162842 -77.11602783203125 1.9073486328125e-06
  endloop
endfacet
facet normal 0.0 0.0 0.0
  outer loop
    vertex -7.499998569488525 -77.11602783203125 1.9073486328125e-06
    vertex 7.499999523162842 -77.11602783203125 1.9073486328125e-06
    vertex -7.741179466247559 -77.21592712402344 1.9073486328125e-06
  endloop
endfacet
facet normal 0.0 0.0 0.0
  outer loop
    vertex -7.741179466247559 -77.21592712402344 1.9073486328125e-06
    vertex 7.499999523162842 -77.11602783203125 1.9073486328125e-06
    vertex 7.741180419921875 -77.21592712402344 1.9073486328125e-06
  endloop
endfacet
facet normal 0.0 0.0 0.0
  outer loop
    vertex -7.741179466247559 -77.21592712402344 1.9073486328125e-06
    vertex 7.741180419921875 -77.21592712402344 1.9073486328125e-06
    vertex -7.999998569488525 -77.25 1.9073486328125e-06
  endloop
endfacet
facet normal 0.0 0.0 0.0
  outer loop
    vertex -7.999998569488525 -77.25 1.9073486328125e-06
    vertex 7.741180419921875 -77.21592712402344 1.9073486328125e-06
    vertex 7.999999523162842 -77.25 1.9073486328125e-06
  endloop
endfacet
facet normal 0.0 0.0 0.0
  outer loop
    vertex -7.999998569488525 -77.25 1.9073486328125e-06
    vertex 7.999999523162842 -77.25 1.9073486328125e-06
    vertex -19.999998092651367 -79.25 1.9073486328125e-06
  endloop
endfacet
facet normal 0.0 0.0 0.0
  outer loop
    vertex -19.999998092651367 -79.25 1.9073486328125e-06
    vertex 7.999999523162842 -77.25 1.9073486328125e-06
    vertex 19.999998092651367 -79.25 1.9073486328125e-06
  endloop
endfacet
facet normal 0.0 0.0 0.0
  outer loop
    vertex 19.999998092651367 -79.25 1.9073486328125e-06
    vertex 7.999999523162842 -77.25 1.9073486328125e-06
    vertex 18.999998092651367 -77.25 1.9073486328125e-06
  endloop
endfacet
facet normal 0.0 0.0 0.0
  outer loop
    vertex 19.999998092651367 -79.25 1.9073486328125e-06
    vertex 18.999998092651367 -77.25 1.9073486328125e-06
    vertex 19.258817672729492 -77.28407287597656 1.9073486328125e-06
  endloop
endfacet
facet normal 0.0 0.0 0.0
  outer loop
    vertex 19.258817672729492 -77.28407287597656 1.9073486328125e-06
    vertex 19.499998092651367 -77.38397216796875 1.9073486328125e-06
    vertex 19.999998092651367 -79.25 1.9073486328125e-06
  endloop
endfacet
facet normal 0.0 0.0 0.0
  outer loop
    vertex 19.999998092651367 -79.25 1.9073486328125e-06
    vertex 19.499998092651367 -77.38397216796875 1.9073486328125e-06
    vertex 19.70710563659668 -77.54289245605469 1.9073486328125e-06
  endloop
endfacet
facet normal 0.0 0.0 0.0
  outer loop
    vertex 19.999998092651367 -79.25 1.9073486328125e-06
    vertex 19.70710563659668 -77.54289245605469 1.9073486328125e-06
    vertex 19.866024017333984 -77.75 1.9073486328125e-06
  endloop
endfacet
facet normal 0.0 0.0 0.0
  outer loop
    vertex 19.965923309326172 -77.99118041992188 1.9073486328125e-06
    vertex 19.999998092651367 -78.25 1.9073486328125e-06
    vertex 19.866024017333984 -77.75 1.9073486328125e-06
  endloop
endfacet
facet normal 0.0 0.0 0.0
  outer loop
    vertex 19.866024017333984 -77.75 1.9073486328125e-06
    vertex 19.999998092651367 -78.25 1.9073486328125e-06
    vertex 19.999998092651367 -79.25 1.9073486328125e-06
  endloop
endfacet
facet normal 0.0 0.0 0.0
  outer loop
    vertex -19.999998092651367 -78.25 1.9073486328125e-06
    vertex -19.866024017333984 -77.75 1.9073486328125e-06
    vertex -19.999998092651367 -79.25 1.9073486328125e-06
  endloop
endfacet
facet normal 0.0 0.0 0.0
  outer loop
    vertex -19.999998092651367 -79.25 1.9073486328125e-06
    vertex -19.866024017333984 -77.75 1.9073486328125e-06
    vertex -19.70710563659668 -77.54289245605469 1.9073486328125e-06
  endloop
endfacet
facet normal 0.0 0.0 0.0
  outer loop
    vertex -19.999998092651367 -79.25 1.9073486328125e-06
    vertex -19.70710563659668 -77.54289245605469 1.9073486328125e-06
    vertex -19.499998092651367 -77.38397216796875 1.9073486328125e-06
  endloop
endfacet
facet normal 0.0 0.0 0.0
  outer loop
    vertex -19.999998092651367 -78.25 1.9073486328125e-06
    vertex -19.965923309326172 -77.99118041992188 1.9073486328125e-06
    vertex -19.866024017333984 -77.75 1.9073486328125e-06
  endloop
endfacet
facet normal 0.0 0.0 0.0
  outer loop
    vertex -19.499998092651367 -77.38397216796875 1.9073486328125e-06
    vertex -19.258817672729492 -77.28407287597656 1.9073486328125e-06
    vertex -19.999998092651367 -79.25 1.9073486328125e-06
  endloop
endfacet
facet normal 0.0 0.0 0.0
  outer loop
    vertex -19.999998092651367 -79.25 1.9073486328125e-06
    vertex -19.258817672729492 -77.28407287597656 1.9073486328125e-06
    vertex -18.999998092651367 -77.25 1.9073486328125e-06
  endloop
endfacet
facet normal 0.0 0.0 0.0
  outer loop
    vertex -19.999998092651367 -79.25 1.9073486328125e-06
    vertex -18.999998092651367 -77.25 1.9073486328125e-06
    vertex -7.999998569488525 -77.25 1.9073486328125e-06
  endloop
endfacet
facet normal 0.0 0.0 0.0
  outer loop
    vertex 3.0 -72.25 1.9073486328125e-06
    vertex -7.133973121643066 -76.75 1.9073486328125e-06
    vertex -2.9999990463256836 -72.25 1.9073486328125e-06
  endloop
endfacet
facet normal 0.0 0.0 0.0
  outer loop
    vertex -2.9999990463256836 -72.25 1.9073486328125e-06
    vertex -7.133973121643066 -76.75 1.9073486328125e-06
    vertex -7.0340728759765625 -76.50881958007812 1.9073486328125e-06
  endloop
endfacet
facet normal 0.0 0.0 0.0
  outer loop
    vertex -2.9999990463256836 -72.25 1.9073486328125e-06
    vertex -7.0340728759765625 -76.50881958007812 1.9073486328125e-06
    vertex -3.2588181495666504 -72.21592712402344 1.9073486328125e-06
  endloop
endfacet
facet normal 0.0 0.0 0.0
  outer loop
    vertex -3.2588181495666504 -72.21592712402344 1.9073486328125e-06
    vertex -7.0340728759765625 -76.50881958007812 1.9073486328125e-06
    vertex -3.4999990463256836 -72.11602783203125 1.9073486328125e-06
  endloop
endfacet
facet normal 0.0 0.0 0.0
  outer loop
    vertex -3.4999990463256836 -72.11602783203125 1.9073486328125e-06
    vertex -7.0340728759765625 -76.50881958007812 1.9073486328125e-06
    vertex -3.707105875015259 -71.95710754394531 1.9073486328125e-06
  endloop
endfacet
facet normal 0.0 0.0 0.0
  outer loop
    vertex -3.707105875015259 -71.95710754394531 1.9073486328125e-06
    vertex -7.0340728759765625 -76.50881958007812 1.9073486328125e-06
    vertex -3.8660244941711426 -71.75 1.9073486328125e-06
  endloop
endfacet
facet normal 0.0 0.0 0.0
  outer loop
    vertex -3.8660244941711426 -71.75 1.9073486328125e-06
    vertex -7.0340728759765625 -76.50881958007812 1.9073486328125e-06
    vertex -6.999998569488525 -76.25 1.9073486328125e-06
  endloop
endfacet
facet normal 0.0 0.0 0.0
  outer loop
    vertex -3.8660244941711426 -71.75 1.9073486328125e-06
    vertex -6.999998569488525 -76.25 1.9073486328125e-06
    vertex -3.9659249782562256 -71.50881958007812 1.9073486328125e-06
  endloop
endfacet
facet normal 0.0 0.0 0.0
  outer loop
    vertex -3.9659249782562256 -71.50881958007812 1.9073486328125e-06
    vertex -6.999998569488525 -76.25 1.9073486328125e-06
    vertex -3.9999990463256836 -71.25 1.9073486328125e-06
  endloop
endfacet
facet normal 0.0 0.0 0.0
  outer loop
    vertex -3.9999990463256836 -71.25 1.9073486328125e-06
    vertex -6.999998569488525 -76.25 1.9073486328125e-06
    vertex -3.9999990463256836 68.25 1.9073486328125e-06
  endloop
endfacet
facet normal 0.0 0.0 0.0
  outer loop
    vertex -3.9999990463256836 68.25 1.9073486328125e-06
    vertex -6.999998569488525 -76.25 1.9073486328125e-06
    vertex -6.999998569488525 78.25 1.9073486328125e-06
  endloop
endfacet
facet normal 0.0 0.0 0.0
  outer loop
    vertex -3.9999990463256836 68.25 1.9073486328125e-06
    vertex -6.999998569488525 78.25 1.9073486328125e-06
    vertex -5.249999046325684 74.25 1.9073486328125e-06
  endloop
endfacet
facet normal 0.0 0.0 0.0
  outer loop
    vertex -5.249999046325684 74.25 1.9073486328125e-06
    vertex -6.999998569488525 78.25 1.9073486328125e-06
    vertex -6.499998569488525 79.11602783203125 1.9073486328125e-06
  endloop
endfacet
facet normal 0.0 0.0 0.0
  outer loop
    vertex -5.249999046325684 74.25 1.9073486328125e-06
    vertex -6.499998569488525 79.11602783203125 1.9073486328125e-06
    vertex -6.258817672729492 79.21592712402344 1.9073486328125e-06
  endloop
endfacet
facet normal 0.0 0.0 0.0
  outer loop
    vertex -6.965924263000488 78.50881958007812 1.9073486328125e-06
    vertex -6.866024017333984 78.75 1.9073486328125e-06
    vertex -6.999998569488525 78.25 1.9073486328125e-06
  endloop
endfacet
facet normal 0.0 0.0 0.0
  outer loop
    vertex -6.999998569488525 78.25 1.9073486328125e-06
    vertex -6.866024017333984 78.75 1.9073486328125e-06
    vertex -6.7071051597595215 78.95710754394531 1.9073486328125e-06
  endloop
endfacet
facet normal 0.0 0.0 0.0
  outer loop
    vertex -6.999998569488525 78.25 1.9073486328125e-06
    vertex -6.7071051597595215 78.95710754394531 1.9073486328125e-06
    vertex -6.499998569488525 79.11602783203125 1.9073486328125e-06
  endloop
endfacet
facet normal 0.0 0.0 0.0
  outer loop
    vertex 4.0 68.25 1.9073486328125e-06
    vertex 3.965925931930542 68.50881958007812 1.9073486328125e-06
    vertex 5.25 74.25 1.9073486328125e-06
  endloop
endfacet
facet normal 0.0 0.0 0.0
  outer loop
    vertex 5.25 74.25 1.9073486328125e-06
    vertex 3.965925931930542 68.50881958007812 1.9073486328125e-06
    vertex 3.866025447845459 68.75 1.9073486328125e-06
  endloop
endfacet
facet normal 0.0 0.0 0.0
  outer loop
    vertex 5.25 74.25 1.9073486328125e-06
    vertex 3.866025447845459 68.75 1.9073486328125e-06
    vertex 3.707106828689575 68.95710754394531 1.9073486328125e-06
  endloop
endfacet
facet normal 0.0 0.0 0.0
  outer loop
    vertex 3.707106828689575 68.95710754394531 1.9073486328125e-06
    vertex 3.5 69.11602783203125 1.9073486328125e-06
    vertex 5.25 74.25 1.9073486328125e-06
  endloop
endfacet
facet normal 0.0 0.0 0.0
  outer loop
    vertex 5.25 74.25 1.9073486328125e-06
    vertex 3.5 69.11602783203125 1.9073486328125e-06
    vertex 3.258819103240967 69.21592712402344 1.9073486328125e-06
  endloop
endfacet
facet normal 0.0 0.0 0.0
  outer loop
    vertex 5.25 74.25 1.9073486328125e-06
    vertex 3.258819103240967 69.21592712402344 1.9073486328125e-06
    vertex 3.0 69.25 1.9073486328125e-06
  endloop
endfacet
facet normal 0.0 0.0 0.0
  outer loop
    vertex 3.0 69.25 1.9073486328125e-06
    vertex -2.9999990463256836 69.25 1.9073486328125e-06
    vertex 5.25 74.25 1.9073486328125e-06
  endloop
endfacet
facet normal 0.0 0.0 0.0
  outer loop
    vertex -3.4999990463256836 69.11602783203125 1.9073486328125e-06
    vertex -3.707105875015259 68.95710754394531 1.9073486328125e-06
    vertex -5.249999046325684 74.25 1.9073486328125e-06
  endloop
endfacet
facet normal 0.0 0.0 0.0
  outer loop
    vertex -5.249999046325684 74.25 1.9073486328125e-06
    vertex -3.707105875015259 68.95710754394531 1.9073486328125e-06
    vertex -3.8660244941711426 68.75 1.9073486328125e-06
  endloop
endfacet
facet normal 0.0 0.0 0.0
  outer loop
    vertex -5.249999046325684 74.25 1.9073486328125e-06
    vertex -3.8660244941711426 68.75 1.9073486328125e-06
    vertex -3.9659249782562256 68.50881958007812 1.9073486328125e-06
  endloop
endfacet
facet normal 0.0 0.0 0.0
  outer loop
    vertex -3.9659249782562256 68.50881958007812 1.9073486328125e-06
    vertex -3.9999990463256836 68.25 1.9073486328125e-06
    vertex -5.249999046325684 74.25 1.9073486328125e-06
  endloop
endfacet
facet normal 0.0 0.0 0.0
  outer loop
    vertex 4.0 68.25 1.9073486328125e-06
    vertex 4.0 -71.25 1.9073486328125e-06
    vertex 3.999999523162842 68.25 13.0
  endloop
endfacet
facet normal 0.0 0.0 0.0
  outer loop
    vertex 3.999999523162842 68.25 13.0
    vertex 4.0 -71.25 1.9073486328125e-06
    vertex 3.999999523162842 -71.25 13.0
  endloop
endfacet
facet normal 0.0 0.0 0.0
  outer loop
    vertex -2.9999990463256836 69.25 1.9073486328125e-06
    vertex -1.3999996185302734 69.25 7.000000953674316
    vertex -2.999999523162842 69.25 13.0
  endloop
endfacet
facet normal 0.0 0.0 0.0
  outer loop
    vertex -2.999999523162842 69.25 13.0
    vertex -1.3999996185302734 69.25 7.000000953674316
    vertex -1.3522957563400269 69.25 7.362343788146973
  endloop
endfacet
facet normal 0.0 0.0 0.0
  outer loop
    vertex -2.999999523162842 69.25 13.0
    vertex -1.3522957563400269 69.25 7.362343788146973
    vertex -1.212435245513916 69.25 7.699997901916504
  endloop
endfacet
facet normal 0.0 0.0 0.0
  outer loop
    vertex 3.0 69.25 1.9073486328125e-06
    vertex 2.4704488055249385e-07 69.25 5.599999904632568
    vertex -2.9999990463256836 69.25 1.9073486328125e-06
  endloop
endfacet
facet normal 0.0 0.0 0.0
  outer loop
    vertex -2.9999990463256836 69.25 1.9073486328125e-06
    vertex 2.4704488055249385e-07 69.25 5.599999904632568
    vertex -0.3623463809490204 69.25 5.647698879241943
  endloop
endfacet
facet normal 0.0 0.0 0.0
  outer loop
    vertex -2.9999990463256836 69.25 1.9073486328125e-06
    vertex -0.3623463809490204 69.25 5.647698879241943
    vertex -0.6999996900558472 69.25 5.787560939788818
  endloop
endfacet
facet normal 0.0 0.0 0.0
  outer loop
    vertex 2.999999523162842 69.25 13.0
    vertex 1.4000000953674316 69.25 7.000000953674316
    vertex 3.0 69.25 1.9073486328125e-06
  endloop
endfacet
facet normal 0.0 0.0 0.0
  outer loop
    vertex 3.0 69.25 1.9073486328125e-06
    vertex 1.4000000953674316 69.25 7.000000953674316
    vertex 1.352296233177185 69.25 6.637650489807129
  endloop
endfacet
facet normal 0.0 0.0 0.0
  outer loop
    vertex 3.0 69.25 1.9073486328125e-06
    vertex 1.352296233177185 69.25 6.637650489807129
    vertex 1.2124357223510742 69.25 6.299996376037598
  endloop
endfacet
facet normal 0.0 0.0 0.0
  outer loop
    vertex -2.999999523162842 69.25 13.0
    vertex 1.2532329662917618e-07 69.25 8.399994850158691
    vertex 2.999999523162842 69.25 13.0
  endloop
endfacet
facet normal 0.0 0.0 0.0
  outer loop
    vertex 2.999999523162842 69.25 13.0
    vertex 1.2532329662917618e-07 69.25 8.399994850158691
    vertex 0.36234673857688904 69.25 8.352295875549316
  endloop
endfacet
facet normal 0.0 0.0 0.0
  outer loop
    vertex 2.999999523162842 69.25 13.0
    vertex 0.36234673857688904 69.25 8.352295875549316
    vertex 0.7000000476837158 69.25 8.212433815002441
  endloop
endfacet
facet normal 0.0 0.0 0.0
  outer loop
    vertex 1.2124357223510742 69.25 6.299996376037598
    vertex 0.9899495840072632 69.25 6.010048866271973
    vertex 3.0 69.25 1.9073486328125e-06
  endloop
endfacet
facet normal 0.0 0.0 0.0
  outer loop
    vertex 3.0 69.25 1.9073486328125e-06
    vertex 0.9899495840072632 69.25 6.010048866271973
    vertex 0.7000001668930054 69.25 5.787560939788818
  endloop
endfacet
facet normal 0.0 0.0 0.0
  outer loop
    vertex 3.0 69.25 1.9073486328125e-06
    vertex 0.7000001668930054 69.25 5.787560939788818
    vertex 0.3623468577861786 69.25 5.647698879241943
  endloop
endfacet
facet normal 0.0 0.0 0.0
  outer loop
    vertex 0.3623468577861786 69.25 5.647698879241943
    vertex 2.4704488055249385e-07 69.25 5.599999904632568
    vertex 3.0 69.25 1.9073486328125e-06
  endloop
endfacet
facet normal 0.0 0.0 0.0
  outer loop
    vertex -0.6999996900558472 69.25 5.787560939788818
    vertex -0.989949107170105 69.25 6.010048866271973
    vertex -2.9999990463256836 69.25 1.9073486328125e-06
  endloop
endfacet
facet normal 0.0 0.0 0.0
  outer loop
    vertex -2.9999990463256836 69.25 1.9073486328125e-06
    vertex -0.989949107170105 69.25 6.010048866271973
    vertex -1.212435245513916 69.25 6.299996376037598
  endloop
endfacet
facet normal 0.0 0.0 0.0
  outer loop
    vertex -2.9999990463256836 69.25 1.9073486328125e-06
    vertex -1.212435245513916 69.25 6.299996376037598
    vertex -1.3522957563400269 69.25 6.637650489807129
  endloop
endfacet
facet normal 0.0 0.0 0.0
  outer loop
    vertex -1.3522957563400269 69.25 6.637650489807129
    vertex -1.3999996185302734 69.25 7.000000953674316
    vertex -2.9999990463256836 69.25 1.9073486328125e-06
  endloop
endfacet
facet normal 0.0 0.0 0.0
  outer loop
    vertex -1.212435245513916 69.25 7.699997901916504
    vertex -0.9899492263793945 69.25 7.989945411682129
    vertex -2.999999523162842 69.25 13.0
  endloop
endfacet
facet normal 0.0 0.0 0.0
  outer loop
    vertex -2.999999523162842 69.25 13.0
    vertex -0.9899492263793945 69.25 7.989945411682129
    vertex -0.6999998092651367 69.25 8.212433815002441
  endloop
endfacet
facet normal 0.0 0.0 0.0
  outer loop
    vertex -2.999999523162842 69.25 13.0
    vertex -0.6999998092651367 69.25 8.212433815002441
    vertex -0.36234650015830994 69.25 8.352295875549316
  endloop
endfacet
facet normal 0.0 0.0 0.0
  outer loop
    vertex -0.36234650015830994 69.25 8.352295875549316
    vertex 1.2532329662917618e-07 69.25 8.399994850158691
    vertex -2.999999523162842 69.25 13.0
  endloop
endfacet
facet normal 0.0 0.0 0.0
  outer loop
    vertex 0.7000000476837158 69.25 8.212433815002441
    vertex 0.9899494647979736 69.25 7.989945411682129
    vertex 2.999999523162842 69.25 13.0
  endloop
endfacet
facet normal 0.0 0.0 0.0
  outer loop
    vertex 2.999999523162842 69.25 13.0
    vertex 0.9899494647979736 69.25 7.989945411682129
    vertex 1.2124357223510742 69.25 7.699997901916504
  endloop
endfacet
facet normal 0.0 0.0 0.0
  outer loop
    vertex 2.999999523162842 69.25 13.0
    vertex 1.2124357223510742 69.25 7.699997901916504
    vertex 1.352296233177185 69.25 7.362343788146973
  endloop
endfacet
facet normal 0.0 0.0 0.0
  outer loop
    vertex 1.352296233177185 69.25 7.362343788146973
    vertex 1.4000000953674316 69.25 7.000000953674316
    vertex 2.999999523162842 69.25 13.0
  endloop
endfacet
facet normal 0.0 0.0 0.0
  outer loop
    vertex -18.999998092651367 -79.25 24.999998092651367
    vertex 18.999998092651367 -79.25 24.999998092651367
    vertex -18.999998092651367 -78.25 24.999998092651367
  endloop
endfacet
facet normal 0.0 0.0 0.0
  outer loop
    vertex -18.999998092651367 -78.25 24.999998092651367
    vertex 18.999998092651367 -79.25 24.999998092651367
    vertex 18.999998092651367 -78.25 24.999998092651367
  endloop
endfacet
facet normal 0.0 0.0 0.0
  outer loop
    vertex 19.999998092651367 -79.25 23.999998092651367
    vertex 19.999998092651367 -79.25 1.9073486328125e-06
    vertex 19.999998092651367 -78.25 23.999998092651367
  endloop
endfacet
facet normal 0.0 0.0 0.0
  outer loop
    vertex 19.999998092651367 -78.25 23.999998092651367
    vertex 19.999998092651367 -79.25 1.9073486328125e-06
    vertex 19.999998092651367 -78.25 1.9073486328125e-06
  endloop
endfacet
facet normal 0.0 0.0 0.0
  outer loop
    vertex 6.999999046325684 -76.25 13.0
    vertex 6.999999523162842 -76.25 1.9073486328125e-06
    vertex 6.999999046325684 78.25 13.0
  endloop
endfacet
facet normal 0.0 0.0 0.0
  outer loop
    vertex 6.999999046325684 78.25 13.0
    vertex 6.999999523162842 -76.25 1.9073486328125e-06
    vertex 6.999999523162842 78.25 1.9073486328125e-06
  endloop
endfacet
endsolid Uranium STLWriter Thu 07 May 2020 09:27:02
