solid Uranium STLWriter Mon 11 May 2020 17:04:54
facet normal 0.0 0.0 0.0
  outer loop
    vertex 0.36234667897224426 49.5 3.647705078125
    vertex 0.5743576288223267 50.5 2.66973876953125
    vertex 7.374804056325956e-08 49.5 3.5999984741210938
  endloop
endfacet
facet normal 0.0 0.0 0.0
  outer loop
    vertex 7.374804056325956e-08 49.5 3.5999984741210938
    vertex 0.5743576288223267 50.5 2.66973876953125
    vertex 1.0117132376308291e-07 50.5 2.5999984741210938
  endloop
endfacet
facet normal 0.0 0.0 0.0
  outer loop
    vertex 7.374804056325956e-08 49.5 3.5999984741210938
    vertex 1.0117132376308291e-07 50.5 2.5999984741210938
    vertex -0.5743573904037476 50.5 2.66973876953125
  endloop
endfacet
facet normal 0.0 0.0 0.0
  outer loop
    vertex 0.5743576288223267 50.5 2.66973876953125
    vertex 0.36234667897224426 49.5 3.647705078125
    vertex 1.1153355836868286 50.5 2.874908447265625
  endloop
endfacet
facet normal 0.0 0.0 0.0
  outer loop
    vertex 1.1153355836868286 50.5 2.874908447265625
    vertex 0.36234667897224426 49.5 3.647705078125
    vertex 0.699999988079071 49.5 3.787567138671875
  endloop
endfacet
facet normal 0.0 0.0 0.0
  outer loop
    vertex 1.1153355836868286 50.5 2.874908447265625
    vertex 0.699999988079071 49.5 3.787567138671875
    vertex 1.5914942026138306 50.5 3.2035751342773438
  endloop
endfacet
facet normal 0.0 0.0 0.0
  outer loop
    vertex 1.5914942026138306 50.5 3.2035751342773438
    vertex 0.699999988079071 49.5 3.787567138671875
    vertex 0.9899494051933289 49.5 4.010047912597656
  endloop
endfacet
facet normal 0.0 0.0 0.0
  outer loop
    vertex 1.5914942026138306 50.5 3.2035751342773438
    vertex 0.9899494051933289 49.5 4.010047912597656
    vertex 1.9751611948013306 50.5 3.6366424560546875
  endloop
endfacet
facet normal 0.0 0.0 0.0
  outer loop
    vertex 1.9751611948013306 50.5 3.6366424560546875
    vertex 0.9899494051933289 49.5 4.010047912597656
    vertex 1.2124356031417847 49.5 4.3000030517578125
  endloop
endfacet
facet normal 0.0 0.0 0.0
  outer loop
    vertex 1.9751611948013306 50.5 3.6366424560546875
    vertex 1.2124356031417847 49.5 4.3000030517578125
    vertex 2.2440388202667236 50.5 4.148948669433594
  endloop
endfacet
facet normal 0.0 0.0 0.0
  outer loop
    vertex 2.2440388202667236 50.5 4.148948669433594
    vertex 1.2124356031417847 49.5 4.3000030517578125
    vertex 1.3522961139678955 49.5 4.6376495361328125
  endloop
endfacet
facet normal 0.0 0.0 0.0
  outer loop
    vertex 2.2440388202667236 50.5 4.148948669433594
    vertex 1.3522961139678955 49.5 4.6376495361328125
    vertex 2.3825011253356934 50.5 4.7107086181640625
  endloop
endfacet
facet normal 0.0 0.0 0.0
  outer loop
    vertex 2.3825011253356934 50.5 4.7107086181640625
    vertex 1.3522961139678955 49.5 4.6376495361328125
    vertex 1.399999976158142 49.5 5.0
  endloop
endfacet
facet normal 0.0 0.0 0.0
  outer loop
    vertex 2.3825011253356934 50.5 4.7107086181640625
    vertex 1.399999976158142 49.5 5.0
    vertex 2.3825011253356934 50.5 5.2892913818359375
  endloop
endfacet
facet normal 0.0 0.0 0.0
  outer loop
    vertex 2.3825011253356934 50.5 5.2892913818359375
    vertex 1.399999976158142 49.5 5.0
    vertex 1.3522961139678955 49.5 5.3623504638671875
  endloop
endfacet
facet normal 0.0 0.0 0.0
  outer loop
    vertex 2.3825011253356934 50.5 5.2892913818359375
    vertex 1.3522961139678955 49.5 5.3623504638671875
    vertex 2.2440388202667236 50.5 5.851051330566406
  endloop
endfacet
facet normal 0.0 0.0 0.0
  outer loop
    vertex 2.2440388202667236 50.5 5.851051330566406
    vertex 1.3522961139678955 49.5 5.3623504638671875
    vertex 1.2124356031417847 49.5 5.6999969482421875
  endloop
endfacet
facet normal 0.0 0.0 0.0
  outer loop
    vertex 2.2440388202667236 50.5 5.851051330566406
    vertex 1.2124356031417847 49.5 5.6999969482421875
    vertex 1.975161075592041 50.5 6.3633575439453125
  endloop
endfacet
facet normal 0.0 0.0 0.0
  outer loop
    vertex 1.975161075592041 50.5 6.3633575439453125
    vertex 1.2124356031417847 49.5 5.6999969482421875
    vertex 0.9899493455886841 49.5 5.989952087402344
  endloop
endfacet
facet normal 0.0 0.0 0.0
  outer loop
    vertex 1.975161075592041 50.5 6.3633575439453125
    vertex 0.9899493455886841 49.5 5.989952087402344
    vertex 1.591494083404541 50.5 6.796424388885498
  endloop
endfacet
facet normal 0.0 0.0 0.0
  outer loop
    vertex 1.591494083404541 50.5 6.796424388885498
    vertex 0.9899493455886841 49.5 5.989952087402344
    vertex 0.6999999284744263 49.5 6.212432861328125
  endloop
endfacet
facet normal 0.0 0.0 0.0
  outer loop
    vertex 1.591494083404541 50.5 6.796424388885498
    vertex 0.6999999284744263 49.5 6.212432861328125
    vertex 1.115335464477539 50.5 7.125091075897217
  endloop
endfacet
facet normal 0.0 0.0 0.0
  outer loop
    vertex 1.115335464477539 50.5 7.125091075897217
    vertex 0.6999999284744263 49.5 6.212432861328125
    vertex 0.3623466193675995 49.5 6.352294921875
  endloop
endfacet
facet normal 0.0 0.0 0.0
  outer loop
    vertex 1.115335464477539 50.5 7.125091075897217
    vertex 0.3623466193675995 49.5 6.352294921875
    vertex 0.5743574500083923 50.5 7.330260753631592
  endloop
endfacet
facet normal 0.0 0.0 0.0
  outer loop
    vertex 0.5743574500083923 50.5 7.330260753631592
    vertex 0.3623466193675995 49.5 6.352294921875
    vertex -3.0371722914424026e-09 49.5 6.400001525878906
  endloop
endfacet
facet normal 0.0 0.0 0.0
  outer loop
    vertex 0.5743574500083923 50.5 7.330260753631592
    vertex -3.0371722914424026e-09 49.5 6.400001525878906
    vertex -3.046044128041103e-08 50.5 7.400001049041748
  endloop
endfacet
facet normal 0.0 0.0 0.0
  outer loop
    vertex -3.046044128041103e-08 50.5 7.400001049041748
    vertex -3.0371722914424026e-09 49.5 6.400001525878906
    vertex -0.5743575692176819 50.5 7.330260753631592
  endloop
endfacet
facet normal 0.0 0.0 0.0
  outer loop
    vertex -0.5743575692176819 50.5 7.330260753631592
    vertex -3.0371722914424026e-09 49.5 6.400001525878906
    vertex -0.3623466193675995 49.5 6.352294921875
  endloop
endfacet
facet normal 0.0 0.0 0.0
  outer loop
    vertex -0.5743575692176819 50.5 7.330260753631592
    vertex -0.3623466193675995 49.5 6.352294921875
    vertex -1.115335464477539 50.5 7.125091075897217
  endloop
endfacet
facet normal 0.0 0.0 0.0
  outer loop
    vertex -1.115335464477539 50.5 7.125091075897217
    vertex -0.3623466193675995 49.5 6.352294921875
    vertex -0.6999999284744263 49.5 6.212432861328125
  endloop
endfacet
facet normal 0.0 0.0 0.0
  outer loop
    vertex -1.115335464477539 50.5 7.125091075897217
    vertex -0.6999999284744263 49.5 6.212432861328125
    vertex -1.591494083404541 50.5 6.796424388885498
  endloop
endfacet
facet normal 0.0 0.0 0.0
  outer loop
    vertex -1.591494083404541 50.5 6.796424388885498
    vertex -0.6999999284744263 49.5 6.212432861328125
    vertex -0.9899493455886841 49.5 5.989952087402344
  endloop
endfacet
facet normal 0.0 0.0 0.0
  outer loop
    vertex -1.591494083404541 50.5 6.796424388885498
    vertex -0.9899493455886841 49.5 5.989952087402344
    vertex -1.975161075592041 50.5 6.3633575439453125
  endloop
endfacet
facet normal 0.0 0.0 0.0
  outer loop
    vertex -1.975161075592041 50.5 6.3633575439453125
    vertex -0.9899493455886841 49.5 5.989952087402344
    vertex -1.2124353647232056 49.5 5.6999969482421875
  endloop
endfacet
facet normal 0.0 0.0 0.0
  outer loop
    vertex -1.975161075592041 50.5 6.3633575439453125
    vertex -1.2124353647232056 49.5 5.6999969482421875
    vertex -2.2440388202667236 50.5 5.851051330566406
  endloop
endfacet
facet normal 0.0 0.0 0.0
  outer loop
    vertex -2.2440388202667236 50.5 5.851051330566406
    vertex -1.2124353647232056 49.5 5.6999969482421875
    vertex -1.3522958755493164 49.5 5.3623504638671875
  endloop
endfacet
facet normal 0.0 0.0 0.0
  outer loop
    vertex -2.2440388202667236 50.5 5.851051330566406
    vertex -1.3522958755493164 49.5 5.3623504638671875
    vertex -2.3825011253356934 50.5 5.2892913818359375
  endloop
endfacet
facet normal 0.0 0.0 0.0
  outer loop
    vertex -2.3825011253356934 50.5 5.2892913818359375
    vertex -1.3522958755493164 49.5 5.3623504638671875
    vertex -1.399999737739563 49.5 5.0
  endloop
endfacet
facet normal 0.0 0.0 0.0
  outer loop
    vertex -2.3825011253356934 50.5 5.2892913818359375
    vertex -1.399999737739563 49.5 5.0
    vertex -2.3825011253356934 50.5 4.7107086181640625
  endloop
endfacet
facet normal 0.0 0.0 0.0
  outer loop
    vertex -2.3825011253356934 50.5 4.7107086181640625
    vertex -1.399999737739563 49.5 5.0
    vertex -1.3522958755493164 49.5 4.6376495361328125
  endloop
endfacet
facet normal 0.0 0.0 0.0
  outer loop
    vertex -2.3825011253356934 50.5 4.7107086181640625
    vertex -1.3522958755493164 49.5 4.6376495361328125
    vertex -2.2440388202667236 50.5 4.148948669433594
  endloop
endfacet
facet normal 0.0 0.0 0.0
  outer loop
    vertex -2.2440388202667236 50.5 4.148948669433594
    vertex -1.3522958755493164 49.5 4.6376495361328125
    vertex -1.2124353647232056 49.5 4.3000030517578125
  endloop
endfacet
facet normal 0.0 0.0 0.0
  outer loop
    vertex -2.2440388202667236 50.5 4.148948669433594
    vertex -1.2124353647232056 49.5 4.3000030517578125
    vertex -1.9751609563827515 50.5 3.6366424560546875
  endloop
endfacet
facet normal 0.0 0.0 0.0
  outer loop
    vertex -1.9751609563827515 50.5 3.6366424560546875
    vertex -1.2124353647232056 49.5 4.3000030517578125
    vertex -0.9899492859840393 49.5 4.010047912597656
  endloop
endfacet
facet normal 0.0 0.0 0.0
  outer loop
    vertex -1.9751609563827515 50.5 3.6366424560546875
    vertex -0.9899492859840393 49.5 4.010047912597656
    vertex -1.5914939641952515 50.5 3.2035751342773438
  endloop
endfacet
facet normal 0.0 0.0 0.0
  outer loop
    vertex -1.5914939641952515 50.5 3.2035751342773438
    vertex -0.9899492859840393 49.5 4.010047912597656
    vertex -0.6999998688697815 49.5 3.787567138671875
  endloop
endfacet
facet normal 0.0 0.0 0.0
  outer loop
    vertex -1.5914939641952515 50.5 3.2035751342773438
    vertex -0.6999998688697815 49.5 3.787567138671875
    vertex -1.1153353452682495 50.5 2.874908447265625
  endloop
endfacet
facet normal 0.0 0.0 0.0
  outer loop
    vertex -1.1153353452682495 50.5 2.874908447265625
    vertex -0.6999998688697815 49.5 3.787567138671875
    vertex -0.3623465597629547 49.5 3.647705078125
  endloop
endfacet
facet normal 0.0 0.0 0.0
  outer loop
    vertex -1.1153353452682495 50.5 2.874908447265625
    vertex -0.3623465597629547 49.5 3.647705078125
    vertex -0.5743573904037476 50.5 2.66973876953125
  endloop
endfacet
facet normal 0.0 0.0 0.0
  outer loop
    vertex -0.5743573904037476 50.5 2.66973876953125
    vertex -0.3623465597629547 49.5 3.647705078125
    vertex 7.374804056325956e-08 49.5 3.5999984741210938
  endloop
endfacet
facet normal 0.0 0.0 0.0
  outer loop
    vertex 0.36234667897224426 41.5 3.647705078125
    vertex 0.36234667897224426 46.0 3.647705078125
    vertex 7.374804056325956e-08 41.5 3.5999984741210938
  endloop
endfacet
facet normal 0.0 0.0 0.0
  outer loop
    vertex 7.374804056325956e-08 41.5 3.5999984741210938
    vertex 0.36234667897224426 46.0 3.647705078125
    vertex 7.374804056325956e-08 46.0 3.5999984741210938
  endloop
endfacet
facet normal 0.0 0.0 0.0
  outer loop
    vertex 7.374804056325956e-08 41.5 3.5999984741210938
    vertex 7.374804056325956e-08 46.0 3.5999984741210938
    vertex -0.3623465597629547 41.5 3.647705078125
  endloop
endfacet
facet normal 0.0 0.0 0.0
  outer loop
    vertex -0.3623465597629547 41.5 3.647705078125
    vertex 7.374804056325956e-08 46.0 3.5999984741210938
    vertex -0.3623465597629547 46.0 3.647705078125
  endloop
endfacet
facet normal 0.0 0.0 0.0
  outer loop
    vertex -0.3623465597629547 41.5 3.647705078125
    vertex -0.3623465597629547 46.0 3.647705078125
    vertex -0.6999998688697815 41.5 3.787567138671875
  endloop
endfacet
facet normal 0.0 0.0 0.0
  outer loop
    vertex -0.6999998688697815 41.5 3.787567138671875
    vertex -0.3623465597629547 46.0 3.647705078125
    vertex -0.6999998688697815 46.0 3.787567138671875
  endloop
endfacet
facet normal 0.0 0.0 0.0
  outer loop
    vertex -0.6999998688697815 41.5 3.787567138671875
    vertex -0.6999998688697815 46.0 3.787567138671875
    vertex -0.9899492859840393 41.5 4.010047912597656
  endloop
endfacet
facet normal 0.0 0.0 0.0
  outer loop
    vertex -0.9899492859840393 41.5 4.010047912597656
    vertex -0.6999998688697815 46.0 3.787567138671875
    vertex -0.9899492859840393 46.0 4.010047912597656
  endloop
endfacet
facet normal 0.0 0.0 0.0
  outer loop
    vertex -0.9899492859840393 41.5 4.010047912597656
    vertex -0.9899492859840393 46.0 4.010047912597656
    vertex -1.2124353647232056 41.5 4.3000030517578125
  endloop
endfacet
facet normal 0.0 0.0 0.0
  outer loop
    vertex -1.2124353647232056 41.5 4.3000030517578125
    vertex -0.9899492859840393 46.0 4.010047912597656
    vertex -1.2124353647232056 46.0 4.3000030517578125
  endloop
endfacet
facet normal 0.0 0.0 0.0
  outer loop
    vertex -1.2124353647232056 41.5 4.3000030517578125
    vertex -1.2124353647232056 46.0 4.3000030517578125
    vertex -1.3522958755493164 41.5 4.6376495361328125
  endloop
endfacet
facet normal 0.0 0.0 0.0
  outer loop
    vertex -1.3522958755493164 41.5 4.6376495361328125
    vertex -1.2124353647232056 46.0 4.3000030517578125
    vertex -1.3522958755493164 46.0 4.6376495361328125
  endloop
endfacet
facet normal 0.0 0.0 0.0
  outer loop
    vertex -1.3522958755493164 41.5 4.6376495361328125
    vertex -1.3522958755493164 46.0 4.6376495361328125
    vertex -1.399999737739563 41.5 5.0
  endloop
endfacet
facet normal 0.0 0.0 0.0
  outer loop
    vertex -1.399999737739563 41.5 5.0
    vertex -1.3522958755493164 46.0 4.6376495361328125
    vertex -1.399999737739563 46.0 5.0
  endloop
endfacet
facet normal 0.0 0.0 0.0
  outer loop
    vertex -1.399999737739563 41.5 5.0
    vertex -1.399999737739563 46.0 5.0
    vertex -1.3522958755493164 41.5 5.3623504638671875
  endloop
endfacet
facet normal 0.0 0.0 0.0
  outer loop
    vertex -1.3522958755493164 41.5 5.3623504638671875
    vertex -1.399999737739563 46.0 5.0
    vertex -1.3522958755493164 46.0 5.3623504638671875
  endloop
endfacet
facet normal 0.0 0.0 0.0
  outer loop
    vertex -1.3522958755493164 41.5 5.3623504638671875
    vertex -1.3522958755493164 46.0 5.3623504638671875
    vertex -1.2124353647232056 41.5 5.6999969482421875
  endloop
endfacet
facet normal 0.0 0.0 0.0
  outer loop
    vertex -1.2124353647232056 41.5 5.6999969482421875
    vertex -1.3522958755493164 46.0 5.3623504638671875
    vertex -1.2124353647232056 46.0 5.6999969482421875
  endloop
endfacet
facet normal 0.0 0.0 0.0
  outer loop
    vertex -1.2124353647232056 41.5 5.6999969482421875
    vertex -1.2124353647232056 46.0 5.6999969482421875
    vertex -0.9899493455886841 41.5 5.989952087402344
  endloop
endfacet
facet normal 0.0 0.0 0.0
  outer loop
    vertex -0.9899493455886841 41.5 5.989952087402344
    vertex -1.2124353647232056 46.0 5.6999969482421875
    vertex -0.9899493455886841 46.0 5.989952087402344
  endloop
endfacet
facet normal 0.0 0.0 0.0
  outer loop
    vertex -0.9899493455886841 41.5 5.989952087402344
    vertex -0.9899493455886841 46.0 5.989952087402344
    vertex -0.6999999284744263 41.5 6.212432861328125
  endloop
endfacet
facet normal 0.0 0.0 0.0
  outer loop
    vertex -0.6999999284744263 41.5 6.212432861328125
    vertex -0.9899493455886841 46.0 5.989952087402344
    vertex -0.6999999284744263 46.0 6.212432861328125
  endloop
endfacet
facet normal 0.0 0.0 0.0
  outer loop
    vertex -0.6999999284744263 41.5 6.212432861328125
    vertex -0.6999999284744263 46.0 6.212432861328125
    vertex -0.3623466193675995 41.5 6.352294921875
  endloop
endfacet
facet normal 0.0 0.0 0.0
  outer loop
    vertex -0.3623466193675995 41.5 6.352294921875
    vertex -0.6999999284744263 46.0 6.212432861328125
    vertex -0.3623466193675995 46.0 6.352294921875
  endloop
endfacet
facet normal 0.0 0.0 0.0
  outer loop
    vertex -0.3623466193675995 41.5 6.352294921875
    vertex -0.3623466193675995 46.0 6.352294921875
    vertex -3.0371722914424026e-09 41.5 6.400001525878906
  endloop
endfacet
facet normal 0.0 0.0 0.0
  outer loop
    vertex -3.0371722914424026e-09 41.5 6.400001525878906
    vertex -0.3623466193675995 46.0 6.352294921875
    vertex -3.0371722914424026e-09 46.0 6.400001525878906
  endloop
endfacet
facet normal 0.0 0.0 0.0
  outer loop
    vertex -3.0371722914424026e-09 41.5 6.400001525878906
    vertex -3.0371722914424026e-09 46.0 6.400001525878906
    vertex 0.3623466193675995 41.5 6.352294921875
  endloop
endfacet
facet normal 0.0 0.0 0.0
  outer loop
    vertex 0.3623466193675995 41.5 6.352294921875
    vertex -3.0371722914424026e-09 46.0 6.400001525878906
    vertex 0.3623466193675995 46.0 6.352294921875
  endloop
endfacet
facet normal 0.0 0.0 0.0
  outer loop
    vertex 0.3623466193675995 41.5 6.352294921875
    vertex 0.3623466193675995 46.0 6.352294921875
    vertex 0.6999999284744263 41.5 6.212432861328125
  endloop
endfacet
facet normal 0.0 0.0 0.0
  outer loop
    vertex 0.6999999284744263 41.5 6.212432861328125
    vertex 0.3623466193675995 46.0 6.352294921875
    vertex 0.6999999284744263 46.0 6.212432861328125
  endloop
endfacet
facet normal 0.0 0.0 0.0
  outer loop
    vertex 0.6999999284744263 41.5 6.212432861328125
    vertex 0.6999999284744263 46.0 6.212432861328125
    vertex 0.9899493455886841 41.5 5.989952087402344
  endloop
endfacet
facet normal 0.0 0.0 0.0
  outer loop
    vertex 0.9899493455886841 41.5 5.989952087402344
    vertex 0.6999999284744263 46.0 6.212432861328125
    vertex 0.9899493455886841 46.0 5.989952087402344
  endloop
endfacet
facet normal 0.0 0.0 0.0
  outer loop
    vertex 0.9899493455886841 41.5 5.989952087402344
    vertex 0.9899493455886841 46.0 5.989952087402344
    vertex 1.2124356031417847 41.5 5.6999969482421875
  endloop
endfacet
facet normal 0.0 0.0 0.0
  outer loop
    vertex 1.2124356031417847 41.5 5.6999969482421875
    vertex 0.9899493455886841 46.0 5.989952087402344
    vertex 1.2124356031417847 46.0 5.6999969482421875
  endloop
endfacet
facet normal 0.0 0.0 0.0
  outer loop
    vertex 1.2124356031417847 41.5 5.6999969482421875
    vertex 1.2124356031417847 46.0 5.6999969482421875
    vertex 1.3522961139678955 41.5 5.3623504638671875
  endloop
endfacet
facet normal 0.0 0.0 0.0
  outer loop
    vertex 1.3522961139678955 41.5 5.3623504638671875
    vertex 1.2124356031417847 46.0 5.6999969482421875
    vertex 1.3522961139678955 46.0 5.3623504638671875
  endloop
endfacet
facet normal 0.0 0.0 0.0
  outer loop
    vertex 1.3522961139678955 41.5 5.3623504638671875
    vertex 1.3522961139678955 46.0 5.3623504638671875
    vertex 1.399999976158142 41.5 5.0
  endloop
endfacet
facet normal 0.0 0.0 0.0
  outer loop
    vertex 1.399999976158142 41.5 5.0
    vertex 1.3522961139678955 46.0 5.3623504638671875
    vertex 1.399999976158142 46.0 5.0
  endloop
endfacet
facet normal 0.0 0.0 0.0
  outer loop
    vertex 1.399999976158142 41.5 5.0
    vertex 1.399999976158142 46.0 5.0
    vertex 1.3522961139678955 41.5 4.6376495361328125
  endloop
endfacet
facet normal 0.0 0.0 0.0
  outer loop
    vertex 1.3522961139678955 41.5 4.6376495361328125
    vertex 1.399999976158142 46.0 5.0
    vertex 1.3522961139678955 46.0 4.6376495361328125
  endloop
endfacet
facet normal 0.0 0.0 0.0
  outer loop
    vertex 1.3522961139678955 41.5 4.6376495361328125
    vertex 1.3522961139678955 46.0 4.6376495361328125
    vertex 1.2124356031417847 41.5 4.3000030517578125
  endloop
endfacet
facet normal 0.0 0.0 0.0
  outer loop
    vertex 1.2124356031417847 41.5 4.3000030517578125
    vertex 1.3522961139678955 46.0 4.6376495361328125
    vertex 1.2124356031417847 46.0 4.3000030517578125
  endloop
endfacet
facet normal 0.0 0.0 0.0
  outer loop
    vertex 1.2124356031417847 41.5 4.3000030517578125
    vertex 1.2124356031417847 46.0 4.3000030517578125
    vertex 0.9899494051933289 41.5 4.010047912597656
  endloop
endfacet
facet normal 0.0 0.0 0.0
  outer loop
    vertex 0.9899494051933289 41.5 4.010047912597656
    vertex 1.2124356031417847 46.0 4.3000030517578125
    vertex 0.9899494051933289 46.0 4.010047912597656
  endloop
endfacet
facet normal 0.0 0.0 0.0
  outer loop
    vertex 0.9899494051933289 41.5 4.010047912597656
    vertex 0.9899494051933289 46.0 4.010047912597656
    vertex 0.699999988079071 41.5 3.787567138671875
  endloop
endfacet
facet normal 0.0 0.0 0.0
  outer loop
    vertex 0.699999988079071 41.5 3.787567138671875
    vertex 0.9899494051933289 46.0 4.010047912597656
    vertex 0.699999988079071 46.0 3.787567138671875
  endloop
endfacet
facet normal 0.0 0.0 0.0
  outer loop
    vertex 0.699999988079071 41.5 3.787567138671875
    vertex 0.699999988079071 46.0 3.787567138671875
    vertex 0.36234667897224426 41.5 3.647705078125
  endloop
endfacet
facet normal 0.0 0.0 0.0
  outer loop
    vertex 0.36234667897224426 41.5 3.647705078125
    vertex 0.699999988079071 46.0 3.787567138671875
    vertex 0.36234667897224426 46.0 3.647705078125
  endloop
endfacet
facet normal 0.0 0.0 0.0
  outer loop
    vertex -0.3623465597629547 49.5 3.647705078125
    vertex -0.3623465597629547 46.0 3.647705078125
    vertex 7.374804056325956e-08 49.5 3.5999984741210938
  endloop
endfacet
facet normal 0.0 0.0 0.0
  outer loop
    vertex 7.374804056325956e-08 49.5 3.5999984741210938
    vertex -0.3623465597629547 46.0 3.647705078125
    vertex 7.374804056325956e-08 46.0 3.5999984741210938
  endloop
endfacet
facet normal 0.0 0.0 0.0
  outer loop
    vertex 7.374804056325956e-08 49.5 3.5999984741210938
    vertex 7.374804056325956e-08 46.0 3.5999984741210938
    vertex 0.36234667897224426 49.5 3.647705078125
  endloop
endfacet
facet normal 0.0 0.0 0.0
  outer loop
    vertex 0.36234667897224426 49.5 3.647705078125
    vertex 7.374804056325956e-08 46.0 3.5999984741210938
    vertex 0.36234667897224426 46.0 3.647705078125
  endloop
endfacet
facet normal 0.0 0.0 0.0
  outer loop
    vertex 0.36234667897224426 49.5 3.647705078125
    vertex 0.36234667897224426 46.0 3.647705078125
    vertex 0.699999988079071 49.5 3.787567138671875
  endloop
endfacet
facet normal 0.0 0.0 0.0
  outer loop
    vertex 0.699999988079071 49.5 3.787567138671875
    vertex 0.36234667897224426 46.0 3.647705078125
    vertex 0.699999988079071 46.0 3.787567138671875
  endloop
endfacet
facet normal 0.0 0.0 0.0
  outer loop
    vertex 0.699999988079071 49.5 3.787567138671875
    vertex 0.699999988079071 46.0 3.787567138671875
    vertex 0.9899494051933289 49.5 4.010047912597656
  endloop
endfacet
facet normal 0.0 0.0 0.0
  outer loop
    vertex 0.9899494051933289 49.5 4.010047912597656
    vertex 0.699999988079071 46.0 3.787567138671875
    vertex 0.9899494051933289 46.0 4.010047912597656
  endloop
endfacet
facet normal 0.0 0.0 0.0
  outer loop
    vertex 0.9899494051933289 49.5 4.010047912597656
    vertex 0.9899494051933289 46.0 4.010047912597656
    vertex 1.2124356031417847 49.5 4.3000030517578125
  endloop
endfacet
facet normal 0.0 0.0 0.0
  outer loop
    vertex 1.2124356031417847 49.5 4.3000030517578125
    vertex 0.9899494051933289 46.0 4.010047912597656
    vertex 1.2124356031417847 46.0 4.3000030517578125
  endloop
endfacet
facet normal 0.0 0.0 0.0
  outer loop
    vertex 1.2124356031417847 49.5 4.3000030517578125
    vertex 1.2124356031417847 46.0 4.3000030517578125
    vertex 1.3522961139678955 49.5 4.6376495361328125
  endloop
endfacet
facet normal 0.0 0.0 0.0
  outer loop
    vertex 1.3522961139678955 49.5 4.6376495361328125
    vertex 1.2124356031417847 46.0 4.3000030517578125
    vertex 1.3522961139678955 46.0 4.6376495361328125
  endloop
endfacet
facet normal 0.0 0.0 0.0
  outer loop
    vertex 1.3522961139678955 49.5 4.6376495361328125
    vertex 1.3522961139678955 46.0 4.6376495361328125
    vertex 1.399999976158142 49.5 5.0
  endloop
endfacet
facet normal 0.0 0.0 0.0
  outer loop
    vertex 1.399999976158142 49.5 5.0
    vertex 1.3522961139678955 46.0 4.6376495361328125
    vertex 1.399999976158142 46.0 5.0
  endloop
endfacet
facet normal 0.0 0.0 0.0
  outer loop
    vertex 1.399999976158142 49.5 5.0
    vertex 1.399999976158142 46.0 5.0
    vertex 1.3522961139678955 49.5 5.3623504638671875
  endloop
endfacet
facet normal 0.0 0.0 0.0
  outer loop
    vertex 1.3522961139678955 49.5 5.3623504638671875
    vertex 1.399999976158142 46.0 5.0
    vertex 1.3522961139678955 46.0 5.3623504638671875
  endloop
endfacet
facet normal 0.0 0.0 0.0
  outer loop
    vertex 1.3522961139678955 49.5 5.3623504638671875
    vertex 1.3522961139678955 46.0 5.3623504638671875
    vertex 1.2124356031417847 49.5 5.6999969482421875
  endloop
endfacet
facet normal 0.0 0.0 0.0
  outer loop
    vertex 1.2124356031417847 49.5 5.6999969482421875
    vertex 1.3522961139678955 46.0 5.3623504638671875
    vertex 1.2124356031417847 46.0 5.6999969482421875
  endloop
endfacet
facet normal 0.0 0.0 0.0
  outer loop
    vertex 1.2124356031417847 49.5 5.6999969482421875
    vertex 1.2124356031417847 46.0 5.6999969482421875
    vertex 0.9899493455886841 49.5 5.989952087402344
  endloop
endfacet
facet normal 0.0 0.0 0.0
  outer loop
    vertex 0.9899493455886841 49.5 5.989952087402344
    vertex 1.2124356031417847 46.0 5.6999969482421875
    vertex 0.9899493455886841 46.0 5.989952087402344
  endloop
endfacet
facet normal 0.0 0.0 0.0
  outer loop
    vertex 0.9899493455886841 49.5 5.989952087402344
    vertex 0.9899493455886841 46.0 5.989952087402344
    vertex 0.6999999284744263 49.5 6.212432861328125
  endloop
endfacet
facet normal 0.0 0.0 0.0
  outer loop
    vertex 0.6999999284744263 49.5 6.212432861328125
    vertex 0.9899493455886841 46.0 5.989952087402344
    vertex 0.6999999284744263 46.0 6.212432861328125
  endloop
endfacet
facet normal 0.0 0.0 0.0
  outer loop
    vertex 0.6999999284744263 49.5 6.212432861328125
    vertex 0.6999999284744263 46.0 6.212432861328125
    vertex 0.3623466193675995 49.5 6.352294921875
  endloop
endfacet
facet normal 0.0 0.0 0.0
  outer loop
    vertex 0.3623466193675995 49.5 6.352294921875
    vertex 0.6999999284744263 46.0 6.212432861328125
    vertex 0.3623466193675995 46.0 6.352294921875
  endloop
endfacet
facet normal 0.0 0.0 0.0
  outer loop
    vertex 0.3623466193675995 49.5 6.352294921875
    vertex 0.3623466193675995 46.0 6.352294921875
    vertex -3.0371722914424026e-09 49.5 6.400001525878906
  endloop
endfacet
facet normal 0.0 0.0 0.0
  outer loop
    vertex -3.0371722914424026e-09 49.5 6.400001525878906
    vertex 0.3623466193675995 46.0 6.352294921875
    vertex -3.0371722914424026e-09 46.0 6.400001525878906
  endloop
endfacet
facet normal 0.0 0.0 0.0
  outer loop
    vertex -3.0371722914424026e-09 49.5 6.400001525878906
    vertex -3.0371722914424026e-09 46.0 6.400001525878906
    vertex -0.3623466193675995 49.5 6.352294921875
  endloop
endfacet
facet normal 0.0 0.0 0.0
  outer loop
    vertex -0.3623466193675995 49.5 6.352294921875
    vertex -3.0371722914424026e-09 46.0 6.400001525878906
    vertex -0.3623466193675995 46.0 6.352294921875
  endloop
endfacet
facet normal 0.0 0.0 0.0
  outer loop
    vertex -0.3623466193675995 49.5 6.352294921875
    vertex -0.3623466193675995 46.0 6.352294921875
    vertex -0.6999999284744263 49.5 6.212432861328125
  endloop
endfacet
facet normal 0.0 0.0 0.0
  outer loop
    vertex -0.6999999284744263 49.5 6.212432861328125
    vertex -0.3623466193675995 46.0 6.352294921875
    vertex -0.6999999284744263 46.0 6.212432861328125
  endloop
endfacet
facet normal 0.0 0.0 0.0
  outer loop
    vertex -0.6999999284744263 49.5 6.212432861328125
    vertex -0.6999999284744263 46.0 6.212432861328125
    vertex -0.9899493455886841 49.5 5.989952087402344
  endloop
endfacet
facet normal 0.0 0.0 0.0
  outer loop
    vertex -0.9899493455886841 49.5 5.989952087402344
    vertex -0.6999999284744263 46.0 6.212432861328125
    vertex -0.9899493455886841 46.0 5.989952087402344
  endloop
endfacet
facet normal 0.0 0.0 0.0
  outer loop
    vertex -0.9899493455886841 49.5 5.989952087402344
    vertex -0.9899493455886841 46.0 5.989952087402344
    vertex -1.2124353647232056 49.5 5.6999969482421875
  endloop
endfacet
facet normal 0.0 0.0 0.0
  outer loop
    vertex -1.2124353647232056 49.5 5.6999969482421875
    vertex -0.9899493455886841 46.0 5.989952087402344
    vertex -1.2124353647232056 46.0 5.6999969482421875
  endloop
endfacet
facet normal 0.0 0.0 0.0
  outer loop
    vertex -1.2124353647232056 49.5 5.6999969482421875
    vertex -1.2124353647232056 46.0 5.6999969482421875
    vertex -1.3522958755493164 49.5 5.3623504638671875
  endloop
endfacet
facet normal 0.0 0.0 0.0
  outer loop
    vertex -1.3522958755493164 49.5 5.3623504638671875
    vertex -1.2124353647232056 46.0 5.6999969482421875
    vertex -1.3522958755493164 46.0 5.3623504638671875
  endloop
endfacet
facet normal 0.0 0.0 0.0
  outer loop
    vertex -1.3522958755493164 49.5 5.3623504638671875
    vertex -1.3522958755493164 46.0 5.3623504638671875
    vertex -1.399999737739563 49.5 5.0
  endloop
endfacet
facet normal 0.0 0.0 0.0
  outer loop
    vertex -1.399999737739563 49.5 5.0
    vertex -1.3522958755493164 46.0 5.3623504638671875
    vertex -1.399999737739563 46.0 5.0
  endloop
endfacet
facet normal 0.0 0.0 0.0
  outer loop
    vertex -1.399999737739563 49.5 5.0
    vertex -1.399999737739563 46.0 5.0
    vertex -1.3522958755493164 49.5 4.6376495361328125
  endloop
endfacet
facet normal 0.0 0.0 0.0
  outer loop
    vertex -1.3522958755493164 49.5 4.6376495361328125
    vertex -1.399999737739563 46.0 5.0
    vertex -1.3522958755493164 46.0 4.6376495361328125
  endloop
endfacet
facet normal 0.0 0.0 0.0
  outer loop
    vertex -1.3522958755493164 49.5 4.6376495361328125
    vertex -1.3522958755493164 46.0 4.6376495361328125
    vertex -1.2124353647232056 49.5 4.3000030517578125
  endloop
endfacet
facet normal 0.0 0.0 0.0
  outer loop
    vertex -1.2124353647232056 49.5 4.3000030517578125
    vertex -1.3522958755493164 46.0 4.6376495361328125
    vertex -1.2124353647232056 46.0 4.3000030517578125
  endloop
endfacet
facet normal 0.0 0.0 0.0
  outer loop
    vertex -1.2124353647232056 49.5 4.3000030517578125
    vertex -1.2124353647232056 46.0 4.3000030517578125
    vertex -0.9899492859840393 49.5 4.010047912597656
  endloop
endfacet
facet normal 0.0 0.0 0.0
  outer loop
    vertex -0.9899492859840393 49.5 4.010047912597656
    vertex -1.2124353647232056 46.0 4.3000030517578125
    vertex -0.9899492859840393 46.0 4.010047912597656
  endloop
endfacet
facet normal 0.0 0.0 0.0
  outer loop
    vertex -0.9899492859840393 49.5 4.010047912597656
    vertex -0.9899492859840393 46.0 4.010047912597656
    vertex -0.6999998688697815 49.5 3.787567138671875
  endloop
endfacet
facet normal 0.0 0.0 0.0
  outer loop
    vertex -0.6999998688697815 49.5 3.787567138671875
    vertex -0.9899492859840393 46.0 4.010047912597656
    vertex -0.6999998688697815 46.0 3.787567138671875
  endloop
endfacet
facet normal 0.0 0.0 0.0
  outer loop
    vertex -0.6999998688697815 49.5 3.787567138671875
    vertex -0.6999998688697815 46.0 3.787567138671875
    vertex -0.3623465597629547 49.5 3.647705078125
  endloop
endfacet
facet normal 0.0 0.0 0.0
  outer loop
    vertex -0.3623465597629547 49.5 3.647705078125
    vertex -0.6999998688697815 46.0 3.787567138671875
    vertex -0.3623465597629547 46.0 3.647705078125
  endloop
endfacet
facet normal 0.0 0.0 0.0
  outer loop
    vertex 8.999999046325684 50.5 10.0
    vertex -3.046044128041103e-08 50.5 7.400001049041748
    vertex -8.999999046325684 50.5 9.999999046325684
  endloop
endfacet
facet normal 0.0 0.0 0.0
  outer loop
    vertex -8.999999046325684 50.5 9.999999046325684
    vertex -3.046044128041103e-08 50.5 7.400001049041748
    vertex -0.5743575692176819 50.5 7.330260753631592
  endloop
endfacet
facet normal 0.0 0.0 0.0
  outer loop
    vertex -8.999999046325684 50.5 9.999999046325684
    vertex -0.5743575692176819 50.5 7.330260753631592
    vertex -1.115335464477539 50.5 7.125091075897217
  endloop
endfacet
facet normal 0.0 0.0 0.0
  outer loop
    vertex 9.258818626403809 50.5 9.965927124023438
    vertex 9.499999046325684 50.5 9.86602783203125
    vertex 8.999999046325684 50.5 10.0
  endloop
endfacet
facet normal 0.0 0.0 0.0
  outer loop
    vertex 8.999999046325684 50.5 10.0
    vertex 9.499999046325684 50.5 9.86602783203125
    vertex 9.70710563659668 50.5 9.707107543945312
  endloop
endfacet
facet normal 0.0 0.0 0.0
  outer loop
    vertex 8.999999046325684 50.5 10.0
    vertex 9.70710563659668 50.5 9.707107543945312
    vertex 9.8660249710083 50.5 9.5
  endloop
endfacet
facet normal 0.0 0.0 0.0
  outer loop
    vertex 9.8660249710083 50.5 9.5
    vertex 9.965925216674805 50.5 9.258819580078125
    vertex 8.999999046325684 50.5 10.0
  endloop
endfacet
facet normal 0.0 0.0 0.0
  outer loop
    vertex 8.999999046325684 50.5 10.0
    vertex 9.965925216674805 50.5 9.258819580078125
    vertex 9.999999046325684 50.5 9.0
  endloop
endfacet
facet normal 0.0 0.0 0.0
  outer loop
    vertex 8.999999046325684 50.5 10.0
    vertex 9.999999046325684 50.5 9.0
    vertex 1.115335464477539 50.5 7.125091075897217
  endloop
endfacet
facet normal 0.0 0.0 0.0
  outer loop
    vertex 1.115335464477539 50.5 7.125091075897217
    vertex 9.999999046325684 50.5 9.0
    vertex 1.591494083404541 50.5 6.796424388885498
  endloop
endfacet
facet normal 0.0 0.0 0.0
  outer loop
    vertex 1.591494083404541 50.5 6.796424388885498
    vertex 9.999999046325684 50.5 9.0
    vertex 1.975161075592041 50.5 6.3633575439453125
  endloop
endfacet
facet normal 0.0 0.0 0.0
  outer loop
    vertex 1.975161075592041 50.5 6.3633575439453125
    vertex 9.999999046325684 50.5 9.0
    vertex 2.2440388202667236 50.5 5.851051330566406
  endloop
endfacet
facet normal 0.0 0.0 0.0
  outer loop
    vertex 2.2440388202667236 50.5 5.851051330566406
    vertex 9.999999046325684 50.5 9.0
    vertex 2.3825011253356934 50.5 5.2892913818359375
  endloop
endfacet
facet normal 0.0 0.0 0.0
  outer loop
    vertex 2.3825011253356934 50.5 5.2892913818359375
    vertex 9.999999046325684 50.5 9.0
    vertex 2.3825011253356934 50.5 4.7107086181640625
  endloop
endfacet
facet normal 0.0 0.0 0.0
  outer loop
    vertex 2.3825011253356934 50.5 4.7107086181640625
    vertex 9.999999046325684 50.5 9.0
    vertex 9.999999046325684 50.5 9.5367431640625e-07
  endloop
endfacet
facet normal 0.0 0.0 0.0
  outer loop
    vertex 2.3825011253356934 50.5 4.7107086181640625
    vertex 9.999999046325684 50.5 9.5367431640625e-07
    vertex 2.2440388202667236 50.5 4.148948669433594
  endloop
endfacet
facet normal 0.0 0.0 0.0
  outer loop
    vertex 2.2440388202667236 50.5 4.148948669433594
    vertex 9.999999046325684 50.5 9.5367431640625e-07
    vertex 1.9751611948013306 50.5 3.6366424560546875
  endloop
endfacet
facet normal 0.0 0.0 0.0
  outer loop
    vertex 1.9751611948013306 50.5 3.6366424560546875
    vertex 9.999999046325684 50.5 9.5367431640625e-07
    vertex 1.5914942026138306 50.5 3.2035751342773438
  endloop
endfacet
facet normal 0.0 0.0 0.0
  outer loop
    vertex 1.5914942026138306 50.5 3.2035751342773438
    vertex 9.999999046325684 50.5 9.5367431640625e-07
    vertex 1.1153355836868286 50.5 2.874908447265625
  endloop
endfacet
facet normal 0.0 0.0 0.0
  outer loop
    vertex 1.1153355836868286 50.5 2.874908447265625
    vertex 9.999999046325684 50.5 9.5367431640625e-07
    vertex 0.5743576288223267 50.5 2.66973876953125
  endloop
endfacet
facet normal 0.0 0.0 0.0
  outer loop
    vertex 0.5743576288223267 50.5 2.66973876953125
    vertex 9.999999046325684 50.5 9.5367431640625e-07
    vertex 1.0117132376308291e-07 50.5 2.5999984741210938
  endloop
endfacet
facet normal 0.0 0.0 0.0
  outer loop
    vertex 1.0117132376308291e-07 50.5 2.5999984741210938
    vertex 9.999999046325684 50.5 9.5367431640625e-07
    vertex -9.999999046325684 50.5 9.5367431640625e-07
  endloop
endfacet
facet normal 0.0 0.0 0.0
  outer loop
    vertex 1.0117132376308291e-07 50.5 2.5999984741210938
    vertex -9.999999046325684 50.5 9.5367431640625e-07
    vertex -0.5743573904037476 50.5 2.66973876953125
  endloop
endfacet
facet normal 0.0 0.0 0.0
  outer loop
    vertex -0.5743573904037476 50.5 2.66973876953125
    vertex -9.999999046325684 50.5 9.5367431640625e-07
    vertex -1.1153353452682495 50.5 2.874908447265625
  endloop
endfacet
facet normal 0.0 0.0 0.0
  outer loop
    vertex -1.1153353452682495 50.5 2.874908447265625
    vertex -9.999999046325684 50.5 9.5367431640625e-07
    vertex -1.5914939641952515 50.5 3.2035751342773438
  endloop
endfacet
facet normal 0.0 0.0 0.0
  outer loop
    vertex -1.5914939641952515 50.5 3.2035751342773438
    vertex -9.999999046325684 50.5 9.5367431640625e-07
    vertex -1.9751609563827515 50.5 3.6366424560546875
  endloop
endfacet
facet normal 0.0 0.0 0.0
  outer loop
    vertex -1.9751609563827515 50.5 3.6366424560546875
    vertex -9.999999046325684 50.5 9.5367431640625e-07
    vertex -2.2440388202667236 50.5 4.148948669433594
  endloop
endfacet
facet normal 0.0 0.0 0.0
  outer loop
    vertex -2.2440388202667236 50.5 4.148948669433594
    vertex -9.999999046325684 50.5 9.5367431640625e-07
    vertex -2.3825011253356934 50.5 4.7107086181640625
  endloop
endfacet
facet normal 0.0 0.0 0.0
  outer loop
    vertex -2.3825011253356934 50.5 4.7107086181640625
    vertex -9.999999046325684 50.5 9.5367431640625e-07
    vertex -9.999999046325684 50.5 8.999999046325684
  endloop
endfacet
facet normal 0.0 0.0 0.0
  outer loop
    vertex -2.3825011253356934 50.5 4.7107086181640625
    vertex -9.999999046325684 50.5 8.999999046325684
    vertex -2.3825011253356934 50.5 5.2892913818359375
  endloop
endfacet
facet normal 0.0 0.0 0.0
  outer loop
    vertex -2.3825011253356934 50.5 5.2892913818359375
    vertex -9.999999046325684 50.5 8.999999046325684
    vertex -2.2440388202667236 50.5 5.851051330566406
  endloop
endfacet
facet normal 0.0 0.0 0.0
  outer loop
    vertex -2.2440388202667236 50.5 5.851051330566406
    vertex -9.999999046325684 50.5 8.999999046325684
    vertex -1.975161075592041 50.5 6.3633575439453125
  endloop
endfacet
facet normal 0.0 0.0 0.0
  outer loop
    vertex -1.975161075592041 50.5 6.3633575439453125
    vertex -9.999999046325684 50.5 8.999999046325684
    vertex -1.591494083404541 50.5 6.796424388885498
  endloop
endfacet
facet normal 0.0 0.0 0.0
  outer loop
    vertex -1.591494083404541 50.5 6.796424388885498
    vertex -9.999999046325684 50.5 8.999999046325684
    vertex -1.115335464477539 50.5 7.125091075897217
  endloop
endfacet
facet normal 0.0 0.0 0.0
  outer loop
    vertex -1.115335464477539 50.5 7.125091075897217
    vertex -9.999999046325684 50.5 8.999999046325684
    vertex -8.999999046325684 50.5 9.999999046325684
  endloop
endfacet
facet normal 0.0 0.0 0.0
  outer loop
    vertex -9.999999046325684 50.5 8.999999046325684
    vertex -9.965925216674805 50.5 9.258818626403809
    vertex -8.999999046325684 50.5 9.999999046325684
  endloop
endfacet
facet normal 0.0 0.0 0.0
  outer loop
    vertex -8.999999046325684 50.5 9.999999046325684
    vertex -9.965925216674805 50.5 9.258818626403809
    vertex -9.8660249710083 50.5 9.499999046325684
  endloop
endfacet
facet normal 0.0 0.0 0.0
  outer loop
    vertex -8.999999046325684 50.5 9.999999046325684
    vertex -9.8660249710083 50.5 9.499999046325684
    vertex -9.70710563659668 50.5 9.707106590270996
  endloop
endfacet
facet normal 0.0 0.0 0.0
  outer loop
    vertex -9.70710563659668 50.5 9.707106590270996
    vertex -9.499999046325684 50.5 9.866026878356934
    vertex -8.999999046325684 50.5 9.999999046325684
  endloop
endfacet
facet normal 0.0 0.0 0.0
  outer loop
    vertex -8.999999046325684 50.5 9.999999046325684
    vertex -9.499999046325684 50.5 9.866026878356934
    vertex -9.258818626403809 50.5 9.965926170349121
  endloop
endfacet
facet normal 0.0 0.0 0.0
  outer loop
    vertex 1.115335464477539 50.5 7.125091075897217
    vertex 0.5743574500083923 50.5 7.330260753631592
    vertex 8.999999046325684 50.5 10.0
  endloop
endfacet
facet normal 0.0 0.0 0.0
  outer loop
    vertex 8.999999046325684 50.5 10.0
    vertex 0.5743574500083923 50.5 7.330260753631592
    vertex -3.046044128041103e-08 50.5 7.400001049041748
  endloop
endfacet
facet normal 0.0 0.0 0.0
  outer loop
    vertex 9.999999046325684 12.64175796508789 3.1644668579101562
    vertex 9.499999046325684 12.512348175048828 3.647430419921875
    vertex 9.999999046325684 12.150001525878906 3.0997314453125
  endloop
endfacet
facet normal 0.0 0.0 0.0
  outer loop
    vertex 9.999999046325684 12.150001525878906 3.0997314453125
    vertex 9.499999046325684 12.512348175048828 3.647430419921875
    vertex 9.499999046325684 12.150001525878906 3.5997314453125
  endloop
endfacet
facet normal 0.0 0.0 0.0
  outer loop
    vertex 9.999999046325684 12.150001525878906 3.0997314453125
    vertex 9.499999046325684 12.150001525878906 3.5997314453125
    vertex 9.999999046325684 11.658245086669922 3.1644668579101562
  endloop
endfacet
facet normal 0.0 0.0 0.0
  outer loop
    vertex 9.999999046325684 11.658245086669922 3.1644668579101562
    vertex 9.499999046325684 12.150001525878906 3.5997314453125
    vertex 9.499999046325684 11.787654876708984 3.647430419921875
  endloop
endfacet
facet normal 0.0 0.0 0.0
  outer loop
    vertex 9.999999046325684 11.658245086669922 3.1644668579101562
    vertex 9.499999046325684 11.787654876708984 3.647430419921875
    vertex 9.999999046325684 11.200000762939453 3.354278564453125
  endloop
endfacet
facet normal 0.0 0.0 0.0
  outer loop
    vertex 9.999999046325684 11.200000762939453 3.354278564453125
    vertex 9.499999046325684 11.787654876708984 3.647430419921875
    vertex 9.499999046325684 11.450000762939453 3.78729248046875
  endloop
endfacet
facet normal 0.0 0.0 0.0
  outer loop
    vertex 9.999999046325684 11.200000762939453 3.354278564453125
    vertex 9.499999046325684 11.450000762939453 3.78729248046875
    vertex 9.999999046325684 10.806495666503906 3.6562271118164062
  endloop
endfacet
facet normal 0.0 0.0 0.0
  outer loop
    vertex 9.999999046325684 10.806495666503906 3.6562271118164062
    vertex 9.499999046325684 11.450000762939453 3.78729248046875
    vertex 9.499999046325684 11.160049438476562 4.0097808837890625
  endloop
endfacet
facet normal 0.0 0.0 0.0
  outer loop
    vertex 9.999999046325684 10.806495666503906 3.6562271118164062
    vertex 9.499999046325684 11.160049438476562 4.0097808837890625
    vertex 9.999999046325684 10.50455093383789 4.0497283935546875
  endloop
endfacet
facet normal 0.0 0.0 0.0
  outer loop
    vertex 9.999999046325684 10.50455093383789 4.0497283935546875
    vertex 9.499999046325684 11.160049438476562 4.0097808837890625
    vertex 9.499999046325684 10.937564849853516 4.2997283935546875
  endloop
endfacet
facet normal 0.0 0.0 0.0
  outer loop
    vertex 9.999999046325684 10.50455093383789 4.0497283935546875
    vertex 9.499999046325684 10.937564849853516 4.2997283935546875
    vertex 9.999999046325684 10.314739227294922 4.5079731941223145
  endloop
endfacet
facet normal 0.0 0.0 0.0
  outer loop
    vertex 9.999999046325684 10.314739227294922 4.5079731941223145
    vertex 9.499999046325684 10.937564849853516 4.2997283935546875
    vertex 9.499999046325684 10.79770278930664 4.637382984161377
  endloop
endfacet
facet normal 0.0 0.0 0.0
  outer loop
    vertex 9.999999046325684 10.314739227294922 4.5079731941223145
    vertex 9.499999046325684 10.79770278930664 4.637382984161377
    vertex 9.999999046325684 10.25 4.999725818634033
  endloop
endfacet
facet normal 0.0 0.0 0.0
  outer loop
    vertex 9.999999046325684 10.25 4.999725818634033
    vertex 9.499999046325684 10.79770278930664 4.637382984161377
    vertex 9.499999046325684 10.75 4.999725818634033
  endloop
endfacet
facet normal 0.0 0.0 0.0
  outer loop
    vertex 9.999999046325684 10.25 4.999725818634033
    vertex 9.499999046325684 10.75 4.999725818634033
    vertex 9.999999046325684 10.314739227294922 5.491486072540283
  endloop
endfacet
facet normal 0.0 0.0 0.0
  outer loop
    vertex 9.999999046325684 10.314739227294922 5.491486072540283
    vertex 9.499999046325684 10.75 4.999725818634033
    vertex 9.499999046325684 10.79770278930664 5.362076282501221
  endloop
endfacet
facet normal 0.0 0.0 0.0
  outer loop
    vertex 9.999999046325684 10.314739227294922 5.491486072540283
    vertex 9.499999046325684 10.79770278930664 5.362076282501221
    vertex 9.999999046325684 10.50455093383789 5.949730396270752
  endloop
endfacet
facet normal 0.0 0.0 0.0
  outer loop
    vertex 9.999999046325684 10.50455093383789 5.949730396270752
    vertex 9.499999046325684 10.79770278930664 5.362076282501221
    vertex 9.499999046325684 10.937564849853516 5.699730396270752
  endloop
endfacet
facet normal 0.0 0.0 0.0
  outer loop
    vertex 9.999999046325684 10.50455093383789 5.949730396270752
    vertex 9.499999046325684 10.937564849853516 5.699730396270752
    vertex 9.999999046325684 10.806495666503906 6.343231678009033
  endloop
endfacet
facet normal 0.0 0.0 0.0
  outer loop
    vertex 9.999999046325684 10.806495666503906 6.343231678009033
    vertex 9.499999046325684 10.937564849853516 5.699730396270752
    vertex 9.499999046325684 11.160049438476562 5.989677906036377
  endloop
endfacet
facet normal 0.0 0.0 0.0
  outer loop
    vertex 9.999999046325684 10.806495666503906 6.343231678009033
    vertex 9.499999046325684 11.160049438476562 5.989677906036377
    vertex 9.999999046325684 11.200000762939453 6.645179748535156
  endloop
endfacet
facet normal 0.0 0.0 0.0
  outer loop
    vertex 9.999999046325684 11.200000762939453 6.645179748535156
    vertex 9.499999046325684 11.160049438476562 5.989677906036377
    vertex 9.499999046325684 11.450000762939453 6.2121663093566895
  endloop
endfacet
facet normal 0.0 0.0 0.0
  outer loop
    vertex 9.999999046325684 11.200000762939453 6.645179748535156
    vertex 9.499999046325684 11.450000762939453 6.2121663093566895
    vertex 9.999999046325684 11.658245086669922 6.834991455078125
  endloop
endfacet
facet normal 0.0 0.0 0.0
  outer loop
    vertex 9.999999046325684 11.658245086669922 6.834991455078125
    vertex 9.499999046325684 11.450000762939453 6.2121663093566895
    vertex 9.499999046325684 11.787654876708984 6.3520283699035645
  endloop
endfacet
facet normal 0.0 0.0 0.0
  outer loop
    vertex 9.999999046325684 11.658245086669922 6.834991455078125
    vertex 9.499999046325684 11.787654876708984 6.3520283699035645
    vertex 9.999999046325684 12.150001525878906 6.899726867675781
  endloop
endfacet
facet normal 0.0 0.0 0.0
  outer loop
    vertex 9.999999046325684 12.150001525878906 6.899726867675781
    vertex 9.499999046325684 11.787654876708984 6.3520283699035645
    vertex 9.499999046325684 12.150001525878906 6.3997273445129395
  endloop
endfacet
facet normal 0.0 0.0 0.0
  outer loop
    vertex 9.999999046325684 12.150001525878906 6.899726867675781
    vertex 9.499999046325684 12.150001525878906 6.3997273445129395
    vertex 9.999999046325684 12.64175796508789 6.834991455078125
  endloop
endfacet
facet normal 0.0 0.0 0.0
  outer loop
    vertex 9.999999046325684 12.64175796508789 6.834991455078125
    vertex 9.499999046325684 12.150001525878906 6.3997273445129395
    vertex 9.499999046325684 12.512348175048828 6.3520283699035645
  endloop
endfacet
facet normal 0.0 0.0 0.0
  outer loop
    vertex 9.999999046325684 12.64175796508789 6.834991455078125
    vertex 9.499999046325684 12.512348175048828 6.3520283699035645
    vertex 9.999999046325684 13.099998474121094 6.645179748535156
  endloop
endfacet
facet normal 0.0 0.0 0.0
  outer loop
    vertex 9.999999046325684 13.099998474121094 6.645179748535156
    vertex 9.499999046325684 12.512348175048828 6.3520283699035645
    vertex 9.499999046325684 12.849998474121094 6.2121663093566895
  endloop
endfacet
facet normal 0.0 0.0 0.0
  outer loop
    vertex 9.999999046325684 13.099998474121094 6.645179748535156
    vertex 9.499999046325684 12.849998474121094 6.2121663093566895
    vertex 9.999999046325684 13.49350357055664 6.343231678009033
  endloop
endfacet
facet normal 0.0 0.0 0.0
  outer loop
    vertex 9.999999046325684 13.49350357055664 6.343231678009033
    vertex 9.499999046325684 12.849998474121094 6.2121663093566895
    vertex 9.499999046325684 13.139949798583984 5.989677906036377
  endloop
endfacet
facet normal 0.0 0.0 0.0
  outer loop
    vertex 9.999999046325684 13.49350357055664 6.343231678009033
    vertex 9.499999046325684 13.139949798583984 5.989677906036377
    vertex 9.999999046325684 13.795448303222656 5.949730396270752
  endloop
endfacet
facet normal 0.0 0.0 0.0
  outer loop
    vertex 9.999999046325684 13.795448303222656 5.949730396270752
    vertex 9.499999046325684 13.139949798583984 5.989677906036377
    vertex 9.499999046325684 13.362434387207031 5.699730396270752
  endloop
endfacet
facet normal 0.0 0.0 0.0
  outer loop
    vertex 9.999999046325684 13.795448303222656 5.949730396270752
    vertex 9.499999046325684 13.362434387207031 5.699730396270752
    vertex 9.999999046325684 13.985260009765625 5.491486072540283
  endloop
endfacet
facet normal 0.0 0.0 0.0
  outer loop
    vertex 9.999999046325684 13.985260009765625 5.491486072540283
    vertex 9.499999046325684 13.362434387207031 5.699730396270752
    vertex 9.499999046325684 13.502296447753906 5.362076282501221
  endloop
endfacet
facet normal 0.0 0.0 0.0
  outer loop
    vertex 9.999999046325684 13.985260009765625 5.491486072540283
    vertex 9.499999046325684 13.502296447753906 5.362076282501221
    vertex 9.999999046325684 14.049999237060547 4.999725818634033
  endloop
endfacet
facet normal 0.0 0.0 0.0
  outer loop
    vertex 9.999999046325684 14.049999237060547 4.999725818634033
    vertex 9.499999046325684 13.502296447753906 5.362076282501221
    vertex 9.499999046325684 13.549999237060547 4.999725818634033
  endloop
endfacet
facet normal 0.0 0.0 0.0
  outer loop
    vertex 9.999999046325684 14.049999237060547 4.999725818634033
    vertex 9.499999046325684 13.549999237060547 4.999725818634033
    vertex 9.999999046325684 13.985260009765625 4.5079731941223145
  endloop
endfacet
facet normal 0.0 0.0 0.0
  outer loop
    vertex 9.999999046325684 13.985260009765625 4.5079731941223145
    vertex 9.499999046325684 13.549999237060547 4.999725818634033
    vertex 9.499999046325684 13.502296447753906 4.637382984161377
  endloop
endfacet
facet normal 0.0 0.0 0.0
  outer loop
    vertex 9.999999046325684 13.985260009765625 4.5079731941223145
    vertex 9.499999046325684 13.502296447753906 4.637382984161377
    vertex 9.999999046325684 13.795448303222656 4.0497283935546875
  endloop
endfacet
facet normal 0.0 0.0 0.0
  outer loop
    vertex 9.999999046325684 13.795448303222656 4.0497283935546875
    vertex 9.499999046325684 13.502296447753906 4.637382984161377
    vertex 9.499999046325684 13.362434387207031 4.2997283935546875
  endloop
endfacet
facet normal 0.0 0.0 0.0
  outer loop
    vertex 9.999999046325684 13.795448303222656 4.0497283935546875
    vertex 9.499999046325684 13.362434387207031 4.2997283935546875
    vertex 9.999999046325684 13.49350357055664 3.6562271118164062
  endloop
endfacet
facet normal 0.0 0.0 0.0
  outer loop
    vertex 9.999999046325684 13.49350357055664 3.6562271118164062
    vertex 9.499999046325684 13.362434387207031 4.2997283935546875
    vertex 9.499999046325684 13.139949798583984 4.0097808837890625
  endloop
endfacet
facet normal 0.0 0.0 0.0
  outer loop
    vertex 9.999999046325684 13.49350357055664 3.6562271118164062
    vertex 9.499999046325684 13.139949798583984 4.0097808837890625
    vertex 9.999999046325684 13.099998474121094 3.354278564453125
  endloop
endfacet
facet normal 0.0 0.0 0.0
  outer loop
    vertex 9.999999046325684 13.099998474121094 3.354278564453125
    vertex 9.499999046325684 13.139949798583984 4.0097808837890625
    vertex 9.499999046325684 12.849998474121094 3.78729248046875
  endloop
endfacet
facet normal 0.0 0.0 0.0
  outer loop
    vertex 9.999999046325684 13.099998474121094 3.354278564453125
    vertex 9.499999046325684 12.849998474121094 3.78729248046875
    vertex 9.999999046325684 12.64175796508789 3.1644668579101562
  endloop
endfacet
facet normal 0.0 0.0 0.0
  outer loop
    vertex 9.999999046325684 12.64175796508789 3.1644668579101562
    vertex 9.499999046325684 12.849998474121094 3.78729248046875
    vertex 9.499999046325684 12.512348175048828 3.647430419921875
  endloop
endfacet
facet normal 0.0 0.0 0.0
  outer loop
    vertex 9.999999046325684 21.65824317932129 3.1644668579101562
    vertex 9.999999046325684 12.64175796508789 3.1644668579101562
    vertex 9.999999046325684 22.149999618530273 3.0997314453125
  endloop
endfacet
facet normal 0.0 0.0 0.0
  outer loop
    vertex 9.999999046325684 22.149999618530273 3.0997314453125
    vertex 9.999999046325684 12.64175796508789 3.1644668579101562
    vertex 9.999999046325684 12.150001525878906 3.0997314453125
  endloop
endfacet
facet normal 0.0 0.0 0.0
  outer loop
    vertex 9.999999046325684 22.149999618530273 3.0997314453125
    vertex 9.999999046325684 12.150001525878906 3.0997314453125
    vertex 9.999999046325684 50.5 9.5367431640625e-07
  endloop
endfacet
facet normal 0.0 0.0 0.0
  outer loop
    vertex 9.999999046325684 50.5 9.5367431640625e-07
    vertex 9.999999046325684 12.150001525878906 3.0997314453125
    vertex 9.999999046325684 -45.0 9.5367431640625e-07
  endloop
endfacet
facet normal 0.0 0.0 0.0
  outer loop
    vertex 9.999999046325684 -45.0 9.5367431640625e-07
    vertex 9.999999046325684 12.150001525878906 3.0997314453125
    vertex 9.999999046325684 11.658245086669922 3.1644668579101562
  endloop
endfacet
facet normal 0.0 0.0 0.0
  outer loop
    vertex 9.999999046325684 -45.0 9.5367431640625e-07
    vertex 9.999999046325684 11.658245086669922 3.1644668579101562
    vertex 9.999999046325684 11.200000762939453 3.354278564453125
  endloop
endfacet
facet normal 0.0 0.0 0.0
  outer loop
    vertex 9.999999046325684 12.64175796508789 3.1644668579101562
    vertex 9.999999046325684 21.65824317932129 3.1644668579101562
    vertex 9.999999046325684 13.099998474121094 3.354278564453125
  endloop
endfacet
facet normal 0.0 0.0 0.0
  outer loop
    vertex 9.999999046325684 13.099998474121094 3.354278564453125
    vertex 9.999999046325684 21.65824317932129 3.1644668579101562
    vertex 9.999999046325684 21.200000762939453 3.354278564453125
  endloop
endfacet
facet normal 0.0 0.0 0.0
  outer loop
    vertex 9.999999046325684 13.099998474121094 3.354278564453125
    vertex 9.999999046325684 21.200000762939453 3.354278564453125
    vertex 9.999999046325684 13.49350357055664 3.6562271118164062
  endloop
endfacet
facet normal 0.0 0.0 0.0
  outer loop
    vertex 9.999999046325684 13.49350357055664 3.6562271118164062
    vertex 9.999999046325684 21.200000762939453 3.354278564453125
    vertex 9.999999046325684 20.80649757385254 3.6562271118164062
  endloop
endfacet
facet normal 0.0 0.0 0.0
  outer loop
    vertex 9.999999046325684 13.49350357055664 3.6562271118164062
    vertex 9.999999046325684 20.80649757385254 3.6562271118164062
    vertex 9.999999046325684 13.795448303222656 4.0497283935546875
  endloop
endfacet
facet normal 0.0 0.0 0.0
  outer loop
    vertex 9.999999046325684 13.795448303222656 4.0497283935546875
    vertex 9.999999046325684 20.80649757385254 3.6562271118164062
    vertex 9.999999046325684 20.50455093383789 4.0497283935546875
  endloop
endfacet
facet normal 0.0 0.0 0.0
  outer loop
    vertex 9.999999046325684 13.795448303222656 4.0497283935546875
    vertex 9.999999046325684 20.50455093383789 4.0497283935546875
    vertex 9.999999046325684 13.985260009765625 4.5079731941223145
  endloop
endfacet
facet normal 0.0 0.0 0.0
  outer loop
    vertex 9.999999046325684 13.985260009765625 4.5079731941223145
    vertex 9.999999046325684 20.50455093383789 4.0497283935546875
    vertex 9.999999046325684 20.314741134643555 4.5079731941223145
  endloop
endfacet
facet normal 0.0 0.0 0.0
  outer loop
    vertex 9.999999046325684 13.985260009765625 4.5079731941223145
    vertex 9.999999046325684 20.314741134643555 4.5079731941223145
    vertex 9.999999046325684 14.049999237060547 4.999725818634033
  endloop
endfacet
facet normal 0.0 0.0 0.0
  outer loop
    vertex 9.999999046325684 14.049999237060547 4.999725818634033
    vertex 9.999999046325684 20.314741134643555 4.5079731941223145
    vertex 9.999999046325684 20.25 4.999725818634033
  endloop
endfacet
facet normal 0.0 0.0 0.0
  outer loop
    vertex 9.999999046325684 14.049999237060547 4.999725818634033
    vertex 9.999999046325684 20.25 4.999725818634033
    vertex 9.999999046325684 20.314741134643555 5.491486072540283
  endloop
endfacet
facet normal 0.0 0.0 0.0
  outer loop
    vertex 9.999999046325684 14.049999237060547 4.999725818634033
    vertex 9.999999046325684 20.314741134643555 5.491486072540283
    vertex 9.999999046325684 13.985260009765625 5.491486072540283
  endloop
endfacet
facet normal 0.0 0.0 0.0
  outer loop
    vertex 9.999999046325684 13.985260009765625 5.491486072540283
    vertex 9.999999046325684 20.314741134643555 5.491486072540283
    vertex 9.999999046325684 20.50455093383789 5.949730396270752
  endloop
endfacet
facet normal 0.0 0.0 0.0
  outer loop
    vertex 9.999999046325684 13.985260009765625 5.491486072540283
    vertex 9.999999046325684 20.50455093383789 5.949730396270752
    vertex 9.999999046325684 13.795448303222656 5.949730396270752
  endloop
endfacet
facet normal 0.0 0.0 0.0
  outer loop
    vertex 9.999999046325684 13.795448303222656 5.949730396270752
    vertex 9.999999046325684 20.50455093383789 5.949730396270752
    vertex 9.999999046325684 20.80649757385254 6.343231678009033
  endloop
endfacet
facet normal 0.0 0.0 0.0
  outer loop
    vertex 9.999999046325684 13.795448303222656 5.949730396270752
    vertex 9.999999046325684 20.80649757385254 6.343231678009033
    vertex 9.999999046325684 13.49350357055664 6.343231678009033
  endloop
endfacet
facet normal 0.0 0.0 0.0
  outer loop
    vertex 9.999999046325684 13.49350357055664 6.343231678009033
    vertex 9.999999046325684 20.80649757385254 6.343231678009033
    vertex 9.999999046325684 21.200000762939453 6.645179748535156
  endloop
endfacet
facet normal 0.0 0.0 0.0
  outer loop
    vertex 9.999999046325684 13.49350357055664 6.343231678009033
    vertex 9.999999046325684 21.200000762939453 6.645179748535156
    vertex 9.999999046325684 13.099998474121094 6.645179748535156
  endloop
endfacet
facet normal 0.0 0.0 0.0
  outer loop
    vertex 9.999999046325684 13.099998474121094 6.645179748535156
    vertex 9.999999046325684 21.200000762939453 6.645179748535156
    vertex 9.999999046325684 21.65824317932129 6.834991455078125
  endloop
endfacet
facet normal 0.0 0.0 0.0
  outer loop
    vertex 9.999999046325684 13.099998474121094 6.645179748535156
    vertex 9.999999046325684 21.65824317932129 6.834991455078125
    vertex 9.999999046325684 12.64175796508789 6.834991455078125
  endloop
endfacet
facet normal 0.0 0.0 0.0
  outer loop
    vertex 9.999999046325684 12.64175796508789 6.834991455078125
    vertex 9.999999046325684 21.65824317932129 6.834991455078125
    vertex 9.999999046325684 22.149999618530273 6.899726867675781
  endloop
endfacet
facet normal 0.0 0.0 0.0
  outer loop
    vertex 9.999999046325684 12.64175796508789 6.834991455078125
    vertex 9.999999046325684 22.149999618530273 6.899726867675781
    vertex 9.999999046325684 12.150001525878906 6.899726867675781
  endloop
endfacet
facet normal 0.0 0.0 0.0
  outer loop
    vertex 9.999999046325684 12.150001525878906 6.899726867675781
    vertex 9.999999046325684 22.149999618530273 6.899726867675781
    vertex 9.999999046325684 50.5 9.0
  endloop
endfacet
facet normal 0.0 0.0 0.0
  outer loop
    vertex 9.999999046325684 12.150001525878906 6.899726867675781
    vertex 9.999999046325684 50.5 9.0
    vertex 9.999999046325684 -45.0 9.0
  endloop
endfacet
facet normal 0.0 0.0 0.0
  outer loop
    vertex 9.999999046325684 22.149999618530273 6.899726867675781
    vertex 9.999999046325684 22.641756057739258 6.834991455078125
    vertex 9.999999046325684 50.5 9.0
  endloop
endfacet
facet normal 0.0 0.0 0.0
  outer loop
    vertex 9.999999046325684 50.5 9.0
    vertex 9.999999046325684 22.641756057739258 6.834991455078125
    vertex 9.999999046325684 23.100000381469727 6.645179748535156
  endloop
endfacet
facet normal 0.0 0.0 0.0
  outer loop
    vertex 9.999999046325684 50.5 9.0
    vertex 9.999999046325684 23.100000381469727 6.645179748535156
    vertex 9.999999046325684 23.49350357055664 6.343231678009033
  endloop
endfacet
facet normal 0.0 0.0 0.0
  outer loop
    vertex 9.999999046325684 23.49350357055664 6.343231678009033
    vertex 9.999999046325684 23.795448303222656 5.949730396270752
    vertex 9.999999046325684 50.5 9.0
  endloop
endfacet
facet normal 0.0 0.0 0.0
  outer loop
    vertex 9.999999046325684 50.5 9.0
    vertex 9.999999046325684 23.795448303222656 5.949730396270752
    vertex 9.999999046325684 23.985260009765625 5.491486072540283
  endloop
endfacet
facet normal 0.0 0.0 0.0
  outer loop
    vertex 9.999999046325684 50.5 9.0
    vertex 9.999999046325684 23.985260009765625 5.491486072540283
    vertex 9.999999046325684 24.049999237060547 4.999725818634033
  endloop
endfacet
facet normal 0.0 0.0 0.0
  outer loop
    vertex 9.999999046325684 24.049999237060547 4.999725818634033
    vertex 9.999999046325684 23.985260009765625 4.5079731941223145
    vertex 9.999999046325684 50.5 9.0
  endloop
endfacet
facet normal 0.0 0.0 0.0
  outer loop
    vertex 9.999999046325684 50.5 9.0
    vertex 9.999999046325684 23.985260009765625 4.5079731941223145
    vertex 9.999999046325684 50.5 9.5367431640625e-07
  endloop
endfacet
facet normal 0.0 0.0 0.0
  outer loop
    vertex 9.999999046325684 50.5 9.5367431640625e-07
    vertex 9.999999046325684 23.985260009765625 4.5079731941223145
    vertex 9.999999046325684 23.795448303222656 4.0497283935546875
  endloop
endfacet
facet normal 0.0 0.0 0.0
  outer loop
    vertex 9.999999046325684 50.5 9.5367431640625e-07
    vertex 9.999999046325684 23.795448303222656 4.0497283935546875
    vertex 9.999999046325684 23.49350357055664 3.6562271118164062
  endloop
endfacet
facet normal 0.0 0.0 0.0
  outer loop
    vertex 9.999999046325684 23.49350357055664 3.6562271118164062
    vertex 9.999999046325684 23.100000381469727 3.354278564453125
    vertex 9.999999046325684 50.5 9.5367431640625e-07
  endloop
endfacet
facet normal 0.0 0.0 0.0
  outer loop
    vertex 9.999999046325684 50.5 9.5367431640625e-07
    vertex 9.999999046325684 23.100000381469727 3.354278564453125
    vertex 9.999999046325684 22.641756057739258 3.1644668579101562
  endloop
endfacet
facet normal 0.0 0.0 0.0
  outer loop
    vertex 9.999999046325684 50.5 9.5367431640625e-07
    vertex 9.999999046325684 22.641756057739258 3.1644668579101562
    vertex 9.999999046325684 22.149999618530273 3.0997314453125
  endloop
endfacet
facet normal 0.0 0.0 0.0
  outer loop
    vertex 9.999999046325684 -45.0 9.5367431640625e-07
    vertex 9.999999046325684 10.314739227294922 4.5079731941223145
    vertex 9.999999046325684 -45.0 9.0
  endloop
endfacet
facet normal 0.0 0.0 0.0
  outer loop
    vertex 9.999999046325684 -45.0 9.0
    vertex 9.999999046325684 10.314739227294922 4.5079731941223145
    vertex 9.999999046325684 10.25 4.999725818634033
  endloop
endfacet
facet normal 0.0 0.0 0.0
  outer loop
    vertex 9.999999046325684 -45.0 9.0
    vertex 9.999999046325684 10.25 4.999725818634033
    vertex 9.999999046325684 10.314739227294922 5.491486072540283
  endloop
endfacet
facet normal 0.0 0.0 0.0
  outer loop
    vertex 9.999999046325684 11.200000762939453 3.354278564453125
    vertex 9.999999046325684 10.806495666503906 3.6562271118164062
    vertex 9.999999046325684 -45.0 9.5367431640625e-07
  endloop
endfacet
facet normal 0.0 0.0 0.0
  outer loop
    vertex 9.999999046325684 -45.0 9.5367431640625e-07
    vertex 9.999999046325684 10.806495666503906 3.6562271118164062
    vertex 9.999999046325684 10.50455093383789 4.0497283935546875
  endloop
endfacet
facet normal 0.0 0.0 0.0
  outer loop
    vertex 9.999999046325684 -45.0 9.5367431640625e-07
    vertex 9.999999046325684 10.50455093383789 4.0497283935546875
    vertex 9.999999046325684 10.314739227294922 4.5079731941223145
  endloop
endfacet
facet normal 0.0 0.0 0.0
  outer loop
    vertex 9.999999046325684 10.314739227294922 5.491486072540283
    vertex 9.999999046325684 10.50455093383789 5.949730396270752
    vertex 9.999999046325684 -45.0 9.0
  endloop
endfacet
facet normal 0.0 0.0 0.0
  outer loop
    vertex 9.999999046325684 -45.0 9.0
    vertex 9.999999046325684 10.50455093383789 5.949730396270752
    vertex 9.999999046325684 10.806495666503906 6.343231678009033
  endloop
endfacet
facet normal 0.0 0.0 0.0
  outer loop
    vertex 9.999999046325684 -45.0 9.0
    vertex 9.999999046325684 10.806495666503906 6.343231678009033
    vertex 9.999999046325684 11.200000762939453 6.645179748535156
  endloop
endfacet
facet normal 0.0 0.0 0.0
  outer loop
    vertex 9.999999046325684 11.200000762939453 6.645179748535156
    vertex 9.999999046325684 11.658245086669922 6.834991455078125
    vertex 9.999999046325684 -45.0 9.0
  endloop
endfacet
facet normal 0.0 0.0 0.0
  outer loop
    vertex 9.999999046325684 -45.0 9.0
    vertex 9.999999046325684 11.658245086669922 6.834991455078125
    vertex 9.999999046325684 12.150001525878906 6.899726867675781
  endloop
endfacet
facet normal 0.0 0.0 0.0
  outer loop
    vertex 6.999999523162842 11.787654876708984 3.647430419921875
    vertex 9.499999046325684 11.787654876708984 3.647430419921875
    vertex 6.999999523162842 12.150001525878906 3.5997314453125
  endloop
endfacet
facet normal 0.0 0.0 0.0
  outer loop
    vertex 6.999999523162842 12.150001525878906 3.5997314453125
    vertex 9.499999046325684 11.787654876708984 3.647430419921875
    vertex 9.499999046325684 12.150001525878906 3.5997314453125
  endloop
endfacet
facet normal 0.0 0.0 0.0
  outer loop
    vertex 6.999999523162842 12.150001525878906 3.5997314453125
    vertex 9.499999046325684 12.150001525878906 3.5997314453125
    vertex 6.999999523162842 12.512348175048828 3.647430419921875
  endloop
endfacet
facet normal 0.0 0.0 0.0
  outer loop
    vertex 6.999999523162842 12.512348175048828 3.647430419921875
    vertex 9.499999046325684 12.150001525878906 3.5997314453125
    vertex 9.499999046325684 12.512348175048828 3.647430419921875
  endloop
endfacet
facet normal 0.0 0.0 0.0
  outer loop
    vertex 6.999999523162842 12.512348175048828 3.647430419921875
    vertex 9.499999046325684 12.512348175048828 3.647430419921875
    vertex 6.999999523162842 12.849998474121094 3.78729248046875
  endloop
endfacet
facet normal 0.0 0.0 0.0
  outer loop
    vertex 6.999999523162842 12.849998474121094 3.78729248046875
    vertex 9.499999046325684 12.512348175048828 3.647430419921875
    vertex 9.499999046325684 12.849998474121094 3.78729248046875
  endloop
endfacet
facet normal 0.0 0.0 0.0
  outer loop
    vertex 6.999999523162842 12.849998474121094 3.78729248046875
    vertex 9.499999046325684 12.849998474121094 3.78729248046875
    vertex 6.999999046325684 13.139949798583984 4.0097808837890625
  endloop
endfacet
facet normal 0.0 0.0 0.0
  outer loop
    vertex 6.999999046325684 13.139949798583984 4.0097808837890625
    vertex 9.499999046325684 12.849998474121094 3.78729248046875
    vertex 9.499999046325684 13.139949798583984 4.0097808837890625
  endloop
endfacet
facet normal 0.0 0.0 0.0
  outer loop
    vertex 6.999999046325684 13.139949798583984 4.0097808837890625
    vertex 9.499999046325684 13.139949798583984 4.0097808837890625
    vertex 6.999999046325684 13.362434387207031 4.2997283935546875
  endloop
endfacet
facet normal 0.0 0.0 0.0
  outer loop
    vertex 6.999999046325684 13.362434387207031 4.2997283935546875
    vertex 9.499999046325684 13.139949798583984 4.0097808837890625
    vertex 9.499999046325684 13.362434387207031 4.2997283935546875
  endloop
endfacet
facet normal 0.0 0.0 0.0
  outer loop
    vertex 6.999999046325684 13.362434387207031 4.2997283935546875
    vertex 9.499999046325684 13.362434387207031 4.2997283935546875
    vertex 6.999999046325684 13.502296447753906 4.637382507324219
  endloop
endfacet
facet normal 0.0 0.0 0.0
  outer loop
    vertex 6.999999046325684 13.502296447753906 4.637382507324219
    vertex 9.499999046325684 13.362434387207031 4.2997283935546875
    vertex 9.499999046325684 13.502296447753906 4.637382984161377
  endloop
endfacet
facet normal 0.0 0.0 0.0
  outer loop
    vertex 6.999999046325684 13.502296447753906 4.637382507324219
    vertex 9.499999046325684 13.502296447753906 4.637382984161377
    vertex 6.999999046325684 13.549999237060547 4.999725341796875
  endloop
endfacet
facet normal 0.0 0.0 0.0
  outer loop
    vertex 6.999999046325684 13.549999237060547 4.999725341796875
    vertex 9.499999046325684 13.502296447753906 4.637382984161377
    vertex 9.499999046325684 13.549999237060547 4.999725818634033
  endloop
endfacet
facet normal 0.0 0.0 0.0
  outer loop
    vertex 6.999999046325684 13.549999237060547 4.999725341796875
    vertex 9.499999046325684 13.549999237060547 4.999725818634033
    vertex 6.999999046325684 13.502296447753906 5.3620758056640625
  endloop
endfacet
facet normal 0.0 0.0 0.0
  outer loop
    vertex 6.999999046325684 13.502296447753906 5.3620758056640625
    vertex 9.499999046325684 13.549999237060547 4.999725818634033
    vertex 9.499999046325684 13.502296447753906 5.362076282501221
  endloop
endfacet
facet normal 0.0 0.0 0.0
  outer loop
    vertex 6.999999046325684 13.502296447753906 5.3620758056640625
    vertex 9.499999046325684 13.502296447753906 5.362076282501221
    vertex 6.999999046325684 13.362434387207031 5.699729919433594
  endloop
endfacet
facet normal 0.0 0.0 0.0
  outer loop
    vertex 6.999999046325684 13.362434387207031 5.699729919433594
    vertex 9.499999046325684 13.502296447753906 5.362076282501221
    vertex 9.499999046325684 13.362434387207031 5.699730396270752
  endloop
endfacet
facet normal 0.0 0.0 0.0
  outer loop
    vertex 6.999999046325684 13.362434387207031 5.699729919433594
    vertex 9.499999046325684 13.362434387207031 5.699730396270752
    vertex 6.999999046325684 13.139949798583984 5.989677429199219
  endloop
endfacet
facet normal 0.0 0.0 0.0
  outer loop
    vertex 6.999999046325684 13.139949798583984 5.989677429199219
    vertex 9.499999046325684 13.362434387207031 5.699730396270752
    vertex 9.499999046325684 13.139949798583984 5.989677906036377
  endloop
endfacet
facet normal 0.0 0.0 0.0
  outer loop
    vertex 6.999999046325684 13.139949798583984 5.989677429199219
    vertex 9.499999046325684 13.139949798583984 5.989677906036377
    vertex 6.999999046325684 12.849998474121094 6.212165832519531
  endloop
endfacet
facet normal 0.0 0.0 0.0
  outer loop
    vertex 6.999999046325684 12.849998474121094 6.212165832519531
    vertex 9.499999046325684 13.139949798583984 5.989677906036377
    vertex 9.499999046325684 12.849998474121094 6.2121663093566895
  endloop
endfacet
facet normal 0.0 0.0 0.0
  outer loop
    vertex 6.999999046325684 12.849998474121094 6.212165832519531
    vertex 9.499999046325684 12.849998474121094 6.2121663093566895
    vertex 6.999999046325684 12.512348175048828 6.352027893066406
  endloop
endfacet
facet normal 0.0 0.0 0.0
  outer loop
    vertex 6.999999046325684 12.512348175048828 6.352027893066406
    vertex 9.499999046325684 12.849998474121094 6.2121663093566895
    vertex 9.499999046325684 12.512348175048828 6.3520283699035645
  endloop
endfacet
facet normal 0.0 0.0 0.0
  outer loop
    vertex 6.999999046325684 12.512348175048828 6.352027893066406
    vertex 9.499999046325684 12.512348175048828 6.3520283699035645
    vertex 6.999999046325684 12.150001525878906 6.399726867675781
  endloop
endfacet
facet normal 0.0 0.0 0.0
  outer loop
    vertex 6.999999046325684 12.150001525878906 6.399726867675781
    vertex 9.499999046325684 12.512348175048828 6.3520283699035645
    vertex 9.499999046325684 12.150001525878906 6.3997273445129395
  endloop
endfacet
facet normal 0.0 0.0 0.0
  outer loop
    vertex 6.999999046325684 12.150001525878906 6.399726867675781
    vertex 9.499999046325684 12.150001525878906 6.3997273445129395
    vertex 6.999999046325684 11.787654876708984 6.352027893066406
  endloop
endfacet
facet normal 0.0 0.0 0.0
  outer loop
    vertex 6.999999046325684 11.787654876708984 6.352027893066406
    vertex 9.499999046325684 12.150001525878906 6.3997273445129395
    vertex 9.499999046325684 11.787654876708984 6.3520283699035645
  endloop
endfacet
facet normal 0.0 0.0 0.0
  outer loop
    vertex 6.999999046325684 11.787654876708984 6.352027893066406
    vertex 9.499999046325684 11.787654876708984 6.3520283699035645
    vertex 6.999999046325684 11.450000762939453 6.212165832519531
  endloop
endfacet
facet normal 0.0 0.0 0.0
  outer loop
    vertex 6.999999046325684 11.450000762939453 6.212165832519531
    vertex 9.499999046325684 11.787654876708984 6.3520283699035645
    vertex 9.499999046325684 11.450000762939453 6.2121663093566895
  endloop
endfacet
facet normal 0.0 0.0 0.0
  outer loop
    vertex 6.999999046325684 11.450000762939453 6.212165832519531
    vertex 9.499999046325684 11.450000762939453 6.2121663093566895
    vertex 6.999999046325684 11.160049438476562 5.989677429199219
  endloop
endfacet
facet normal 0.0 0.0 0.0
  outer loop
    vertex 6.999999046325684 11.160049438476562 5.989677429199219
    vertex 9.499999046325684 11.450000762939453 6.2121663093566895
    vertex 9.499999046325684 11.160049438476562 5.989677906036377
  endloop
endfacet
facet normal 0.0 0.0 0.0
  outer loop
    vertex 6.999999046325684 11.160049438476562 5.989677429199219
    vertex 9.499999046325684 11.160049438476562 5.989677906036377
    vertex 6.999999046325684 10.937564849853516 5.699729919433594
  endloop
endfacet
facet normal 0.0 0.0 0.0
  outer loop
    vertex 6.999999046325684 10.937564849853516 5.699729919433594
    vertex 9.499999046325684 11.160049438476562 5.989677906036377
    vertex 9.499999046325684 10.937564849853516 5.699730396270752
  endloop
endfacet
facet normal 0.0 0.0 0.0
  outer loop
    vertex 6.999999046325684 10.937564849853516 5.699729919433594
    vertex 9.499999046325684 10.937564849853516 5.699730396270752
    vertex 6.999999046325684 10.79770278930664 5.3620758056640625
  endloop
endfacet
facet normal 0.0 0.0 0.0
  outer loop
    vertex 6.999999046325684 10.79770278930664 5.3620758056640625
    vertex 9.499999046325684 10.937564849853516 5.699730396270752
    vertex 9.499999046325684 10.79770278930664 5.362076282501221
  endloop
endfacet
facet normal 0.0 0.0 0.0
  outer loop
    vertex 6.999999046325684 10.79770278930664 5.3620758056640625
    vertex 9.499999046325684 10.79770278930664 5.362076282501221
    vertex 6.999999046325684 10.75 4.999725341796875
  endloop
endfacet
facet normal 0.0 0.0 0.0
  outer loop
    vertex 6.999999046325684 10.75 4.999725341796875
    vertex 9.499999046325684 10.79770278930664 5.362076282501221
    vertex 9.499999046325684 10.75 4.999725818634033
  endloop
endfacet
facet normal 0.0 0.0 0.0
  outer loop
    vertex 6.999999046325684 10.75 4.999725341796875
    vertex 9.499999046325684 10.75 4.999725818634033
    vertex 6.999999046325684 10.79770278930664 4.637382507324219
  endloop
endfacet
facet normal 0.0 0.0 0.0
  outer loop
    vertex 6.999999046325684 10.79770278930664 4.637382507324219
    vertex 9.499999046325684 10.75 4.999725818634033
    vertex 9.499999046325684 10.79770278930664 4.637382984161377
  endloop
endfacet
facet normal 0.0 0.0 0.0
  outer loop
    vertex 6.999999046325684 10.79770278930664 4.637382507324219
    vertex 9.499999046325684 10.79770278930664 4.637382984161377
    vertex 6.999999046325684 10.937564849853516 4.2997283935546875
  endloop
endfacet
facet normal 0.0 0.0 0.0
  outer loop
    vertex 6.999999046325684 10.937564849853516 4.2997283935546875
    vertex 9.499999046325684 10.79770278930664 4.637382984161377
    vertex 9.499999046325684 10.937564849853516 4.2997283935546875
  endloop
endfacet
facet normal 0.0 0.0 0.0
  outer loop
    vertex 6.999999046325684 10.937564849853516 4.2997283935546875
    vertex 9.499999046325684 10.937564849853516 4.2997283935546875
    vertex 6.999999046325684 11.160049438476562 4.0097808837890625
  endloop
endfacet
facet normal 0.0 0.0 0.0
  outer loop
    vertex 6.999999046325684 11.160049438476562 4.0097808837890625
    vertex 9.499999046325684 10.937564849853516 4.2997283935546875
    vertex 9.499999046325684 11.160049438476562 4.0097808837890625
  endloop
endfacet
facet normal 0.0 0.0 0.0
  outer loop
    vertex 6.999999046325684 11.160049438476562 4.0097808837890625
    vertex 9.499999046325684 11.160049438476562 4.0097808837890625
    vertex 6.999999523162842 11.450000762939453 3.78729248046875
  endloop
endfacet
facet normal 0.0 0.0 0.0
  outer loop
    vertex 6.999999523162842 11.450000762939453 3.78729248046875
    vertex 9.499999046325684 11.160049438476562 4.0097808837890625
    vertex 9.499999046325684 11.450000762939453 3.78729248046875
  endloop
endfacet
facet normal 0.0 0.0 0.0
  outer loop
    vertex 6.999999523162842 11.450000762939453 3.78729248046875
    vertex 9.499999046325684 11.450000762939453 3.78729248046875
    vertex 6.999999523162842 11.787654876708984 3.647430419921875
  endloop
endfacet
facet normal 0.0 0.0 0.0
  outer loop
    vertex 6.999999523162842 11.787654876708984 3.647430419921875
    vertex 9.499999046325684 11.450000762939453 3.78729248046875
    vertex 9.499999046325684 11.787654876708984 3.647430419921875
  endloop
endfacet
facet normal 0.0 0.0 0.0
  outer loop
    vertex 9.999999046325684 22.641756057739258 3.1644668579101562
    vertex 9.499999046325684 22.512346267700195 3.647430419921875
    vertex 9.999999046325684 22.149999618530273 3.0997314453125
  endloop
endfacet
facet normal 0.0 0.0 0.0
  outer loop
    vertex 9.999999046325684 22.149999618530273 3.0997314453125
    vertex 9.499999046325684 22.512346267700195 3.647430419921875
    vertex 9.499999046325684 22.149999618530273 3.5997314453125
  endloop
endfacet
facet normal 0.0 0.0 0.0
  outer loop
    vertex 9.999999046325684 22.149999618530273 3.0997314453125
    vertex 9.499999046325684 22.149999618530273 3.5997314453125
    vertex 9.999999046325684 21.65824317932129 3.1644668579101562
  endloop
endfacet
facet normal 0.0 0.0 0.0
  outer loop
    vertex 9.999999046325684 21.65824317932129 3.1644668579101562
    vertex 9.499999046325684 22.149999618530273 3.5997314453125
    vertex 9.499999046325684 21.78765296936035 3.647430419921875
  endloop
endfacet
facet normal 0.0 0.0 0.0
  outer loop
    vertex 9.999999046325684 21.65824317932129 3.1644668579101562
    vertex 9.499999046325684 21.78765296936035 3.647430419921875
    vertex 9.999999046325684 21.200000762939453 3.354278564453125
  endloop
endfacet
facet normal 0.0 0.0 0.0
  outer loop
    vertex 9.999999046325684 21.200000762939453 3.354278564453125
    vertex 9.499999046325684 21.78765296936035 3.647430419921875
    vertex 9.499999046325684 21.450000762939453 3.78729248046875
  endloop
endfacet
facet normal 0.0 0.0 0.0
  outer loop
    vertex 9.999999046325684 21.200000762939453 3.354278564453125
    vertex 9.499999046325684 21.450000762939453 3.78729248046875
    vertex 9.999999046325684 20.80649757385254 3.6562271118164062
  endloop
endfacet
facet normal 0.0 0.0 0.0
  outer loop
    vertex 9.999999046325684 20.80649757385254 3.6562271118164062
    vertex 9.499999046325684 21.450000762939453 3.78729248046875
    vertex 9.499999046325684 21.160051345825195 4.0097808837890625
  endloop
endfacet
facet normal 0.0 0.0 0.0
  outer loop
    vertex 9.999999046325684 20.80649757385254 3.6562271118164062
    vertex 9.499999046325684 21.160051345825195 4.0097808837890625
    vertex 9.999999046325684 20.50455093383789 4.0497283935546875
  endloop
endfacet
facet normal 0.0 0.0 0.0
  outer loop
    vertex 9.999999046325684 20.50455093383789 4.0497283935546875
    vertex 9.499999046325684 21.160051345825195 4.0097808837890625
    vertex 9.499999046325684 20.937564849853516 4.2997283935546875
  endloop
endfacet
facet normal 0.0 0.0 0.0
  outer loop
    vertex 9.999999046325684 20.50455093383789 4.0497283935546875
    vertex 9.499999046325684 20.937564849853516 4.2997283935546875
    vertex 9.999999046325684 20.314741134643555 4.5079731941223145
  endloop
endfacet
facet normal 0.0 0.0 0.0
  outer loop
    vertex 9.999999046325684 20.314741134643555 4.5079731941223145
    vertex 9.499999046325684 20.937564849853516 4.2997283935546875
    vertex 9.499999046325684 20.797704696655273 4.637382984161377
  endloop
endfacet
facet normal 0.0 0.0 0.0
  outer loop
    vertex 9.999999046325684 20.314741134643555 4.5079731941223145
    vertex 9.499999046325684 20.797704696655273 4.637382984161377
    vertex 9.999999046325684 20.25 4.999725818634033
  endloop
endfacet
facet normal 0.0 0.0 0.0
  outer loop
    vertex 9.999999046325684 20.25 4.999725818634033
    vertex 9.499999046325684 20.797704696655273 4.637382984161377
    vertex 9.499999046325684 20.75 4.999725818634033
  endloop
endfacet
facet normal 0.0 0.0 0.0
  outer loop
    vertex 9.999999046325684 20.25 4.999725818634033
    vertex 9.499999046325684 20.75 4.999725818634033
    vertex 9.999999046325684 20.314741134643555 5.491486072540283
  endloop
endfacet
facet normal 0.0 0.0 0.0
  outer loop
    vertex 9.999999046325684 20.314741134643555 5.491486072540283
    vertex 9.499999046325684 20.75 4.999725818634033
    vertex 9.499999046325684 20.797704696655273 5.362076282501221
  endloop
endfacet
facet normal 0.0 0.0 0.0
  outer loop
    vertex 9.999999046325684 20.314741134643555 5.491486072540283
    vertex 9.499999046325684 20.797704696655273 5.362076282501221
    vertex 9.999999046325684 20.50455093383789 5.949730396270752
  endloop
endfacet
facet normal 0.0 0.0 0.0
  outer loop
    vertex 9.999999046325684 20.50455093383789 5.949730396270752
    vertex 9.499999046325684 20.797704696655273 5.362076282501221
    vertex 9.499999046325684 20.937564849853516 5.699730396270752
  endloop
endfacet
facet normal 0.0 0.0 0.0
  outer loop
    vertex 9.999999046325684 20.50455093383789 5.949730396270752
    vertex 9.499999046325684 20.937564849853516 5.699730396270752
    vertex 9.999999046325684 20.80649757385254 6.343231678009033
  endloop
endfacet
facet normal 0.0 0.0 0.0
  outer loop
    vertex 9.999999046325684 20.80649757385254 6.343231678009033
    vertex 9.499999046325684 20.937564849853516 5.699730396270752
    vertex 9.499999046325684 21.160051345825195 5.989677906036377
  endloop
endfacet
facet normal 0.0 0.0 0.0
  outer loop
    vertex 9.999999046325684 20.80649757385254 6.343231678009033
    vertex 9.499999046325684 21.160051345825195 5.989677906036377
    vertex 9.999999046325684 21.200000762939453 6.645179748535156
  endloop
endfacet
facet normal 0.0 0.0 0.0
  outer loop
    vertex 9.999999046325684 21.200000762939453 6.645179748535156
    vertex 9.499999046325684 21.160051345825195 5.989677906036377
    vertex 9.499999046325684 21.450000762939453 6.2121663093566895
  endloop
endfacet
facet normal 0.0 0.0 0.0
  outer loop
    vertex 9.999999046325684 21.200000762939453 6.645179748535156
    vertex 9.499999046325684 21.450000762939453 6.2121663093566895
    vertex 9.999999046325684 21.65824317932129 6.834991455078125
  endloop
endfacet
facet normal 0.0 0.0 0.0
  outer loop
    vertex 9.999999046325684 21.65824317932129 6.834991455078125
    vertex 9.499999046325684 21.450000762939453 6.2121663093566895
    vertex 9.499999046325684 21.78765296936035 6.3520283699035645
  endloop
endfacet
facet normal 0.0 0.0 0.0
  outer loop
    vertex 9.999999046325684 21.65824317932129 6.834991455078125
    vertex 9.499999046325684 21.78765296936035 6.3520283699035645
    vertex 9.999999046325684 22.149999618530273 6.899726867675781
  endloop
endfacet
facet normal 0.0 0.0 0.0
  outer loop
    vertex 9.999999046325684 22.149999618530273 6.899726867675781
    vertex 9.499999046325684 21.78765296936035 6.3520283699035645
    vertex 9.499999046325684 22.149999618530273 6.3997273445129395
  endloop
endfacet
facet normal 0.0 0.0 0.0
  outer loop
    vertex 9.999999046325684 22.149999618530273 6.899726867675781
    vertex 9.499999046325684 22.149999618530273 6.3997273445129395
    vertex 9.999999046325684 22.641756057739258 6.834991455078125
  endloop
endfacet
facet normal 0.0 0.0 0.0
  outer loop
    vertex 9.999999046325684 22.641756057739258 6.834991455078125
    vertex 9.499999046325684 22.149999618530273 6.3997273445129395
    vertex 9.499999046325684 22.512346267700195 6.3520283699035645
  endloop
endfacet
facet normal 0.0 0.0 0.0
  outer loop
    vertex 9.999999046325684 22.641756057739258 6.834991455078125
    vertex 9.499999046325684 22.512346267700195 6.3520283699035645
    vertex 9.999999046325684 23.100000381469727 6.645179748535156
  endloop
endfacet
facet normal 0.0 0.0 0.0
  outer loop
    vertex 9.999999046325684 23.100000381469727 6.645179748535156
    vertex 9.499999046325684 22.512346267700195 6.3520283699035645
    vertex 9.499999046325684 22.850000381469727 6.2121663093566895
  endloop
endfacet
facet normal 0.0 0.0 0.0
  outer loop
    vertex 9.999999046325684 23.100000381469727 6.645179748535156
    vertex 9.499999046325684 22.850000381469727 6.2121663093566895
    vertex 9.999999046325684 23.49350357055664 6.343231678009033
  endloop
endfacet
facet normal 0.0 0.0 0.0
  outer loop
    vertex 9.999999046325684 23.49350357055664 6.343231678009033
    vertex 9.499999046325684 22.850000381469727 6.2121663093566895
    vertex 9.499999046325684 23.139949798583984 5.989677906036377
  endloop
endfacet
facet normal 0.0 0.0 0.0
  outer loop
    vertex 9.999999046325684 23.49350357055664 6.343231678009033
    vertex 9.499999046325684 23.139949798583984 5.989677906036377
    vertex 9.999999046325684 23.795448303222656 5.949730396270752
  endloop
endfacet
facet normal 0.0 0.0 0.0
  outer loop
    vertex 9.999999046325684 23.795448303222656 5.949730396270752
    vertex 9.499999046325684 23.139949798583984 5.989677906036377
    vertex 9.499999046325684 23.362436294555664 5.699730396270752
  endloop
endfacet
facet normal 0.0 0.0 0.0
  outer loop
    vertex 9.999999046325684 23.795448303222656 5.949730396270752
    vertex 9.499999046325684 23.362436294555664 5.699730396270752
    vertex 9.999999046325684 23.985260009765625 5.491486072540283
  endloop
endfacet
facet normal 0.0 0.0 0.0
  outer loop
    vertex 9.999999046325684 23.985260009765625 5.491486072540283
    vertex 9.499999046325684 23.362436294555664 5.699730396270752
    vertex 9.499999046325684 23.502296447753906 5.362076282501221
  endloop
endfacet
facet normal 0.0 0.0 0.0
  outer loop
    vertex 9.999999046325684 23.985260009765625 5.491486072540283
    vertex 9.499999046325684 23.502296447753906 5.362076282501221
    vertex 9.999999046325684 24.049999237060547 4.999725818634033
  endloop
endfacet
facet normal 0.0 0.0 0.0
  outer loop
    vertex 9.999999046325684 24.049999237060547 4.999725818634033
    vertex 9.499999046325684 23.502296447753906 5.362076282501221
    vertex 9.499999046325684 23.549999237060547 4.999725818634033
  endloop
endfacet
facet normal 0.0 0.0 0.0
  outer loop
    vertex 9.999999046325684 24.049999237060547 4.999725818634033
    vertex 9.499999046325684 23.549999237060547 4.999725818634033
    vertex 9.999999046325684 23.985260009765625 4.5079731941223145
  endloop
endfacet
facet normal 0.0 0.0 0.0
  outer loop
    vertex 9.999999046325684 23.985260009765625 4.5079731941223145
    vertex 9.499999046325684 23.549999237060547 4.999725818634033
    vertex 9.499999046325684 23.502296447753906 4.637382984161377
  endloop
endfacet
facet normal 0.0 0.0 0.0
  outer loop
    vertex 9.999999046325684 23.985260009765625 4.5079731941223145
    vertex 9.499999046325684 23.502296447753906 4.637382984161377
    vertex 9.999999046325684 23.795448303222656 4.0497283935546875
  endloop
endfacet
facet normal 0.0 0.0 0.0
  outer loop
    vertex 9.999999046325684 23.795448303222656 4.0497283935546875
    vertex 9.499999046325684 23.502296447753906 4.637382984161377
    vertex 9.499999046325684 23.362436294555664 4.2997283935546875
  endloop
endfacet
facet normal 0.0 0.0 0.0
  outer loop
    vertex 9.999999046325684 23.795448303222656 4.0497283935546875
    vertex 9.499999046325684 23.362436294555664 4.2997283935546875
    vertex 9.999999046325684 23.49350357055664 3.6562271118164062
  endloop
endfacet
facet normal 0.0 0.0 0.0
  outer loop
    vertex 9.999999046325684 23.49350357055664 3.6562271118164062
    vertex 9.499999046325684 23.362436294555664 4.2997283935546875
    vertex 9.499999046325684 23.139949798583984 4.0097808837890625
  endloop
endfacet
facet normal 0.0 0.0 0.0
  outer loop
    vertex 9.999999046325684 23.49350357055664 3.6562271118164062
    vertex 9.499999046325684 23.139949798583984 4.0097808837890625
    vertex 9.999999046325684 23.100000381469727 3.354278564453125
  endloop
endfacet
facet normal 0.0 0.0 0.0
  outer loop
    vertex 9.999999046325684 23.100000381469727 3.354278564453125
    vertex 9.499999046325684 23.139949798583984 4.0097808837890625
    vertex 9.499999046325684 22.850000381469727 3.78729248046875
  endloop
endfacet
facet normal 0.0 0.0 0.0
  outer loop
    vertex 9.999999046325684 23.100000381469727 3.354278564453125
    vertex 9.499999046325684 22.850000381469727 3.78729248046875
    vertex 9.999999046325684 22.641756057739258 3.1644668579101562
  endloop
endfacet
facet normal 0.0 0.0 0.0
  outer loop
    vertex 9.999999046325684 22.641756057739258 3.1644668579101562
    vertex 9.499999046325684 22.850000381469727 3.78729248046875
    vertex 9.499999046325684 22.512346267700195 3.647430419921875
  endloop
endfacet
facet normal 0.0 0.0 0.0
  outer loop
    vertex 6.999999523162842 21.78765296936035 3.647430419921875
    vertex 9.499999046325684 21.78765296936035 3.647430419921875
    vertex 6.999999523162842 22.149999618530273 3.5997314453125
  endloop
endfacet
facet normal 0.0 0.0 0.0
  outer loop
    vertex 6.999999523162842 22.149999618530273 3.5997314453125
    vertex 9.499999046325684 21.78765296936035 3.647430419921875
    vertex 9.499999046325684 22.149999618530273 3.5997314453125
  endloop
endfacet
facet normal 0.0 0.0 0.0
  outer loop
    vertex 6.999999523162842 22.149999618530273 3.5997314453125
    vertex 9.499999046325684 22.149999618530273 3.5997314453125
    vertex 6.999999523162842 22.512346267700195 3.647430419921875
  endloop
endfacet
facet normal 0.0 0.0 0.0
  outer loop
    vertex 6.999999523162842 22.512346267700195 3.647430419921875
    vertex 9.499999046325684 22.149999618530273 3.5997314453125
    vertex 9.499999046325684 22.512346267700195 3.647430419921875
  endloop
endfacet
facet normal 0.0 0.0 0.0
  outer loop
    vertex 6.999999523162842 22.512346267700195 3.647430419921875
    vertex 9.499999046325684 22.512346267700195 3.647430419921875
    vertex 6.999999523162842 22.850000381469727 3.78729248046875
  endloop
endfacet
facet normal 0.0 0.0 0.0
  outer loop
    vertex 6.999999523162842 22.850000381469727 3.78729248046875
    vertex 9.499999046325684 22.512346267700195 3.647430419921875
    vertex 9.499999046325684 22.850000381469727 3.78729248046875
  endloop
endfacet
facet normal 0.0 0.0 0.0
  outer loop
    vertex 6.999999523162842 22.850000381469727 3.78729248046875
    vertex 9.499999046325684 22.850000381469727 3.78729248046875
    vertex 6.999999046325684 23.139949798583984 4.0097808837890625
  endloop
endfacet
facet normal 0.0 0.0 0.0
  outer loop
    vertex 6.999999046325684 23.139949798583984 4.0097808837890625
    vertex 9.499999046325684 22.850000381469727 3.78729248046875
    vertex 9.499999046325684 23.139949798583984 4.0097808837890625
  endloop
endfacet
facet normal 0.0 0.0 0.0
  outer loop
    vertex 6.999999046325684 23.139949798583984 4.0097808837890625
    vertex 9.499999046325684 23.139949798583984 4.0097808837890625
    vertex 6.999999046325684 23.362436294555664 4.2997283935546875
  endloop
endfacet
facet normal 0.0 0.0 0.0
  outer loop
    vertex 6.999999046325684 23.362436294555664 4.2997283935546875
    vertex 9.499999046325684 23.139949798583984 4.0097808837890625
    vertex 9.499999046325684 23.362436294555664 4.2997283935546875
  endloop
endfacet
facet normal 0.0 0.0 0.0
  outer loop
    vertex 6.999999046325684 23.362436294555664 4.2997283935546875
    vertex 9.499999046325684 23.362436294555664 4.2997283935546875
    vertex 6.999999046325684 23.502296447753906 4.637382507324219
  endloop
endfacet
facet normal 0.0 0.0 0.0
  outer loop
    vertex 6.999999046325684 23.502296447753906 4.637382507324219
    vertex 9.499999046325684 23.362436294555664 4.2997283935546875
    vertex 9.499999046325684 23.502296447753906 4.637382984161377
  endloop
endfacet
facet normal 0.0 0.0 0.0
  outer loop
    vertex 6.999999046325684 23.502296447753906 4.637382507324219
    vertex 9.499999046325684 23.502296447753906 4.637382984161377
    vertex 6.999999046325684 23.549999237060547 4.999725341796875
  endloop
endfacet
facet normal 0.0 0.0 0.0
  outer loop
    vertex 6.999999046325684 23.549999237060547 4.999725341796875
    vertex 9.499999046325684 23.502296447753906 4.637382984161377
    vertex 9.499999046325684 23.549999237060547 4.999725818634033
  endloop
endfacet
facet normal 0.0 0.0 0.0
  outer loop
    vertex 6.999999046325684 23.549999237060547 4.999725341796875
    vertex 9.499999046325684 23.549999237060547 4.999725818634033
    vertex 6.999999046325684 23.502296447753906 5.3620758056640625
  endloop
endfacet
facet normal 0.0 0.0 0.0
  outer loop
    vertex 6.999999046325684 23.502296447753906 5.3620758056640625
    vertex 9.499999046325684 23.549999237060547 4.999725818634033
    vertex 9.499999046325684 23.502296447753906 5.362076282501221
  endloop
endfacet
facet normal 0.0 0.0 0.0
  outer loop
    vertex 6.999999046325684 23.502296447753906 5.3620758056640625
    vertex 9.499999046325684 23.502296447753906 5.362076282501221
    vertex 6.999999046325684 23.362436294555664 5.699729919433594
  endloop
endfacet
facet normal 0.0 0.0 0.0
  outer loop
    vertex 6.999999046325684 23.362436294555664 5.699729919433594
    vertex 9.499999046325684 23.502296447753906 5.362076282501221
    vertex 9.499999046325684 23.362436294555664 5.699730396270752
  endloop
endfacet
facet normal 0.0 0.0 0.0
  outer loop
    vertex 6.999999046325684 23.362436294555664 5.699729919433594
    vertex 9.499999046325684 23.362436294555664 5.699730396270752
    vertex 6.999999046325684 23.139949798583984 5.989677429199219
  endloop
endfacet
facet normal 0.0 0.0 0.0
  outer loop
    vertex 6.999999046325684 23.139949798583984 5.989677429199219
    vertex 9.499999046325684 23.362436294555664 5.699730396270752
    vertex 9.499999046325684 23.139949798583984 5.989677906036377
  endloop
endfacet
facet normal 0.0 0.0 0.0
  outer loop
    vertex 6.999999046325684 23.139949798583984 5.989677429199219
    vertex 9.499999046325684 23.139949798583984 5.989677906036377
    vertex 6.999999046325684 22.850000381469727 6.212165832519531
  endloop
endfacet
facet normal 0.0 0.0 0.0
  outer loop
    vertex 6.999999046325684 22.850000381469727 6.212165832519531
    vertex 9.499999046325684 23.139949798583984 5.989677906036377
    vertex 9.499999046325684 22.850000381469727 6.2121663093566895
  endloop
endfacet
facet normal 0.0 0.0 0.0
  outer loop
    vertex 6.999999046325684 22.850000381469727 6.212165832519531
    vertex 9.499999046325684 22.850000381469727 6.2121663093566895
    vertex 6.999999046325684 22.512346267700195 6.352027893066406
  endloop
endfacet
facet normal 0.0 0.0 0.0
  outer loop
    vertex 6.999999046325684 22.512346267700195 6.352027893066406
    vertex 9.499999046325684 22.850000381469727 6.2121663093566895
    vertex 9.499999046325684 22.512346267700195 6.3520283699035645
  endloop
endfacet
facet normal 0.0 0.0 0.0
  outer loop
    vertex 6.999999046325684 22.512346267700195 6.352027893066406
    vertex 9.499999046325684 22.512346267700195 6.3520283699035645
    vertex 6.999999046325684 22.149999618530273 6.399726867675781
  endloop
endfacet
facet normal 0.0 0.0 0.0
  outer loop
    vertex 6.999999046325684 22.149999618530273 6.399726867675781
    vertex 9.499999046325684 22.512346267700195 6.3520283699035645
    vertex 9.499999046325684 22.149999618530273 6.3997273445129395
  endloop
endfacet
facet normal 0.0 0.0 0.0
  outer loop
    vertex 6.999999046325684 22.149999618530273 6.399726867675781
    vertex 9.499999046325684 22.149999618530273 6.3997273445129395
    vertex 6.999999046325684 21.78765296936035 6.352027893066406
  endloop
endfacet
facet normal 0.0 0.0 0.0
  outer loop
    vertex 6.999999046325684 21.78765296936035 6.352027893066406
    vertex 9.499999046325684 22.149999618530273 6.3997273445129395
    vertex 9.499999046325684 21.78765296936035 6.3520283699035645
  endloop
endfacet
facet normal 0.0 0.0 0.0
  outer loop
    vertex 6.999999046325684 21.78765296936035 6.352027893066406
    vertex 9.499999046325684 21.78765296936035 6.3520283699035645
    vertex 6.999999046325684 21.450000762939453 6.212165832519531
  endloop
endfacet
facet normal 0.0 0.0 0.0
  outer loop
    vertex 6.999999046325684 21.450000762939453 6.212165832519531
    vertex 9.499999046325684 21.78765296936035 6.3520283699035645
    vertex 9.499999046325684 21.450000762939453 6.2121663093566895
  endloop
endfacet
facet normal 0.0 0.0 0.0
  outer loop
    vertex 6.999999046325684 21.450000762939453 6.212165832519531
    vertex 9.499999046325684 21.450000762939453 6.2121663093566895
    vertex 6.999999046325684 21.160051345825195 5.989677429199219
  endloop
endfacet
facet normal 0.0 0.0 0.0
  outer loop
    vertex 6.999999046325684 21.160051345825195 5.989677429199219
    vertex 9.499999046325684 21.450000762939453 6.2121663093566895
    vertex 9.499999046325684 21.160051345825195 5.989677906036377
  endloop
endfacet
facet normal 0.0 0.0 0.0
  outer loop
    vertex 6.999999046325684 21.160051345825195 5.989677429199219
    vertex 9.499999046325684 21.160051345825195 5.989677906036377
    vertex 6.999999046325684 20.937564849853516 5.699729919433594
  endloop
endfacet
facet normal 0.0 0.0 0.0
  outer loop
    vertex 6.999999046325684 20.937564849853516 5.699729919433594
    vertex 9.499999046325684 21.160051345825195 5.989677906036377
    vertex 9.499999046325684 20.937564849853516 5.699730396270752
  endloop
endfacet
facet normal 0.0 0.0 0.0
  outer loop
    vertex 6.999999046325684 20.937564849853516 5.699729919433594
    vertex 9.499999046325684 20.937564849853516 5.699730396270752
    vertex 6.999999046325684 20.797704696655273 5.3620758056640625
  endloop
endfacet
facet normal 0.0 0.0 0.0
  outer loop
    vertex 6.999999046325684 20.797704696655273 5.3620758056640625
    vertex 9.499999046325684 20.937564849853516 5.699730396270752
    vertex 9.499999046325684 20.797704696655273 5.362076282501221
  endloop
endfacet
facet normal 0.0 0.0 0.0
  outer loop
    vertex 6.999999046325684 20.797704696655273 5.3620758056640625
    vertex 9.499999046325684 20.797704696655273 5.362076282501221
    vertex 6.999999046325684 20.75 4.999725341796875
  endloop
endfacet
facet normal 0.0 0.0 0.0
  outer loop
    vertex 6.999999046325684 20.75 4.999725341796875
    vertex 9.499999046325684 20.797704696655273 5.362076282501221
    vertex 9.499999046325684 20.75 4.999725818634033
  endloop
endfacet
facet normal 0.0 0.0 0.0
  outer loop
    vertex 6.999999046325684 20.75 4.999725341796875
    vertex 9.499999046325684 20.75 4.999725818634033
    vertex 6.999999046325684 20.797704696655273 4.637382507324219
  endloop
endfacet
facet normal 0.0 0.0 0.0
  outer loop
    vertex 6.999999046325684 20.797704696655273 4.637382507324219
    vertex 9.499999046325684 20.75 4.999725818634033
    vertex 9.499999046325684 20.797704696655273 4.637382984161377
  endloop
endfacet
facet normal 0.0 0.0 0.0
  outer loop
    vertex 6.999999046325684 20.797704696655273 4.637382507324219
    vertex 9.499999046325684 20.797704696655273 4.637382984161377
    vertex 6.999999046325684 20.937564849853516 4.2997283935546875
  endloop
endfacet
facet normal 0.0 0.0 0.0
  outer loop
    vertex 6.999999046325684 20.937564849853516 4.2997283935546875
    vertex 9.499999046325684 20.797704696655273 4.637382984161377
    vertex 9.499999046325684 20.937564849853516 4.2997283935546875
  endloop
endfacet
facet normal 0.0 0.0 0.0
  outer loop
    vertex 6.999999046325684 20.937564849853516 4.2997283935546875
    vertex 9.499999046325684 20.937564849853516 4.2997283935546875
    vertex 6.999999046325684 21.160051345825195 4.0097808837890625
  endloop
endfacet
facet normal 0.0 0.0 0.0
  outer loop
    vertex 6.999999046325684 21.160051345825195 4.0097808837890625
    vertex 9.499999046325684 20.937564849853516 4.2997283935546875
    vertex 9.499999046325684 21.160051345825195 4.0097808837890625
  endloop
endfacet
facet normal 0.0 0.0 0.0
  outer loop
    vertex 6.999999046325684 21.160051345825195 4.0097808837890625
    vertex 9.499999046325684 21.160051345825195 4.0097808837890625
    vertex 6.999999523162842 21.450000762939453 3.78729248046875
  endloop
endfacet
facet normal 0.0 0.0 0.0
  outer loop
    vertex 6.999999523162842 21.450000762939453 3.78729248046875
    vertex 9.499999046325684 21.160051345825195 4.0097808837890625
    vertex 9.499999046325684 21.450000762939453 3.78729248046875
  endloop
endfacet
facet normal 0.0 0.0 0.0
  outer loop
    vertex 6.999999523162842 21.450000762939453 3.78729248046875
    vertex 9.499999046325684 21.450000762939453 3.78729248046875
    vertex 6.999999523162842 21.78765296936035 3.647430419921875
  endloop
endfacet
facet normal 0.0 0.0 0.0
  outer loop
    vertex 6.999999523162842 21.78765296936035 3.647430419921875
    vertex 9.499999046325684 21.450000762939453 3.78729248046875
    vertex 9.499999046325684 21.78765296936035 3.647430419921875
  endloop
endfacet
facet normal 0.0 0.0 0.0
  outer loop
    vertex -9.499999046325684 12.512348175048828 3.647430419921875
    vertex -9.999999046325684 12.64175796508789 3.1644668579101562
    vertex -9.499999046325684 12.150001525878906 3.5997314453125
  endloop
endfacet
facet normal 0.0 0.0 0.0
  outer loop
    vertex -9.499999046325684 12.150001525878906 3.5997314453125
    vertex -9.999999046325684 12.64175796508789 3.1644668579101562
    vertex -9.999999046325684 12.150001525878906 3.0997314453125
  endloop
endfacet
facet normal 0.0 0.0 0.0
  outer loop
    vertex -9.499999046325684 12.150001525878906 3.5997314453125
    vertex -9.999999046325684 12.150001525878906 3.0997314453125
    vertex -9.499999046325684 11.787654876708984 3.647430419921875
  endloop
endfacet
facet normal 0.0 0.0 0.0
  outer loop
    vertex -9.499999046325684 11.787654876708984 3.647430419921875
    vertex -9.999999046325684 12.150001525878906 3.0997314453125
    vertex -9.999999046325684 11.658245086669922 3.1644668579101562
  endloop
endfacet
facet normal 0.0 0.0 0.0
  outer loop
    vertex -9.499999046325684 11.787654876708984 3.647430419921875
    vertex -9.999999046325684 11.658245086669922 3.1644668579101562
    vertex -9.499999046325684 11.450000762939453 3.78729248046875
  endloop
endfacet
facet normal 0.0 0.0 0.0
  outer loop
    vertex -9.499999046325684 11.450000762939453 3.78729248046875
    vertex -9.999999046325684 11.658245086669922 3.1644668579101562
    vertex -9.999999046325684 11.200000762939453 3.354278564453125
  endloop
endfacet
facet normal 0.0 0.0 0.0
  outer loop
    vertex -9.499999046325684 11.450000762939453 3.78729248046875
    vertex -9.999999046325684 11.200000762939453 3.354278564453125
    vertex -9.499999046325684 11.160049438476562 4.0097808837890625
  endloop
endfacet
facet normal 0.0 0.0 0.0
  outer loop
    vertex -9.499999046325684 11.160049438476562 4.0097808837890625
    vertex -9.999999046325684 11.200000762939453 3.354278564453125
    vertex -9.999999046325684 10.806495666503906 3.6562271118164062
  endloop
endfacet
facet normal 0.0 0.0 0.0
  outer loop
    vertex -9.499999046325684 11.160049438476562 4.0097808837890625
    vertex -9.999999046325684 10.806495666503906 3.6562271118164062
    vertex -9.499999046325684 10.937564849853516 4.2997283935546875
  endloop
endfacet
facet normal 0.0 0.0 0.0
  outer loop
    vertex -9.499999046325684 10.937564849853516 4.2997283935546875
    vertex -9.999999046325684 10.806495666503906 3.6562271118164062
    vertex -9.999999046325684 10.50455093383789 4.0497283935546875
  endloop
endfacet
facet normal 0.0 0.0 0.0
  outer loop
    vertex -9.499999046325684 10.937564849853516 4.2997283935546875
    vertex -9.999999046325684 10.50455093383789 4.0497283935546875
    vertex -9.499999046325684 10.79770278930664 4.6373820304870605
  endloop
endfacet
facet normal 0.0 0.0 0.0
  outer loop
    vertex -9.499999046325684 10.79770278930664 4.6373820304870605
    vertex -9.999999046325684 10.50455093383789 4.0497283935546875
    vertex -9.999999046325684 10.314739227294922 4.507972240447998
  endloop
endfacet
facet normal 0.0 0.0 0.0
  outer loop
    vertex -9.499999046325684 10.79770278930664 4.6373820304870605
    vertex -9.999999046325684 10.314739227294922 4.507972240447998
    vertex -9.499999046325684 10.75 4.999724864959717
  endloop
endfacet
facet normal 0.0 0.0 0.0
  outer loop
    vertex -9.499999046325684 10.75 4.999724864959717
    vertex -9.999999046325684 10.314739227294922 4.507972240447998
    vertex -9.999999046325684 10.25 4.999724864959717
  endloop
endfacet
facet normal 0.0 0.0 0.0
  outer loop
    vertex -9.499999046325684 10.75 4.999724864959717
    vertex -9.999999046325684 10.25 4.999724864959717
    vertex -9.499999046325684 10.79770278930664 5.362075328826904
  endloop
endfacet
facet normal 0.0 0.0 0.0
  outer loop
    vertex -9.499999046325684 10.79770278930664 5.362075328826904
    vertex -9.999999046325684 10.25 4.999724864959717
    vertex -9.999999046325684 10.314739227294922 5.491485118865967
  endloop
endfacet
facet normal 0.0 0.0 0.0
  outer loop
    vertex -9.499999046325684 10.79770278930664 5.362075328826904
    vertex -9.999999046325684 10.314739227294922 5.491485118865967
    vertex -9.499999046325684 10.937564849853516 5.6997294425964355
  endloop
endfacet
facet normal 0.0 0.0 0.0
  outer loop
    vertex -9.499999046325684 10.937564849853516 5.6997294425964355
    vertex -9.999999046325684 10.314739227294922 5.491485118865967
    vertex -9.999999046325684 10.50455093383789 5.9497294425964355
  endloop
endfacet
facet normal 0.0 0.0 0.0
  outer loop
    vertex -9.499999046325684 10.937564849853516 5.6997294425964355
    vertex -9.999999046325684 10.50455093383789 5.9497294425964355
    vertex -9.499999046325684 11.160049438476562 5.9896769523620605
  endloop
endfacet
facet normal 0.0 0.0 0.0
  outer loop
    vertex -9.499999046325684 11.160049438476562 5.9896769523620605
    vertex -9.999999046325684 10.50455093383789 5.9497294425964355
    vertex -9.999999046325684 10.806495666503906 6.343230724334717
  endloop
endfacet
facet normal 0.0 0.0 0.0
  outer loop
    vertex -9.499999046325684 11.160049438476562 5.9896769523620605
    vertex -9.999999046325684 10.806495666503906 6.343230724334717
    vertex -9.499999046325684 11.450000762939453 6.212165355682373
  endloop
endfacet
facet normal 0.0 0.0 0.0
  outer loop
    vertex -9.499999046325684 11.450000762939453 6.212165355682373
    vertex -9.999999046325684 10.806495666503906 6.343230724334717
    vertex -9.999999046325684 11.200000762939453 6.64517879486084
  endloop
endfacet
facet normal 0.0 0.0 0.0
  outer loop
    vertex -9.499999046325684 11.450000762939453 6.212165355682373
    vertex -9.999999046325684 11.200000762939453 6.64517879486084
    vertex -9.499999046325684 11.787654876708984 6.352027416229248
  endloop
endfacet
facet normal 0.0 0.0 0.0
  outer loop
    vertex -9.499999046325684 11.787654876708984 6.352027416229248
    vertex -9.999999046325684 11.200000762939453 6.64517879486084
    vertex -9.999999046325684 11.658245086669922 6.834990501403809
  endloop
endfacet
facet normal 0.0 0.0 0.0
  outer loop
    vertex -9.499999046325684 11.787654876708984 6.352027416229248
    vertex -9.999999046325684 11.658245086669922 6.834990501403809
    vertex -9.499999046325684 12.150001525878906 6.399726390838623
  endloop
endfacet
facet normal 0.0 0.0 0.0
  outer loop
    vertex -9.499999046325684 12.150001525878906 6.399726390838623
    vertex -9.999999046325684 11.658245086669922 6.834990501403809
    vertex -9.999999046325684 12.150001525878906 6.899725914001465
  endloop
endfacet
facet normal 0.0 0.0 0.0
  outer loop
    vertex -9.499999046325684 12.150001525878906 6.399726390838623
    vertex -9.999999046325684 12.150001525878906 6.899725914001465
    vertex -9.499999046325684 12.512348175048828 6.352027416229248
  endloop
endfacet
facet normal 0.0 0.0 0.0
  outer loop
    vertex -9.499999046325684 12.512348175048828 6.352027416229248
    vertex -9.999999046325684 12.150001525878906 6.899725914001465
    vertex -9.999999046325684 12.64175796508789 6.834990501403809
  endloop
endfacet
facet normal 0.0 0.0 0.0
  outer loop
    vertex -9.499999046325684 12.512348175048828 6.352027416229248
    vertex -9.999999046325684 12.64175796508789 6.834990501403809
    vertex -9.499999046325684 12.849998474121094 6.212165355682373
  endloop
endfacet
facet normal 0.0 0.0 0.0
  outer loop
    vertex -9.499999046325684 12.849998474121094 6.212165355682373
    vertex -9.999999046325684 12.64175796508789 6.834990501403809
    vertex -9.999999046325684 13.099998474121094 6.64517879486084
  endloop
endfacet
facet normal 0.0 0.0 0.0
  outer loop
    vertex -9.499999046325684 12.849998474121094 6.212165355682373
    vertex -9.999999046325684 13.099998474121094 6.64517879486084
    vertex -9.499999046325684 13.139949798583984 5.9896769523620605
  endloop
endfacet
facet normal 0.0 0.0 0.0
  outer loop
    vertex -9.499999046325684 13.139949798583984 5.9896769523620605
    vertex -9.999999046325684 13.099998474121094 6.64517879486084
    vertex -9.999999046325684 13.49350357055664 6.343230724334717
  endloop
endfacet
facet normal 0.0 0.0 0.0
  outer loop
    vertex -9.499999046325684 13.139949798583984 5.9896769523620605
    vertex -9.999999046325684 13.49350357055664 6.343230724334717
    vertex -9.499999046325684 13.362434387207031 5.6997294425964355
  endloop
endfacet
facet normal 0.0 0.0 0.0
  outer loop
    vertex -9.499999046325684 13.362434387207031 5.6997294425964355
    vertex -9.999999046325684 13.49350357055664 6.343230724334717
    vertex -9.999999046325684 13.795448303222656 5.9497294425964355
  endloop
endfacet
facet normal 0.0 0.0 0.0
  outer loop
    vertex -9.499999046325684 13.362434387207031 5.6997294425964355
    vertex -9.999999046325684 13.795448303222656 5.9497294425964355
    vertex -9.499999046325684 13.502296447753906 5.362075328826904
  endloop
endfacet
facet normal 0.0 0.0 0.0
  outer loop
    vertex -9.499999046325684 13.502296447753906 5.362075328826904
    vertex -9.999999046325684 13.795448303222656 5.9497294425964355
    vertex -9.999999046325684 13.985260009765625 5.491485118865967
  endloop
endfacet
facet normal 0.0 0.0 0.0
  outer loop
    vertex -9.499999046325684 13.502296447753906 5.362075328826904
    vertex -9.999999046325684 13.985260009765625 5.491485118865967
    vertex -9.499999046325684 13.549999237060547 4.999724864959717
  endloop
endfacet
facet normal 0.0 0.0 0.0
  outer loop
    vertex -9.499999046325684 13.549999237060547 4.999724864959717
    vertex -9.999999046325684 13.985260009765625 5.491485118865967
    vertex -9.999999046325684 14.049999237060547 4.999724864959717
  endloop
endfacet
facet normal 0.0 0.0 0.0
  outer loop
    vertex -9.499999046325684 13.549999237060547 4.999724864959717
    vertex -9.999999046325684 14.049999237060547 4.999724864959717
    vertex -9.499999046325684 13.502296447753906 4.6373820304870605
  endloop
endfacet
facet normal 0.0 0.0 0.0
  outer loop
    vertex -9.499999046325684 13.502296447753906 4.6373820304870605
    vertex -9.999999046325684 14.049999237060547 4.999724864959717
    vertex -9.999999046325684 13.985260009765625 4.507972240447998
  endloop
endfacet
facet normal 0.0 0.0 0.0
  outer loop
    vertex -9.499999046325684 13.502296447753906 4.6373820304870605
    vertex -9.999999046325684 13.985260009765625 4.507972240447998
    vertex -9.499999046325684 13.362434387207031 4.2997283935546875
  endloop
endfacet
facet normal 0.0 0.0 0.0
  outer loop
    vertex -9.499999046325684 13.362434387207031 4.2997283935546875
    vertex -9.999999046325684 13.985260009765625 4.507972240447998
    vertex -9.999999046325684 13.795448303222656 4.0497283935546875
  endloop
endfacet
facet normal 0.0 0.0 0.0
  outer loop
    vertex -9.499999046325684 13.362434387207031 4.2997283935546875
    vertex -9.999999046325684 13.795448303222656 4.0497283935546875
    vertex -9.499999046325684 13.139949798583984 4.0097808837890625
  endloop
endfacet
facet normal 0.0 0.0 0.0
  outer loop
    vertex -9.499999046325684 13.139949798583984 4.0097808837890625
    vertex -9.999999046325684 13.795448303222656 4.0497283935546875
    vertex -9.999999046325684 13.49350357055664 3.6562271118164062
  endloop
endfacet
facet normal 0.0 0.0 0.0
  outer loop
    vertex -9.499999046325684 13.139949798583984 4.0097808837890625
    vertex -9.999999046325684 13.49350357055664 3.6562271118164062
    vertex -9.499999046325684 12.849998474121094 3.78729248046875
  endloop
endfacet
facet normal 0.0 0.0 0.0
  outer loop
    vertex -9.499999046325684 12.849998474121094 3.78729248046875
    vertex -9.999999046325684 13.49350357055664 3.6562271118164062
    vertex -9.999999046325684 13.099998474121094 3.354278564453125
  endloop
endfacet
facet normal 0.0 0.0 0.0
  outer loop
    vertex -9.499999046325684 12.849998474121094 3.78729248046875
    vertex -9.999999046325684 13.099998474121094 3.354278564453125
    vertex -9.499999046325684 12.512348175048828 3.647430419921875
  endloop
endfacet
facet normal 0.0 0.0 0.0
  outer loop
    vertex -9.499999046325684 12.512348175048828 3.647430419921875
    vertex -9.999999046325684 13.099998474121094 3.354278564453125
    vertex -9.999999046325684 12.64175796508789 3.1644668579101562
  endloop
endfacet
facet normal 0.0 0.0 0.0
  outer loop
    vertex -9.999999046325684 22.641756057739258 3.1644668579101562
    vertex -9.999999046325684 50.5 9.5367431640625e-07
    vertex -9.999999046325684 22.149999618530273 3.0997314453125
  endloop
endfacet
facet normal 0.0 0.0 0.0
  outer loop
    vertex -9.999999046325684 22.149999618530273 3.0997314453125
    vertex -9.999999046325684 50.5 9.5367431640625e-07
    vertex -9.999999046325684 12.150001525878906 3.0997314453125
  endloop
endfacet
facet normal 0.0 0.0 0.0
  outer loop
    vertex -9.999999046325684 22.149999618530273 3.0997314453125
    vertex -9.999999046325684 12.150001525878906 3.0997314453125
    vertex -9.999999046325684 12.64175796508789 3.1644668579101562
  endloop
endfacet
facet normal 0.0 0.0 0.0
  outer loop
    vertex -9.999999046325684 22.641756057739258 3.1644668579101562
    vertex -9.999999046325684 23.100000381469727 3.354278564453125
    vertex -9.999999046325684 50.5 9.5367431640625e-07
  endloop
endfacet
facet normal 0.0 0.0 0.0
  outer loop
    vertex -9.999999046325684 50.5 9.5367431640625e-07
    vertex -9.999999046325684 23.100000381469727 3.354278564453125
    vertex -9.999999046325684 23.49350357055664 3.6562271118164062
  endloop
endfacet
facet normal 0.0 0.0 0.0
  outer loop
    vertex -9.999999046325684 50.5 9.5367431640625e-07
    vertex -9.999999046325684 23.49350357055664 3.6562271118164062
    vertex -9.999999046325684 23.795448303222656 4.0497283935546875
  endloop
endfacet
facet normal 0.0 0.0 0.0
  outer loop
    vertex -9.999999046325684 23.795448303222656 4.0497283935546875
    vertex -9.999999046325684 23.985260009765625 4.507972240447998
    vertex -9.999999046325684 50.5 9.5367431640625e-07
  endloop
endfacet
facet normal 0.0 0.0 0.0
  outer loop
    vertex -9.999999046325684 50.5 9.5367431640625e-07
    vertex -9.999999046325684 23.985260009765625 4.507972240447998
    vertex -9.999999046325684 50.5 8.999999046325684
  endloop
endfacet
facet normal 0.0 0.0 0.0
  outer loop
    vertex -9.999999046325684 50.5 8.999999046325684
    vertex -9.999999046325684 23.985260009765625 4.507972240447998
    vertex -9.999999046325684 24.049999237060547 4.999724864959717
  endloop
endfacet
facet normal 0.0 0.0 0.0
  outer loop
    vertex -9.999999046325684 50.5 8.999999046325684
    vertex -9.999999046325684 24.049999237060547 4.999724864959717
    vertex -9.999999046325684 23.985260009765625 5.491485118865967
  endloop
endfacet
facet normal 0.0 0.0 0.0
  outer loop
    vertex -9.999999046325684 23.985260009765625 5.491485118865967
    vertex -9.999999046325684 23.795448303222656 5.9497294425964355
    vertex -9.999999046325684 50.5 8.999999046325684
  endloop
endfacet
facet normal 0.0 0.0 0.0
  outer loop
    vertex -9.999999046325684 50.5 8.999999046325684
    vertex -9.999999046325684 23.795448303222656 5.9497294425964355
    vertex -9.999999046325684 23.49350357055664 6.343230724334717
  endloop
endfacet
facet normal 0.0 0.0 0.0
  outer loop
    vertex -9.999999046325684 50.5 8.999999046325684
    vertex -9.999999046325684 23.49350357055664 6.343230724334717
    vertex -9.999999046325684 23.100000381469727 6.64517879486084
  endloop
endfacet
facet normal 0.0 0.0 0.0
  outer loop
    vertex -9.999999046325684 23.100000381469727 6.64517879486084
    vertex -9.999999046325684 22.641756057739258 6.834990501403809
    vertex -9.999999046325684 50.5 8.999999046325684
  endloop
endfacet
facet normal 0.0 0.0 0.0
  outer loop
    vertex -9.999999046325684 50.5 8.999999046325684
    vertex -9.999999046325684 22.641756057739258 6.834990501403809
    vertex -9.999999046325684 22.149999618530273 6.899725914001465
  endloop
endfacet
facet normal 0.0 0.0 0.0
  outer loop
    vertex -9.999999046325684 50.5 8.999999046325684
    vertex -9.999999046325684 22.149999618530273 6.899725914001465
    vertex -9.999999046325684 12.150001525878906 6.899725914001465
  endloop
endfacet
facet normal 0.0 0.0 0.0
  outer loop
    vertex -9.999999046325684 12.150001525878906 6.899725914001465
    vertex -9.999999046325684 22.149999618530273 6.899725914001465
    vertex -9.999999046325684 12.64175796508789 6.834990501403809
  endloop
endfacet
facet normal 0.0 0.0 0.0
  outer loop
    vertex -9.999999046325684 12.64175796508789 6.834990501403809
    vertex -9.999999046325684 22.149999618530273 6.899725914001465
    vertex -9.999999046325684 21.65824317932129 6.834990501403809
  endloop
endfacet
facet normal 0.0 0.0 0.0
  outer loop
    vertex -9.999999046325684 12.64175796508789 6.834990501403809
    vertex -9.999999046325684 21.65824317932129 6.834990501403809
    vertex -9.999999046325684 13.099998474121094 6.64517879486084
  endloop
endfacet
facet normal 0.0 0.0 0.0
  outer loop
    vertex -9.999999046325684 13.099998474121094 6.64517879486084
    vertex -9.999999046325684 21.65824317932129 6.834990501403809
    vertex -9.999999046325684 21.200000762939453 6.64517879486084
  endloop
endfacet
facet normal 0.0 0.0 0.0
  outer loop
    vertex -9.999999046325684 13.099998474121094 6.64517879486084
    vertex -9.999999046325684 21.200000762939453 6.64517879486084
    vertex -9.999999046325684 13.49350357055664 6.343230724334717
  endloop
endfacet
facet normal 0.0 0.0 0.0
  outer loop
    vertex -9.999999046325684 13.49350357055664 6.343230724334717
    vertex -9.999999046325684 21.200000762939453 6.64517879486084
    vertex -9.999999046325684 20.80649757385254 6.343230724334717
  endloop
endfacet
facet normal 0.0 0.0 0.0
  outer loop
    vertex -9.999999046325684 13.49350357055664 6.343230724334717
    vertex -9.999999046325684 20.80649757385254 6.343230724334717
    vertex -9.999999046325684 13.795448303222656 5.9497294425964355
  endloop
endfacet
facet normal 0.0 0.0 0.0
  outer loop
    vertex -9.999999046325684 13.795448303222656 5.9497294425964355
    vertex -9.999999046325684 20.80649757385254 6.343230724334717
    vertex -9.999999046325684 20.50455093383789 5.9497294425964355
  endloop
endfacet
facet normal 0.0 0.0 0.0
  outer loop
    vertex -9.999999046325684 13.795448303222656 5.9497294425964355
    vertex -9.999999046325684 20.50455093383789 5.9497294425964355
    vertex -9.999999046325684 13.985260009765625 5.491485118865967
  endloop
endfacet
facet normal 0.0 0.0 0.0
  outer loop
    vertex -9.999999046325684 13.985260009765625 5.491485118865967
    vertex -9.999999046325684 20.50455093383789 5.9497294425964355
    vertex -9.999999046325684 20.314741134643555 5.491485118865967
  endloop
endfacet
facet normal 0.0 0.0 0.0
  outer loop
    vertex -9.999999046325684 13.985260009765625 5.491485118865967
    vertex -9.999999046325684 20.314741134643555 5.491485118865967
    vertex -9.999999046325684 14.049999237060547 4.999724864959717
  endloop
endfacet
facet normal 0.0 0.0 0.0
  outer loop
    vertex -9.999999046325684 14.049999237060547 4.999724864959717
    vertex -9.999999046325684 20.314741134643555 5.491485118865967
    vertex -9.999999046325684 20.25 4.999724864959717
  endloop
endfacet
facet normal 0.0 0.0 0.0
  outer loop
    vertex -9.999999046325684 14.049999237060547 4.999724864959717
    vertex -9.999999046325684 20.25 4.999724864959717
    vertex -9.999999046325684 20.314741134643555 4.507972240447998
  endloop
endfacet
facet normal 0.0 0.0 0.0
  outer loop
    vertex -9.999999046325684 14.049999237060547 4.999724864959717
    vertex -9.999999046325684 20.314741134643555 4.507972240447998
    vertex -9.999999046325684 13.985260009765625 4.507972240447998
  endloop
endfacet
facet normal 0.0 0.0 0.0
  outer loop
    vertex -9.999999046325684 13.985260009765625 4.507972240447998
    vertex -9.999999046325684 20.314741134643555 4.507972240447998
    vertex -9.999999046325684 20.50455093383789 4.0497283935546875
  endloop
endfacet
facet normal 0.0 0.0 0.0
  outer loop
    vertex -9.999999046325684 13.985260009765625 4.507972240447998
    vertex -9.999999046325684 20.50455093383789 4.0497283935546875
    vertex -9.999999046325684 13.795448303222656 4.0497283935546875
  endloop
endfacet
facet normal 0.0 0.0 0.0
  outer loop
    vertex -9.999999046325684 13.795448303222656 4.0497283935546875
    vertex -9.999999046325684 20.50455093383789 4.0497283935546875
    vertex -9.999999046325684 20.80649757385254 3.6562271118164062
  endloop
endfacet
facet normal 0.0 0.0 0.0
  outer loop
    vertex -9.999999046325684 13.795448303222656 4.0497283935546875
    vertex -9.999999046325684 20.80649757385254 3.6562271118164062
    vertex -9.999999046325684 13.49350357055664 3.6562271118164062
  endloop
endfacet
facet normal 0.0 0.0 0.0
  outer loop
    vertex -9.999999046325684 13.49350357055664 3.6562271118164062
    vertex -9.999999046325684 20.80649757385254 3.6562271118164062
    vertex -9.999999046325684 21.200000762939453 3.354278564453125
  endloop
endfacet
facet normal 0.0 0.0 0.0
  outer loop
    vertex -9.999999046325684 13.49350357055664 3.6562271118164062
    vertex -9.999999046325684 21.200000762939453 3.354278564453125
    vertex -9.999999046325684 13.099998474121094 3.354278564453125
  endloop
endfacet
facet normal 0.0 0.0 0.0
  outer loop
    vertex -9.999999046325684 13.099998474121094 3.354278564453125
    vertex -9.999999046325684 21.200000762939453 3.354278564453125
    vertex -9.999999046325684 21.65824317932129 3.1644668579101562
  endloop
endfacet
facet normal 0.0 0.0 0.0
  outer loop
    vertex -9.999999046325684 13.099998474121094 3.354278564453125
    vertex -9.999999046325684 21.65824317932129 3.1644668579101562
    vertex -9.999999046325684 12.64175796508789 3.1644668579101562
  endloop
endfacet
facet normal 0.0 0.0 0.0
  outer loop
    vertex -9.999999046325684 12.64175796508789 3.1644668579101562
    vertex -9.999999046325684 21.65824317932129 3.1644668579101562
    vertex -9.999999046325684 22.149999618530273 3.0997314453125
  endloop
endfacet
facet normal 0.0 0.0 0.0
  outer loop
    vertex -9.999999046325684 50.5 8.999999046325684
    vertex -9.999999046325684 12.150001525878906 6.899725914001465
    vertex -9.999999046325684 -45.0 8.999999046325684
  endloop
endfacet
facet normal 0.0 0.0 0.0
  outer loop
    vertex -9.999999046325684 -45.0 8.999999046325684
    vertex -9.999999046325684 12.150001525878906 6.899725914001465
    vertex -9.999999046325684 11.658245086669922 6.834990501403809
  endloop
endfacet
facet normal 0.0 0.0 0.0
  outer loop
    vertex -9.999999046325684 -45.0 8.999999046325684
    vertex -9.999999046325684 11.658245086669922 6.834990501403809
    vertex -9.999999046325684 11.200000762939453 6.64517879486084
  endloop
endfacet
facet normal 0.0 0.0 0.0
  outer loop
    vertex -9.999999046325684 50.5 9.5367431640625e-07
    vertex -9.999999046325684 -45.0 9.5367431640625e-07
    vertex -9.999999046325684 12.150001525878906 3.0997314453125
  endloop
endfacet
facet normal 0.0 0.0 0.0
  outer loop
    vertex -9.999999046325684 12.150001525878906 3.0997314453125
    vertex -9.999999046325684 -45.0 9.5367431640625e-07
    vertex -9.999999046325684 11.658245086669922 3.1644668579101562
  endloop
endfacet
facet normal 0.0 0.0 0.0
  outer loop
    vertex -9.999999046325684 11.658245086669922 3.1644668579101562
    vertex -9.999999046325684 -45.0 9.5367431640625e-07
    vertex -9.999999046325684 11.200000762939453 3.354278564453125
  endloop
endfacet
facet normal 0.0 0.0 0.0
  outer loop
    vertex -9.999999046325684 11.200000762939453 3.354278564453125
    vertex -9.999999046325684 -45.0 9.5367431640625e-07
    vertex -9.999999046325684 10.806495666503906 3.6562271118164062
  endloop
endfacet
facet normal 0.0 0.0 0.0
  outer loop
    vertex -9.999999046325684 10.806495666503906 3.6562271118164062
    vertex -9.999999046325684 -45.0 9.5367431640625e-07
    vertex -9.999999046325684 10.50455093383789 4.0497283935546875
  endloop
endfacet
facet normal 0.0 0.0 0.0
  outer loop
    vertex -9.999999046325684 10.50455093383789 4.0497283935546875
    vertex -9.999999046325684 -45.0 9.5367431640625e-07
    vertex -9.999999046325684 10.314739227294922 4.507972240447998
  endloop
endfacet
facet normal 0.0 0.0 0.0
  outer loop
    vertex -9.999999046325684 10.314739227294922 4.507972240447998
    vertex -9.999999046325684 -45.0 9.5367431640625e-07
    vertex -9.999999046325684 -45.0 8.999999046325684
  endloop
endfacet
facet normal 0.0 0.0 0.0
  outer loop
    vertex -9.999999046325684 10.314739227294922 4.507972240447998
    vertex -9.999999046325684 -45.0 8.999999046325684
    vertex -9.999999046325684 10.25 4.999724864959717
  endloop
endfacet
facet normal 0.0 0.0 0.0
  outer loop
    vertex -9.999999046325684 10.25 4.999724864959717
    vertex -9.999999046325684 -45.0 8.999999046325684
    vertex -9.999999046325684 10.314739227294922 5.491485118865967
  endloop
endfacet
facet normal 0.0 0.0 0.0
  outer loop
    vertex -9.999999046325684 10.314739227294922 5.491485118865967
    vertex -9.999999046325684 -45.0 8.999999046325684
    vertex -9.999999046325684 10.50455093383789 5.9497294425964355
  endloop
endfacet
facet normal 0.0 0.0 0.0
  outer loop
    vertex -9.999999046325684 10.50455093383789 5.9497294425964355
    vertex -9.999999046325684 -45.0 8.999999046325684
    vertex -9.999999046325684 10.806495666503906 6.343230724334717
  endloop
endfacet
facet normal 0.0 0.0 0.0
  outer loop
    vertex -9.999999046325684 10.806495666503906 6.343230724334717
    vertex -9.999999046325684 -45.0 8.999999046325684
    vertex -9.999999046325684 11.200000762939453 6.64517879486084
  endloop
endfacet
facet normal 0.0 0.0 0.0
  outer loop
    vertex -6.999998569488525 12.512348175048828 3.647430419921875
    vertex -9.499999046325684 12.512348175048828 3.647430419921875
    vertex -6.999998569488525 12.150001525878906 3.5997314453125
  endloop
endfacet
facet normal 0.0 0.0 0.0
  outer loop
    vertex -6.999998569488525 12.150001525878906 3.5997314453125
    vertex -9.499999046325684 12.512348175048828 3.647430419921875
    vertex -9.499999046325684 12.150001525878906 3.5997314453125
  endloop
endfacet
facet normal 0.0 0.0 0.0
  outer loop
    vertex -6.999998569488525 12.150001525878906 3.5997314453125
    vertex -9.499999046325684 12.150001525878906 3.5997314453125
    vertex -6.999998569488525 11.787654876708984 3.647430419921875
  endloop
endfacet
facet normal 0.0 0.0 0.0
  outer loop
    vertex -6.999998569488525 11.787654876708984 3.647430419921875
    vertex -9.499999046325684 12.150001525878906 3.5997314453125
    vertex -9.499999046325684 11.787654876708984 3.647430419921875
  endloop
endfacet
facet normal 0.0 0.0 0.0
  outer loop
    vertex -6.999998569488525 11.787654876708984 3.647430419921875
    vertex -9.499999046325684 11.787654876708984 3.647430419921875
    vertex -6.999998569488525 11.450000762939453 3.78729248046875
  endloop
endfacet
facet normal 0.0 0.0 0.0
  outer loop
    vertex -6.999998569488525 11.450000762939453 3.78729248046875
    vertex -9.499999046325684 11.787654876708984 3.647430419921875
    vertex -9.499999046325684 11.450000762939453 3.78729248046875
  endloop
endfacet
facet normal 0.0 0.0 0.0
  outer loop
    vertex -6.999998569488525 11.450000762939453 3.78729248046875
    vertex -9.499999046325684 11.450000762939453 3.78729248046875
    vertex -6.999999046325684 11.160049438476562 4.0097808837890625
  endloop
endfacet
facet normal 0.0 0.0 0.0
  outer loop
    vertex -6.999999046325684 11.160049438476562 4.0097808837890625
    vertex -9.499999046325684 11.450000762939453 3.78729248046875
    vertex -9.499999046325684 11.160049438476562 4.0097808837890625
  endloop
endfacet
facet normal 0.0 0.0 0.0
  outer loop
    vertex -6.999999046325684 11.160049438476562 4.0097808837890625
    vertex -9.499999046325684 11.160049438476562 4.0097808837890625
    vertex -6.999999046325684 10.937564849853516 4.2997283935546875
  endloop
endfacet
facet normal 0.0 0.0 0.0
  outer loop
    vertex -6.999999046325684 10.937564849853516 4.2997283935546875
    vertex -9.499999046325684 11.160049438476562 4.0097808837890625
    vertex -9.499999046325684 10.937564849853516 4.2997283935546875
  endloop
endfacet
facet normal 0.0 0.0 0.0
  outer loop
    vertex -6.999999046325684 10.937564849853516 4.2997283935546875
    vertex -9.499999046325684 10.937564849853516 4.2997283935546875
    vertex -6.999999046325684 10.79770278930664 4.637382507324219
  endloop
endfacet
facet normal 0.0 0.0 0.0
  outer loop
    vertex -6.999999046325684 10.79770278930664 4.637382507324219
    vertex -9.499999046325684 10.937564849853516 4.2997283935546875
    vertex -9.499999046325684 10.79770278930664 4.6373820304870605
  endloop
endfacet
facet normal 0.0 0.0 0.0
  outer loop
    vertex -6.999999046325684 10.79770278930664 4.637382507324219
    vertex -9.499999046325684 10.79770278930664 4.6373820304870605
    vertex -6.999999046325684 10.75 4.999725341796875
  endloop
endfacet
facet normal 0.0 0.0 0.0
  outer loop
    vertex -6.999999046325684 10.75 4.999725341796875
    vertex -9.499999046325684 10.79770278930664 4.6373820304870605
    vertex -9.499999046325684 10.75 4.999724864959717
  endloop
endfacet
facet normal 0.0 0.0 0.0
  outer loop
    vertex -6.999999046325684 10.75 4.999725341796875
    vertex -9.499999046325684 10.75 4.999724864959717
    vertex -6.999999046325684 10.79770278930664 5.3620758056640625
  endloop
endfacet
facet normal 0.0 0.0 0.0
  outer loop
    vertex -6.999999046325684 10.79770278930664 5.3620758056640625
    vertex -9.499999046325684 10.75 4.999724864959717
    vertex -9.499999046325684 10.79770278930664 5.362075328826904
  endloop
endfacet
facet normal 0.0 0.0 0.0
  outer loop
    vertex -6.999999046325684 10.79770278930664 5.3620758056640625
    vertex -9.499999046325684 10.79770278930664 5.362075328826904
    vertex -6.999999046325684 10.937564849853516 5.699729919433594
  endloop
endfacet
facet normal 0.0 0.0 0.0
  outer loop
    vertex -6.999999046325684 10.937564849853516 5.699729919433594
    vertex -9.499999046325684 10.79770278930664 5.362075328826904
    vertex -9.499999046325684 10.937564849853516 5.6997294425964355
  endloop
endfacet
facet normal 0.0 0.0 0.0
  outer loop
    vertex -6.999999046325684 10.937564849853516 5.699729919433594
    vertex -9.499999046325684 10.937564849853516 5.6997294425964355
    vertex -6.999999046325684 11.160049438476562 5.989677429199219
  endloop
endfacet
facet normal 0.0 0.0 0.0
  outer loop
    vertex -6.999999046325684 11.160049438476562 5.989677429199219
    vertex -9.499999046325684 10.937564849853516 5.6997294425964355
    vertex -9.499999046325684 11.160049438476562 5.9896769523620605
  endloop
endfacet
facet normal 0.0 0.0 0.0
  outer loop
    vertex -6.999999046325684 11.160049438476562 5.989677429199219
    vertex -9.499999046325684 11.160049438476562 5.9896769523620605
    vertex -6.999999046325684 11.450000762939453 6.212165832519531
  endloop
endfacet
facet normal 0.0 0.0 0.0
  outer loop
    vertex -6.999999046325684 11.450000762939453 6.212165832519531
    vertex -9.499999046325684 11.160049438476562 5.9896769523620605
    vertex -9.499999046325684 11.450000762939453 6.212165355682373
  endloop
endfacet
facet normal 0.0 0.0 0.0
  outer loop
    vertex -6.999999046325684 11.450000762939453 6.212165832519531
    vertex -9.499999046325684 11.450000762939453 6.212165355682373
    vertex -6.999999046325684 11.787654876708984 6.352027893066406
  endloop
endfacet
facet normal 0.0 0.0 0.0
  outer loop
    vertex -6.999999046325684 11.787654876708984 6.352027893066406
    vertex -9.499999046325684 11.450000762939453 6.212165355682373
    vertex -9.499999046325684 11.787654876708984 6.352027416229248
  endloop
endfacet
facet normal 0.0 0.0 0.0
  outer loop
    vertex -6.999999046325684 11.787654876708984 6.352027893066406
    vertex -9.499999046325684 11.787654876708984 6.352027416229248
    vertex -6.999999046325684 12.150001525878906 6.399726867675781
  endloop
endfacet
facet normal 0.0 0.0 0.0
  outer loop
    vertex -6.999999046325684 12.150001525878906 6.399726867675781
    vertex -9.499999046325684 11.787654876708984 6.352027416229248
    vertex -9.499999046325684 12.150001525878906 6.399726390838623
  endloop
endfacet
facet normal 0.0 0.0 0.0
  outer loop
    vertex -6.999999046325684 12.150001525878906 6.399726867675781
    vertex -9.499999046325684 12.150001525878906 6.399726390838623
    vertex -6.999999046325684 12.512348175048828 6.352027893066406
  endloop
endfacet
facet normal 0.0 0.0 0.0
  outer loop
    vertex -6.999999046325684 12.512348175048828 6.352027893066406
    vertex -9.499999046325684 12.150001525878906 6.399726390838623
    vertex -9.499999046325684 12.512348175048828 6.352027416229248
  endloop
endfacet
facet normal 0.0 0.0 0.0
  outer loop
    vertex -6.999999046325684 12.512348175048828 6.352027893066406
    vertex -9.499999046325684 12.512348175048828 6.352027416229248
    vertex -6.999999046325684 12.849998474121094 6.212165832519531
  endloop
endfacet
facet normal 0.0 0.0 0.0
  outer loop
    vertex -6.999999046325684 12.849998474121094 6.212165832519531
    vertex -9.499999046325684 12.512348175048828 6.352027416229248
    vertex -9.499999046325684 12.849998474121094 6.212165355682373
  endloop
endfacet
facet normal 0.0 0.0 0.0
  outer loop
    vertex -6.999999046325684 12.849998474121094 6.212165832519531
    vertex -9.499999046325684 12.849998474121094 6.212165355682373
    vertex -6.999999046325684 13.139949798583984 5.989677429199219
  endloop
endfacet
facet normal 0.0 0.0 0.0
  outer loop
    vertex -6.999999046325684 13.139949798583984 5.989677429199219
    vertex -9.499999046325684 12.849998474121094 6.212165355682373
    vertex -9.499999046325684 13.139949798583984 5.9896769523620605
  endloop
endfacet
facet normal 0.0 0.0 0.0
  outer loop
    vertex -6.999999046325684 13.139949798583984 5.989677429199219
    vertex -9.499999046325684 13.139949798583984 5.9896769523620605
    vertex -6.999999046325684 13.362434387207031 5.699729919433594
  endloop
endfacet
facet normal 0.0 0.0 0.0
  outer loop
    vertex -6.999999046325684 13.362434387207031 5.699729919433594
    vertex -9.499999046325684 13.139949798583984 5.9896769523620605
    vertex -9.499999046325684 13.362434387207031 5.6997294425964355
  endloop
endfacet
facet normal 0.0 0.0 0.0
  outer loop
    vertex -6.999999046325684 13.362434387207031 5.699729919433594
    vertex -9.499999046325684 13.362434387207031 5.6997294425964355
    vertex -6.999999046325684 13.502296447753906 5.3620758056640625
  endloop
endfacet
facet normal 0.0 0.0 0.0
  outer loop
    vertex -6.999999046325684 13.502296447753906 5.3620758056640625
    vertex -9.499999046325684 13.362434387207031 5.6997294425964355
    vertex -9.499999046325684 13.502296447753906 5.362075328826904
  endloop
endfacet
facet normal 0.0 0.0 0.0
  outer loop
    vertex -6.999999046325684 13.502296447753906 5.3620758056640625
    vertex -9.499999046325684 13.502296447753906 5.362075328826904
    vertex -6.999999046325684 13.549999237060547 4.999725341796875
  endloop
endfacet
facet normal 0.0 0.0 0.0
  outer loop
    vertex -6.999999046325684 13.549999237060547 4.999725341796875
    vertex -9.499999046325684 13.502296447753906 5.362075328826904
    vertex -9.499999046325684 13.549999237060547 4.999724864959717
  endloop
endfacet
facet normal 0.0 0.0 0.0
  outer loop
    vertex -6.999999046325684 13.549999237060547 4.999725341796875
    vertex -9.499999046325684 13.549999237060547 4.999724864959717
    vertex -6.999999046325684 13.502296447753906 4.637382507324219
  endloop
endfacet
facet normal 0.0 0.0 0.0
  outer loop
    vertex -6.999999046325684 13.502296447753906 4.637382507324219
    vertex -9.499999046325684 13.549999237060547 4.999724864959717
    vertex -9.499999046325684 13.502296447753906 4.6373820304870605
  endloop
endfacet
facet normal 0.0 0.0 0.0
  outer loop
    vertex -6.999999046325684 13.502296447753906 4.637382507324219
    vertex -9.499999046325684 13.502296447753906 4.6373820304870605
    vertex -6.999999046325684 13.362434387207031 4.2997283935546875
  endloop
endfacet
facet normal 0.0 0.0 0.0
  outer loop
    vertex -6.999999046325684 13.362434387207031 4.2997283935546875
    vertex -9.499999046325684 13.502296447753906 4.6373820304870605
    vertex -9.499999046325684 13.362434387207031 4.2997283935546875
  endloop
endfacet
facet normal 0.0 0.0 0.0
  outer loop
    vertex -6.999999046325684 13.362434387207031 4.2997283935546875
    vertex -9.499999046325684 13.362434387207031 4.2997283935546875
    vertex -6.999999046325684 13.139949798583984 4.0097808837890625
  endloop
endfacet
facet normal 0.0 0.0 0.0
  outer loop
    vertex -6.999999046325684 13.139949798583984 4.0097808837890625
    vertex -9.499999046325684 13.362434387207031 4.2997283935546875
    vertex -9.499999046325684 13.139949798583984 4.0097808837890625
  endloop
endfacet
facet normal 0.0 0.0 0.0
  outer loop
    vertex -6.999999046325684 13.139949798583984 4.0097808837890625
    vertex -9.499999046325684 13.139949798583984 4.0097808837890625
    vertex -6.999998569488525 12.849998474121094 3.78729248046875
  endloop
endfacet
facet normal 0.0 0.0 0.0
  outer loop
    vertex -6.999998569488525 12.849998474121094 3.78729248046875
    vertex -9.499999046325684 13.139949798583984 4.0097808837890625
    vertex -9.499999046325684 12.849998474121094 3.78729248046875
  endloop
endfacet
facet normal 0.0 0.0 0.0
  outer loop
    vertex -6.999998569488525 12.849998474121094 3.78729248046875
    vertex -9.499999046325684 12.849998474121094 3.78729248046875
    vertex -6.999998569488525 12.512348175048828 3.647430419921875
  endloop
endfacet
facet normal 0.0 0.0 0.0
  outer loop
    vertex -6.999998569488525 12.512348175048828 3.647430419921875
    vertex -9.499999046325684 12.849998474121094 3.78729248046875
    vertex -9.499999046325684 12.512348175048828 3.647430419921875
  endloop
endfacet
facet normal 0.0 0.0 0.0
  outer loop
    vertex -9.499999046325684 22.512346267700195 3.647430419921875
    vertex -9.999999046325684 22.641756057739258 3.1644668579101562
    vertex -9.499999046325684 22.149999618530273 3.5997314453125
  endloop
endfacet
facet normal 0.0 0.0 0.0
  outer loop
    vertex -9.499999046325684 22.149999618530273 3.5997314453125
    vertex -9.999999046325684 22.641756057739258 3.1644668579101562
    vertex -9.999999046325684 22.149999618530273 3.0997314453125
  endloop
endfacet
facet normal 0.0 0.0 0.0
  outer loop
    vertex -9.499999046325684 22.149999618530273 3.5997314453125
    vertex -9.999999046325684 22.149999618530273 3.0997314453125
    vertex -9.499999046325684 21.78765296936035 3.647430419921875
  endloop
endfacet
facet normal 0.0 0.0 0.0
  outer loop
    vertex -9.499999046325684 21.78765296936035 3.647430419921875
    vertex -9.999999046325684 22.149999618530273 3.0997314453125
    vertex -9.999999046325684 21.65824317932129 3.1644668579101562
  endloop
endfacet
facet normal 0.0 0.0 0.0
  outer loop
    vertex -9.499999046325684 21.78765296936035 3.647430419921875
    vertex -9.999999046325684 21.65824317932129 3.1644668579101562
    vertex -9.499999046325684 21.450000762939453 3.78729248046875
  endloop
endfacet
facet normal 0.0 0.0 0.0
  outer loop
    vertex -9.499999046325684 21.450000762939453 3.78729248046875
    vertex -9.999999046325684 21.65824317932129 3.1644668579101562
    vertex -9.999999046325684 21.200000762939453 3.354278564453125
  endloop
endfacet
facet normal 0.0 0.0 0.0
  outer loop
    vertex -9.499999046325684 21.450000762939453 3.78729248046875
    vertex -9.999999046325684 21.200000762939453 3.354278564453125
    vertex -9.499999046325684 21.160051345825195 4.0097808837890625
  endloop
endfacet
facet normal 0.0 0.0 0.0
  outer loop
    vertex -9.499999046325684 21.160051345825195 4.0097808837890625
    vertex -9.999999046325684 21.200000762939453 3.354278564453125
    vertex -9.999999046325684 20.80649757385254 3.6562271118164062
  endloop
endfacet
facet normal 0.0 0.0 0.0
  outer loop
    vertex -9.499999046325684 21.160051345825195 4.0097808837890625
    vertex -9.999999046325684 20.80649757385254 3.6562271118164062
    vertex -9.499999046325684 20.937564849853516 4.2997283935546875
  endloop
endfacet
facet normal 0.0 0.0 0.0
  outer loop
    vertex -9.499999046325684 20.937564849853516 4.2997283935546875
    vertex -9.999999046325684 20.80649757385254 3.6562271118164062
    vertex -9.999999046325684 20.50455093383789 4.0497283935546875
  endloop
endfacet
facet normal 0.0 0.0 0.0
  outer loop
    vertex -9.499999046325684 20.937564849853516 4.2997283935546875
    vertex -9.999999046325684 20.50455093383789 4.0497283935546875
    vertex -9.499999046325684 20.797704696655273 4.6373820304870605
  endloop
endfacet
facet normal 0.0 0.0 0.0
  outer loop
    vertex -9.499999046325684 20.797704696655273 4.6373820304870605
    vertex -9.999999046325684 20.50455093383789 4.0497283935546875
    vertex -9.999999046325684 20.314741134643555 4.507972240447998
  endloop
endfacet
facet normal 0.0 0.0 0.0
  outer loop
    vertex -9.499999046325684 20.797704696655273 4.6373820304870605
    vertex -9.999999046325684 20.314741134643555 4.507972240447998
    vertex -9.499999046325684 20.75 4.999724864959717
  endloop
endfacet
facet normal 0.0 0.0 0.0
  outer loop
    vertex -9.499999046325684 20.75 4.999724864959717
    vertex -9.999999046325684 20.314741134643555 4.507972240447998
    vertex -9.999999046325684 20.25 4.999724864959717
  endloop
endfacet
facet normal 0.0 0.0 0.0
  outer loop
    vertex -9.499999046325684 20.75 4.999724864959717
    vertex -9.999999046325684 20.25 4.999724864959717
    vertex -9.499999046325684 20.797704696655273 5.362075328826904
  endloop
endfacet
facet normal 0.0 0.0 0.0
  outer loop
    vertex -9.499999046325684 20.797704696655273 5.362075328826904
    vertex -9.999999046325684 20.25 4.999724864959717
    vertex -9.999999046325684 20.314741134643555 5.491485118865967
  endloop
endfacet
facet normal 0.0 0.0 0.0
  outer loop
    vertex -9.499999046325684 20.797704696655273 5.362075328826904
    vertex -9.999999046325684 20.314741134643555 5.491485118865967
    vertex -9.499999046325684 20.937564849853516 5.6997294425964355
  endloop
endfacet
facet normal 0.0 0.0 0.0
  outer loop
    vertex -9.499999046325684 20.937564849853516 5.6997294425964355
    vertex -9.999999046325684 20.314741134643555 5.491485118865967
    vertex -9.999999046325684 20.50455093383789 5.9497294425964355
  endloop
endfacet
facet normal 0.0 0.0 0.0
  outer loop
    vertex -9.499999046325684 20.937564849853516 5.6997294425964355
    vertex -9.999999046325684 20.50455093383789 5.9497294425964355
    vertex -9.499999046325684 21.160051345825195 5.9896769523620605
  endloop
endfacet
facet normal 0.0 0.0 0.0
  outer loop
    vertex -9.499999046325684 21.160051345825195 5.9896769523620605
    vertex -9.999999046325684 20.50455093383789 5.9497294425964355
    vertex -9.999999046325684 20.80649757385254 6.343230724334717
  endloop
endfacet
facet normal 0.0 0.0 0.0
  outer loop
    vertex -9.499999046325684 21.160051345825195 5.9896769523620605
    vertex -9.999999046325684 20.80649757385254 6.343230724334717
    vertex -9.499999046325684 21.450000762939453 6.212165355682373
  endloop
endfacet
facet normal 0.0 0.0 0.0
  outer loop
    vertex -9.499999046325684 21.450000762939453 6.212165355682373
    vertex -9.999999046325684 20.80649757385254 6.343230724334717
    vertex -9.999999046325684 21.200000762939453 6.64517879486084
  endloop
endfacet
facet normal 0.0 0.0 0.0
  outer loop
    vertex -9.499999046325684 21.450000762939453 6.212165355682373
    vertex -9.999999046325684 21.200000762939453 6.64517879486084
    vertex -9.499999046325684 21.78765296936035 6.352027416229248
  endloop
endfacet
facet normal 0.0 0.0 0.0
  outer loop
    vertex -9.499999046325684 21.78765296936035 6.352027416229248
    vertex -9.999999046325684 21.200000762939453 6.64517879486084
    vertex -9.999999046325684 21.65824317932129 6.834990501403809
  endloop
endfacet
facet normal 0.0 0.0 0.0
  outer loop
    vertex -9.499999046325684 21.78765296936035 6.352027416229248
    vertex -9.999999046325684 21.65824317932129 6.834990501403809
    vertex -9.499999046325684 22.149999618530273 6.399726390838623
  endloop
endfacet
facet normal 0.0 0.0 0.0
  outer loop
    vertex -9.499999046325684 22.149999618530273 6.399726390838623
    vertex -9.999999046325684 21.65824317932129 6.834990501403809
    vertex -9.999999046325684 22.149999618530273 6.899725914001465
  endloop
endfacet
facet normal 0.0 0.0 0.0
  outer loop
    vertex -9.499999046325684 22.149999618530273 6.399726390838623
    vertex -9.999999046325684 22.149999618530273 6.899725914001465
    vertex -9.499999046325684 22.512346267700195 6.352027416229248
  endloop
endfacet
facet normal 0.0 0.0 0.0
  outer loop
    vertex -9.499999046325684 22.512346267700195 6.352027416229248
    vertex -9.999999046325684 22.149999618530273 6.899725914001465
    vertex -9.999999046325684 22.641756057739258 6.834990501403809
  endloop
endfacet
facet normal 0.0 0.0 0.0
  outer loop
    vertex -9.499999046325684 22.512346267700195 6.352027416229248
    vertex -9.999999046325684 22.641756057739258 6.834990501403809
    vertex -9.499999046325684 22.850000381469727 6.212165355682373
  endloop
endfacet
facet normal 0.0 0.0 0.0
  outer loop
    vertex -9.499999046325684 22.850000381469727 6.212165355682373
    vertex -9.999999046325684 22.641756057739258 6.834990501403809
    vertex -9.999999046325684 23.100000381469727 6.64517879486084
  endloop
endfacet
facet normal 0.0 0.0 0.0
  outer loop
    vertex -9.499999046325684 22.850000381469727 6.212165355682373
    vertex -9.999999046325684 23.100000381469727 6.64517879486084
    vertex -9.499999046325684 23.139949798583984 5.9896769523620605
  endloop
endfacet
facet normal 0.0 0.0 0.0
  outer loop
    vertex -9.499999046325684 23.139949798583984 5.9896769523620605
    vertex -9.999999046325684 23.100000381469727 6.64517879486084
    vertex -9.999999046325684 23.49350357055664 6.343230724334717
  endloop
endfacet
facet normal 0.0 0.0 0.0
  outer loop
    vertex -9.499999046325684 23.139949798583984 5.9896769523620605
    vertex -9.999999046325684 23.49350357055664 6.343230724334717
    vertex -9.499999046325684 23.362436294555664 5.6997294425964355
  endloop
endfacet
facet normal 0.0 0.0 0.0
  outer loop
    vertex -9.499999046325684 23.362436294555664 5.6997294425964355
    vertex -9.999999046325684 23.49350357055664 6.343230724334717
    vertex -9.999999046325684 23.795448303222656 5.9497294425964355
  endloop
endfacet
facet normal 0.0 0.0 0.0
  outer loop
    vertex -9.499999046325684 23.362436294555664 5.6997294425964355
    vertex -9.999999046325684 23.795448303222656 5.9497294425964355
    vertex -9.499999046325684 23.502296447753906 5.362075328826904
  endloop
endfacet
facet normal 0.0 0.0 0.0
  outer loop
    vertex -9.499999046325684 23.502296447753906 5.362075328826904
    vertex -9.999999046325684 23.795448303222656 5.9497294425964355
    vertex -9.999999046325684 23.985260009765625 5.491485118865967
  endloop
endfacet
facet normal 0.0 0.0 0.0
  outer loop
    vertex -9.499999046325684 23.502296447753906 5.362075328826904
    vertex -9.999999046325684 23.985260009765625 5.491485118865967
    vertex -9.499999046325684 23.549999237060547 4.999724864959717
  endloop
endfacet
facet normal 0.0 0.0 0.0
  outer loop
    vertex -9.499999046325684 23.549999237060547 4.999724864959717
    vertex -9.999999046325684 23.985260009765625 5.491485118865967
    vertex -9.999999046325684 24.049999237060547 4.999724864959717
  endloop
endfacet
facet normal 0.0 0.0 0.0
  outer loop
    vertex -9.499999046325684 23.549999237060547 4.999724864959717
    vertex -9.999999046325684 24.049999237060547 4.999724864959717
    vertex -9.499999046325684 23.502296447753906 4.6373820304870605
  endloop
endfacet
facet normal 0.0 0.0 0.0
  outer loop
    vertex -9.499999046325684 23.502296447753906 4.6373820304870605
    vertex -9.999999046325684 24.049999237060547 4.999724864959717
    vertex -9.999999046325684 23.985260009765625 4.507972240447998
  endloop
endfacet
facet normal 0.0 0.0 0.0
  outer loop
    vertex -9.499999046325684 23.502296447753906 4.6373820304870605
    vertex -9.999999046325684 23.985260009765625 4.507972240447998
    vertex -9.499999046325684 23.362436294555664 4.2997283935546875
  endloop
endfacet
facet normal 0.0 0.0 0.0
  outer loop
    vertex -9.499999046325684 23.362436294555664 4.2997283935546875
    vertex -9.999999046325684 23.985260009765625 4.507972240447998
    vertex -9.999999046325684 23.795448303222656 4.0497283935546875
  endloop
endfacet
facet normal 0.0 0.0 0.0
  outer loop
    vertex -9.499999046325684 23.362436294555664 4.2997283935546875
    vertex -9.999999046325684 23.795448303222656 4.0497283935546875
    vertex -9.499999046325684 23.139949798583984 4.0097808837890625
  endloop
endfacet
facet normal 0.0 0.0 0.0
  outer loop
    vertex -9.499999046325684 23.139949798583984 4.0097808837890625
    vertex -9.999999046325684 23.795448303222656 4.0497283935546875
    vertex -9.999999046325684 23.49350357055664 3.6562271118164062
  endloop
endfacet
facet normal 0.0 0.0 0.0
  outer loop
    vertex -9.499999046325684 23.139949798583984 4.0097808837890625
    vertex -9.999999046325684 23.49350357055664 3.6562271118164062
    vertex -9.499999046325684 22.850000381469727 3.78729248046875
  endloop
endfacet
facet normal 0.0 0.0 0.0
  outer loop
    vertex -9.499999046325684 22.850000381469727 3.78729248046875
    vertex -9.999999046325684 23.49350357055664 3.6562271118164062
    vertex -9.999999046325684 23.100000381469727 3.354278564453125
  endloop
endfacet
facet normal 0.0 0.0 0.0
  outer loop
    vertex -9.499999046325684 22.850000381469727 3.78729248046875
    vertex -9.999999046325684 23.100000381469727 3.354278564453125
    vertex -9.499999046325684 22.512346267700195 3.647430419921875
  endloop
endfacet
facet normal 0.0 0.0 0.0
  outer loop
    vertex -9.499999046325684 22.512346267700195 3.647430419921875
    vertex -9.999999046325684 23.100000381469727 3.354278564453125
    vertex -9.999999046325684 22.641756057739258 3.1644668579101562
  endloop
endfacet
facet normal 0.0 0.0 0.0
  outer loop
    vertex -6.999998569488525 22.512346267700195 3.647430419921875
    vertex -9.499999046325684 22.512346267700195 3.647430419921875
    vertex -6.999998569488525 22.149999618530273 3.5997314453125
  endloop
endfacet
facet normal 0.0 0.0 0.0
  outer loop
    vertex -6.999998569488525 22.149999618530273 3.5997314453125
    vertex -9.499999046325684 22.512346267700195 3.647430419921875
    vertex -9.499999046325684 22.149999618530273 3.5997314453125
  endloop
endfacet
facet normal 0.0 0.0 0.0
  outer loop
    vertex -6.999998569488525 22.149999618530273 3.5997314453125
    vertex -9.499999046325684 22.149999618530273 3.5997314453125
    vertex -6.999998569488525 21.78765296936035 3.647430419921875
  endloop
endfacet
facet normal 0.0 0.0 0.0
  outer loop
    vertex -6.999998569488525 21.78765296936035 3.647430419921875
    vertex -9.499999046325684 22.149999618530273 3.5997314453125
    vertex -9.499999046325684 21.78765296936035 3.647430419921875
  endloop
endfacet
facet normal 0.0 0.0 0.0
  outer loop
    vertex -6.999998569488525 21.78765296936035 3.647430419921875
    vertex -9.499999046325684 21.78765296936035 3.647430419921875
    vertex -6.999998569488525 21.450000762939453 3.78729248046875
  endloop
endfacet
facet normal 0.0 0.0 0.0
  outer loop
    vertex -6.999998569488525 21.450000762939453 3.78729248046875
    vertex -9.499999046325684 21.78765296936035 3.647430419921875
    vertex -9.499999046325684 21.450000762939453 3.78729248046875
  endloop
endfacet
facet normal 0.0 0.0 0.0
  outer loop
    vertex -6.999998569488525 21.450000762939453 3.78729248046875
    vertex -9.499999046325684 21.450000762939453 3.78729248046875
    vertex -6.999999046325684 21.160051345825195 4.0097808837890625
  endloop
endfacet
facet normal 0.0 0.0 0.0
  outer loop
    vertex -6.999999046325684 21.160051345825195 4.0097808837890625
    vertex -9.499999046325684 21.450000762939453 3.78729248046875
    vertex -9.499999046325684 21.160051345825195 4.0097808837890625
  endloop
endfacet
facet normal 0.0 0.0 0.0
  outer loop
    vertex -6.999999046325684 21.160051345825195 4.0097808837890625
    vertex -9.499999046325684 21.160051345825195 4.0097808837890625
    vertex -6.999999046325684 20.937564849853516 4.2997283935546875
  endloop
endfacet
facet normal 0.0 0.0 0.0
  outer loop
    vertex -6.999999046325684 20.937564849853516 4.2997283935546875
    vertex -9.499999046325684 21.160051345825195 4.0097808837890625
    vertex -9.499999046325684 20.937564849853516 4.2997283935546875
  endloop
endfacet
facet normal 0.0 0.0 0.0
  outer loop
    vertex -6.999999046325684 20.937564849853516 4.2997283935546875
    vertex -9.499999046325684 20.937564849853516 4.2997283935546875
    vertex -6.999999046325684 20.797704696655273 4.637382507324219
  endloop
endfacet
facet normal 0.0 0.0 0.0
  outer loop
    vertex -6.999999046325684 20.797704696655273 4.637382507324219
    vertex -9.499999046325684 20.937564849853516 4.2997283935546875
    vertex -9.499999046325684 20.797704696655273 4.6373820304870605
  endloop
endfacet
facet normal 0.0 0.0 0.0
  outer loop
    vertex -6.999999046325684 20.797704696655273 4.637382507324219
    vertex -9.499999046325684 20.797704696655273 4.6373820304870605
    vertex -6.999999046325684 20.75 4.999725341796875
  endloop
endfacet
facet normal 0.0 0.0 0.0
  outer loop
    vertex -6.999999046325684 20.75 4.999725341796875
    vertex -9.499999046325684 20.797704696655273 4.6373820304870605
    vertex -9.499999046325684 20.75 4.999724864959717
  endloop
endfacet
facet normal 0.0 0.0 0.0
  outer loop
    vertex -6.999999046325684 20.75 4.999725341796875
    vertex -9.499999046325684 20.75 4.999724864959717
    vertex -6.999999046325684 20.797704696655273 5.3620758056640625
  endloop
endfacet
facet normal 0.0 0.0 0.0
  outer loop
    vertex -6.999999046325684 20.797704696655273 5.3620758056640625
    vertex -9.499999046325684 20.75 4.999724864959717
    vertex -9.499999046325684 20.797704696655273 5.362075328826904
  endloop
endfacet
facet normal 0.0 0.0 0.0
  outer loop
    vertex -6.999999046325684 20.797704696655273 5.3620758056640625
    vertex -9.499999046325684 20.797704696655273 5.362075328826904
    vertex -6.999999046325684 20.937564849853516 5.699729919433594
  endloop
endfacet
facet normal 0.0 0.0 0.0
  outer loop
    vertex -6.999999046325684 20.937564849853516 5.699729919433594
    vertex -9.499999046325684 20.797704696655273 5.362075328826904
    vertex -9.499999046325684 20.937564849853516 5.6997294425964355
  endloop
endfacet
facet normal 0.0 0.0 0.0
  outer loop
    vertex -6.999999046325684 20.937564849853516 5.699729919433594
    vertex -9.499999046325684 20.937564849853516 5.6997294425964355
    vertex -6.999999046325684 21.160051345825195 5.989677429199219
  endloop
endfacet
facet normal 0.0 0.0 0.0
  outer loop
    vertex -6.999999046325684 21.160051345825195 5.989677429199219
    vertex -9.499999046325684 20.937564849853516 5.6997294425964355
    vertex -9.499999046325684 21.160051345825195 5.9896769523620605
  endloop
endfacet
facet normal 0.0 0.0 0.0
  outer loop
    vertex -6.999999046325684 21.160051345825195 5.989677429199219
    vertex -9.499999046325684 21.160051345825195 5.9896769523620605
    vertex -6.999999046325684 21.450000762939453 6.212165832519531
  endloop
endfacet
facet normal 0.0 0.0 0.0
  outer loop
    vertex -6.999999046325684 21.450000762939453 6.212165832519531
    vertex -9.499999046325684 21.160051345825195 5.9896769523620605
    vertex -9.499999046325684 21.450000762939453 6.212165355682373
  endloop
endfacet
facet normal 0.0 0.0 0.0
  outer loop
    vertex -6.999999046325684 21.450000762939453 6.212165832519531
    vertex -9.499999046325684 21.450000762939453 6.212165355682373
    vertex -6.999999046325684 21.78765296936035 6.352027893066406
  endloop
endfacet
facet normal 0.0 0.0 0.0
  outer loop
    vertex -6.999999046325684 21.78765296936035 6.352027893066406
    vertex -9.499999046325684 21.450000762939453 6.212165355682373
    vertex -9.499999046325684 21.78765296936035 6.352027416229248
  endloop
endfacet
facet normal 0.0 0.0 0.0
  outer loop
    vertex -6.999999046325684 21.78765296936035 6.352027893066406
    vertex -9.499999046325684 21.78765296936035 6.352027416229248
    vertex -6.999999046325684 22.149999618530273 6.399726867675781
  endloop
endfacet
facet normal 0.0 0.0 0.0
  outer loop
    vertex -6.999999046325684 22.149999618530273 6.399726867675781
    vertex -9.499999046325684 21.78765296936035 6.352027416229248
    vertex -9.499999046325684 22.149999618530273 6.399726390838623
  endloop
endfacet
facet normal 0.0 0.0 0.0
  outer loop
    vertex -6.999999046325684 22.149999618530273 6.399726867675781
    vertex -9.499999046325684 22.149999618530273 6.399726390838623
    vertex -6.999999046325684 22.512346267700195 6.352027893066406
  endloop
endfacet
facet normal 0.0 0.0 0.0
  outer loop
    vertex -6.999999046325684 22.512346267700195 6.352027893066406
    vertex -9.499999046325684 22.149999618530273 6.399726390838623
    vertex -9.499999046325684 22.512346267700195 6.352027416229248
  endloop
endfacet
facet normal 0.0 0.0 0.0
  outer loop
    vertex -6.999999046325684 22.512346267700195 6.352027893066406
    vertex -9.499999046325684 22.512346267700195 6.352027416229248
    vertex -6.999999046325684 22.850000381469727 6.212165832519531
  endloop
endfacet
facet normal 0.0 0.0 0.0
  outer loop
    vertex -6.999999046325684 22.850000381469727 6.212165832519531
    vertex -9.499999046325684 22.512346267700195 6.352027416229248
    vertex -9.499999046325684 22.850000381469727 6.212165355682373
  endloop
endfacet
facet normal 0.0 0.0 0.0
  outer loop
    vertex -6.999999046325684 22.850000381469727 6.212165832519531
    vertex -9.499999046325684 22.850000381469727 6.212165355682373
    vertex -6.999999046325684 23.139949798583984 5.989677429199219
  endloop
endfacet
facet normal 0.0 0.0 0.0
  outer loop
    vertex -6.999999046325684 23.139949798583984 5.989677429199219
    vertex -9.499999046325684 22.850000381469727 6.212165355682373
    vertex -9.499999046325684 23.139949798583984 5.9896769523620605
  endloop
endfacet
facet normal 0.0 0.0 0.0
  outer loop
    vertex -6.999999046325684 23.139949798583984 5.989677429199219
    vertex -9.499999046325684 23.139949798583984 5.9896769523620605
    vertex -6.999999046325684 23.362436294555664 5.699729919433594
  endloop
endfacet
facet normal 0.0 0.0 0.0
  outer loop
    vertex -6.999999046325684 23.362436294555664 5.699729919433594
    vertex -9.499999046325684 23.139949798583984 5.9896769523620605
    vertex -9.499999046325684 23.362436294555664 5.6997294425964355
  endloop
endfacet
facet normal 0.0 0.0 0.0
  outer loop
    vertex -6.999999046325684 23.362436294555664 5.699729919433594
    vertex -9.499999046325684 23.362436294555664 5.6997294425964355
    vertex -6.999999046325684 23.502296447753906 5.3620758056640625
  endloop
endfacet
facet normal 0.0 0.0 0.0
  outer loop
    vertex -6.999999046325684 23.502296447753906 5.3620758056640625
    vertex -9.499999046325684 23.362436294555664 5.6997294425964355
    vertex -9.499999046325684 23.502296447753906 5.362075328826904
  endloop
endfacet
facet normal 0.0 0.0 0.0
  outer loop
    vertex -6.999999046325684 23.502296447753906 5.3620758056640625
    vertex -9.499999046325684 23.502296447753906 5.362075328826904
    vertex -6.999999046325684 23.549999237060547 4.999725341796875
  endloop
endfacet
facet normal 0.0 0.0 0.0
  outer loop
    vertex -6.999999046325684 23.549999237060547 4.999725341796875
    vertex -9.499999046325684 23.502296447753906 5.362075328826904
    vertex -9.499999046325684 23.549999237060547 4.999724864959717
  endloop
endfacet
facet normal 0.0 0.0 0.0
  outer loop
    vertex -6.999999046325684 23.549999237060547 4.999725341796875
    vertex -9.499999046325684 23.549999237060547 4.999724864959717
    vertex -6.999999046325684 23.502296447753906 4.637382507324219
  endloop
endfacet
facet normal 0.0 0.0 0.0
  outer loop
    vertex -6.999999046325684 23.502296447753906 4.637382507324219
    vertex -9.499999046325684 23.549999237060547 4.999724864959717
    vertex -9.499999046325684 23.502296447753906 4.6373820304870605
  endloop
endfacet
facet normal 0.0 0.0 0.0
  outer loop
    vertex -6.999999046325684 23.502296447753906 4.637382507324219
    vertex -9.499999046325684 23.502296447753906 4.6373820304870605
    vertex -6.999999046325684 23.362436294555664 4.2997283935546875
  endloop
endfacet
facet normal 0.0 0.0 0.0
  outer loop
    vertex -6.999999046325684 23.362436294555664 4.2997283935546875
    vertex -9.499999046325684 23.502296447753906 4.6373820304870605
    vertex -9.499999046325684 23.362436294555664 4.2997283935546875
  endloop
endfacet
facet normal 0.0 0.0 0.0
  outer loop
    vertex -6.999999046325684 23.362436294555664 4.2997283935546875
    vertex -9.499999046325684 23.362436294555664 4.2997283935546875
    vertex -6.999999046325684 23.139949798583984 4.0097808837890625
  endloop
endfacet
facet normal 0.0 0.0 0.0
  outer loop
    vertex -6.999999046325684 23.139949798583984 4.0097808837890625
    vertex -9.499999046325684 23.362436294555664 4.2997283935546875
    vertex -9.499999046325684 23.139949798583984 4.0097808837890625
  endloop
endfacet
facet normal 0.0 0.0 0.0
  outer loop
    vertex -6.999999046325684 23.139949798583984 4.0097808837890625
    vertex -9.499999046325684 23.139949798583984 4.0097808837890625
    vertex -6.999998569488525 22.850000381469727 3.78729248046875
  endloop
endfacet
facet normal 0.0 0.0 0.0
  outer loop
    vertex -6.999998569488525 22.850000381469727 3.78729248046875
    vertex -9.499999046325684 23.139949798583984 4.0097808837890625
    vertex -9.499999046325684 22.850000381469727 3.78729248046875
  endloop
endfacet
facet normal 0.0 0.0 0.0
  outer loop
    vertex -6.999998569488525 22.850000381469727 3.78729248046875
    vertex -9.499999046325684 22.850000381469727 3.78729248046875
    vertex -6.999998569488525 22.512346267700195 3.647430419921875
  endloop
endfacet
facet normal 0.0 0.0 0.0
  outer loop
    vertex -6.999998569488525 22.512346267700195 3.647430419921875
    vertex -9.499999046325684 22.850000381469727 3.78729248046875
    vertex -9.499999046325684 22.512346267700195 3.647430419921875
  endloop
endfacet
facet normal 0.0 0.0 0.0
  outer loop
    vertex -19.258817672729492 -48.53407287597656 0.0
    vertex -19.258817672729492 -48.53407287597656 5.374999523162842
    vertex -18.999998092651367 -48.5 0.0
  endloop
endfacet
facet normal 0.0 0.0 0.0
  outer loop
    vertex -18.999998092651367 -48.5 0.0
    vertex -19.258817672729492 -48.53407287597656 5.374999523162842
    vertex -19.258817672729492 -48.53407287597656 10.749999046325684
  endloop
endfacet
facet normal 0.0 0.0 0.0
  outer loop
    vertex -18.999998092651367 -48.5 0.0
    vertex -19.258817672729492 -48.53407287597656 10.749999046325684
    vertex -18.999998092651367 -48.5 21.499996185302734
  endloop
endfacet
facet normal 0.0 0.0 0.0
  outer loop
    vertex -18.999998092651367 -48.5 21.499996185302734
    vertex -19.258817672729492 -48.53407287597656 10.749999046325684
    vertex -19.258817672729492 -48.53407287597656 16.124998092651367
  endloop
endfacet
facet normal 0.0 0.0 0.0
  outer loop
    vertex -18.999998092651367 -48.5 21.499996185302734
    vertex -19.258817672729492 -48.53407287597656 16.124998092651367
    vertex -19.258817672729492 -48.53407287597656 21.499996185302734
  endloop
endfacet
facet normal 0.0 0.0 0.0
  outer loop
    vertex -19.258817672729492 -48.53407287597656 21.499996185302734
    vertex -19.258817672729492 -48.53407287597656 16.124998092651367
    vertex -19.499998092651367 -48.63397216796875 21.499996185302734
  endloop
endfacet
facet normal 0.0 0.0 0.0
  outer loop
    vertex -19.499998092651367 -48.63397216796875 21.499996185302734
    vertex -19.258817672729492 -48.53407287597656 16.124998092651367
    vertex -19.499998092651367 -48.63397216796875 16.124998092651367
  endloop
endfacet
facet normal 0.0 0.0 0.0
  outer loop
    vertex -19.499998092651367 -48.63397216796875 21.499996185302734
    vertex -19.499998092651367 -48.63397216796875 16.124998092651367
    vertex -19.70710563659668 -48.79289245605469 21.499996185302734
  endloop
endfacet
facet normal 0.0 0.0 0.0
  outer loop
    vertex -19.70710563659668 -48.79289245605469 21.499996185302734
    vertex -19.499998092651367 -48.63397216796875 16.124998092651367
    vertex -19.70710563659668 -48.79289245605469 16.124998092651367
  endloop
endfacet
facet normal 0.0 0.0 0.0
  outer loop
    vertex -19.70710563659668 -48.79289245605469 21.499996185302734
    vertex -19.70710563659668 -48.79289245605469 16.124998092651367
    vertex -19.866024017333984 -49.0 21.499996185302734
  endloop
endfacet
facet normal 0.0 0.0 0.0
  outer loop
    vertex -19.866024017333984 -49.0 21.499996185302734
    vertex -19.70710563659668 -48.79289245605469 16.124998092651367
    vertex -19.866024017333984 -49.0 16.124998092651367
  endloop
endfacet
facet normal 0.0 0.0 0.0
  outer loop
    vertex -19.866024017333984 -49.0 21.499996185302734
    vertex -19.866024017333984 -49.0 16.124998092651367
    vertex -19.965923309326172 -49.241180419921875 21.499996185302734
  endloop
endfacet
facet normal 0.0 0.0 0.0
  outer loop
    vertex -19.965923309326172 -49.241180419921875 21.499996185302734
    vertex -19.866024017333984 -49.0 16.124998092651367
    vertex -19.965923309326172 -49.241180419921875 16.124998092651367
  endloop
endfacet
facet normal 0.0 0.0 0.0
  outer loop
    vertex -19.965923309326172 -49.241180419921875 21.499996185302734
    vertex -19.965923309326172 -49.241180419921875 16.124998092651367
    vertex -19.999998092651367 -49.5 21.499996185302734
  endloop
endfacet
facet normal 0.0 0.0 0.0
  outer loop
    vertex -19.999998092651367 -49.5 21.499996185302734
    vertex -19.965923309326172 -49.241180419921875 16.124998092651367
    vertex -19.965923309326172 -49.241180419921875 10.749999046325684
  endloop
endfacet
facet normal 0.0 0.0 0.0
  outer loop
    vertex -19.999998092651367 -49.5 21.499996185302734
    vertex -19.965923309326172 -49.241180419921875 10.749999046325684
    vertex -19.999998092651367 -49.5 0.0
  endloop
endfacet
facet normal 0.0 0.0 0.0
  outer loop
    vertex -19.999998092651367 -49.5 0.0
    vertex -19.965923309326172 -49.241180419921875 10.749999046325684
    vertex -19.965923309326172 -49.241180419921875 5.374999523162842
  endloop
endfacet
facet normal 0.0 0.0 0.0
  outer loop
    vertex -19.999998092651367 -49.5 0.0
    vertex -19.965923309326172 -49.241180419921875 5.374999523162842
    vertex -19.965923309326172 -49.241180419921875 0.0
  endloop
endfacet
facet normal 0.0 0.0 0.0
  outer loop
    vertex -19.965923309326172 -49.241180419921875 0.0
    vertex -19.965923309326172 -49.241180419921875 5.374999523162842
    vertex -19.866024017333984 -49.0 0.0
  endloop
endfacet
facet normal 0.0 0.0 0.0
  outer loop
    vertex -19.866024017333984 -49.0 0.0
    vertex -19.965923309326172 -49.241180419921875 5.374999523162842
    vertex -19.866024017333984 -49.0 5.374999523162842
  endloop
endfacet
facet normal 0.0 0.0 0.0
  outer loop
    vertex -19.866024017333984 -49.0 0.0
    vertex -19.866024017333984 -49.0 5.374999523162842
    vertex -19.70710563659668 -48.79289245605469 0.0
  endloop
endfacet
facet normal 0.0 0.0 0.0
  outer loop
    vertex -19.70710563659668 -48.79289245605469 0.0
    vertex -19.866024017333984 -49.0 5.374999523162842
    vertex -19.70710563659668 -48.79289245605469 5.374999523162842
  endloop
endfacet
facet normal 0.0 0.0 0.0
  outer loop
    vertex -19.70710563659668 -48.79289245605469 0.0
    vertex -19.70710563659668 -48.79289245605469 5.374999523162842
    vertex -19.499998092651367 -48.63397216796875 0.0
  endloop
endfacet
facet normal 0.0 0.0 0.0
  outer loop
    vertex -19.499998092651367 -48.63397216796875 0.0
    vertex -19.70710563659668 -48.79289245605469 5.374999523162842
    vertex -19.499998092651367 -48.63397216796875 5.374999523162842
  endloop
endfacet
facet normal 0.0 0.0 0.0
  outer loop
    vertex -19.499998092651367 -48.63397216796875 0.0
    vertex -19.499998092651367 -48.63397216796875 5.374999523162842
    vertex -19.258817672729492 -48.53407287597656 0.0
  endloop
endfacet
facet normal 0.0 0.0 0.0
  outer loop
    vertex -19.258817672729492 -48.53407287597656 0.0
    vertex -19.499998092651367 -48.63397216796875 5.374999523162842
    vertex -19.258817672729492 -48.53407287597656 5.374999523162842
  endloop
endfacet
facet normal 0.0 0.0 0.0
  outer loop
    vertex -19.499998092651367 -48.63397216796875 16.124998092651367
    vertex -19.258817672729492 -48.53407287597656 16.124998092651367
    vertex -19.258817672729492 -48.53407287597656 10.749999046325684
  endloop
endfacet
facet normal 0.0 0.0 0.0
  outer loop
    vertex -19.258817672729492 -48.53407287597656 10.749999046325684
    vertex -19.258817672729492 -48.53407287597656 5.374999523162842
    vertex -19.499998092651367 -48.63397216796875 10.749999046325684
  endloop
endfacet
facet normal 0.0 0.0 0.0
  outer loop
    vertex -19.499998092651367 -48.63397216796875 10.749999046325684
    vertex -19.258817672729492 -48.53407287597656 5.374999523162842
    vertex -19.499998092651367 -48.63397216796875 5.374999523162842
  endloop
endfacet
facet normal 0.0 0.0 0.0
  outer loop
    vertex -19.499998092651367 -48.63397216796875 10.749999046325684
    vertex -19.499998092651367 -48.63397216796875 5.374999523162842
    vertex -19.70710563659668 -48.79289245605469 10.749999046325684
  endloop
endfacet
facet normal 0.0 0.0 0.0
  outer loop
    vertex -19.70710563659668 -48.79289245605469 10.749999046325684
    vertex -19.499998092651367 -48.63397216796875 5.374999523162842
    vertex -19.70710563659668 -48.79289245605469 5.374999523162842
  endloop
endfacet
facet normal 0.0 0.0 0.0
  outer loop
    vertex -19.70710563659668 -48.79289245605469 10.749999046325684
    vertex -19.70710563659668 -48.79289245605469 5.374999523162842
    vertex -19.866024017333984 -49.0 10.749999046325684
  endloop
endfacet
facet normal 0.0 0.0 0.0
  outer loop
    vertex -19.866024017333984 -49.0 10.749999046325684
    vertex -19.70710563659668 -48.79289245605469 5.374999523162842
    vertex -19.866024017333984 -49.0 5.374999523162842
  endloop
endfacet
facet normal 0.0 0.0 0.0
  outer loop
    vertex -19.866024017333984 -49.0 10.749999046325684
    vertex -19.866024017333984 -49.0 5.374999523162842
    vertex -19.965923309326172 -49.241180419921875 10.749999046325684
  endloop
endfacet
facet normal 0.0 0.0 0.0
  outer loop
    vertex -19.965923309326172 -49.241180419921875 10.749999046325684
    vertex -19.866024017333984 -49.0 5.374999523162842
    vertex -19.965923309326172 -49.241180419921875 5.374999523162842
  endloop
endfacet
facet normal 0.0 0.0 0.0
  outer loop
    vertex -19.70710563659668 -48.79289245605469 16.124998092651367
    vertex -19.499998092651367 -48.63397216796875 16.124998092651367
    vertex -19.499998092651367 -48.63397216796875 10.749999046325684
  endloop
endfacet
facet normal 0.0 0.0 0.0
  outer loop
    vertex -19.499998092651367 -48.63397216796875 10.749999046325684
    vertex -19.499998092651367 -48.63397216796875 16.124998092651367
    vertex -19.258817672729492 -48.53407287597656 10.749999046325684
  endloop
endfacet
facet normal 0.0 0.0 0.0
  outer loop
    vertex -19.70710563659668 -48.79289245605469 16.124998092651367
    vertex -19.499998092651367 -48.63397216796875 10.749999046325684
    vertex -19.70710563659668 -48.79289245605469 10.749999046325684
  endloop
endfacet
facet normal 0.0 0.0 0.0
  outer loop
    vertex -19.866024017333984 -49.0 16.124998092651367
    vertex -19.70710563659668 -48.79289245605469 16.124998092651367
    vertex -19.70710563659668 -48.79289245605469 10.749999046325684
  endloop
endfacet
facet normal 0.0 0.0 0.0
  outer loop
    vertex -19.866024017333984 -49.0 16.124998092651367
    vertex -19.70710563659668 -48.79289245605469 10.749999046325684
    vertex -19.866024017333984 -49.0 10.749999046325684
  endloop
endfacet
facet normal 0.0 0.0 0.0
  outer loop
    vertex -19.965923309326172 -49.241180419921875 16.124998092651367
    vertex -19.866024017333984 -49.0 16.124998092651367
    vertex -19.866024017333984 -49.0 10.749999046325684
  endloop
endfacet
facet normal 0.0 0.0 0.0
  outer loop
    vertex -19.965923309326172 -49.241180419921875 16.124998092651367
    vertex -19.866024017333984 -49.0 10.749999046325684
    vertex -19.965923309326172 -49.241180419921875 10.749999046325684
  endloop
endfacet
facet normal 0.0 0.0 0.0
  outer loop
    vertex -16.499998092651367 -49.5 24.999996185302734
    vertex -16.499998092651367 -49.241180419921875 24.965923309326172
    vertex -17.18281364440918 -49.5 24.932743072509766
  endloop
endfacet
facet normal 0.0 0.0 0.0
  outer loop
    vertex -17.18281364440918 -49.5 24.932743072509766
    vertex -16.499998092651367 -49.241180419921875 24.965923309326172
    vertex -17.176166534423828 -49.241180419921875 24.89932632446289
  endloop
endfacet
facet normal 0.0 0.0 0.0
  outer loop
    vertex -17.18281364440918 -49.5 24.932743072509766
    vertex -17.176166534423828 -49.241180419921875 24.89932632446289
    vertex -17.83938980102539 -49.5 24.733577728271484
  endloop
endfacet
facet normal 0.0 0.0 0.0
  outer loop
    vertex -17.83938980102539 -49.5 24.733577728271484
    vertex -17.176166534423828 -49.241180419921875 24.89932632446289
    vertex -17.826351165771484 -49.241180419921875 24.702098846435547
  endloop
endfacet
facet normal 0.0 0.0 0.0
  outer loop
    vertex -17.83938980102539 -49.5 24.733577728271484
    vertex -17.826351165771484 -49.241180419921875 24.702098846435547
    vertex -18.444494247436523 -49.5 24.410144805908203
  endloop
endfacet
facet normal 0.0 0.0 0.0
  outer loop
    vertex -18.444494247436523 -49.5 24.410144805908203
    vertex -17.826351165771484 -49.241180419921875 24.702098846435547
    vertex -18.42556381225586 -49.241180419921875 24.38180923461914
  endloop
endfacet
facet normal 0.0 0.0 0.0
  outer loop
    vertex -18.444494247436523 -49.5 24.410144805908203
    vertex -18.42556381225586 -49.241180419921875 24.38180923461914
    vertex -18.974872589111328 -49.5 23.974872589111328
  endloop
endfacet
facet normal 0.0 0.0 0.0
  outer loop
    vertex -18.974872589111328 -49.5 23.974872589111328
    vertex -18.42556381225586 -49.241180419921875 24.38180923461914
    vertex -18.950777053833008 -49.241180419921875 23.95077896118164
  endloop
endfacet
facet normal 0.0 0.0 0.0
  outer loop
    vertex -18.974872589111328 -49.5 23.974872589111328
    vertex -18.950777053833008 -49.241180419921875 23.95077896118164
    vertex -19.410140991210938 -49.5 23.44449234008789
  endloop
endfacet
facet normal 0.0 0.0 0.0
  outer loop
    vertex -19.410140991210938 -49.5 23.44449234008789
    vertex -18.950777053833008 -49.241180419921875 23.95077896118164
    vertex -19.38180923461914 -49.241180419921875 23.42556381225586
  endloop
endfacet
facet normal 0.0 0.0 0.0
  outer loop
    vertex -19.410140991210938 -49.5 23.44449234008789
    vertex -19.38180923461914 -49.241180419921875 23.42556381225586
    vertex -19.73357582092285 -49.5 22.83938980102539
  endloop
endfacet
facet normal 0.0 0.0 0.0
  outer loop
    vertex -19.73357582092285 -49.5 22.83938980102539
    vertex -19.38180923461914 -49.241180419921875 23.42556381225586
    vertex -19.702096939086914 -49.241180419921875 22.826351165771484
  endloop
endfacet
facet normal 0.0 0.0 0.0
  outer loop
    vertex -19.73357582092285 -49.5 22.83938980102539
    vertex -19.702096939086914 -49.241180419921875 22.826351165771484
    vertex -19.93274688720703 -49.5 22.182811737060547
  endloop
endfacet
facet normal 0.0 0.0 0.0
  outer loop
    vertex -19.93274688720703 -49.5 22.182811737060547
    vertex -19.702096939086914 -49.241180419921875 22.826351165771484
    vertex -19.89932632446289 -49.241180419921875 22.176166534423828
  endloop
endfacet
facet normal 0.0 0.0 0.0
  outer loop
    vertex -19.93274688720703 -49.5 22.182811737060547
    vertex -19.89932632446289 -49.241180419921875 22.176166534423828
    vertex -19.999998092651367 -49.5 21.499996185302734
  endloop
endfacet
facet normal 0.0 0.0 0.0
  outer loop
    vertex -19.999998092651367 -49.5 21.499996185302734
    vertex -19.89932632446289 -49.241180419921875 22.176166534423828
    vertex -19.965923309326172 -49.241180419921875 21.499996185302734
  endloop
endfacet
facet normal 0.0 0.0 0.0
  outer loop
    vertex -19.965923309326172 -49.241180419921875 21.499996185302734
    vertex -19.89932632446289 -49.241180419921875 22.176166534423828
    vertex -19.801345825195312 -49.0 22.156673431396484
  endloop
endfacet
facet normal 0.0 0.0 0.0
  outer loop
    vertex -19.965923309326172 -49.241180419921875 21.499996185302734
    vertex -19.801345825195312 -49.0 22.156673431396484
    vertex -19.866024017333984 -49.0 21.499996185302734
  endloop
endfacet
facet normal 0.0 0.0 0.0
  outer loop
    vertex -19.866024017333984 -49.0 21.499996185302734
    vertex -19.801345825195312 -49.0 22.156673431396484
    vertex -19.64548110961914 -48.79289245605469 22.125675201416016
  endloop
endfacet
facet normal 0.0 0.0 0.0
  outer loop
    vertex -19.866024017333984 -49.0 21.499996185302734
    vertex -19.64548110961914 -48.79289245605469 22.125675201416016
    vertex -19.70710563659668 -48.79289245605469 21.499996185302734
  endloop
endfacet
facet normal 0.0 0.0 0.0
  outer loop
    vertex -19.70710563659668 -48.79289245605469 21.499996185302734
    vertex -19.64548110961914 -48.79289245605469 22.125675201416016
    vertex -19.442354202270508 -48.63397216796875 22.085269927978516
  endloop
endfacet
facet normal 0.0 0.0 0.0
  outer loop
    vertex -19.70710563659668 -48.79289245605469 21.499996185302734
    vertex -19.442354202270508 -48.63397216796875 22.085269927978516
    vertex -19.499998092651367 -48.63397216796875 21.499996185302734
  endloop
endfacet
facet normal 0.0 0.0 0.0
  outer loop
    vertex -19.499998092651367 -48.63397216796875 21.499996185302734
    vertex -19.442354202270508 -48.63397216796875 22.085269927978516
    vertex -19.205806732177734 -48.53407287597656 22.038219451904297
  endloop
endfacet
facet normal 0.0 0.0 0.0
  outer loop
    vertex -19.499998092651367 -48.63397216796875 21.499996185302734
    vertex -19.205806732177734 -48.53407287597656 22.038219451904297
    vertex -19.258817672729492 -48.53407287597656 21.499996185302734
  endloop
endfacet
facet normal 0.0 0.0 0.0
  outer loop
    vertex -19.258817672729492 -48.53407287597656 21.499996185302734
    vertex -19.205806732177734 -48.53407287597656 22.038219451904297
    vertex -18.999998092651367 -48.5 21.499996185302734
  endloop
endfacet
facet normal 0.0 0.0 0.0
  outer loop
    vertex -18.999998092651367 -48.5 21.499996185302734
    vertex -19.205806732177734 -48.53407287597656 22.038219451904297
    vertex -18.937318801879883 -48.5 22.05630111694336
  endloop
endfacet
facet normal 0.0 0.0 0.0
  outer loop
    vertex -18.937318801879883 -48.5 22.05630111694336
    vertex -19.205806732177734 -48.53407287597656 22.038219451904297
    vertex -19.04881477355957 -48.53407287597656 22.55575180053711
  endloop
endfacet
facet normal 0.0 0.0 0.0
  outer loop
    vertex -18.937318801879883 -48.5 22.05630111694336
    vertex -19.04881477355957 -48.53407287597656 22.55575180053711
    vertex -18.75242042541504 -48.5 22.584705352783203
  endloop
endfacet
facet normal 0.0 0.0 0.0
  outer loop
    vertex -18.75242042541504 -48.5 22.584705352783203
    vertex -19.04881477355957 -48.53407287597656 22.55575180053711
    vertex -18.793872833251953 -48.53407287597656 23.032718658447266
  endloop
endfacet
facet normal 0.0 0.0 0.0
  outer loop
    vertex -18.75242042541504 -48.5 22.584705352783203
    vertex -18.793872833251953 -48.53407287597656 23.032718658447266
    vertex -18.45457649230957 -48.5 23.058719635009766
  endloop
endfacet
facet normal 0.0 0.0 0.0
  outer loop
    vertex -18.45457649230957 -48.5 23.058719635009766
    vertex -18.793872833251953 -48.53407287597656 23.032718658447266
    vertex -18.450777053833008 -48.53407287597656 23.45077896118164
  endloop
endfacet
facet normal 0.0 0.0 0.0
  outer loop
    vertex -18.45457649230957 -48.5 23.058719635009766
    vertex -18.450777053833008 -48.53407287597656 23.45077896118164
    vertex -18.05872344970703 -48.5 23.454578399658203
  endloop
endfacet
facet normal 0.0 0.0 0.0
  outer loop
    vertex -18.05872344970703 -48.5 23.454578399658203
    vertex -18.450777053833008 -48.53407287597656 23.45077896118164
    vertex -18.032716751098633 -48.53407287597656 23.793872833251953
  endloop
endfacet
facet normal 0.0 0.0 0.0
  outer loop
    vertex -18.05872344970703 -48.5 23.454578399658203
    vertex -18.032716751098633 -48.53407287597656 23.793872833251953
    vertex -17.584707260131836 -48.5 23.752422332763672
  endloop
endfacet
facet normal 0.0 0.0 0.0
  outer loop
    vertex -17.584707260131836 -48.5 23.752422332763672
    vertex -18.032716751098633 -48.53407287597656 23.793872833251953
    vertex -17.55575180053711 -48.53407287597656 24.048816680908203
  endloop
endfacet
facet normal 0.0 0.0 0.0
  outer loop
    vertex -17.584707260131836 -48.5 23.752422332763672
    vertex -17.55575180053711 -48.53407287597656 24.048816680908203
    vertex -17.05630111694336 -48.5 23.93732261657715
  endloop
endfacet
facet normal 0.0 0.0 0.0
  outer loop
    vertex -17.05630111694336 -48.5 23.93732261657715
    vertex -17.55575180053711 -48.53407287597656 24.048816680908203
    vertex -17.038217544555664 -48.53407287597656 24.205808639526367
  endloop
endfacet
facet normal 0.0 0.0 0.0
  outer loop
    vertex -17.05630111694336 -48.5 23.93732261657715
    vertex -17.038217544555664 -48.53407287597656 24.205808639526367
    vertex -16.499998092651367 -48.5 23.999998092651367
  endloop
endfacet
facet normal 0.0 0.0 0.0
  outer loop
    vertex -16.499998092651367 -48.5 23.999998092651367
    vertex -17.038217544555664 -48.53407287597656 24.205808639526367
    vertex -16.499998092651367 -48.53407287597656 24.258817672729492
  endloop
endfacet
facet normal 0.0 0.0 0.0
  outer loop
    vertex -16.499998092651367 -48.53407287597656 24.258817672729492
    vertex -17.038217544555664 -48.53407287597656 24.205808639526367
    vertex -17.085269927978516 -48.63397216796875 24.442358016967773
  endloop
endfacet
facet normal 0.0 0.0 0.0
  outer loop
    vertex -16.499998092651367 -48.53407287597656 24.258817672729492
    vertex -17.085269927978516 -48.63397216796875 24.442358016967773
    vertex -16.499998092651367 -48.63397216796875 24.499996185302734
  endloop
endfacet
facet normal 0.0 0.0 0.0
  outer loop
    vertex -16.499998092651367 -48.63397216796875 24.499996185302734
    vertex -17.085269927978516 -48.63397216796875 24.442358016967773
    vertex -17.125673294067383 -48.79289245605469 24.64548110961914
  endloop
endfacet
facet normal 0.0 0.0 0.0
  outer loop
    vertex -16.499998092651367 -48.63397216796875 24.499996185302734
    vertex -17.125673294067383 -48.79289245605469 24.64548110961914
    vertex -16.499998092651367 -48.79289245605469 24.707103729248047
  endloop
endfacet
facet normal 0.0 0.0 0.0
  outer loop
    vertex -16.499998092651367 -48.79289245605469 24.707103729248047
    vertex -17.125673294067383 -48.79289245605469 24.64548110961914
    vertex -17.15667724609375 -49.0 24.801342010498047
  endloop
endfacet
facet normal 0.0 0.0 0.0
  outer loop
    vertex -16.499998092651367 -48.79289245605469 24.707103729248047
    vertex -17.15667724609375 -49.0 24.801342010498047
    vertex -16.499998092651367 -49.0 24.866024017333984
  endloop
endfacet
facet normal 0.0 0.0 0.0
  outer loop
    vertex -16.499998092651367 -49.0 24.866024017333984
    vertex -17.15667724609375 -49.0 24.801342010498047
    vertex -17.176166534423828 -49.241180419921875 24.89932632446289
  endloop
endfacet
facet normal 0.0 0.0 0.0
  outer loop
    vertex -16.499998092651367 -49.0 24.866024017333984
    vertex -17.176166534423828 -49.241180419921875 24.89932632446289
    vertex -16.499998092651367 -49.241180419921875 24.965923309326172
  endloop
endfacet
facet normal 0.0 0.0 0.0
  outer loop
    vertex -17.085269927978516 -48.63397216796875 24.442358016967773
    vertex -17.038217544555664 -48.53407287597656 24.205808639526367
    vertex -17.648048400878906 -48.63397216796875 24.27163314819336
  endloop
endfacet
facet normal 0.0 0.0 0.0
  outer loop
    vertex -17.648048400878906 -48.63397216796875 24.27163314819336
    vertex -17.038217544555664 -48.53407287597656 24.205808639526367
    vertex -17.55575180053711 -48.53407287597656 24.048816680908203
  endloop
endfacet
facet normal 0.0 0.0 0.0
  outer loop
    vertex -17.648048400878906 -48.63397216796875 24.27163314819336
    vertex -17.55575180053711 -48.53407287597656 24.048816680908203
    vertex -18.16670799255371 -48.63397216796875 23.994403839111328
  endloop
endfacet
facet normal 0.0 0.0 0.0
  outer loop
    vertex -18.16670799255371 -48.63397216796875 23.994403839111328
    vertex -17.55575180053711 -48.53407287597656 24.048816680908203
    vertex -18.032716751098633 -48.53407287597656 23.793872833251953
  endloop
endfacet
facet normal 0.0 0.0 0.0
  outer loop
    vertex -18.16670799255371 -48.63397216796875 23.994403839111328
    vertex -18.032716751098633 -48.53407287597656 23.793872833251953
    vertex -18.621318817138672 -48.63397216796875 23.621318817138672
  endloop
endfacet
facet normal 0.0 0.0 0.0
  outer loop
    vertex -18.621318817138672 -48.63397216796875 23.621318817138672
    vertex -18.032716751098633 -48.53407287597656 23.793872833251953
    vertex -18.450777053833008 -48.53407287597656 23.45077896118164
  endloop
endfacet
facet normal 0.0 0.0 0.0
  outer loop
    vertex -18.621318817138672 -48.63397216796875 23.621318817138672
    vertex -18.450777053833008 -48.53407287597656 23.45077896118164
    vertex -18.994407653808594 -48.63397216796875 23.166706085205078
  endloop
endfacet
facet normal 0.0 0.0 0.0
  outer loop
    vertex -18.994407653808594 -48.63397216796875 23.166706085205078
    vertex -18.450777053833008 -48.53407287597656 23.45077896118164
    vertex -18.793872833251953 -48.53407287597656 23.032718658447266
  endloop
endfacet
facet normal 0.0 0.0 0.0
  outer loop
    vertex -18.994407653808594 -48.63397216796875 23.166706085205078
    vertex -18.793872833251953 -48.53407287597656 23.032718658447266
    vertex -19.271636962890625 -48.63397216796875 22.64804458618164
  endloop
endfacet
facet normal 0.0 0.0 0.0
  outer loop
    vertex -19.271636962890625 -48.63397216796875 22.64804458618164
    vertex -18.793872833251953 -48.53407287597656 23.032718658447266
    vertex -19.04881477355957 -48.53407287597656 22.55575180053711
  endloop
endfacet
facet normal 0.0 0.0 0.0
  outer loop
    vertex -19.271636962890625 -48.63397216796875 22.64804458618164
    vertex -19.04881477355957 -48.53407287597656 22.55575180053711
    vertex -19.442354202270508 -48.63397216796875 22.085269927978516
  endloop
endfacet
facet normal 0.0 0.0 0.0
  outer loop
    vertex -19.442354202270508 -48.63397216796875 22.085269927978516
    vertex -19.04881477355957 -48.53407287597656 22.55575180053711
    vertex -19.205806732177734 -48.53407287597656 22.038219451904297
  endloop
endfacet
facet normal 0.0 0.0 0.0
  outer loop
    vertex -17.125673294067383 -48.79289245605469 24.64548110961914
    vertex -17.085269927978516 -48.63397216796875 24.442358016967773
    vertex -17.727304458618164 -48.79289245605469 24.46297836303711
  endloop
endfacet
facet normal 0.0 0.0 0.0
  outer loop
    vertex -17.727304458618164 -48.79289245605469 24.46297836303711
    vertex -17.085269927978516 -48.63397216796875 24.442358016967773
    vertex -17.648048400878906 -48.63397216796875 24.27163314819336
  endloop
endfacet
facet normal 0.0 0.0 0.0
  outer loop
    vertex -17.727304458618164 -48.79289245605469 24.46297836303711
    vertex -17.648048400878906 -48.63397216796875 24.27163314819336
    vertex -18.281770706176758 -48.79289245605469 24.166606903076172
  endloop
endfacet
facet normal 0.0 0.0 0.0
  outer loop
    vertex -18.281770706176758 -48.79289245605469 24.166606903076172
    vertex -17.648048400878906 -48.63397216796875 24.27163314819336
    vertex -18.16670799255371 -48.63397216796875 23.994403839111328
  endloop
endfacet
facet normal 0.0 0.0 0.0
  outer loop
    vertex -18.281770706176758 -48.79289245605469 24.166606903076172
    vertex -18.16670799255371 -48.63397216796875 23.994403839111328
    vertex -18.767765045166016 -48.79289245605469 23.767765045166016
  endloop
endfacet
facet normal 0.0 0.0 0.0
  outer loop
    vertex -18.767765045166016 -48.79289245605469 23.767765045166016
    vertex -18.16670799255371 -48.63397216796875 23.994403839111328
    vertex -18.621318817138672 -48.63397216796875 23.621318817138672
  endloop
endfacet
facet normal 0.0 0.0 0.0
  outer loop
    vertex -18.767765045166016 -48.79289245605469 23.767765045166016
    vertex -18.621318817138672 -48.63397216796875 23.621318817138672
    vertex -19.166610717773438 -48.79289245605469 23.28177261352539
  endloop
endfacet
facet normal 0.0 0.0 0.0
  outer loop
    vertex -19.166610717773438 -48.79289245605469 23.28177261352539
    vertex -18.621318817138672 -48.63397216796875 23.621318817138672
    vertex -18.994407653808594 -48.63397216796875 23.166706085205078
  endloop
endfacet
facet normal 0.0 0.0 0.0
  outer loop
    vertex -19.166610717773438 -48.79289245605469 23.28177261352539
    vertex -18.994407653808594 -48.63397216796875 23.166706085205078
    vertex -19.46297836303711 -48.79289245605469 22.727306365966797
  endloop
endfacet
facet normal 0.0 0.0 0.0
  outer loop
    vertex -19.46297836303711 -48.79289245605469 22.727306365966797
    vertex -18.994407653808594 -48.63397216796875 23.166706085205078
    vertex -19.271636962890625 -48.63397216796875 22.64804458618164
  endloop
endfacet
facet normal 0.0 0.0 0.0
  outer loop
    vertex -19.46297836303711 -48.79289245605469 22.727306365966797
    vertex -19.271636962890625 -48.63397216796875 22.64804458618164
    vertex -19.64548110961914 -48.79289245605469 22.125675201416016
  endloop
endfacet
facet normal 0.0 0.0 0.0
  outer loop
    vertex -19.64548110961914 -48.79289245605469 22.125675201416016
    vertex -19.271636962890625 -48.63397216796875 22.64804458618164
    vertex -19.442354202270508 -48.63397216796875 22.085269927978516
  endloop
endfacet
facet normal 0.0 0.0 0.0
  outer loop
    vertex -17.826351165771484 -49.241180419921875 24.702098846435547
    vertex -17.176166534423828 -49.241180419921875 24.89932632446289
    vertex -17.15667724609375 -49.0 24.801342010498047
  endloop
endfacet
facet normal 0.0 0.0 0.0
  outer loop
    vertex -17.15667724609375 -49.0 24.801342010498047
    vertex -17.125673294067383 -48.79289245605469 24.64548110961914
    vertex -17.78812026977539 -49.0 24.609798431396484
  endloop
endfacet
facet normal 0.0 0.0 0.0
  outer loop
    vertex -17.78812026977539 -49.0 24.609798431396484
    vertex -17.125673294067383 -48.79289245605469 24.64548110961914
    vertex -17.727304458618164 -48.79289245605469 24.46297836303711
  endloop
endfacet
facet normal 0.0 0.0 0.0
  outer loop
    vertex -17.78812026977539 -49.0 24.609798431396484
    vertex -17.727304458618164 -48.79289245605469 24.46297836303711
    vertex -18.37006187438965 -49.0 24.298748016357422
  endloop
endfacet
facet normal 0.0 0.0 0.0
  outer loop
    vertex -18.37006187438965 -49.0 24.298748016357422
    vertex -17.727304458618164 -48.79289245605469 24.46297836303711
    vertex -18.281770706176758 -48.79289245605469 24.166606903076172
  endloop
endfacet
facet normal 0.0 0.0 0.0
  outer loop
    vertex -18.37006187438965 -49.0 24.298748016357422
    vertex -18.281770706176758 -48.79289245605469 24.166606903076172
    vertex -18.880138397216797 -49.0 23.880138397216797
  endloop
endfacet
facet normal 0.0 0.0 0.0
  outer loop
    vertex -18.880138397216797 -49.0 23.880138397216797
    vertex -18.281770706176758 -48.79289245605469 24.166606903076172
    vertex -18.767765045166016 -48.79289245605469 23.767765045166016
  endloop
endfacet
facet normal 0.0 0.0 0.0
  outer loop
    vertex -18.880138397216797 -49.0 23.880138397216797
    vertex -18.767765045166016 -48.79289245605469 23.767765045166016
    vertex -19.29874610900879 -49.0 23.370059967041016
  endloop
endfacet
facet normal 0.0 0.0 0.0
  outer loop
    vertex -19.29874610900879 -49.0 23.370059967041016
    vertex -18.767765045166016 -48.79289245605469 23.767765045166016
    vertex -19.166610717773438 -48.79289245605469 23.28177261352539
  endloop
endfacet
facet normal 0.0 0.0 0.0
  outer loop
    vertex -19.29874610900879 -49.0 23.370059967041016
    vertex -19.166610717773438 -48.79289245605469 23.28177261352539
    vertex -19.609800338745117 -49.0 22.78812026977539
  endloop
endfacet
facet normal 0.0 0.0 0.0
  outer loop
    vertex -19.609800338745117 -49.0 22.78812026977539
    vertex -19.166610717773438 -48.79289245605469 23.28177261352539
    vertex -19.46297836303711 -48.79289245605469 22.727306365966797
  endloop
endfacet
facet normal 0.0 0.0 0.0
  outer loop
    vertex -19.609800338745117 -49.0 22.78812026977539
    vertex -19.46297836303711 -48.79289245605469 22.727306365966797
    vertex -19.801345825195312 -49.0 22.156673431396484
  endloop
endfacet
facet normal 0.0 0.0 0.0
  outer loop
    vertex -19.801345825195312 -49.0 22.156673431396484
    vertex -19.46297836303711 -48.79289245605469 22.727306365966797
    vertex -19.64548110961914 -48.79289245605469 22.125675201416016
  endloop
endfacet
facet normal 0.0 0.0 0.0
  outer loop
    vertex -18.42556381225586 -49.241180419921875 24.38180923461914
    vertex -17.826351165771484 -49.241180419921875 24.702098846435547
    vertex -17.78812026977539 -49.0 24.609798431396484
  endloop
endfacet
facet normal 0.0 0.0 0.0
  outer loop
    vertex -17.78812026977539 -49.0 24.609798431396484
    vertex -17.826351165771484 -49.241180419921875 24.702098846435547
    vertex -17.15667724609375 -49.0 24.801342010498047
  endloop
endfacet
facet normal 0.0 0.0 0.0
  outer loop
    vertex -18.42556381225586 -49.241180419921875 24.38180923461914
    vertex -17.78812026977539 -49.0 24.609798431396484
    vertex -18.37006187438965 -49.0 24.298748016357422
  endloop
endfacet
facet normal 0.0 0.0 0.0
  outer loop
    vertex -18.950777053833008 -49.241180419921875 23.95077896118164
    vertex -18.42556381225586 -49.241180419921875 24.38180923461914
    vertex -18.37006187438965 -49.0 24.298748016357422
  endloop
endfacet
facet normal 0.0 0.0 0.0
  outer loop
    vertex -18.950777053833008 -49.241180419921875 23.95077896118164
    vertex -18.37006187438965 -49.0 24.298748016357422
    vertex -18.880138397216797 -49.0 23.880138397216797
  endloop
endfacet
facet normal 0.0 0.0 0.0
  outer loop
    vertex -19.38180923461914 -49.241180419921875 23.42556381225586
    vertex -18.950777053833008 -49.241180419921875 23.95077896118164
    vertex -18.880138397216797 -49.0 23.880138397216797
  endloop
endfacet
facet normal 0.0 0.0 0.0
  outer loop
    vertex -19.38180923461914 -49.241180419921875 23.42556381225586
    vertex -18.880138397216797 -49.0 23.880138397216797
    vertex -19.29874610900879 -49.0 23.370059967041016
  endloop
endfacet
facet normal 0.0 0.0 0.0
  outer loop
    vertex -19.702096939086914 -49.241180419921875 22.826351165771484
    vertex -19.38180923461914 -49.241180419921875 23.42556381225586
    vertex -19.29874610900879 -49.0 23.370059967041016
  endloop
endfacet
facet normal 0.0 0.0 0.0
  outer loop
    vertex -19.702096939086914 -49.241180419921875 22.826351165771484
    vertex -19.29874610900879 -49.0 23.370059967041016
    vertex -19.609800338745117 -49.0 22.78812026977539
  endloop
endfacet
facet normal 0.0 0.0 0.0
  outer loop
    vertex -19.89932632446289 -49.241180419921875 22.176166534423828
    vertex -19.702096939086914 -49.241180419921875 22.826351165771484
    vertex -19.609800338745117 -49.0 22.78812026977539
  endloop
endfacet
facet normal 0.0 0.0 0.0
  outer loop
    vertex -19.89932632446289 -49.241180419921875 22.176166534423828
    vertex -19.609800338745117 -49.0 22.78812026977539
    vertex -19.801345825195312 -49.0 22.156673431396484
  endloop
endfacet
facet normal 0.0 0.0 0.0
  outer loop
    vertex 16.499998092651367 -49.241180419921875 24.965923309326172
    vertex 10.999999046325684 -49.241180419921875 24.965923309326172
    vertex 16.499998092651367 -49.5 24.999996185302734
  endloop
endfacet
facet normal 0.0 0.0 0.0
  outer loop
    vertex 16.499998092651367 -49.5 24.999996185302734
    vertex 10.999999046325684 -49.241180419921875 24.965923309326172
    vertex 5.499999046325684 -49.241180419921875 24.965923309326172
  endloop
endfacet
facet normal 0.0 0.0 0.0
  outer loop
    vertex 16.499998092651367 -49.5 24.999996185302734
    vertex 5.499999046325684 -49.241180419921875 24.965923309326172
    vertex -5.121754611536744e-07 -49.241180419921875 24.965923309326172
  endloop
endfacet
facet normal 0.0 0.0 0.0
  outer loop
    vertex -5.121754611536744e-07 -49.241180419921875 24.965923309326172
    vertex 5.499999046325684 -49.241180419921875 24.965923309326172
    vertex -5.094358925816778e-07 -49.0 24.866024017333984
  endloop
endfacet
facet normal 0.0 0.0 0.0
  outer loop
    vertex -5.121754611536744e-07 -49.241180419921875 24.965923309326172
    vertex -5.094358925816778e-07 -49.0 24.866024017333984
    vertex -5.5 -49.0 24.866024017333984
  endloop
endfacet
facet normal 0.0 0.0 0.0
  outer loop
    vertex -5.5 -49.0 24.866024017333984
    vertex -5.094358925816778e-07 -49.0 24.866024017333984
    vertex -5.5 -48.79289245605469 24.707103729248047
  endloop
endfacet
facet normal 0.0 0.0 0.0
  outer loop
    vertex -5.5 -49.0 24.866024017333984
    vertex -5.5 -48.79289245605469 24.707103729248047
    vertex -10.999999046325684 -48.79289245605469 24.707103729248047
  endloop
endfacet
facet normal 0.0 0.0 0.0
  outer loop
    vertex -10.999999046325684 -48.79289245605469 24.707103729248047
    vertex -5.5 -48.79289245605469 24.707103729248047
    vertex -10.999999046325684 -48.63397216796875 24.499996185302734
  endloop
endfacet
facet normal 0.0 0.0 0.0
  outer loop
    vertex -10.999999046325684 -48.79289245605469 24.707103729248047
    vertex -10.999999046325684 -48.63397216796875 24.499996185302734
    vertex -16.499998092651367 -48.63397216796875 24.499996185302734
  endloop
endfacet
facet normal 0.0 0.0 0.0
  outer loop
    vertex -16.499998092651367 -48.63397216796875 24.499996185302734
    vertex -10.999999046325684 -48.63397216796875 24.499996185302734
    vertex -16.499998092651367 -48.53407287597656 24.258817672729492
  endloop
endfacet
facet normal 0.0 0.0 0.0
  outer loop
    vertex -16.499998092651367 -48.53407287597656 24.258817672729492
    vertex -10.999999046325684 -48.63397216796875 24.499996185302734
    vertex -10.999999046325684 -48.53407287597656 24.258817672729492
  endloop
endfacet
facet normal 0.0 0.0 0.0
  outer loop
    vertex -16.499998092651367 -48.53407287597656 24.258817672729492
    vertex -10.999999046325684 -48.53407287597656 24.258817672729492
    vertex -16.499998092651367 -48.5 23.999998092651367
  endloop
endfacet
facet normal 0.0 0.0 0.0
  outer loop
    vertex -16.499998092651367 -48.5 23.999998092651367
    vertex -10.999999046325684 -48.53407287597656 24.258817672729492
    vertex -5.5 -48.53407287597656 24.258817672729492
  endloop
endfacet
facet normal 0.0 0.0 0.0
  outer loop
    vertex -16.499998092651367 -48.5 23.999998092651367
    vertex -5.5 -48.53407287597656 24.258817672729492
    vertex -4.927842383040115e-07 -48.53407287597656 24.258817672729492
  endloop
endfacet
facet normal 0.0 0.0 0.0
  outer loop
    vertex -4.927842383040115e-07 -48.53407287597656 24.258817672729492
    vertex -5.5 -48.53407287597656 24.258817672729492
    vertex -4.99398197462142e-07 -48.63397216796875 24.499996185302734
  endloop
endfacet
facet normal 0.0 0.0 0.0
  outer loop
    vertex -4.927842383040115e-07 -48.53407287597656 24.258817672729492
    vertex -4.99398197462142e-07 -48.63397216796875 24.499996185302734
    vertex 5.499999046325684 -48.63397216796875 24.499996185302734
  endloop
endfacet
facet normal 0.0 0.0 0.0
  outer loop
    vertex 5.499999046325684 -48.63397216796875 24.499996185302734
    vertex -4.99398197462142e-07 -48.63397216796875 24.499996185302734
    vertex 5.499999046325684 -48.79289245605469 24.707103729248047
  endloop
endfacet
facet normal 0.0 0.0 0.0
  outer loop
    vertex 5.499999046325684 -48.63397216796875 24.499996185302734
    vertex 5.499999046325684 -48.79289245605469 24.707103729248047
    vertex 10.999999046325684 -48.79289245605469 24.707103729248047
  endloop
endfacet
facet normal 0.0 0.0 0.0
  outer loop
    vertex 10.999999046325684 -48.79289245605469 24.707103729248047
    vertex 5.499999046325684 -48.79289245605469 24.707103729248047
    vertex 10.999999046325684 -49.0 24.866024017333984
  endloop
endfacet
facet normal 0.0 0.0 0.0
  outer loop
    vertex 10.999999046325684 -48.79289245605469 24.707103729248047
    vertex 10.999999046325684 -49.0 24.866024017333984
    vertex 16.499998092651367 -49.0 24.866024017333984
  endloop
endfacet
facet normal 0.0 0.0 0.0
  outer loop
    vertex 16.499998092651367 -49.0 24.866024017333984
    vertex 10.999999046325684 -49.0 24.866024017333984
    vertex 16.499998092651367 -49.241180419921875 24.965923309326172
  endloop
endfacet
facet normal 0.0 0.0 0.0
  outer loop
    vertex 16.499998092651367 -49.241180419921875 24.965923309326172
    vertex 10.999999046325684 -49.0 24.866024017333984
    vertex 10.999999046325684 -49.241180419921875 24.965923309326172
  endloop
endfacet
facet normal 0.0 0.0 0.0
  outer loop
    vertex 16.499998092651367 -49.0 24.866024017333984
    vertex 16.499998092651367 -48.79289245605469 24.707103729248047
    vertex 10.999999046325684 -48.79289245605469 24.707103729248047
  endloop
endfacet
facet normal 0.0 0.0 0.0
  outer loop
    vertex 10.999999046325684 -48.79289245605469 24.707103729248047
    vertex 16.499998092651367 -48.79289245605469 24.707103729248047
    vertex 10.999999046325684 -48.63397216796875 24.499996185302734
  endloop
endfacet
facet normal 0.0 0.0 0.0
  outer loop
    vertex 10.999999046325684 -48.79289245605469 24.707103729248047
    vertex 10.999999046325684 -48.63397216796875 24.499996185302734
    vertex 5.499999046325684 -48.63397216796875 24.499996185302734
  endloop
endfacet
facet normal 0.0 0.0 0.0
  outer loop
    vertex 5.499999046325684 -48.63397216796875 24.499996185302734
    vertex 10.999999046325684 -48.63397216796875 24.499996185302734
    vertex 5.499999046325684 -48.53407287597656 24.258817672729492
  endloop
endfacet
facet normal 0.0 0.0 0.0
  outer loop
    vertex 5.499999046325684 -48.63397216796875 24.499996185302734
    vertex 5.499999046325684 -48.53407287597656 24.258817672729492
    vertex -4.927842383040115e-07 -48.53407287597656 24.258817672729492
  endloop
endfacet
facet normal 0.0 0.0 0.0
  outer loop
    vertex -4.927842383040115e-07 -48.53407287597656 24.258817672729492
    vertex 5.499999046325684 -48.53407287597656 24.258817672729492
    vertex 16.499998092651367 -48.5 23.999998092651367
  endloop
endfacet
facet normal 0.0 0.0 0.0
  outer loop
    vertex -4.927842383040115e-07 -48.53407287597656 24.258817672729492
    vertex 16.499998092651367 -48.5 23.999998092651367
    vertex -16.499998092651367 -48.5 23.999998092651367
  endloop
endfacet
facet normal 0.0 0.0 0.0
  outer loop
    vertex 16.499998092651367 -48.79289245605469 24.707103729248047
    vertex 16.499998092651367 -48.63397216796875 24.499996185302734
    vertex 10.999999046325684 -48.63397216796875 24.499996185302734
  endloop
endfacet
facet normal 0.0 0.0 0.0
  outer loop
    vertex 10.999999046325684 -48.63397216796875 24.499996185302734
    vertex 16.499998092651367 -48.63397216796875 24.499996185302734
    vertex 10.999999046325684 -48.53407287597656 24.258817672729492
  endloop
endfacet
facet normal 0.0 0.0 0.0
  outer loop
    vertex 10.999999046325684 -48.63397216796875 24.499996185302734
    vertex 10.999999046325684 -48.53407287597656 24.258817672729492
    vertex 5.499999046325684 -48.53407287597656 24.258817672729492
  endloop
endfacet
facet normal 0.0 0.0 0.0
  outer loop
    vertex 5.499999046325684 -48.53407287597656 24.258817672729492
    vertex 10.999999046325684 -48.53407287597656 24.258817672729492
    vertex 16.499998092651367 -48.5 23.999998092651367
  endloop
endfacet
facet normal 0.0 0.0 0.0
  outer loop
    vertex 16.499998092651367 -48.63397216796875 24.499996185302734
    vertex 16.499998092651367 -48.53407287597656 24.258817672729492
    vertex 10.999999046325684 -48.53407287597656 24.258817672729492
  endloop
endfacet
facet normal 0.0 0.0 0.0
  outer loop
    vertex 10.999999046325684 -48.53407287597656 24.258817672729492
    vertex 16.499998092651367 -48.53407287597656 24.258817672729492
    vertex 16.499998092651367 -48.5 23.999998092651367
  endloop
endfacet
facet normal 0.0 0.0 0.0
  outer loop
    vertex -16.499998092651367 -48.63397216796875 24.499996185302734
    vertex -16.499998092651367 -48.79289245605469 24.707103729248047
    vertex -10.999999046325684 -48.79289245605469 24.707103729248047
  endloop
endfacet
facet normal 0.0 0.0 0.0
  outer loop
    vertex -10.999999046325684 -48.79289245605469 24.707103729248047
    vertex -16.499998092651367 -48.79289245605469 24.707103729248047
    vertex -10.999999046325684 -49.0 24.866024017333984
  endloop
endfacet
facet normal 0.0 0.0 0.0
  outer loop
    vertex -10.999999046325684 -48.79289245605469 24.707103729248047
    vertex -10.999999046325684 -49.0 24.866024017333984
    vertex -5.5 -49.0 24.866024017333984
  endloop
endfacet
facet normal 0.0 0.0 0.0
  outer loop
    vertex -5.5 -49.0 24.866024017333984
    vertex -10.999999046325684 -49.0 24.866024017333984
    vertex -5.5 -49.241180419921875 24.965923309326172
  endloop
endfacet
facet normal 0.0 0.0 0.0
  outer loop
    vertex -5.5 -49.0 24.866024017333984
    vertex -5.5 -49.241180419921875 24.965923309326172
    vertex -5.121754611536744e-07 -49.241180419921875 24.965923309326172
  endloop
endfacet
facet normal 0.0 0.0 0.0
  outer loop
    vertex -5.121754611536744e-07 -49.241180419921875 24.965923309326172
    vertex -5.5 -49.241180419921875 24.965923309326172
    vertex -16.499998092651367 -49.5 24.999996185302734
  endloop
endfacet
facet normal 0.0 0.0 0.0
  outer loop
    vertex -5.121754611536744e-07 -49.241180419921875 24.965923309326172
    vertex -16.499998092651367 -49.5 24.999996185302734
    vertex 16.499998092651367 -49.5 24.999996185302734
  endloop
endfacet
facet normal 0.0 0.0 0.0
  outer loop
    vertex -16.499998092651367 -48.79289245605469 24.707103729248047
    vertex -16.499998092651367 -49.0 24.866024017333984
    vertex -10.999999046325684 -49.0 24.866024017333984
  endloop
endfacet
facet normal 0.0 0.0 0.0
  outer loop
    vertex -10.999999046325684 -49.0 24.866024017333984
    vertex -16.499998092651367 -49.0 24.866024017333984
    vertex -10.999999046325684 -49.241180419921875 24.965923309326172
  endloop
endfacet
facet normal 0.0 0.0 0.0
  outer loop
    vertex -10.999999046325684 -49.0 24.866024017333984
    vertex -10.999999046325684 -49.241180419921875 24.965923309326172
    vertex -5.5 -49.241180419921875 24.965923309326172
  endloop
endfacet
facet normal 0.0 0.0 0.0
  outer loop
    vertex -5.5 -49.241180419921875 24.965923309326172
    vertex -10.999999046325684 -49.241180419921875 24.965923309326172
    vertex -16.499998092651367 -49.5 24.999996185302734
  endloop
endfacet
facet normal 0.0 0.0 0.0
  outer loop
    vertex -16.499998092651367 -49.0 24.866024017333984
    vertex -16.499998092651367 -49.241180419921875 24.965923309326172
    vertex -10.999999046325684 -49.241180419921875 24.965923309326172
  endloop
endfacet
facet normal 0.0 0.0 0.0
  outer loop
    vertex -10.999999046325684 -49.241180419921875 24.965923309326172
    vertex -16.499998092651367 -49.241180419921875 24.965923309326172
    vertex -16.499998092651367 -49.5 24.999996185302734
  endloop
endfacet
facet normal 0.0 0.0 0.0
  outer loop
    vertex 5.499999046325684 -49.241180419921875 24.965923309326172
    vertex 10.999999046325684 -49.241180419921875 24.965923309326172
    vertex 5.499999046325684 -49.0 24.866024017333984
  endloop
endfacet
facet normal 0.0 0.0 0.0
  outer loop
    vertex 5.499999046325684 -49.0 24.866024017333984
    vertex 10.999999046325684 -49.241180419921875 24.965923309326172
    vertex 10.999999046325684 -49.0 24.866024017333984
  endloop
endfacet
facet normal 0.0 0.0 0.0
  outer loop
    vertex 5.499999046325684 -49.0 24.866024017333984
    vertex 10.999999046325684 -49.0 24.866024017333984
    vertex 5.499999046325684 -48.79289245605469 24.707103729248047
  endloop
endfacet
facet normal 0.0 0.0 0.0
  outer loop
    vertex 5.499999046325684 -49.241180419921875 24.965923309326172
    vertex 5.499999046325684 -49.0 24.866024017333984
    vertex -5.094358925816778e-07 -49.0 24.866024017333984
  endloop
endfacet
facet normal 0.0 0.0 0.0
  outer loop
    vertex -5.094358925816778e-07 -49.0 24.866024017333984
    vertex 5.499999046325684 -49.0 24.866024017333984
    vertex -5.050777645010385e-07 -48.79289245605469 24.707103729248047
  endloop
endfacet
facet normal 0.0 0.0 0.0
  outer loop
    vertex -5.094358925816778e-07 -49.0 24.866024017333984
    vertex -5.050777645010385e-07 -48.79289245605469 24.707103729248047
    vertex -5.5 -48.79289245605469 24.707103729248047
  endloop
endfacet
facet normal 0.0 0.0 0.0
  outer loop
    vertex -5.5 -48.79289245605469 24.707103729248047
    vertex -5.050777645010385e-07 -48.79289245605469 24.707103729248047
    vertex -5.5 -48.63397216796875 24.499996185302734
  endloop
endfacet
facet normal 0.0 0.0 0.0
  outer loop
    vertex -5.5 -48.79289245605469 24.707103729248047
    vertex -5.5 -48.63397216796875 24.499996185302734
    vertex -10.999999046325684 -48.63397216796875 24.499996185302734
  endloop
endfacet
facet normal 0.0 0.0 0.0
  outer loop
    vertex -10.999999046325684 -48.63397216796875 24.499996185302734
    vertex -5.5 -48.63397216796875 24.499996185302734
    vertex -10.999999046325684 -48.53407287597656 24.258817672729492
  endloop
endfacet
facet normal 0.0 0.0 0.0
  outer loop
    vertex -5.050777645010385e-07 -48.79289245605469 24.707103729248047
    vertex 5.499999046325684 -49.0 24.866024017333984
    vertex 5.499999046325684 -48.79289245605469 24.707103729248047
  endloop
endfacet
facet normal 0.0 0.0 0.0
  outer loop
    vertex -5.5 -48.63397216796875 24.499996185302734
    vertex -5.050777645010385e-07 -48.79289245605469 24.707103729248047
    vertex -4.99398197462142e-07 -48.63397216796875 24.499996185302734
  endloop
endfacet
facet normal 0.0 0.0 0.0
  outer loop
    vertex -4.99398197462142e-07 -48.63397216796875 24.499996185302734
    vertex -5.050777645010385e-07 -48.79289245605469 24.707103729248047
    vertex 5.499999046325684 -48.79289245605469 24.707103729248047
  endloop
endfacet
facet normal 0.0 0.0 0.0
  outer loop
    vertex -10.999999046325684 -48.53407287597656 24.258817672729492
    vertex -5.5 -48.63397216796875 24.499996185302734
    vertex -5.5 -48.53407287597656 24.258817672729492
  endloop
endfacet
facet normal 0.0 0.0 0.0
  outer loop
    vertex -5.5 -48.53407287597656 24.258817672729492
    vertex -5.5 -48.63397216796875 24.499996185302734
    vertex -4.99398197462142e-07 -48.63397216796875 24.499996185302734
  endloop
endfacet
facet normal 0.0 0.0 0.0
  outer loop
    vertex 19.999998092651367 -49.5 21.5
    vertex 19.965923309326172 -49.241180419921875 21.5
    vertex 19.93274688720703 -49.5 22.182815551757812
  endloop
endfacet
facet normal 0.0 0.0 0.0
  outer loop
    vertex 19.93274688720703 -49.5 22.182815551757812
    vertex 19.965923309326172 -49.241180419921875 21.5
    vertex 19.89932632446289 -49.241180419921875 22.176170349121094
  endloop
endfacet
facet normal 0.0 0.0 0.0
  outer loop
    vertex 19.93274688720703 -49.5 22.182815551757812
    vertex 19.89932632446289 -49.241180419921875 22.176170349121094
    vertex 19.73357582092285 -49.5 22.839393615722656
  endloop
endfacet
facet normal 0.0 0.0 0.0
  outer loop
    vertex 19.73357582092285 -49.5 22.839393615722656
    vertex 19.89932632446289 -49.241180419921875 22.176170349121094
    vertex 19.702096939086914 -49.241180419921875 22.82635498046875
  endloop
endfacet
facet normal 0.0 0.0 0.0
  outer loop
    vertex 19.73357582092285 -49.5 22.839393615722656
    vertex 19.702096939086914 -49.241180419921875 22.82635498046875
    vertex 19.410140991210938 -49.5 23.444496154785156
  endloop
endfacet
facet normal 0.0 0.0 0.0
  outer loop
    vertex 19.410140991210938 -49.5 23.444496154785156
    vertex 19.702096939086914 -49.241180419921875 22.82635498046875
    vertex 19.38180923461914 -49.241180419921875 23.425567626953125
  endloop
endfacet
facet normal 0.0 0.0 0.0
  outer loop
    vertex 19.410140991210938 -49.5 23.444496154785156
    vertex 19.38180923461914 -49.241180419921875 23.425567626953125
    vertex 18.974872589111328 -49.5 23.974876403808594
  endloop
endfacet
facet normal 0.0 0.0 0.0
  outer loop
    vertex 18.974872589111328 -49.5 23.974876403808594
    vertex 19.38180923461914 -49.241180419921875 23.425567626953125
    vertex 18.950777053833008 -49.241180419921875 23.950782775878906
  endloop
endfacet
facet normal 0.0 0.0 0.0
  outer loop
    vertex 18.974872589111328 -49.5 23.974876403808594
    vertex 18.950777053833008 -49.241180419921875 23.950782775878906
    vertex 18.444494247436523 -49.5 24.41014862060547
  endloop
endfacet
facet normal 0.0 0.0 0.0
  outer loop
    vertex 18.444494247436523 -49.5 24.41014862060547
    vertex 18.950777053833008 -49.241180419921875 23.950782775878906
    vertex 18.42556381225586 -49.241180419921875 24.381813049316406
  endloop
endfacet
facet normal 0.0 0.0 0.0
  outer loop
    vertex 18.444494247436523 -49.5 24.41014862060547
    vertex 18.42556381225586 -49.241180419921875 24.381813049316406
    vertex 17.83938980102539 -49.5 24.733579635620117
  endloop
endfacet
facet normal 0.0 0.0 0.0
  outer loop
    vertex 17.83938980102539 -49.5 24.733579635620117
    vertex 18.42556381225586 -49.241180419921875 24.381813049316406
    vertex 17.826351165771484 -49.241180419921875 24.70210075378418
  endloop
endfacet
facet normal 0.0 0.0 0.0
  outer loop
    vertex 17.83938980102539 -49.5 24.733579635620117
    vertex 17.826351165771484 -49.241180419921875 24.70210075378418
    vertex 17.18281364440918 -49.5 24.932743072509766
  endloop
endfacet
facet normal 0.0 0.0 0.0
  outer loop
    vertex 17.18281364440918 -49.5 24.932743072509766
    vertex 17.826351165771484 -49.241180419921875 24.70210075378418
    vertex 17.176166534423828 -49.241180419921875 24.89932632446289
  endloop
endfacet
facet normal 0.0 0.0 0.0
  outer loop
    vertex 17.18281364440918 -49.5 24.932743072509766
    vertex 17.176166534423828 -49.241180419921875 24.89932632446289
    vertex 16.499998092651367 -49.5 24.999996185302734
  endloop
endfacet
facet normal 0.0 0.0 0.0
  outer loop
    vertex 16.499998092651367 -49.5 24.999996185302734
    vertex 17.176166534423828 -49.241180419921875 24.89932632446289
    vertex 16.499998092651367 -49.241180419921875 24.965923309326172
  endloop
endfacet
facet normal 0.0 0.0 0.0
  outer loop
    vertex 16.499998092651367 -49.241180419921875 24.965923309326172
    vertex 17.176166534423828 -49.241180419921875 24.89932632446289
    vertex 17.15667724609375 -49.0 24.801342010498047
  endloop
endfacet
facet normal 0.0 0.0 0.0
  outer loop
    vertex 16.499998092651367 -49.241180419921875 24.965923309326172
    vertex 17.15667724609375 -49.0 24.801342010498047
    vertex 16.499998092651367 -49.0 24.866024017333984
  endloop
endfacet
facet normal 0.0 0.0 0.0
  outer loop
    vertex 16.499998092651367 -49.0 24.866024017333984
    vertex 17.15667724609375 -49.0 24.801342010498047
    vertex 17.125673294067383 -48.79289245605469 24.64548110961914
  endloop
endfacet
facet normal 0.0 0.0 0.0
  outer loop
    vertex 16.499998092651367 -49.0 24.866024017333984
    vertex 17.125673294067383 -48.79289245605469 24.64548110961914
    vertex 16.499998092651367 -48.79289245605469 24.707103729248047
  endloop
endfacet
facet normal 0.0 0.0 0.0
  outer loop
    vertex 16.499998092651367 -48.79289245605469 24.707103729248047
    vertex 17.125673294067383 -48.79289245605469 24.64548110961914
    vertex 17.085269927978516 -48.63397216796875 24.442358016967773
  endloop
endfacet
facet normal 0.0 0.0 0.0
  outer loop
    vertex 16.499998092651367 -48.79289245605469 24.707103729248047
    vertex 17.085269927978516 -48.63397216796875 24.442358016967773
    vertex 16.499998092651367 -48.63397216796875 24.499996185302734
  endloop
endfacet
facet normal 0.0 0.0 0.0
  outer loop
    vertex 16.499998092651367 -48.63397216796875 24.499996185302734
    vertex 17.085269927978516 -48.63397216796875 24.442358016967773
    vertex 17.038217544555664 -48.53407287597656 24.205808639526367
  endloop
endfacet
facet normal 0.0 0.0 0.0
  outer loop
    vertex 16.499998092651367 -48.63397216796875 24.499996185302734
    vertex 17.038217544555664 -48.53407287597656 24.205808639526367
    vertex 16.499998092651367 -48.53407287597656 24.258817672729492
  endloop
endfacet
facet normal 0.0 0.0 0.0
  outer loop
    vertex 16.499998092651367 -48.53407287597656 24.258817672729492
    vertex 17.038217544555664 -48.53407287597656 24.205808639526367
    vertex 16.499998092651367 -48.5 23.999998092651367
  endloop
endfacet
facet normal 0.0 0.0 0.0
  outer loop
    vertex 16.499998092651367 -48.5 23.999998092651367
    vertex 17.038217544555664 -48.53407287597656 24.205808639526367
    vertex 17.05630111694336 -48.5 23.93732261657715
  endloop
endfacet
facet normal 0.0 0.0 0.0
  outer loop
    vertex 17.05630111694336 -48.5 23.93732261657715
    vertex 17.038217544555664 -48.53407287597656 24.205808639526367
    vertex 17.55575180053711 -48.53407287597656 24.04882049560547
  endloop
endfacet
facet normal 0.0 0.0 0.0
  outer loop
    vertex 17.05630111694336 -48.5 23.93732261657715
    vertex 17.55575180053711 -48.53407287597656 24.04882049560547
    vertex 17.584707260131836 -48.5 23.752426147460938
  endloop
endfacet
facet normal 0.0 0.0 0.0
  outer loop
    vertex 17.584707260131836 -48.5 23.752426147460938
    vertex 17.55575180053711 -48.53407287597656 24.04882049560547
    vertex 18.032716751098633 -48.53407287597656 23.79387664794922
  endloop
endfacet
facet normal 0.0 0.0 0.0
  outer loop
    vertex 17.584707260131836 -48.5 23.752426147460938
    vertex 18.032716751098633 -48.53407287597656 23.79387664794922
    vertex 18.05872344970703 -48.5 23.45458221435547
  endloop
endfacet
facet normal 0.0 0.0 0.0
  outer loop
    vertex 18.05872344970703 -48.5 23.45458221435547
    vertex 18.032716751098633 -48.53407287597656 23.79387664794922
    vertex 18.450777053833008 -48.53407287597656 23.450782775878906
  endloop
endfacet
facet normal 0.0 0.0 0.0
  outer loop
    vertex 18.05872344970703 -48.5 23.45458221435547
    vertex 18.450777053833008 -48.53407287597656 23.450782775878906
    vertex 18.45457649230957 -48.5 23.05872344970703
  endloop
endfacet
facet normal 0.0 0.0 0.0
  outer loop
    vertex 18.45457649230957 -48.5 23.05872344970703
    vertex 18.450777053833008 -48.53407287597656 23.450782775878906
    vertex 18.793872833251953 -48.53407287597656 23.03272247314453
  endloop
endfacet
facet normal 0.0 0.0 0.0
  outer loop
    vertex 18.45457649230957 -48.5 23.05872344970703
    vertex 18.793872833251953 -48.53407287597656 23.03272247314453
    vertex 18.75242042541504 -48.5 22.58470916748047
  endloop
endfacet
facet normal 0.0 0.0 0.0
  outer loop
    vertex 18.75242042541504 -48.5 22.58470916748047
    vertex 18.793872833251953 -48.53407287597656 23.03272247314453
    vertex 19.04881477355957 -48.53407287597656 22.555755615234375
  endloop
endfacet
facet normal 0.0 0.0 0.0
  outer loop
    vertex 18.75242042541504 -48.5 22.58470916748047
    vertex 19.04881477355957 -48.53407287597656 22.555755615234375
    vertex 18.937318801879883 -48.5 22.056304931640625
  endloop
endfacet
facet normal 0.0 0.0 0.0
  outer loop
    vertex 18.937318801879883 -48.5 22.056304931640625
    vertex 19.04881477355957 -48.53407287597656 22.555755615234375
    vertex 19.205806732177734 -48.53407287597656 22.038223266601562
  endloop
endfacet
facet normal 0.0 0.0 0.0
  outer loop
    vertex 18.937318801879883 -48.5 22.056304931640625
    vertex 19.205806732177734 -48.53407287597656 22.038223266601562
    vertex 18.999998092651367 -48.5 21.5
  endloop
endfacet
facet normal 0.0 0.0 0.0
  outer loop
    vertex 18.999998092651367 -48.5 21.5
    vertex 19.205806732177734 -48.53407287597656 22.038223266601562
    vertex 19.258817672729492 -48.53407287597656 21.5
  endloop
endfacet
facet normal 0.0 0.0 0.0
  outer loop
    vertex 19.258817672729492 -48.53407287597656 21.5
    vertex 19.205806732177734 -48.53407287597656 22.038223266601562
    vertex 19.442354202270508 -48.63397216796875 22.08527374267578
  endloop
endfacet
facet normal 0.0 0.0 0.0
  outer loop
    vertex 19.258817672729492 -48.53407287597656 21.5
    vertex 19.442354202270508 -48.63397216796875 22.08527374267578
    vertex 19.499998092651367 -48.63397216796875 21.5
  endloop
endfacet
facet normal 0.0 0.0 0.0
  outer loop
    vertex 19.499998092651367 -48.63397216796875 21.5
    vertex 19.442354202270508 -48.63397216796875 22.08527374267578
    vertex 19.64548110961914 -48.79289245605469 22.12567901611328
  endloop
endfacet
facet normal 0.0 0.0 0.0
  outer loop
    vertex 19.499998092651367 -48.63397216796875 21.5
    vertex 19.64548110961914 -48.79289245605469 22.12567901611328
    vertex 19.70710563659668 -48.79289245605469 21.5
  endloop
endfacet
facet normal 0.0 0.0 0.0
  outer loop
    vertex 19.70710563659668 -48.79289245605469 21.5
    vertex 19.64548110961914 -48.79289245605469 22.12567901611328
    vertex 19.801345825195312 -49.0 22.15667724609375
  endloop
endfacet
facet normal 0.0 0.0 0.0
  outer loop
    vertex 19.70710563659668 -48.79289245605469 21.5
    vertex 19.801345825195312 -49.0 22.15667724609375
    vertex 19.866024017333984 -49.0 21.5
  endloop
endfacet
facet normal 0.0 0.0 0.0
  outer loop
    vertex 19.866024017333984 -49.0 21.5
    vertex 19.801345825195312 -49.0 22.15667724609375
    vertex 19.89932632446289 -49.241180419921875 22.176170349121094
  endloop
endfacet
facet normal 0.0 0.0 0.0
  outer loop
    vertex 19.866024017333984 -49.0 21.5
    vertex 19.89932632446289 -49.241180419921875 22.176170349121094
    vertex 19.965923309326172 -49.241180419921875 21.5
  endloop
endfacet
facet normal 0.0 0.0 0.0
  outer loop
    vertex 19.442354202270508 -48.63397216796875 22.08527374267578
    vertex 19.205806732177734 -48.53407287597656 22.038223266601562
    vertex 19.271636962890625 -48.63397216796875 22.648048400878906
  endloop
endfacet
facet normal 0.0 0.0 0.0
  outer loop
    vertex 19.271636962890625 -48.63397216796875 22.648048400878906
    vertex 19.205806732177734 -48.53407287597656 22.038223266601562
    vertex 19.04881477355957 -48.53407287597656 22.555755615234375
  endloop
endfacet
facet normal 0.0 0.0 0.0
  outer loop
    vertex 19.271636962890625 -48.63397216796875 22.648048400878906
    vertex 19.04881477355957 -48.53407287597656 22.555755615234375
    vertex 18.994407653808594 -48.63397216796875 23.166709899902344
  endloop
endfacet
facet normal 0.0 0.0 0.0
  outer loop
    vertex 18.994407653808594 -48.63397216796875 23.166709899902344
    vertex 19.04881477355957 -48.53407287597656 22.555755615234375
    vertex 18.793872833251953 -48.53407287597656 23.03272247314453
  endloop
endfacet
facet normal 0.0 0.0 0.0
  outer loop
    vertex 18.994407653808594 -48.63397216796875 23.166709899902344
    vertex 18.793872833251953 -48.53407287597656 23.03272247314453
    vertex 18.621318817138672 -48.63397216796875 23.621322631835938
  endloop
endfacet
facet normal 0.0 0.0 0.0
  outer loop
    vertex 18.621318817138672 -48.63397216796875 23.621322631835938
    vertex 18.793872833251953 -48.53407287597656 23.03272247314453
    vertex 18.450777053833008 -48.53407287597656 23.450782775878906
  endloop
endfacet
facet normal 0.0 0.0 0.0
  outer loop
    vertex 18.621318817138672 -48.63397216796875 23.621322631835938
    vertex 18.450777053833008 -48.53407287597656 23.450782775878906
    vertex 18.16670799255371 -48.63397216796875 23.994407653808594
  endloop
endfacet
facet normal 0.0 0.0 0.0
  outer loop
    vertex 18.16670799255371 -48.63397216796875 23.994407653808594
    vertex 18.450777053833008 -48.53407287597656 23.450782775878906
    vertex 18.032716751098633 -48.53407287597656 23.79387664794922
  endloop
endfacet
facet normal 0.0 0.0 0.0
  outer loop
    vertex 18.16670799255371 -48.63397216796875 23.994407653808594
    vertex 18.032716751098633 -48.53407287597656 23.79387664794922
    vertex 17.648048400878906 -48.63397216796875 24.271636962890625
  endloop
endfacet
facet normal 0.0 0.0 0.0
  outer loop
    vertex 17.648048400878906 -48.63397216796875 24.271636962890625
    vertex 18.032716751098633 -48.53407287597656 23.79387664794922
    vertex 17.55575180053711 -48.53407287597656 24.04882049560547
  endloop
endfacet
facet normal 0.0 0.0 0.0
  outer loop
    vertex 17.648048400878906 -48.63397216796875 24.271636962890625
    vertex 17.55575180053711 -48.53407287597656 24.04882049560547
    vertex 17.085269927978516 -48.63397216796875 24.442358016967773
  endloop
endfacet
facet normal 0.0 0.0 0.0
  outer loop
    vertex 17.085269927978516 -48.63397216796875 24.442358016967773
    vertex 17.55575180053711 -48.53407287597656 24.04882049560547
    vertex 17.038217544555664 -48.53407287597656 24.205808639526367
  endloop
endfacet
facet normal 0.0 0.0 0.0
  outer loop
    vertex 19.64548110961914 -48.79289245605469 22.12567901611328
    vertex 19.442354202270508 -48.63397216796875 22.08527374267578
    vertex 19.46297836303711 -48.79289245605469 22.727310180664062
  endloop
endfacet
facet normal 0.0 0.0 0.0
  outer loop
    vertex 19.46297836303711 -48.79289245605469 22.727310180664062
    vertex 19.442354202270508 -48.63397216796875 22.08527374267578
    vertex 19.271636962890625 -48.63397216796875 22.648048400878906
  endloop
endfacet
facet normal 0.0 0.0 0.0
  outer loop
    vertex 19.46297836303711 -48.79289245605469 22.727310180664062
    vertex 19.271636962890625 -48.63397216796875 22.648048400878906
    vertex 19.166610717773438 -48.79289245605469 23.281776428222656
  endloop
endfacet
facet normal 0.0 0.0 0.0
  outer loop
    vertex 19.166610717773438 -48.79289245605469 23.281776428222656
    vertex 19.271636962890625 -48.63397216796875 22.648048400878906
    vertex 18.994407653808594 -48.63397216796875 23.166709899902344
  endloop
endfacet
facet normal 0.0 0.0 0.0
  outer loop
    vertex 19.166610717773438 -48.79289245605469 23.281776428222656
    vertex 18.994407653808594 -48.63397216796875 23.166709899902344
    vertex 18.767765045166016 -48.79289245605469 23.76776885986328
  endloop
endfacet
facet normal 0.0 0.0 0.0
  outer loop
    vertex 18.767765045166016 -48.79289245605469 23.76776885986328
    vertex 18.994407653808594 -48.63397216796875 23.166709899902344
    vertex 18.621318817138672 -48.63397216796875 23.621322631835938
  endloop
endfacet
facet normal 0.0 0.0 0.0
  outer loop
    vertex 18.767765045166016 -48.79289245605469 23.76776885986328
    vertex 18.621318817138672 -48.63397216796875 23.621322631835938
    vertex 18.281770706176758 -48.79289245605469 24.166610717773438
  endloop
endfacet
facet normal 0.0 0.0 0.0
  outer loop
    vertex 18.281770706176758 -48.79289245605469 24.166610717773438
    vertex 18.621318817138672 -48.63397216796875 23.621322631835938
    vertex 18.16670799255371 -48.63397216796875 23.994407653808594
  endloop
endfacet
facet normal 0.0 0.0 0.0
  outer loop
    vertex 18.281770706176758 -48.79289245605469 24.166610717773438
    vertex 18.16670799255371 -48.63397216796875 23.994407653808594
    vertex 17.727304458618164 -48.79289245605469 24.462982177734375
  endloop
endfacet
facet normal 0.0 0.0 0.0
  outer loop
    vertex 17.727304458618164 -48.79289245605469 24.462982177734375
    vertex 18.16670799255371 -48.63397216796875 23.994407653808594
    vertex 17.648048400878906 -48.63397216796875 24.271636962890625
  endloop
endfacet
facet normal 0.0 0.0 0.0
  outer loop
    vertex 17.727304458618164 -48.79289245605469 24.462982177734375
    vertex 17.648048400878906 -48.63397216796875 24.271636962890625
    vertex 17.125673294067383 -48.79289245605469 24.64548110961914
  endloop
endfacet
facet normal 0.0 0.0 0.0
  outer loop
    vertex 17.125673294067383 -48.79289245605469 24.64548110961914
    vertex 17.648048400878906 -48.63397216796875 24.271636962890625
    vertex 17.085269927978516 -48.63397216796875 24.442358016967773
  endloop
endfacet
facet normal 0.0 0.0 0.0
  outer loop
    vertex 19.702096939086914 -49.241180419921875 22.82635498046875
    vertex 19.89932632446289 -49.241180419921875 22.176170349121094
    vertex 19.801345825195312 -49.0 22.15667724609375
  endloop
endfacet
facet normal 0.0 0.0 0.0
  outer loop
    vertex 19.801345825195312 -49.0 22.15667724609375
    vertex 19.64548110961914 -48.79289245605469 22.12567901611328
    vertex 19.609800338745117 -49.0 22.788124084472656
  endloop
endfacet
facet normal 0.0 0.0 0.0
  outer loop
    vertex 19.609800338745117 -49.0 22.788124084472656
    vertex 19.64548110961914 -48.79289245605469 22.12567901611328
    vertex 19.46297836303711 -48.79289245605469 22.727310180664062
  endloop
endfacet
facet normal 0.0 0.0 0.0
  outer loop
    vertex 19.609800338745117 -49.0 22.788124084472656
    vertex 19.46297836303711 -48.79289245605469 22.727310180664062
    vertex 19.29874610900879 -49.0 23.37006378173828
  endloop
endfacet
facet normal 0.0 0.0 0.0
  outer loop
    vertex 19.29874610900879 -49.0 23.37006378173828
    vertex 19.46297836303711 -48.79289245605469 22.727310180664062
    vertex 19.166610717773438 -48.79289245605469 23.281776428222656
  endloop
endfacet
facet normal 0.0 0.0 0.0
  outer loop
    vertex 19.29874610900879 -49.0 23.37006378173828
    vertex 19.166610717773438 -48.79289245605469 23.281776428222656
    vertex 18.880138397216797 -49.0 23.880142211914062
  endloop
endfacet
facet normal 0.0 0.0 0.0
  outer loop
    vertex 18.880138397216797 -49.0 23.880142211914062
    vertex 19.166610717773438 -48.79289245605469 23.281776428222656
    vertex 18.767765045166016 -48.79289245605469 23.76776885986328
  endloop
endfacet
facet normal 0.0 0.0 0.0
  outer loop
    vertex 18.880138397216797 -49.0 23.880142211914062
    vertex 18.767765045166016 -48.79289245605469 23.76776885986328
    vertex 18.37006187438965 -49.0 24.298751831054688
  endloop
endfacet
facet normal 0.0 0.0 0.0
  outer loop
    vertex 18.37006187438965 -49.0 24.298751831054688
    vertex 18.767765045166016 -48.79289245605469 23.76776885986328
    vertex 18.281770706176758 -48.79289245605469 24.166610717773438
  endloop
endfacet
facet normal 0.0 0.0 0.0
  outer loop
    vertex 18.37006187438965 -49.0 24.298751831054688
    vertex 18.281770706176758 -48.79289245605469 24.166610717773438
    vertex 17.78812026977539 -49.0 24.609800338745117
  endloop
endfacet
facet normal 0.0 0.0 0.0
  outer loop
    vertex 17.78812026977539 -49.0 24.609800338745117
    vertex 18.281770706176758 -48.79289245605469 24.166610717773438
    vertex 17.727304458618164 -48.79289245605469 24.462982177734375
  endloop
endfacet
facet normal 0.0 0.0 0.0
  outer loop
    vertex 17.78812026977539 -49.0 24.609800338745117
    vertex 17.727304458618164 -48.79289245605469 24.462982177734375
    vertex 17.15667724609375 -49.0 24.801342010498047
  endloop
endfacet
facet normal 0.0 0.0 0.0
  outer loop
    vertex 17.15667724609375 -49.0 24.801342010498047
    vertex 17.727304458618164 -48.79289245605469 24.462982177734375
    vertex 17.125673294067383 -48.79289245605469 24.64548110961914
  endloop
endfacet
facet normal 0.0 0.0 0.0
  outer loop
    vertex 19.38180923461914 -49.241180419921875 23.425567626953125
    vertex 19.702096939086914 -49.241180419921875 22.82635498046875
    vertex 19.609800338745117 -49.0 22.788124084472656
  endloop
endfacet
facet normal 0.0 0.0 0.0
  outer loop
    vertex 19.609800338745117 -49.0 22.788124084472656
    vertex 19.702096939086914 -49.241180419921875 22.82635498046875
    vertex 19.801345825195312 -49.0 22.15667724609375
  endloop
endfacet
facet normal 0.0 0.0 0.0
  outer loop
    vertex 19.38180923461914 -49.241180419921875 23.425567626953125
    vertex 19.609800338745117 -49.0 22.788124084472656
    vertex 19.29874610900879 -49.0 23.37006378173828
  endloop
endfacet
facet normal 0.0 0.0 0.0
  outer loop
    vertex 18.950777053833008 -49.241180419921875 23.950782775878906
    vertex 19.38180923461914 -49.241180419921875 23.425567626953125
    vertex 19.29874610900879 -49.0 23.37006378173828
  endloop
endfacet
facet normal 0.0 0.0 0.0
  outer loop
    vertex 18.950777053833008 -49.241180419921875 23.950782775878906
    vertex 19.29874610900879 -49.0 23.37006378173828
    vertex 18.880138397216797 -49.0 23.880142211914062
  endloop
endfacet
facet normal 0.0 0.0 0.0
  outer loop
    vertex 18.42556381225586 -49.241180419921875 24.381813049316406
    vertex 18.950777053833008 -49.241180419921875 23.950782775878906
    vertex 18.880138397216797 -49.0 23.880142211914062
  endloop
endfacet
facet normal 0.0 0.0 0.0
  outer loop
    vertex 18.42556381225586 -49.241180419921875 24.381813049316406
    vertex 18.880138397216797 -49.0 23.880142211914062
    vertex 18.37006187438965 -49.0 24.298751831054688
  endloop
endfacet
facet normal 0.0 0.0 0.0
  outer loop
    vertex 17.826351165771484 -49.241180419921875 24.70210075378418
    vertex 18.42556381225586 -49.241180419921875 24.381813049316406
    vertex 18.37006187438965 -49.0 24.298751831054688
  endloop
endfacet
facet normal 0.0 0.0 0.0
  outer loop
    vertex 17.826351165771484 -49.241180419921875 24.70210075378418
    vertex 18.37006187438965 -49.0 24.298751831054688
    vertex 17.78812026977539 -49.0 24.609800338745117
  endloop
endfacet
facet normal 0.0 0.0 0.0
  outer loop
    vertex 17.176166534423828 -49.241180419921875 24.89932632446289
    vertex 17.826351165771484 -49.241180419921875 24.70210075378418
    vertex 17.78812026977539 -49.0 24.609800338745117
  endloop
endfacet
facet normal 0.0 0.0 0.0
  outer loop
    vertex 17.176166534423828 -49.241180419921875 24.89932632446289
    vertex 17.78812026977539 -49.0 24.609800338745117
    vertex 17.15667724609375 -49.0 24.801342010498047
  endloop
endfacet
facet normal 0.0 0.0 0.0
  outer loop
    vertex 19.965923309326172 -49.241180419921875 1.9073486328125e-06
    vertex 19.965923309326172 -49.241180419921875 5.375000476837158
    vertex 19.999998092651367 -49.5 1.9073486328125e-06
  endloop
endfacet
facet normal 0.0 0.0 0.0
  outer loop
    vertex 19.999998092651367 -49.5 1.9073486328125e-06
    vertex 19.965923309326172 -49.241180419921875 5.375000476837158
    vertex 19.965923309326172 -49.241180419921875 10.75
  endloop
endfacet
facet normal 0.0 0.0 0.0
  outer loop
    vertex 19.999998092651367 -49.5 1.9073486328125e-06
    vertex 19.965923309326172 -49.241180419921875 10.75
    vertex 19.999998092651367 -49.5 21.5
  endloop
endfacet
facet normal 0.0 0.0 0.0
  outer loop
    vertex 19.999998092651367 -49.5 21.5
    vertex 19.965923309326172 -49.241180419921875 10.75
    vertex 19.965923309326172 -49.241180419921875 16.125
  endloop
endfacet
facet normal 0.0 0.0 0.0
  outer loop
    vertex 19.999998092651367 -49.5 21.5
    vertex 19.965923309326172 -49.241180419921875 16.125
    vertex 19.965923309326172 -49.241180419921875 21.5
  endloop
endfacet
facet normal 0.0 0.0 0.0
  outer loop
    vertex 19.965923309326172 -49.241180419921875 21.5
    vertex 19.965923309326172 -49.241180419921875 16.125
    vertex 19.866024017333984 -49.0 21.5
  endloop
endfacet
facet normal 0.0 0.0 0.0
  outer loop
    vertex 19.866024017333984 -49.0 21.5
    vertex 19.965923309326172 -49.241180419921875 16.125
    vertex 19.866024017333984 -49.0 16.125
  endloop
endfacet
facet normal 0.0 0.0 0.0
  outer loop
    vertex 19.866024017333984 -49.0 21.5
    vertex 19.866024017333984 -49.0 16.125
    vertex 19.70710563659668 -48.79289245605469 21.5
  endloop
endfacet
facet normal 0.0 0.0 0.0
  outer loop
    vertex 19.70710563659668 -48.79289245605469 21.5
    vertex 19.866024017333984 -49.0 16.125
    vertex 19.70710563659668 -48.79289245605469 16.125
  endloop
endfacet
facet normal 0.0 0.0 0.0
  outer loop
    vertex 19.70710563659668 -48.79289245605469 21.5
    vertex 19.70710563659668 -48.79289245605469 16.125
    vertex 19.499998092651367 -48.63397216796875 21.5
  endloop
endfacet
facet normal 0.0 0.0 0.0
  outer loop
    vertex 19.499998092651367 -48.63397216796875 21.5
    vertex 19.70710563659668 -48.79289245605469 16.125
    vertex 19.499998092651367 -48.63397216796875 16.125
  endloop
endfacet
facet normal 0.0 0.0 0.0
  outer loop
    vertex 19.499998092651367 -48.63397216796875 21.5
    vertex 19.499998092651367 -48.63397216796875 16.125
    vertex 19.258817672729492 -48.53407287597656 21.5
  endloop
endfacet
facet normal 0.0 0.0 0.0
  outer loop
    vertex 19.258817672729492 -48.53407287597656 21.5
    vertex 19.499998092651367 -48.63397216796875 16.125
    vertex 19.258817672729492 -48.53407287597656 16.125
  endloop
endfacet
facet normal 0.0 0.0 0.0
  outer loop
    vertex 19.258817672729492 -48.53407287597656 21.5
    vertex 19.258817672729492 -48.53407287597656 16.125
    vertex 18.999998092651367 -48.5 21.5
  endloop
endfacet
facet normal 0.0 0.0 0.0
  outer loop
    vertex 18.999998092651367 -48.5 21.5
    vertex 19.258817672729492 -48.53407287597656 16.125
    vertex 19.258817672729492 -48.53407287597656 10.75
  endloop
endfacet
facet normal 0.0 0.0 0.0
  outer loop
    vertex 18.999998092651367 -48.5 21.5
    vertex 19.258817672729492 -48.53407287597656 10.75
    vertex 18.999998092651367 -48.5 1.9073486328125e-06
  endloop
endfacet
facet normal 0.0 0.0 0.0
  outer loop
    vertex 18.999998092651367 -48.5 1.9073486328125e-06
    vertex 19.258817672729492 -48.53407287597656 10.75
    vertex 19.258817672729492 -48.53407287597656 5.375000476837158
  endloop
endfacet
facet normal 0.0 0.0 0.0
  outer loop
    vertex 18.999998092651367 -48.5 1.9073486328125e-06
    vertex 19.258817672729492 -48.53407287597656 5.375000476837158
    vertex 19.258817672729492 -48.53407287597656 1.9073486328125e-06
  endloop
endfacet
facet normal 0.0 0.0 0.0
  outer loop
    vertex 19.258817672729492 -48.53407287597656 1.9073486328125e-06
    vertex 19.258817672729492 -48.53407287597656 5.375000476837158
    vertex 19.499998092651367 -48.63397216796875 1.9073486328125e-06
  endloop
endfacet
facet normal 0.0 0.0 0.0
  outer loop
    vertex 19.499998092651367 -48.63397216796875 1.9073486328125e-06
    vertex 19.258817672729492 -48.53407287597656 5.375000476837158
    vertex 19.499998092651367 -48.63397216796875 5.375000476837158
  endloop
endfacet
facet normal 0.0 0.0 0.0
  outer loop
    vertex 19.499998092651367 -48.63397216796875 1.9073486328125e-06
    vertex 19.499998092651367 -48.63397216796875 5.375000476837158
    vertex 19.70710563659668 -48.79289245605469 1.9073486328125e-06
  endloop
endfacet
facet normal 0.0 0.0 0.0
  outer loop
    vertex 19.70710563659668 -48.79289245605469 1.9073486328125e-06
    vertex 19.499998092651367 -48.63397216796875 5.375000476837158
    vertex 19.70710563659668 -48.79289245605469 5.375000476837158
  endloop
endfacet
facet normal 0.0 0.0 0.0
  outer loop
    vertex 19.70710563659668 -48.79289245605469 1.9073486328125e-06
    vertex 19.70710563659668 -48.79289245605469 5.375000476837158
    vertex 19.866024017333984 -49.0 1.9073486328125e-06
  endloop
endfacet
facet normal 0.0 0.0 0.0
  outer loop
    vertex 19.866024017333984 -49.0 1.9073486328125e-06
    vertex 19.70710563659668 -48.79289245605469 5.375000476837158
    vertex 19.866024017333984 -49.0 5.375000476837158
  endloop
endfacet
facet normal 0.0 0.0 0.0
  outer loop
    vertex 19.866024017333984 -49.0 1.9073486328125e-06
    vertex 19.866024017333984 -49.0 5.375000476837158
    vertex 19.965923309326172 -49.241180419921875 1.9073486328125e-06
  endloop
endfacet
facet normal 0.0 0.0 0.0
  outer loop
    vertex 19.965923309326172 -49.241180419921875 1.9073486328125e-06
    vertex 19.866024017333984 -49.0 5.375000476837158
    vertex 19.965923309326172 -49.241180419921875 5.375000476837158
  endloop
endfacet
facet normal 0.0 0.0 0.0
  outer loop
    vertex 19.866024017333984 -49.0 16.125
    vertex 19.965923309326172 -49.241180419921875 16.125
    vertex 19.965923309326172 -49.241180419921875 10.75
  endloop
endfacet
facet normal 0.0 0.0 0.0
  outer loop
    vertex 19.965923309326172 -49.241180419921875 10.75
    vertex 19.965923309326172 -49.241180419921875 5.375000476837158
    vertex 19.866024017333984 -49.0 10.75
  endloop
endfacet
facet normal 0.0 0.0 0.0
  outer loop
    vertex 19.866024017333984 -49.0 10.75
    vertex 19.965923309326172 -49.241180419921875 5.375000476837158
    vertex 19.866024017333984 -49.0 5.375000476837158
  endloop
endfacet
facet normal 0.0 0.0 0.0
  outer loop
    vertex 19.866024017333984 -49.0 10.75
    vertex 19.866024017333984 -49.0 5.375000476837158
    vertex 19.70710563659668 -48.79289245605469 10.75
  endloop
endfacet
facet normal 0.0 0.0 0.0
  outer loop
    vertex 19.70710563659668 -48.79289245605469 10.75
    vertex 19.866024017333984 -49.0 5.375000476837158
    vertex 19.70710563659668 -48.79289245605469 5.375000476837158
  endloop
endfacet
facet normal 0.0 0.0 0.0
  outer loop
    vertex 19.70710563659668 -48.79289245605469 10.75
    vertex 19.70710563659668 -48.79289245605469 5.375000476837158
    vertex 19.499998092651367 -48.63397216796875 10.75
  endloop
endfacet
facet normal 0.0 0.0 0.0
  outer loop
    vertex 19.499998092651367 -48.63397216796875 10.75
    vertex 19.70710563659668 -48.79289245605469 5.375000476837158
    vertex 19.499998092651367 -48.63397216796875 5.375000476837158
  endloop
endfacet
facet normal 0.0 0.0 0.0
  outer loop
    vertex 19.499998092651367 -48.63397216796875 10.75
    vertex 19.499998092651367 -48.63397216796875 5.375000476837158
    vertex 19.258817672729492 -48.53407287597656 10.75
  endloop
endfacet
facet normal 0.0 0.0 0.0
  outer loop
    vertex 19.258817672729492 -48.53407287597656 10.75
    vertex 19.499998092651367 -48.63397216796875 5.375000476837158
    vertex 19.258817672729492 -48.53407287597656 5.375000476837158
  endloop
endfacet
facet normal 0.0 0.0 0.0
  outer loop
    vertex 19.70710563659668 -48.79289245605469 16.125
    vertex 19.866024017333984 -49.0 16.125
    vertex 19.866024017333984 -49.0 10.75
  endloop
endfacet
facet normal 0.0 0.0 0.0
  outer loop
    vertex 19.866024017333984 -49.0 10.75
    vertex 19.866024017333984 -49.0 16.125
    vertex 19.965923309326172 -49.241180419921875 10.75
  endloop
endfacet
facet normal 0.0 0.0 0.0
  outer loop
    vertex 19.70710563659668 -48.79289245605469 16.125
    vertex 19.866024017333984 -49.0 10.75
    vertex 19.70710563659668 -48.79289245605469 10.75
  endloop
endfacet
facet normal 0.0 0.0 0.0
  outer loop
    vertex 19.499998092651367 -48.63397216796875 16.125
    vertex 19.70710563659668 -48.79289245605469 16.125
    vertex 19.70710563659668 -48.79289245605469 10.75
  endloop
endfacet
facet normal 0.0 0.0 0.0
  outer loop
    vertex 19.499998092651367 -48.63397216796875 16.125
    vertex 19.70710563659668 -48.79289245605469 10.75
    vertex 19.499998092651367 -48.63397216796875 10.75
  endloop
endfacet
facet normal 0.0 0.0 0.0
  outer loop
    vertex 19.258817672729492 -48.53407287597656 16.125
    vertex 19.499998092651367 -48.63397216796875 16.125
    vertex 19.499998092651367 -48.63397216796875 10.75
  endloop
endfacet
facet normal 0.0 0.0 0.0
  outer loop
    vertex 19.258817672729492 -48.53407287597656 16.125
    vertex 19.499998092651367 -48.63397216796875 10.75
    vertex 19.258817672729492 -48.53407287597656 10.75
  endloop
endfacet
facet normal 0.0 0.0 0.0
  outer loop
    vertex -13.144909858703613 -48.5 17.07013511657715
    vertex -12.499998092651367 -48.5 16.999998092651367
    vertex -13.499998092651367 -48.5 13.499998092651367
  endloop
endfacet
facet normal 0.0 0.0 0.0
  outer loop
    vertex -13.499998092651367 -48.5 13.499998092651367
    vertex -12.499998092651367 -48.5 16.999998092651367
    vertex -11.855087280273438 -48.5 17.07013511657715
  endloop
endfacet
facet normal 0.0 0.0 0.0
  outer loop
    vertex -13.499998092651367 -48.5 13.499998092651367
    vertex -11.855087280273438 -48.5 17.07013511657715
    vertex -11.240331649780273 -48.5 17.277273178100586
  endloop
endfacet
facet normal 0.0 0.0 0.0
  outer loop
    vertex -11.240331649780273 -48.5 17.277273178100586
    vertex -10.684476852416992 -48.5 17.61171531677246
    vertex -13.499998092651367 -48.5 13.499998092651367
  endloop
endfacet
facet normal 0.0 0.0 0.0
  outer loop
    vertex -13.499998092651367 -48.5 13.499998092651367
    vertex -10.684476852416992 -48.5 17.61171531677246
    vertex 13.499998092651367 -48.5 13.499999046325684
  endloop
endfacet
facet normal 0.0 0.0 0.0
  outer loop
    vertex 13.499998092651367 -48.5 13.499999046325684
    vertex -10.684476852416992 -48.5 17.61171531677246
    vertex 10.684476852416992 -48.5 17.611717224121094
  endloop
endfacet
facet normal 0.0 0.0 0.0
  outer loop
    vertex 13.499998092651367 -48.5 13.499999046325684
    vertex 10.684476852416992 -48.5 17.611717224121094
    vertex 11.240331649780273 -48.5 17.27727508544922
  endloop
endfacet
facet normal 0.0 0.0 0.0
  outer loop
    vertex 10.684476852416992 -48.5 17.611717224121094
    vertex -10.684476852416992 -48.5 17.61171531677246
    vertex 10.213512420654297 -48.5 18.057838439941406
  endloop
endfacet
facet normal 0.0 0.0 0.0
  outer loop
    vertex 10.213512420654297 -48.5 18.057838439941406
    vertex -10.684476852416992 -48.5 17.61171531677246
    vertex -10.213512420654297 -48.5 18.057836532592773
  endloop
endfacet
facet normal 0.0 0.0 0.0
  outer loop
    vertex 10.213512420654297 -48.5 18.057838439941406
    vertex -10.213512420654297 -48.5 18.057836532592773
    vertex -9.849462509155273 -48.5 18.594770431518555
  endloop
endfacet
facet normal 0.0 0.0 0.0
  outer loop
    vertex 10.213512420654297 -48.5 18.057838439941406
    vertex -9.849462509155273 -48.5 18.594770431518555
    vertex 9.849462509155273 -48.5 18.594770431518555
  endloop
endfacet
facet normal 0.0 0.0 0.0
  outer loop
    vertex 9.849462509155273 -48.5 18.594770431518555
    vertex -9.849462509155273 -48.5 18.594770431518555
    vertex -9.609349250793457 -48.5 19.19740867614746
  endloop
endfacet
facet normal 0.0 0.0 0.0
  outer loop
    vertex 9.849462509155273 -48.5 18.594770431518555
    vertex -9.609349250793457 -48.5 19.19740867614746
    vertex 9.609349250793457 -48.5 19.19740867614746
  endloop
endfacet
facet normal 0.0 0.0 0.0
  outer loop
    vertex 9.609349250793457 -48.5 19.19740867614746
    vertex -9.609349250793457 -48.5 19.19740867614746
    vertex -9.504398345947266 -48.5 19.837583541870117
  endloop
endfacet
facet normal 0.0 0.0 0.0
  outer loop
    vertex 9.609349250793457 -48.5 19.19740867614746
    vertex -9.504398345947266 -48.5 19.837583541870117
    vertex 9.504398345947266 -48.5 19.837583541870117
  endloop
endfacet
facet normal 0.0 0.0 0.0
  outer loop
    vertex 9.504398345947266 -48.5 19.837583541870117
    vertex -9.504398345947266 -48.5 19.837583541870117
    vertex 9.539519309997559 -48.5 20.485342025756836
  endloop
endfacet
facet normal 0.0 0.0 0.0
  outer loop
    vertex 9.539519309997559 -48.5 20.485342025756836
    vertex -9.504398345947266 -48.5 19.837583541870117
    vertex -9.539519309997559 -48.5 20.485342025756836
  endloop
endfacet
facet normal 0.0 0.0 0.0
  outer loop
    vertex 9.539519309997559 -48.5 20.485342025756836
    vertex -9.539519309997559 -48.5 20.485342025756836
    vertex 9.713068962097168 -48.5 21.110410690307617
  endloop
endfacet
facet normal 0.0 0.0 0.0
  outer loop
    vertex 9.713068962097168 -48.5 21.110410690307617
    vertex -9.539519309997559 -48.5 20.485342025756836
    vertex -9.713068962097168 -48.5 21.110410690307617
  endloop
endfacet
facet normal 0.0 0.0 0.0
  outer loop
    vertex 9.713068962097168 -48.5 21.110410690307617
    vertex -9.713068962097168 -48.5 21.110410690307617
    vertex 10.016932487487793 -48.5 21.683561325073242
  endloop
endfacet
facet normal 0.0 0.0 0.0
  outer loop
    vertex 10.016932487487793 -48.5 21.683561325073242
    vertex -9.713068962097168 -48.5 21.110410690307617
    vertex -10.016932487487793 -48.5 21.683561325073242
  endloop
endfacet
facet normal 0.0 0.0 0.0
  outer loop
    vertex 10.016932487487793 -48.5 21.683561325073242
    vertex -10.016932487487793 -48.5 21.683561325073242
    vertex 10.436901092529297 -48.5 22.1779842376709
  endloop
endfacet
facet normal 0.0 0.0 0.0
  outer loop
    vertex 10.436901092529297 -48.5 22.1779842376709
    vertex -10.016932487487793 -48.5 21.683561325073242
    vertex -10.436901092529297 -48.5 22.1779842376709
  endloop
endfacet
facet normal 0.0 0.0 0.0
  outer loop
    vertex 10.436901092529297 -48.5 22.1779842376709
    vertex -10.436901092529297 -48.5 22.1779842376709
    vertex 10.953337669372559 -48.5 22.57056999206543
  endloop
endfacet
facet normal 0.0 0.0 0.0
  outer loop
    vertex 10.953337669372559 -48.5 22.57056999206543
    vertex -10.436901092529297 -48.5 22.1779842376709
    vertex -10.953337669372559 -48.5 22.57056999206543
  endloop
endfacet
facet normal 0.0 0.0 0.0
  outer loop
    vertex 10.953337669372559 -48.5 22.57056999206543
    vertex -10.953337669372559 -48.5 22.57056999206543
    vertex 11.542094230651855 -48.5 22.842954635620117
  endloop
endfacet
facet normal 0.0 0.0 0.0
  outer loop
    vertex 11.542094230651855 -48.5 22.842954635620117
    vertex -10.953337669372559 -48.5 22.57056999206543
    vertex -11.542094230651855 -48.5 22.842954635620117
  endloop
endfacet
facet normal 0.0 0.0 0.0
  outer loop
    vertex 11.542094230651855 -48.5 22.842954635620117
    vertex -11.542094230651855 -48.5 22.842954635620117
    vertex -12.175641059875488 -48.5 22.982412338256836
  endloop
endfacet
facet normal 0.0 0.0 0.0
  outer loop
    vertex -12.824355125427246 -48.5 22.982412338256836
    vertex -16.499998092651367 -48.5 23.999998092651367
    vertex -12.175641059875488 -48.5 22.982412338256836
  endloop
endfacet
facet normal 0.0 0.0 0.0
  outer loop
    vertex -12.175641059875488 -48.5 22.982412338256836
    vertex -16.499998092651367 -48.5 23.999998092651367
    vertex 16.499998092651367 -48.5 23.999998092651367
  endloop
endfacet
facet normal 0.0 0.0 0.0
  outer loop
    vertex -12.175641059875488 -48.5 22.982412338256836
    vertex 16.499998092651367 -48.5 23.999998092651367
    vertex 12.175641059875488 -48.5 22.982412338256836
  endloop
endfacet
facet normal 0.0 0.0 0.0
  outer loop
    vertex 12.175641059875488 -48.5 22.982412338256836
    vertex 16.499998092651367 -48.5 23.999998092651367
    vertex 12.824355125427246 -48.5 22.982412338256836
  endloop
endfacet
facet normal 0.0 0.0 0.0
  outer loop
    vertex 12.824355125427246 -48.5 22.982412338256836
    vertex 16.499998092651367 -48.5 23.999998092651367
    vertex 13.457902908325195 -48.5 22.842954635620117
  endloop
endfacet
facet normal 0.0 0.0 0.0
  outer loop
    vertex 13.457902908325195 -48.5 22.842954635620117
    vertex 16.499998092651367 -48.5 23.999998092651367
    vertex 14.046659469604492 -48.5 22.57056999206543
  endloop
endfacet
facet normal 0.0 0.0 0.0
  outer loop
    vertex 14.046659469604492 -48.5 22.57056999206543
    vertex 16.499998092651367 -48.5 23.999998092651367
    vertex 14.563096046447754 -48.5 22.1779842376709
  endloop
endfacet
facet normal 0.0 0.0 0.0
  outer loop
    vertex 14.563096046447754 -48.5 22.1779842376709
    vertex 16.499998092651367 -48.5 23.999998092651367
    vertex 17.05630111694336 -48.5 23.93732261657715
  endloop
endfacet
facet normal 0.0 0.0 0.0
  outer loop
    vertex 14.563096046447754 -48.5 22.1779842376709
    vertex 17.05630111694336 -48.5 23.93732261657715
    vertex 17.584707260131836 -48.5 23.752426147460938
  endloop
endfacet
facet normal 0.0 0.0 0.0
  outer loop
    vertex -12.824355125427246 -48.5 22.982412338256836
    vertex -13.457902908325195 -48.5 22.842954635620117
    vertex -16.499998092651367 -48.5 23.999998092651367
  endloop
endfacet
facet normal 0.0 0.0 0.0
  outer loop
    vertex -16.499998092651367 -48.5 23.999998092651367
    vertex -13.457902908325195 -48.5 22.842954635620117
    vertex -14.046659469604492 -48.5 22.57056999206543
  endloop
endfacet
facet normal 0.0 0.0 0.0
  outer loop
    vertex -16.499998092651367 -48.5 23.999998092651367
    vertex -14.046659469604492 -48.5 22.57056999206543
    vertex -14.563096046447754 -48.5 22.1779842376709
  endloop
endfacet
facet normal 0.0 0.0 0.0
  outer loop
    vertex -14.983064651489258 -48.5 21.683561325073242
    vertex -18.45457649230957 -48.5 23.058719635009766
    vertex -14.563096046447754 -48.5 22.1779842376709
  endloop
endfacet
facet normal 0.0 0.0 0.0
  outer loop
    vertex -14.563096046447754 -48.5 22.1779842376709
    vertex -18.45457649230957 -48.5 23.058719635009766
    vertex -18.05872344970703 -48.5 23.454578399658203
  endloop
endfacet
facet normal 0.0 0.0 0.0
  outer loop
    vertex -14.563096046447754 -48.5 22.1779842376709
    vertex -18.05872344970703 -48.5 23.454578399658203
    vertex -17.584707260131836 -48.5 23.752422332763672
  endloop
endfacet
facet normal 0.0 0.0 0.0
  outer loop
    vertex -15.286928176879883 -48.5 21.110410690307617
    vertex -18.937318801879883 -48.5 22.05630111694336
    vertex -14.983064651489258 -48.5 21.683561325073242
  endloop
endfacet
facet normal 0.0 0.0 0.0
  outer loop
    vertex -14.983064651489258 -48.5 21.683561325073242
    vertex -18.937318801879883 -48.5 22.05630111694336
    vertex -18.75242042541504 -48.5 22.584705352783203
  endloop
endfacet
facet normal 0.0 0.0 0.0
  outer loop
    vertex -14.983064651489258 -48.5 21.683561325073242
    vertex -18.75242042541504 -48.5 22.584705352783203
    vertex -18.45457649230957 -48.5 23.058719635009766
  endloop
endfacet
facet normal 0.0 0.0 0.0
  outer loop
    vertex -18.937318801879883 -48.5 22.05630111694336
    vertex -15.286928176879883 -48.5 21.110410690307617
    vertex -18.999998092651367 -48.5 21.499996185302734
  endloop
endfacet
facet normal 0.0 0.0 0.0
  outer loop
    vertex -18.999998092651367 -48.5 21.499996185302734
    vertex -15.286928176879883 -48.5 21.110410690307617
    vertex -15.460477828979492 -48.5 20.485342025756836
  endloop
endfacet
facet normal 0.0 0.0 0.0
  outer loop
    vertex -18.999998092651367 -48.5 21.499996185302734
    vertex -15.460477828979492 -48.5 20.485342025756836
    vertex -15.495598793029785 -48.5 19.837583541870117
  endloop
endfacet
facet normal 0.0 0.0 0.0
  outer loop
    vertex -15.495598793029785 -48.5 19.837583541870117
    vertex -15.390647888183594 -48.5 19.19740867614746
    vertex -18.999998092651367 -48.5 21.499996185302734
  endloop
endfacet
facet normal 0.0 0.0 0.0
  outer loop
    vertex -18.999998092651367 -48.5 21.499996185302734
    vertex -15.390647888183594 -48.5 19.19740867614746
    vertex -15.150534629821777 -48.5 18.594770431518555
  endloop
endfacet
facet normal 0.0 0.0 0.0
  outer loop
    vertex -18.999998092651367 -48.5 21.499996185302734
    vertex -15.150534629821777 -48.5 18.594770431518555
    vertex -14.786484718322754 -48.5 18.057836532592773
  endloop
endfacet
facet normal 0.0 0.0 0.0
  outer loop
    vertex -18.999998092651367 -48.5 21.499996185302734
    vertex -14.786484718322754 -48.5 18.057836532592773
    vertex -13.499998092651367 -48.5 13.499998092651367
  endloop
endfacet
facet normal 0.0 0.0 0.0
  outer loop
    vertex -13.499998092651367 -48.5 13.499998092651367
    vertex -14.786484718322754 -48.5 18.057836532592773
    vertex -14.315520286560059 -48.5 17.61171531677246
  endloop
endfacet
facet normal 0.0 0.0 0.0
  outer loop
    vertex -13.499998092651367 -48.5 13.499998092651367
    vertex -14.315520286560059 -48.5 17.61171531677246
    vertex -13.759665489196777 -48.5 17.277273178100586
  endloop
endfacet
facet normal 0.0 0.0 0.0
  outer loop
    vertex -13.759665489196777 -48.5 17.277273178100586
    vertex -13.144909858703613 -48.5 17.07013511657715
    vertex -13.499998092651367 -48.5 13.499998092651367
  endloop
endfacet
facet normal 0.0 0.0 0.0
  outer loop
    vertex 18.999998092651367 -48.5 1.9073486328125e-06
    vertex 13.499998092651367 -48.5 13.499999046325684
    vertex 18.999998092651367 -48.5 21.5
  endloop
endfacet
facet normal 0.0 0.0 0.0
  outer loop
    vertex 18.999998092651367 -48.5 21.5
    vertex 13.499998092651367 -48.5 13.499999046325684
    vertex 14.786484718322754 -48.5 18.057838439941406
  endloop
endfacet
facet normal 0.0 0.0 0.0
  outer loop
    vertex 18.999998092651367 -48.5 21.5
    vertex 14.786484718322754 -48.5 18.057838439941406
    vertex 15.150534629821777 -48.5 18.594770431518555
  endloop
endfacet
facet normal 0.0 0.0 0.0
  outer loop
    vertex 18.999998092651367 -48.5 1.9073486328125e-06
    vertex 13.499998092651367 -48.5 9.5367431640625e-07
    vertex 13.499998092651367 -48.5 13.499999046325684
  endloop
endfacet
facet normal 0.0 0.0 0.0
  outer loop
    vertex -13.499998092651367 -48.5 9.5367431640625e-07
    vertex -18.999998092651367 -48.5 0.0
    vertex -13.499998092651367 -48.5 13.499998092651367
  endloop
endfacet
facet normal 0.0 0.0 0.0
  outer loop
    vertex -13.499998092651367 -48.5 13.499998092651367
    vertex -18.999998092651367 -48.5 0.0
    vertex -18.999998092651367 -48.5 21.499996185302734
  endloop
endfacet
facet normal 0.0 0.0 0.0
  outer loop
    vertex -17.584707260131836 -48.5 23.752422332763672
    vertex -17.05630111694336 -48.5 23.93732261657715
    vertex -14.563096046447754 -48.5 22.1779842376709
  endloop
endfacet
facet normal 0.0 0.0 0.0
  outer loop
    vertex -14.563096046447754 -48.5 22.1779842376709
    vertex -17.05630111694336 -48.5 23.93732261657715
    vertex -16.499998092651367 -48.5 23.999998092651367
  endloop
endfacet
facet normal 0.0 0.0 0.0
  outer loop
    vertex 17.584707260131836 -48.5 23.752426147460938
    vertex 18.05872344970703 -48.5 23.45458221435547
    vertex 14.563096046447754 -48.5 22.1779842376709
  endloop
endfacet
facet normal 0.0 0.0 0.0
  outer loop
    vertex 14.563096046447754 -48.5 22.1779842376709
    vertex 18.05872344970703 -48.5 23.45458221435547
    vertex 18.45457649230957 -48.5 23.05872344970703
  endloop
endfacet
facet normal 0.0 0.0 0.0
  outer loop
    vertex 14.563096046447754 -48.5 22.1779842376709
    vertex 18.45457649230957 -48.5 23.05872344970703
    vertex 14.983064651489258 -48.5 21.683561325073242
  endloop
endfacet
facet normal 0.0 0.0 0.0
  outer loop
    vertex 14.983064651489258 -48.5 21.683561325073242
    vertex 18.45457649230957 -48.5 23.05872344970703
    vertex 18.75242042541504 -48.5 22.58470916748047
  endloop
endfacet
facet normal 0.0 0.0 0.0
  outer loop
    vertex 14.983064651489258 -48.5 21.683561325073242
    vertex 18.75242042541504 -48.5 22.58470916748047
    vertex 18.937318801879883 -48.5 22.056304931640625
  endloop
endfacet
facet normal 0.0 0.0 0.0
  outer loop
    vertex 14.983064651489258 -48.5 21.683561325073242
    vertex 18.937318801879883 -48.5 22.056304931640625
    vertex 15.286928176879883 -48.5 21.110410690307617
  endloop
endfacet
facet normal 0.0 0.0 0.0
  outer loop
    vertex 15.286928176879883 -48.5 21.110410690307617
    vertex 18.937318801879883 -48.5 22.056304931640625
    vertex 18.999998092651367 -48.5 21.5
  endloop
endfacet
facet normal 0.0 0.0 0.0
  outer loop
    vertex 15.286928176879883 -48.5 21.110410690307617
    vertex 18.999998092651367 -48.5 21.5
    vertex 15.460477828979492 -48.5 20.485342025756836
  endloop
endfacet
facet normal 0.0 0.0 0.0
  outer loop
    vertex 15.460477828979492 -48.5 20.485342025756836
    vertex 18.999998092651367 -48.5 21.5
    vertex 15.495598793029785 -48.5 19.837583541870117
  endloop
endfacet
facet normal 0.0 0.0 0.0
  outer loop
    vertex 15.495598793029785 -48.5 19.837583541870117
    vertex 18.999998092651367 -48.5 21.5
    vertex 15.390647888183594 -48.5 19.19740867614746
  endloop
endfacet
facet normal 0.0 0.0 0.0
  outer loop
    vertex 15.390647888183594 -48.5 19.19740867614746
    vertex 18.999998092651367 -48.5 21.5
    vertex 15.150534629821777 -48.5 18.594770431518555
  endloop
endfacet
facet normal 0.0 0.0 0.0
  outer loop
    vertex 11.855087280273438 -48.5 17.07013702392578
    vertex 12.499998092651367 -48.5 17.0
    vertex 13.499998092651367 -48.5 13.499999046325684
  endloop
endfacet
facet normal 0.0 0.0 0.0
  outer loop
    vertex 13.499998092651367 -48.5 13.499999046325684
    vertex 12.499998092651367 -48.5 17.0
    vertex 13.144909858703613 -48.5 17.07013702392578
  endloop
endfacet
facet normal 0.0 0.0 0.0
  outer loop
    vertex 13.499998092651367 -48.5 13.499999046325684
    vertex 13.144909858703613 -48.5 17.07013702392578
    vertex 13.759665489196777 -48.5 17.27727508544922
  endloop
endfacet
facet normal 0.0 0.0 0.0
  outer loop
    vertex 13.759665489196777 -48.5 17.27727508544922
    vertex 14.315520286560059 -48.5 17.611717224121094
    vertex 13.499998092651367 -48.5 13.499999046325684
  endloop
endfacet
facet normal 0.0 0.0 0.0
  outer loop
    vertex 13.499998092651367 -48.5 13.499999046325684
    vertex 14.315520286560059 -48.5 17.611717224121094
    vertex 14.786484718322754 -48.5 18.057838439941406
  endloop
endfacet
facet normal 0.0 0.0 0.0
  outer loop
    vertex 12.175641059875488 -48.5 22.982412338256836
    vertex 11.542094230651855 -48.5 22.842954635620117
    vertex -12.175641059875488 -48.5 22.982412338256836
  endloop
endfacet
facet normal 0.0 0.0 0.0
  outer loop
    vertex 11.240331649780273 -48.5 17.27727508544922
    vertex 11.855087280273438 -48.5 17.07013702392578
    vertex 13.499998092651367 -48.5 13.499999046325684
  endloop
endfacet
facet normal 0.0 0.0 0.0
  outer loop
    vertex -19.999998092651367 -49.5 21.499996185302734
    vertex -19.999998092651367 -49.5 0.0
    vertex -19.999998092651367 -50.5 21.499996185302734
  endloop
endfacet
facet normal 0.0 0.0 0.0
  outer loop
    vertex -19.999998092651367 -50.5 21.499996185302734
    vertex -19.999998092651367 -49.5 0.0
    vertex -19.999998092651367 -50.5 0.0
  endloop
endfacet
facet normal 0.0 0.0 0.0
  outer loop
    vertex -3.5 41.5 9.0
    vertex 3.499999523162842 41.5 9.0
    vertex -8.143529584003772e-08 41.53407287597656 9.258819580078125
  endloop
endfacet
facet normal 0.0 0.0 0.0
  outer loop
    vertex -8.143529584003772e-08 41.53407287597656 9.258819580078125
    vertex 3.499999523162842 41.5 9.0
    vertex 3.499999523162842 41.53407287597656 9.258819580078125
  endloop
endfacet
facet normal 0.0 0.0 0.0
  outer loop
    vertex -8.143529584003772e-08 41.53407287597656 9.258819580078125
    vertex 3.499999523162842 41.53407287597656 9.258819580078125
    vertex -8.804924789274082e-08 41.633975982666016 9.5
  endloop
endfacet
facet normal 0.0 0.0 0.0
  outer loop
    vertex -8.804924789274082e-08 41.633975982666016 9.5
    vertex 3.499999523162842 41.53407287597656 9.258819580078125
    vertex 3.499999523162842 41.633975982666016 9.5
  endloop
endfacet
facet normal 0.0 0.0 0.0
  outer loop
    vertex -8.804924789274082e-08 41.633975982666016 9.5
    vertex 3.499999523162842 41.633975982666016 9.5
    vertex -9.372881493163732e-08 41.79289245605469 9.707106590270996
  endloop
endfacet
facet normal 0.0 0.0 0.0
  outer loop
    vertex -9.372881493163732e-08 41.79289245605469 9.707106590270996
    vertex 3.499999523162842 41.633975982666016 9.5
    vertex 3.499999523162842 41.79289245605469 9.707106590270996
  endloop
endfacet
facet normal 0.0 0.0 0.0
  outer loop
    vertex -9.372881493163732e-08 41.79289245605469 9.707106590270996
    vertex 3.499999523162842 41.79289245605469 9.707106590270996
    vertex -9.808692880142189e-08 42.0 9.866026878356934
  endloop
endfacet
facet normal 0.0 0.0 0.0
  outer loop
    vertex -9.808692880142189e-08 42.0 9.866026878356934
    vertex 3.499999523162842 41.79289245605469 9.707106590270996
    vertex 3.499999523162842 42.0 9.866026878356934
  endloop
endfacet
facet normal 0.0 0.0 0.0
  outer loop
    vertex -9.808692880142189e-08 42.0 9.866026878356934
    vertex 3.499999523162842 42.0 9.866026878356934
    vertex -1.0082649026799118e-07 42.241180419921875 9.965926170349121
  endloop
endfacet
facet normal 0.0 0.0 0.0
  outer loop
    vertex -1.0082649026799118e-07 42.241180419921875 9.965926170349121
    vertex 3.499999523162842 42.0 9.866026878356934
    vertex 3.499999523162842 42.241180419921875 9.965926170349121
  endloop
endfacet
facet normal 0.0 0.0 0.0
  outer loop
    vertex -1.0082649026799118e-07 42.241180419921875 9.965926170349121
    vertex 3.499999523162842 42.241180419921875 9.965926170349121
    vertex 3.499999523162842 42.5 9.999999046325684
  endloop
endfacet
facet normal 0.0 0.0 0.0
  outer loop
    vertex 3.499999523162842 42.5 9.999999046325684
    vertex -3.5 42.5 9.999999046325684
    vertex -1.0082649026799118e-07 42.241180419921875 9.965926170349121
  endloop
endfacet
facet normal 0.0 0.0 0.0
  outer loop
    vertex -1.0082649026799118e-07 42.241180419921875 9.965926170349121
    vertex -3.5 42.5 9.999999046325684
    vertex -3.5 42.241180419921875 9.965926170349121
  endloop
endfacet
facet normal 0.0 0.0 0.0
  outer loop
    vertex -1.0082649026799118e-07 42.241180419921875 9.965926170349121
    vertex -3.5 42.241180419921875 9.965926170349121
    vertex -9.808692880142189e-08 42.0 9.866026878356934
  endloop
endfacet
facet normal 0.0 0.0 0.0
  outer loop
    vertex -9.808692880142189e-08 42.0 9.866026878356934
    vertex -3.5 42.241180419921875 9.965926170349121
    vertex -3.5 42.0 9.866026878356934
  endloop
endfacet
facet normal 0.0 0.0 0.0
  outer loop
    vertex -9.808692880142189e-08 42.0 9.866026878356934
    vertex -3.5 42.0 9.866026878356934
    vertex -9.372881493163732e-08 41.79289245605469 9.707106590270996
  endloop
endfacet
facet normal 0.0 0.0 0.0
  outer loop
    vertex -9.372881493163732e-08 41.79289245605469 9.707106590270996
    vertex -3.5 42.0 9.866026878356934
    vertex -3.5 41.79289245605469 9.707106590270996
  endloop
endfacet
facet normal 0.0 0.0 0.0
  outer loop
    vertex -9.372881493163732e-08 41.79289245605469 9.707106590270996
    vertex -3.5 41.79289245605469 9.707106590270996
    vertex -8.804924789274082e-08 41.633975982666016 9.5
  endloop
endfacet
facet normal 0.0 0.0 0.0
  outer loop
    vertex -8.804924789274082e-08 41.633975982666016 9.5
    vertex -3.5 41.79289245605469 9.707106590270996
    vertex -3.5 41.633975982666016 9.5
  endloop
endfacet
facet normal 0.0 0.0 0.0
  outer loop
    vertex -8.804924789274082e-08 41.633975982666016 9.5
    vertex -3.5 41.633975982666016 9.5
    vertex -8.143529584003772e-08 41.53407287597656 9.258819580078125
  endloop
endfacet
facet normal 0.0 0.0 0.0
  outer loop
    vertex -8.143529584003772e-08 41.53407287597656 9.258819580078125
    vertex -3.5 41.633975982666016 9.5
    vertex -3.5 41.53407287597656 9.258819580078125
  endloop
endfacet
facet normal 0.0 0.0 0.0
  outer loop
    vertex -8.143529584003772e-08 41.53407287597656 9.258819580078125
    vertex -3.5 41.53407287597656 9.258819580078125
    vertex -3.5 41.5 9.0
  endloop
endfacet
facet normal 0.0 0.0 0.0
  outer loop
    vertex -7.931633949279785 38.78141784667969 9.999999046325684
    vertex -7.999999046325684 38.0 9.999999046325684
    vertex -7.688964366912842 38.66346740722656 9.965926170349121
  endloop
endfacet
facet normal 0.0 0.0 0.0
  outer loop
    vertex -7.688964366912842 38.66346740722656 9.965926170349121
    vertex -7.999999046325684 38.0 9.999999046325684
    vertex -7.741179943084717 38.0 9.965926170349121
  endloop
endfacet
facet normal 0.0 0.0 0.0
  outer loop
    vertex -7.688964366912842 38.66346740722656 9.965926170349121
    vertex -7.741179943084717 38.0 9.965926170349121
    vertex -7.499999046325684 38.0 9.866026878356934
  endloop
endfacet
facet normal 0.0 0.0 0.0
  outer loop
    vertex -7.688964366912842 38.66346740722656 9.965926170349121
    vertex -7.499999046325684 38.0 9.866026878356934
    vertex -7.4507527351379395 38.62574005126953 9.866026878356934
  endloop
endfacet
facet normal 0.0 0.0 0.0
  outer loop
    vertex -7.4507527351379395 38.62574005126953 9.866026878356934
    vertex -7.499999046325684 38.0 9.866026878356934
    vertex -7.2928924560546875 38.0 9.707106590270996
  endloop
endfacet
facet normal 0.0 0.0 0.0
  outer loop
    vertex -7.4507527351379395 38.62574005126953 9.866026878356934
    vertex -7.2928924560546875 38.0 9.707106590270996
    vertex -7.2461957931518555 38.59333801269531 9.707106590270996
  endloop
endfacet
facet normal 0.0 0.0 0.0
  outer loop
    vertex -7.2461957931518555 38.59333801269531 9.707106590270996
    vertex -7.2928924560546875 38.0 9.707106590270996
    vertex -7.133973598480225 38.0 9.499999046325684
  endloop
endfacet
facet normal 0.0 0.0 0.0
  outer loop
    vertex -7.2461957931518555 38.59333801269531 9.707106590270996
    vertex -7.133973598480225 38.0 9.499999046325684
    vertex -7.0892333984375 38.568477630615234 9.499999046325684
  endloop
endfacet
facet normal 0.0 0.0 0.0
  outer loop
    vertex -7.0892333984375 38.568477630615234 9.499999046325684
    vertex -7.133973598480225 38.0 9.499999046325684
    vertex -7.034073352813721 38.0 9.258818626403809
  endloop
endfacet
facet normal 0.0 0.0 0.0
  outer loop
    vertex -7.0892333984375 38.568477630615234 9.499999046325684
    vertex -7.034073352813721 38.0 9.258818626403809
    vertex -6.990562915802002 38.55284881591797 9.258818626403809
  endloop
endfacet
facet normal 0.0 0.0 0.0
  outer loop
    vertex -6.990562915802002 38.55284881591797 9.258818626403809
    vertex -7.034073352813721 38.0 9.258818626403809
    vertex -6.999999046325684 38.0 8.999999046325684
  endloop
endfacet
facet normal 0.0 0.0 0.0
  outer loop
    vertex -6.990562915802002 38.55284881591797 9.258818626403809
    vertex -6.999999046325684 38.0 8.999999046325684
    vertex -6.932747840881348 38.68281555175781 8.999999046325684
  endloop
endfacet
facet normal 0.0 0.0 0.0
  outer loop
    vertex -6.990562915802002 38.55284881591797 9.258818626403809
    vertex -6.932747840881348 38.68281555175781 8.999999046325684
    vertex -6.861103534698486 39.09208679199219 9.258818626403809
  endloop
endfacet
facet normal 0.0 0.0 0.0
  outer loop
    vertex -6.861103534698486 39.09208679199219 9.258818626403809
    vertex -6.932747840881348 38.68281555175781 8.999999046325684
    vertex -6.733577728271484 39.339393615722656 8.999999046325684
  endloop
endfacet
facet normal 0.0 0.0 0.0
  outer loop
    vertex -6.861103534698486 39.09208679199219 9.258818626403809
    vertex -6.733577728271484 39.339393615722656 8.999999046325684
    vertex -6.6488823890686035 39.604434967041016 9.258818626403809
  endloop
endfacet
facet normal 0.0 0.0 0.0
  outer loop
    vertex -6.6488823890686035 39.604434967041016 9.258818626403809
    vertex -6.733577728271484 39.339393615722656 8.999999046325684
    vertex -6.41014289855957 39.944496154785156 8.999999046325684
  endloop
endfacet
facet normal 0.0 0.0 0.0
  outer loop
    vertex -6.6488823890686035 39.604434967041016 9.258818626403809
    vertex -6.41014289855957 39.944496154785156 8.999999046325684
    vertex -6.359125137329102 40.07727813720703 9.258818626403809
  endloop
endfacet
facet normal 0.0 0.0 0.0
  outer loop
    vertex -6.359125137329102 40.07727813720703 9.258818626403809
    vertex -6.41014289855957 39.944496154785156 8.999999046325684
    vertex -5.9748735427856445 40.47487258911133 8.999999046325684
  endloop
endfacet
facet normal 0.0 0.0 0.0
  outer loop
    vertex -6.359125137329102 40.07727813720703 9.258818626403809
    vertex -5.9748735427856445 40.47487258911133 8.999999046325684
    vertex -5.99896764755249 40.49897003173828 9.258818626403809
  endloop
endfacet
facet normal 0.0 0.0 0.0
  outer loop
    vertex -5.99896764755249 40.49897003173828 9.258818626403809
    vertex -5.9748735427856445 40.47487258911133 8.999999046325684
    vertex -5.577276229858398 40.859127044677734 9.258818626403809
  endloop
endfacet
facet normal 0.0 0.0 0.0
  outer loop
    vertex -5.99896764755249 40.49897003173828 9.258818626403809
    vertex -5.577276229858398 40.859127044677734 9.258818626403809
    vertex -5.635996341705322 40.93994903564453 9.499999046325684
  endloop
endfacet
facet normal 0.0 0.0 0.0
  outer loop
    vertex -5.635996341705322 40.93994903564453 9.499999046325684
    vertex -5.577276229858398 40.859127044677734 9.258818626403809
    vertex -5.149789810180664 41.23789596557617 9.499999046325684
  endloop
endfacet
facet normal 0.0 0.0 0.0
  outer loop
    vertex -5.635996341705322 40.93994903564453 9.499999046325684
    vertex -5.149789810180664 41.23789596557617 9.499999046325684
    vertex -5.22193717956543 41.379493713378906 9.707106590270996
  endloop
endfacet
facet normal 0.0 0.0 0.0
  outer loop
    vertex -5.22193717956543 41.379493713378906 9.707106590270996
    vertex -5.149789810180664 41.23789596557617 9.499999046325684
    vertex -4.672068119049072 41.60725402832031 9.707106590270996
  endloop
endfacet
facet normal 0.0 0.0 0.0
  outer loop
    vertex -5.22193717956543 41.379493713378906 9.707106590270996
    vertex -4.672068119049072 41.60725402832031 9.707106590270996
    vertex -4.736067771911621 41.80422592163086 9.866026878356934
  endloop
endfacet
facet normal 0.0 0.0 0.0
  outer loop
    vertex -4.736067771911621 41.80422592163086 9.866026878356934
    vertex -4.672068119049072 41.60725402832031 9.707106590270996
    vertex -4.12573766708374 41.95075225830078 9.866026878356934
  endloop
endfacet
facet normal 0.0 0.0 0.0
  outer loop
    vertex -4.736067771911621 41.80422592163086 9.866026878356934
    vertex -4.12573766708374 41.95075225830078 9.866026878356934
    vertex -4.163466453552246 42.18896484375 9.965926170349121
  endloop
endfacet
facet normal 0.0 0.0 0.0
  outer loop
    vertex -4.163466453552246 42.18896484375 9.965926170349121
    vertex -4.12573766708374 41.95075225830078 9.866026878356934
    vertex -3.5 42.241180419921875 9.965926170349121
  endloop
endfacet
facet normal 0.0 0.0 0.0
  outer loop
    vertex -4.163466453552246 42.18896484375 9.965926170349121
    vertex -3.5 42.241180419921875 9.965926170349121
    vertex -3.5 42.5 9.999999046325684
  endloop
endfacet
facet normal 0.0 0.0 0.0
  outer loop
    vertex -5.9748735427856445 40.47487258911133 8.999999046325684
    vertex -5.444495677947998 40.9101448059082 8.999999046325684
    vertex -5.577276229858398 40.859127044677734 9.258818626403809
  endloop
endfacet
facet normal 0.0 0.0 0.0
  outer loop
    vertex -5.577276229858398 40.859127044677734 9.258818626403809
    vertex -5.444495677947998 40.9101448059082 8.999999046325684
    vertex -5.104435920715332 41.14888381958008 9.258818626403809
  endloop
endfacet
facet normal 0.0 0.0 0.0
  outer loop
    vertex -5.577276229858398 40.859127044677734 9.258818626403809
    vertex -5.104435920715332 41.14888381958008 9.258818626403809
    vertex -5.149789810180664 41.23789596557617 9.499999046325684
  endloop
endfacet
facet normal 0.0 0.0 0.0
  outer loop
    vertex -5.149789810180664 41.23789596557617 9.499999046325684
    vertex -5.104435920715332 41.14888381958008 9.258818626403809
    vertex -4.622959613800049 41.45611572265625 9.499999046325684
  endloop
endfacet
facet normal 0.0 0.0 0.0
  outer loop
    vertex -5.149789810180664 41.23789596557617 9.499999046325684
    vertex -4.622959613800049 41.45611572265625 9.499999046325684
    vertex -4.672068119049072 41.60725402832031 9.707106590270996
  endloop
endfacet
facet normal 0.0 0.0 0.0
  outer loop
    vertex -4.672068119049072 41.60725402832031 9.707106590270996
    vertex -4.622959613800049 41.45611572265625 9.499999046325684
    vertex -4.093338966369629 41.74619674682617 9.707106590270996
  endloop
endfacet
facet normal 0.0 0.0 0.0
  outer loop
    vertex -4.672068119049072 41.60725402832031 9.707106590270996
    vertex -4.093338966369629 41.74619674682617 9.707106590270996
    vertex -4.12573766708374 41.95075225830078 9.866026878356934
  endloop
endfacet
facet normal 0.0 0.0 0.0
  outer loop
    vertex -4.12573766708374 41.95075225830078 9.866026878356934
    vertex -4.093338966369629 41.74619674682617 9.707106590270996
    vertex -3.5 42.0 9.866026878356934
  endloop
endfacet
facet normal 0.0 0.0 0.0
  outer loop
    vertex -4.12573766708374 41.95075225830078 9.866026878356934
    vertex -3.5 42.0 9.866026878356934
    vertex -3.5 42.241180419921875 9.965926170349121
  endloop
endfacet
facet normal 0.0 0.0 0.0
  outer loop
    vertex -5.444495677947998 40.9101448059082 8.999999046325684
    vertex -4.839391708374023 41.233577728271484 8.999999046325684
    vertex -5.104435920715332 41.14888381958008 9.258818626403809
  endloop
endfacet
facet normal 0.0 0.0 0.0
  outer loop
    vertex -5.104435920715332 41.14888381958008 9.258818626403809
    vertex -4.839391708374023 41.233577728271484 8.999999046325684
    vertex -4.59208869934082 41.36110305786133 9.258818626403809
  endloop
endfacet
facet normal 0.0 0.0 0.0
  outer loop
    vertex -5.104435920715332 41.14888381958008 9.258818626403809
    vertex -4.59208869934082 41.36110305786133 9.258818626403809
    vertex -4.622959613800049 41.45611572265625 9.499999046325684
  endloop
endfacet
facet normal 0.0 0.0 0.0
  outer loop
    vertex -4.622959613800049 41.45611572265625 9.499999046325684
    vertex -4.59208869934082 41.36110305786133 9.258818626403809
    vertex -4.068478584289551 41.5892333984375 9.5
  endloop
endfacet
facet normal 0.0 0.0 0.0
  outer loop
    vertex -4.622959613800049 41.45611572265625 9.499999046325684
    vertex -4.068478584289551 41.5892333984375 9.5
    vertex -4.093338966369629 41.74619674682617 9.707106590270996
  endloop
endfacet
facet normal 0.0 0.0 0.0
  outer loop
    vertex -4.093338966369629 41.74619674682617 9.707106590270996
    vertex -4.068478584289551 41.5892333984375 9.5
    vertex -3.5 41.79289245605469 9.707106590270996
  endloop
endfacet
facet normal 0.0 0.0 0.0
  outer loop
    vertex -4.093338966369629 41.74619674682617 9.707106590270996
    vertex -3.5 41.79289245605469 9.707106590270996
    vertex -3.5 42.0 9.866026878356934
  endloop
endfacet
facet normal 0.0 0.0 0.0
  outer loop
    vertex -4.839391708374023 41.233577728271484 8.999999046325684
    vertex -4.182816028594971 41.43274688720703 9.0
    vertex -4.59208869934082 41.36110305786133 9.258818626403809
  endloop
endfacet
facet normal 0.0 0.0 0.0
  outer loop
    vertex -4.59208869934082 41.36110305786133 9.258818626403809
    vertex -4.182816028594971 41.43274688720703 9.0
    vertex -4.052850723266602 41.490562438964844 9.258819580078125
  endloop
endfacet
facet normal 0.0 0.0 0.0
  outer loop
    vertex -4.59208869934082 41.36110305786133 9.258818626403809
    vertex -4.052850723266602 41.490562438964844 9.258819580078125
    vertex -4.068478584289551 41.5892333984375 9.5
  endloop
endfacet
facet normal 0.0 0.0 0.0
  outer loop
    vertex -4.068478584289551 41.5892333984375 9.5
    vertex -4.052850723266602 41.490562438964844 9.258819580078125
    vertex -3.5 41.633975982666016 9.5
  endloop
endfacet
facet normal 0.0 0.0 0.0
  outer loop
    vertex -4.068478584289551 41.5892333984375 9.5
    vertex -3.5 41.633975982666016 9.5
    vertex -3.5 41.79289245605469 9.707106590270996
  endloop
endfacet
facet normal 0.0 0.0 0.0
  outer loop
    vertex -4.182816028594971 41.43274688720703 9.0
    vertex -3.5 41.5 9.0
    vertex -4.052850723266602 41.490562438964844 9.258819580078125
  endloop
endfacet
facet normal 0.0 0.0 0.0
  outer loop
    vertex -4.052850723266602 41.490562438964844 9.258819580078125
    vertex -3.5 41.5 9.0
    vertex -3.5 41.53407287597656 9.258819580078125
  endloop
endfacet
facet normal 0.0 0.0 0.0
  outer loop
    vertex -4.052850723266602 41.490562438964844 9.258819580078125
    vertex -3.5 41.53407287597656 9.258819580078125
    vertex -3.5 41.633975982666016 9.5
  endloop
endfacet
facet normal 0.0 0.0 0.0
  outer loop
    vertex -3.5 42.5 9.999999046325684
    vertex -4.281416416168213 42.43163299560547 9.999999046325684
    vertex -4.163466453552246 42.18896484375 9.965926170349121
  endloop
endfacet
facet normal 0.0 0.0 0.0
  outer loop
    vertex -4.163466453552246 42.18896484375 9.965926170349121
    vertex -4.281416416168213 42.43163299560547 9.999999046325684
    vertex -4.810596466064453 42.03360366821289 9.965926170349121
  endloop
endfacet
facet normal 0.0 0.0 0.0
  outer loop
    vertex -4.163466453552246 42.18896484375 9.965926170349121
    vertex -4.810596466064453 42.03360366821289 9.965926170349121
    vertex -4.736067771911621 41.80422592163086 9.866026878356934
  endloop
endfacet
facet normal 0.0 0.0 0.0
  outer loop
    vertex -4.736067771911621 41.80422592163086 9.866026878356934
    vertex -4.810596466064453 42.03360366821289 9.965926170349121
    vertex -5.315961837768555 41.56402587890625 9.866026878356934
  endloop
endfacet
facet normal 0.0 0.0 0.0
  outer loop
    vertex -4.736067771911621 41.80422592163086 9.866026878356934
    vertex -5.315961837768555 41.56402587890625 9.866026878356934
    vertex -5.22193717956543 41.379493713378906 9.707106590270996
  endloop
endfacet
facet normal 0.0 0.0 0.0
  outer loop
    vertex -5.22193717956543 41.379493713378906 9.707106590270996
    vertex -5.315961837768555 41.56402587890625 9.866026878356934
    vertex -5.729406356811523 41.06851577758789 9.707106590270996
  endloop
endfacet
facet normal 0.0 0.0 0.0
  outer loop
    vertex -5.22193717956543 41.379493713378906 9.707106590270996
    vertex -5.729406356811523 41.06851577758789 9.707106590270996
    vertex -5.635996341705322 40.93994903564453 9.499999046325684
  endloop
endfacet
facet normal 0.0 0.0 0.0
  outer loop
    vertex -5.635996341705322 40.93994903564453 9.499999046325684
    vertex -5.729406356811523 41.06851577758789 9.707106590270996
    vertex -6.069607257843018 40.56960678100586 9.499999046325684
  endloop
endfacet
facet normal 0.0 0.0 0.0
  outer loop
    vertex -5.635996341705322 40.93994903564453 9.499999046325684
    vertex -6.069607257843018 40.56960678100586 9.499999046325684
    vertex -5.99896764755249 40.49897003173828 9.258818626403809
  endloop
endfacet
facet normal 0.0 0.0 0.0
  outer loop
    vertex -5.99896764755249 40.49897003173828 9.258818626403809
    vertex -6.069607257843018 40.56960678100586 9.499999046325684
    vertex -6.359125137329102 40.07727813720703 9.258818626403809
  endloop
endfacet
facet normal 0.0 0.0 0.0
  outer loop
    vertex -4.281416416168213 42.43163299560547 9.999999046325684
    vertex -5.039090156555176 42.228614807128906 9.999999046325684
    vertex -4.810596466064453 42.03360366821289 9.965926170349121
  endloop
endfacet
facet normal 0.0 0.0 0.0
  outer loop
    vertex -4.810596466064453 42.03360366821289 9.965926170349121
    vertex -5.039090156555176 42.228614807128906 9.999999046325684
    vertex -5.425455570220947 41.7789192199707 9.965926170349121
  endloop
endfacet
facet normal 0.0 0.0 0.0
  outer loop
    vertex -4.810596466064453 42.03360366821289 9.965926170349121
    vertex -5.425455570220947 41.7789192199707 9.965926170349121
    vertex -5.315961837768555 41.56402587890625 9.866026878356934
  endloop
endfacet
facet normal 0.0 0.0 0.0
  outer loop
    vertex -5.315961837768555 41.56402587890625 9.866026878356934
    vertex -5.425455570220947 41.7789192199707 9.965926170349121
    vertex -5.85114049911499 41.23606872558594 9.866026878356934
  endloop
endfacet
facet normal 0.0 0.0 0.0
  outer loop
    vertex -5.315961837768555 41.56402587890625 9.866026878356934
    vertex -5.85114049911499 41.23606872558594 9.866026878356934
    vertex -5.729406356811523 41.06851577758789 9.707106590270996
  endloop
endfacet
facet normal 0.0 0.0 0.0
  outer loop
    vertex -5.729406356811523 41.06851577758789 9.707106590270996
    vertex -5.85114049911499 41.23606872558594 9.866026878356934
    vertex -6.181979656219482 40.68198013305664 9.707106590270996
  endloop
endfacet
facet normal 0.0 0.0 0.0
  outer loop
    vertex -5.729406356811523 41.06851577758789 9.707106590270996
    vertex -6.181979656219482 40.68198013305664 9.707106590270996
    vertex -6.069607257843018 40.56960678100586 9.499999046325684
  endloop
endfacet
facet normal 0.0 0.0 0.0
  outer loop
    vertex -6.069607257843018 40.56960678100586 9.499999046325684
    vertex -6.181979656219482 40.68198013305664 9.707106590270996
    vertex -6.439946174621582 40.1359977722168 9.499999046325684
  endloop
endfacet
facet normal 0.0 0.0 0.0
  outer loop
    vertex -6.069607257843018 40.56960678100586 9.499999046325684
    vertex -6.439946174621582 40.1359977722168 9.499999046325684
    vertex -6.359125137329102 40.07727813720703 9.258818626403809
  endloop
endfacet
facet normal 0.0 0.0 0.0
  outer loop
    vertex -6.359125137329102 40.07727813720703 9.258818626403809
    vertex -6.439946174621582 40.1359977722168 9.499999046325684
    vertex -6.6488823890686035 39.604434967041016 9.258818626403809
  endloop
endfacet
facet normal 0.0 0.0 0.0
  outer loop
    vertex -5.039090156555176 42.228614807128906 9.999999046325684
    vertex -5.749999523162842 41.89711380004883 9.999999046325684
    vertex -5.425455570220947 41.7789192199707 9.965926170349121
  endloop
endfacet
facet normal 0.0 0.0 0.0
  outer loop
    vertex -5.425455570220947 41.7789192199707 9.965926170349121
    vertex -5.749999523162842 41.89711380004883 9.999999046325684
    vertex -5.992903232574463 41.43118667602539 9.965926170349121
  endloop
endfacet
facet normal 0.0 0.0 0.0
  outer loop
    vertex -5.425455570220947 41.7789192199707 9.965926170349121
    vertex -5.992903232574463 41.43118667602539 9.965926170349121
    vertex -5.85114049911499 41.23606872558594 9.866026878356934
  endloop
endfacet
facet normal 0.0 0.0 0.0
  outer loop
    vertex -5.85114049911499 41.23606872558594 9.866026878356934
    vertex -5.992903232574463 41.43118667602539 9.965926170349121
    vertex -6.328426361083984 40.828426361083984 9.866026878356934
  endloop
endfacet
facet normal 0.0 0.0 0.0
  outer loop
    vertex -5.85114049911499 41.23606872558594 9.866026878356934
    vertex -6.328426361083984 40.828426361083984 9.866026878356934
    vertex -6.181979656219482 40.68198013305664 9.707106590270996
  endloop
endfacet
facet normal 0.0 0.0 0.0
  outer loop
    vertex -6.181979656219482 40.68198013305664 9.707106590270996
    vertex -6.328426361083984 40.828426361083984 9.866026878356934
    vertex -6.568514347076416 40.229408264160156 9.707106590270996
  endloop
endfacet
facet normal 0.0 0.0 0.0
  outer loop
    vertex -6.181979656219482 40.68198013305664 9.707106590270996
    vertex -6.568514347076416 40.229408264160156 9.707106590270996
    vertex -6.439946174621582 40.1359977722168 9.499999046325684
  endloop
endfacet
facet normal 0.0 0.0 0.0
  outer loop
    vertex -6.439946174621582 40.1359977722168 9.499999046325684
    vertex -6.568514347076416 40.229408264160156 9.707106590270996
    vertex -6.737894058227539 39.64978790283203 9.499999046325684
  endloop
endfacet
facet normal 0.0 0.0 0.0
  outer loop
    vertex -6.439946174621582 40.1359977722168 9.499999046325684
    vertex -6.737894058227539 39.64978790283203 9.499999046325684
    vertex -6.6488823890686035 39.604434967041016 9.258818626403809
  endloop
endfacet
facet normal 0.0 0.0 0.0
  outer loop
    vertex -6.6488823890686035 39.604434967041016 9.258818626403809
    vertex -6.737894058227539 39.64978790283203 9.499999046325684
    vertex -6.861103534698486 39.09208679199219 9.258818626403809
  endloop
endfacet
facet normal 0.0 0.0 0.0
  outer loop
    vertex -5.749999523162842 41.89711380004883 9.999999046325684
    vertex -6.392543315887451 41.447200775146484 9.999999046325684
    vertex -5.992903232574463 41.43118667602539 9.965926170349121
  endloop
endfacet
facet normal 0.0 0.0 0.0
  outer loop
    vertex -5.992903232574463 41.43118667602539 9.965926170349121
    vertex -6.392543315887451 41.447200775146484 9.999999046325684
    vertex -6.498967170715332 40.998966217041016 9.965926170349121
  endloop
endfacet
facet normal 0.0 0.0 0.0
  outer loop
    vertex -5.992903232574463 41.43118667602539 9.965926170349121
    vertex -6.498967170715332 40.998966217041016 9.965926170349121
    vertex -6.328426361083984 40.828426361083984 9.866026878356934
  endloop
endfacet
facet normal 0.0 0.0 0.0
  outer loop
    vertex -6.328426361083984 40.828426361083984 9.866026878356934
    vertex -6.498967170715332 40.998966217041016 9.965926170349121
    vertex -6.736067295074463 40.35114288330078 9.866026878356934
  endloop
endfacet
facet normal 0.0 0.0 0.0
  outer loop
    vertex -6.328426361083984 40.828426361083984 9.866026878356934
    vertex -6.736067295074463 40.35114288330078 9.866026878356934
    vertex -6.568514347076416 40.229408264160156 9.707106590270996
  endloop
endfacet
facet normal 0.0 0.0 0.0
  outer loop
    vertex -6.568514347076416 40.229408264160156 9.707106590270996
    vertex -6.736067295074463 40.35114288330078 9.866026878356934
    vertex -6.879491806030273 39.72193908691406 9.707106590270996
  endloop
endfacet
facet normal 0.0 0.0 0.0
  outer loop
    vertex -6.568514347076416 40.229408264160156 9.707106590270996
    vertex -6.879491806030273 39.72193908691406 9.707106590270996
    vertex -6.737894058227539 39.64978790283203 9.499999046325684
  endloop
endfacet
facet normal 0.0 0.0 0.0
  outer loop
    vertex -6.737894058227539 39.64978790283203 9.499999046325684
    vertex -6.879491806030273 39.72193908691406 9.707106590270996
    vertex -6.956114292144775 39.12295913696289 9.499999046325684
  endloop
endfacet
facet normal 0.0 0.0 0.0
  outer loop
    vertex -6.737894058227539 39.64978790283203 9.499999046325684
    vertex -6.956114292144775 39.12295913696289 9.499999046325684
    vertex -6.861103534698486 39.09208679199219 9.258818626403809
  endloop
endfacet
facet normal 0.0 0.0 0.0
  outer loop
    vertex -6.861103534698486 39.09208679199219 9.258818626403809
    vertex -6.956114292144775 39.12295913696289 9.499999046325684
    vertex -6.990562915802002 38.55284881591797 9.258818626403809
  endloop
endfacet
facet normal 0.0 0.0 0.0
  outer loop
    vertex -6.392543315887451 41.447200775146484 9.999999046325684
    vertex -6.94719934463501 40.89254379272461 9.999999046325684
    vertex -6.498967170715332 40.998966217041016 9.965926170349121
  endloop
endfacet
facet normal 0.0 0.0 0.0
  outer loop
    vertex -6.498967170715332 40.998966217041016 9.965926170349121
    vertex -6.94719934463501 40.89254379272461 9.999999046325684
    vertex -6.931186676025391 40.49290466308594 9.965926170349121
  endloop
endfacet
facet normal 0.0 0.0 0.0
  outer loop
    vertex -6.498967170715332 40.998966217041016 9.965926170349121
    vertex -6.931186676025391 40.49290466308594 9.965926170349121
    vertex -6.736067295074463 40.35114288330078 9.866026878356934
  endloop
endfacet
facet normal 0.0 0.0 0.0
  outer loop
    vertex -6.736067295074463 40.35114288330078 9.866026878356934
    vertex -6.931186676025391 40.49290466308594 9.965926170349121
    vertex -7.064025402069092 39.81596374511719 9.866026878356934
  endloop
endfacet
facet normal 0.0 0.0 0.0
  outer loop
    vertex -6.736067295074463 40.35114288330078 9.866026878356934
    vertex -7.064025402069092 39.81596374511719 9.866026878356934
    vertex -6.879491806030273 39.72193908691406 9.707106590270996
  endloop
endfacet
facet normal 0.0 0.0 0.0
  outer loop
    vertex -6.879491806030273 39.72193908691406 9.707106590270996
    vertex -7.064025402069092 39.81596374511719 9.866026878356934
    vertex -7.107254981994629 39.17206954956055 9.707106590270996
  endloop
endfacet
facet normal 0.0 0.0 0.0
  outer loop
    vertex -6.879491806030273 39.72193908691406 9.707106590270996
    vertex -7.107254981994629 39.17206954956055 9.707106590270996
    vertex -6.956114292144775 39.12295913696289 9.499999046325684
  endloop
endfacet
facet normal 0.0 0.0 0.0
  outer loop
    vertex -6.956114292144775 39.12295913696289 9.499999046325684
    vertex -7.107254981994629 39.17206954956055 9.707106590270996
    vertex -7.0892333984375 38.568477630615234 9.499999046325684
  endloop
endfacet
facet normal 0.0 0.0 0.0
  outer loop
    vertex -6.956114292144775 39.12295913696289 9.499999046325684
    vertex -7.0892333984375 38.568477630615234 9.499999046325684
    vertex -6.990562915802002 38.55284881591797 9.258818626403809
  endloop
endfacet
facet normal 0.0 0.0 0.0
  outer loop
    vertex -6.94719934463501 40.89254379272461 9.999999046325684
    vertex -7.39711332321167 40.25 9.999999046325684
    vertex -6.931186676025391 40.49290466308594 9.965926170349121
  endloop
endfacet
facet normal 0.0 0.0 0.0
  outer loop
    vertex -6.931186676025391 40.49290466308594 9.965926170349121
    vertex -7.39711332321167 40.25 9.999999046325684
    vertex -7.278919219970703 39.92545700073242 9.965926170349121
  endloop
endfacet
facet normal 0.0 0.0 0.0
  outer loop
    vertex -6.931186676025391 40.49290466308594 9.965926170349121
    vertex -7.278919219970703 39.92545700073242 9.965926170349121
    vertex -7.064025402069092 39.81596374511719 9.866026878356934
  endloop
endfacet
facet normal 0.0 0.0 0.0
  outer loop
    vertex -7.064025402069092 39.81596374511719 9.866026878356934
    vertex -7.278919219970703 39.92545700073242 9.965926170349121
    vertex -7.304225444793701 39.23606872558594 9.866026878356934
  endloop
endfacet
facet normal 0.0 0.0 0.0
  outer loop
    vertex -7.064025402069092 39.81596374511719 9.866026878356934
    vertex -7.304225444793701 39.23606872558594 9.866026878356934
    vertex -7.107254981994629 39.17206954956055 9.707106590270996
  endloop
endfacet
facet normal 0.0 0.0 0.0
  outer loop
    vertex -7.107254981994629 39.17206954956055 9.707106590270996
    vertex -7.304225444793701 39.23606872558594 9.866026878356934
    vertex -7.2461957931518555 38.59333801269531 9.707106590270996
  endloop
endfacet
facet normal 0.0 0.0 0.0
  outer loop
    vertex -7.107254981994629 39.17206954956055 9.707106590270996
    vertex -7.2461957931518555 38.59333801269531 9.707106590270996
    vertex -7.0892333984375 38.568477630615234 9.499999046325684
  endloop
endfacet
facet normal 0.0 0.0 0.0
  outer loop
    vertex -7.39711332321167 40.25 9.999999046325684
    vertex -7.728615760803223 39.539093017578125 9.999999046325684
    vertex -7.278919219970703 39.92545700073242 9.965926170349121
  endloop
endfacet
facet normal 0.0 0.0 0.0
  outer loop
    vertex -7.278919219970703 39.92545700073242 9.965926170349121
    vertex -7.728615760803223 39.539093017578125 9.999999046325684
    vertex -7.533601760864258 39.31059646606445 9.965926170349121
  endloop
endfacet
facet normal 0.0 0.0 0.0
  outer loop
    vertex -7.278919219970703 39.92545700073242 9.965926170349121
    vertex -7.533601760864258 39.31059646606445 9.965926170349121
    vertex -7.304225444793701 39.23606872558594 9.866026878356934
  endloop
endfacet
facet normal 0.0 0.0 0.0
  outer loop
    vertex -7.304225444793701 39.23606872558594 9.866026878356934
    vertex -7.533601760864258 39.31059646606445 9.965926170349121
    vertex -7.4507527351379395 38.62574005126953 9.866026878356934
  endloop
endfacet
facet normal 0.0 0.0 0.0
  outer loop
    vertex -7.304225444793701 39.23606872558594 9.866026878356934
    vertex -7.4507527351379395 38.62574005126953 9.866026878356934
    vertex -7.2461957931518555 38.59333801269531 9.707106590270996
  endloop
endfacet
facet normal 0.0 0.0 0.0
  outer loop
    vertex -7.728615760803223 39.539093017578125 9.999999046325684
    vertex -7.931633949279785 38.78141784667969 9.999999046325684
    vertex -7.533601760864258 39.31059646606445 9.965926170349121
  endloop
endfacet
facet normal 0.0 0.0 0.0
  outer loop
    vertex -7.533601760864258 39.31059646606445 9.965926170349121
    vertex -7.931633949279785 38.78141784667969 9.999999046325684
    vertex -7.688964366912842 38.66346740722656 9.965926170349121
  endloop
endfacet
facet normal 0.0 0.0 0.0
  outer loop
    vertex -7.533601760864258 39.31059646606445 9.965926170349121
    vertex -7.688964366912842 38.66346740722656 9.965926170349121
    vertex -7.4507527351379395 38.62574005126953 9.866026878356934
  endloop
endfacet
facet normal 0.0 0.0 0.0
  outer loop
    vertex -7.741179943084717 -40.0 9.965926170349121
    vertex -7.741179943084717 -34.42857360839844 9.965926170349121
    vertex -7.999999046325684 -40.0 9.999999046325684
  endloop
endfacet
facet normal 0.0 0.0 0.0
  outer loop
    vertex -7.999999046325684 -40.0 9.999999046325684
    vertex -7.741179943084717 -34.42857360839844 9.965926170349121
    vertex -7.741179943084717 -28.857139587402344 9.965926170349121
  endloop
endfacet
facet normal 0.0 0.0 0.0
  outer loop
    vertex -7.999999046325684 -40.0 9.999999046325684
    vertex -7.741179943084717 -28.857139587402344 9.965926170349121
    vertex -7.741179943084717 -23.28571319580078 9.965926170349121
  endloop
endfacet
facet normal 0.0 0.0 0.0
  outer loop
    vertex -7.741179943084717 -23.28571319580078 9.965926170349121
    vertex -7.741179943084717 -28.857139587402344 9.965926170349121
    vertex -7.499999046325684 -23.28571319580078 9.866026878356934
  endloop
endfacet
facet normal 0.0 0.0 0.0
  outer loop
    vertex -7.741179943084717 -23.28571319580078 9.965926170349121
    vertex -7.499999046325684 -23.28571319580078 9.866026878356934
    vertex -7.499999046325684 -17.71428680419922 9.866026878356934
  endloop
endfacet
facet normal 0.0 0.0 0.0
  outer loop
    vertex -7.499999046325684 -17.71428680419922 9.866026878356934
    vertex -7.499999046325684 -23.28571319580078 9.866026878356934
    vertex -7.2928924560546875 -17.71428680419922 9.707106590270996
  endloop
endfacet
facet normal 0.0 0.0 0.0
  outer loop
    vertex -7.499999046325684 -17.71428680419922 9.866026878356934
    vertex -7.2928924560546875 -17.71428680419922 9.707106590270996
    vertex -7.2928924560546875 -12.14285659790039 9.707106590270996
  endloop
endfacet
facet normal 0.0 0.0 0.0
  outer loop
    vertex -7.2928924560546875 -12.14285659790039 9.707106590270996
    vertex -7.2928924560546875 -17.71428680419922 9.707106590270996
    vertex -7.133973598480225 -12.14285659790039 9.499999046325684
  endloop
endfacet
facet normal 0.0 0.0 0.0
  outer loop
    vertex -7.2928924560546875 -12.14285659790039 9.707106590270996
    vertex -7.133973598480225 -12.14285659790039 9.499999046325684
    vertex -7.133973598480225 -6.571430206298828 9.499999046325684
  endloop
endfacet
facet normal 0.0 0.0 0.0
  outer loop
    vertex -7.133973598480225 -6.571430206298828 9.499999046325684
    vertex -7.133973598480225 -12.14285659790039 9.499999046325684
    vertex -7.034073352813721 -6.571430206298828 9.258818626403809
  endloop
endfacet
facet normal 0.0 0.0 0.0
  outer loop
    vertex -7.133973598480225 -6.571430206298828 9.499999046325684
    vertex -7.034073352813721 -6.571430206298828 9.258818626403809
    vertex -7.034073352813721 -1.0 9.258818626403809
  endloop
endfacet
facet normal 0.0 0.0 0.0
  outer loop
    vertex -7.034073352813721 -1.0 9.258818626403809
    vertex -7.034073352813721 -6.571430206298828 9.258818626403809
    vertex -6.999999046325684 -40.0 8.999999046325684
  endloop
endfacet
facet normal 0.0 0.0 0.0
  outer loop
    vertex -7.034073352813721 -1.0 9.258818626403809
    vertex -6.999999046325684 -40.0 8.999999046325684
    vertex -6.999999046325684 38.0 8.999999046325684
  endloop
endfacet
facet normal 0.0 0.0 0.0
  outer loop
    vertex -7.741179943084717 -34.42857360839844 9.965926170349121
    vertex -7.741179943084717 -40.0 9.965926170349121
    vertex -7.499999046325684 -34.42857360839844 9.866026878356934
  endloop
endfacet
facet normal 0.0 0.0 0.0
  outer loop
    vertex -7.499999046325684 -34.42857360839844 9.866026878356934
    vertex -7.741179943084717 -40.0 9.965926170349121
    vertex -7.499999046325684 -40.0 9.866026878356934
  endloop
endfacet
facet normal 0.0 0.0 0.0
  outer loop
    vertex -7.499999046325684 -34.42857360839844 9.866026878356934
    vertex -7.499999046325684 -40.0 9.866026878356934
    vertex -7.2928924560546875 -34.42857360839844 9.707106590270996
  endloop
endfacet
facet normal 0.0 0.0 0.0
  outer loop
    vertex -7.2928924560546875 -34.42857360839844 9.707106590270996
    vertex -7.499999046325684 -40.0 9.866026878356934
    vertex -7.2928924560546875 -40.0 9.707106590270996
  endloop
endfacet
facet normal 0.0 0.0 0.0
  outer loop
    vertex -7.2928924560546875 -34.42857360839844 9.707106590270996
    vertex -7.2928924560546875 -40.0 9.707106590270996
    vertex -7.133973598480225 -34.42857360839844 9.499999046325684
  endloop
endfacet
facet normal 0.0 0.0 0.0
  outer loop
    vertex -7.133973598480225 -34.42857360839844 9.499999046325684
    vertex -7.2928924560546875 -40.0 9.707106590270996
    vertex -7.133973598480225 -40.0 9.499999046325684
  endloop
endfacet
facet normal 0.0 0.0 0.0
  outer loop
    vertex -7.133973598480225 -34.42857360839844 9.499999046325684
    vertex -7.133973598480225 -40.0 9.499999046325684
    vertex -7.034073352813721 -34.42857360839844 9.258818626403809
  endloop
endfacet
facet normal 0.0 0.0 0.0
  outer loop
    vertex -7.034073352813721 -34.42857360839844 9.258818626403809
    vertex -7.133973598480225 -40.0 9.499999046325684
    vertex -7.034073352813721 -40.0 9.258818626403809
  endloop
endfacet
facet normal 0.0 0.0 0.0
  outer loop
    vertex -7.034073352813721 -34.42857360839844 9.258818626403809
    vertex -7.034073352813721 -40.0 9.258818626403809
    vertex -6.999999046325684 -40.0 8.999999046325684
  endloop
endfacet
facet normal 0.0 0.0 0.0
  outer loop
    vertex -7.034073352813721 38.0 9.258818626403809
    vertex -7.034073352813721 32.42857360839844 9.258818626403809
    vertex -6.999999046325684 38.0 8.999999046325684
  endloop
endfacet
facet normal 0.0 0.0 0.0
  outer loop
    vertex -6.999999046325684 38.0 8.999999046325684
    vertex -7.034073352813721 32.42857360839844 9.258818626403809
    vertex -7.034073352813721 26.85714340209961 9.258818626403809
  endloop
endfacet
facet normal 0.0 0.0 0.0
  outer loop
    vertex -6.999999046325684 38.0 8.999999046325684
    vertex -7.034073352813721 26.85714340209961 9.258818626403809
    vertex -7.034073352813721 21.285715103149414 9.258818626403809
  endloop
endfacet
facet normal 0.0 0.0 0.0
  outer loop
    vertex -7.034073352813721 21.285715103149414 9.258818626403809
    vertex -7.034073352813721 26.85714340209961 9.258818626403809
    vertex -7.133973598480225 21.285715103149414 9.499999046325684
  endloop
endfacet
facet normal 0.0 0.0 0.0
  outer loop
    vertex -7.034073352813721 21.285715103149414 9.258818626403809
    vertex -7.133973598480225 21.285715103149414 9.499999046325684
    vertex -7.133973598480225 15.714286804199219 9.499999046325684
  endloop
endfacet
facet normal 0.0 0.0 0.0
  outer loop
    vertex -7.133973598480225 15.714286804199219 9.499999046325684
    vertex -7.133973598480225 21.285715103149414 9.499999046325684
    vertex -7.2928924560546875 15.714286804199219 9.707106590270996
  endloop
endfacet
facet normal 0.0 0.0 0.0
  outer loop
    vertex -7.133973598480225 15.714286804199219 9.499999046325684
    vertex -7.2928924560546875 15.714286804199219 9.707106590270996
    vertex -7.2928924560546875 10.14285659790039 9.707106590270996
  endloop
endfacet
facet normal 0.0 0.0 0.0
  outer loop
    vertex -7.2928924560546875 10.14285659790039 9.707106590270996
    vertex -7.2928924560546875 15.714286804199219 9.707106590270996
    vertex -7.499999046325684 10.14285659790039 9.866026878356934
  endloop
endfacet
facet normal 0.0 0.0 0.0
  outer loop
    vertex -7.2928924560546875 10.14285659790039 9.707106590270996
    vertex -7.499999046325684 10.14285659790039 9.866026878356934
    vertex -7.499999046325684 4.571430206298828 9.866026878356934
  endloop
endfacet
facet normal 0.0 0.0 0.0
  outer loop
    vertex -7.499999046325684 4.571430206298828 9.866026878356934
    vertex -7.499999046325684 10.14285659790039 9.866026878356934
    vertex -7.741179943084717 4.571430206298828 9.965926170349121
  endloop
endfacet
facet normal 0.0 0.0 0.0
  outer loop
    vertex -7.499999046325684 4.571430206298828 9.866026878356934
    vertex -7.741179943084717 4.571430206298828 9.965926170349121
    vertex -7.741179943084717 -1.0 9.965926170349121
  endloop
endfacet
facet normal 0.0 0.0 0.0
  outer loop
    vertex -7.741179943084717 -1.0 9.965926170349121
    vertex -7.741179943084717 4.571430206298828 9.965926170349121
    vertex -7.999999046325684 38.0 9.999999046325684
  endloop
endfacet
facet normal 0.0 0.0 0.0
  outer loop
    vertex -7.741179943084717 -1.0 9.965926170349121
    vertex -7.999999046325684 38.0 9.999999046325684
    vertex -7.999999046325684 -40.0 9.999999046325684
  endloop
endfacet
facet normal 0.0 0.0 0.0
  outer loop
    vertex -7.034073352813721 32.42857360839844 9.258818626403809
    vertex -7.034073352813721 38.0 9.258818626403809
    vertex -7.133973598480225 32.42857360839844 9.499999046325684
  endloop
endfacet
facet normal 0.0 0.0 0.0
  outer loop
    vertex -7.133973598480225 32.42857360839844 9.499999046325684
    vertex -7.034073352813721 38.0 9.258818626403809
    vertex -7.133973598480225 38.0 9.499999046325684
  endloop
endfacet
facet normal 0.0 0.0 0.0
  outer loop
    vertex -7.133973598480225 32.42857360839844 9.499999046325684
    vertex -7.133973598480225 38.0 9.499999046325684
    vertex -7.2928924560546875 32.42857360839844 9.707106590270996
  endloop
endfacet
facet normal 0.0 0.0 0.0
  outer loop
    vertex -7.2928924560546875 32.42857360839844 9.707106590270996
    vertex -7.133973598480225 38.0 9.499999046325684
    vertex -7.2928924560546875 38.0 9.707106590270996
  endloop
endfacet
facet normal 0.0 0.0 0.0
  outer loop
    vertex -7.2928924560546875 32.42857360839844 9.707106590270996
    vertex -7.2928924560546875 38.0 9.707106590270996
    vertex -7.499999046325684 32.42857360839844 9.866026878356934
  endloop
endfacet
facet normal 0.0 0.0 0.0
  outer loop
    vertex -7.499999046325684 32.42857360839844 9.866026878356934
    vertex -7.2928924560546875 38.0 9.707106590270996
    vertex -7.499999046325684 38.0 9.866026878356934
  endloop
endfacet
facet normal 0.0 0.0 0.0
  outer loop
    vertex -7.499999046325684 32.42857360839844 9.866026878356934
    vertex -7.499999046325684 38.0 9.866026878356934
    vertex -7.741179943084717 32.42857360839844 9.965926170349121
  endloop
endfacet
facet normal 0.0 0.0 0.0
  outer loop
    vertex -7.741179943084717 32.42857360839844 9.965926170349121
    vertex -7.499999046325684 38.0 9.866026878356934
    vertex -7.741179943084717 38.0 9.965926170349121
  endloop
endfacet
facet normal 0.0 0.0 0.0
  outer loop
    vertex -7.741179943084717 32.42857360839844 9.965926170349121
    vertex -7.741179943084717 38.0 9.965926170349121
    vertex -7.999999046325684 38.0 9.999999046325684
  endloop
endfacet
facet normal 0.0 0.0 0.0
  outer loop
    vertex -7.741179943084717 -28.857139587402344 9.965926170349121
    vertex -7.741179943084717 -34.42857360839844 9.965926170349121
    vertex -7.499999046325684 -28.857139587402344 9.866026878356934
  endloop
endfacet
facet normal 0.0 0.0 0.0
  outer loop
    vertex -7.499999046325684 -28.857139587402344 9.866026878356934
    vertex -7.741179943084717 -34.42857360839844 9.965926170349121
    vertex -7.499999046325684 -34.42857360839844 9.866026878356934
  endloop
endfacet
facet normal 0.0 0.0 0.0
  outer loop
    vertex -7.499999046325684 -28.857139587402344 9.866026878356934
    vertex -7.499999046325684 -34.42857360839844 9.866026878356934
    vertex -7.2928924560546875 -28.857139587402344 9.707106590270996
  endloop
endfacet
facet normal 0.0 0.0 0.0
  outer loop
    vertex -7.2928924560546875 -28.857139587402344 9.707106590270996
    vertex -7.499999046325684 -34.42857360839844 9.866026878356934
    vertex -7.2928924560546875 -34.42857360839844 9.707106590270996
  endloop
endfacet
facet normal 0.0 0.0 0.0
  outer loop
    vertex -7.2928924560546875 -28.857139587402344 9.707106590270996
    vertex -7.2928924560546875 -34.42857360839844 9.707106590270996
    vertex -7.133973598480225 -28.857139587402344 9.499999046325684
  endloop
endfacet
facet normal 0.0 0.0 0.0
  outer loop
    vertex -7.133973598480225 -28.857139587402344 9.499999046325684
    vertex -7.2928924560546875 -34.42857360839844 9.707106590270996
    vertex -7.133973598480225 -34.42857360839844 9.499999046325684
  endloop
endfacet
facet normal 0.0 0.0 0.0
  outer loop
    vertex -7.133973598480225 -28.857139587402344 9.499999046325684
    vertex -7.133973598480225 -34.42857360839844 9.499999046325684
    vertex -7.034073352813721 -28.857139587402344 9.258818626403809
  endloop
endfacet
facet normal 0.0 0.0 0.0
  outer loop
    vertex -7.034073352813721 -28.857139587402344 9.258818626403809
    vertex -7.133973598480225 -34.42857360839844 9.499999046325684
    vertex -7.034073352813721 -34.42857360839844 9.258818626403809
  endloop
endfacet
facet normal 0.0 0.0 0.0
  outer loop
    vertex -7.034073352813721 -28.857139587402344 9.258818626403809
    vertex -7.034073352813721 -34.42857360839844 9.258818626403809
    vertex -6.999999046325684 -40.0 8.999999046325684
  endloop
endfacet
facet normal 0.0 0.0 0.0
  outer loop
    vertex -7.741179943084717 -23.28571319580078 9.965926170349121
    vertex -7.741179943084717 -17.71428680419922 9.965926170349121
    vertex -7.999999046325684 -40.0 9.999999046325684
  endloop
endfacet
facet normal 0.0 0.0 0.0
  outer loop
    vertex -7.999999046325684 -40.0 9.999999046325684
    vertex -7.741179943084717 -17.71428680419922 9.965926170349121
    vertex -7.741179943084717 -12.14285659790039 9.965926170349121
  endloop
endfacet
facet normal 0.0 0.0 0.0
  outer loop
    vertex -7.999999046325684 -40.0 9.999999046325684
    vertex -7.741179943084717 -12.14285659790039 9.965926170349121
    vertex -7.741179943084717 -6.571430206298828 9.965926170349121
  endloop
endfacet
facet normal 0.0 0.0 0.0
  outer loop
    vertex -7.741179943084717 -6.571430206298828 9.965926170349121
    vertex -7.741179943084717 -12.14285659790039 9.965926170349121
    vertex -7.499999046325684 -6.571430206298828 9.866026878356934
  endloop
endfacet
facet normal 0.0 0.0 0.0
  outer loop
    vertex -7.741179943084717 -6.571430206298828 9.965926170349121
    vertex -7.499999046325684 -6.571430206298828 9.866026878356934
    vertex -7.499999046325684 -1.0 9.866026878356934
  endloop
endfacet
facet normal 0.0 0.0 0.0
  outer loop
    vertex -7.499999046325684 -1.0 9.866026878356934
    vertex -7.499999046325684 -6.571430206298828 9.866026878356934
    vertex -7.2928924560546875 -1.0 9.707106590270996
  endloop
endfacet
facet normal 0.0 0.0 0.0
  outer loop
    vertex -7.499999046325684 -1.0 9.866026878356934
    vertex -7.2928924560546875 -1.0 9.707106590270996
    vertex -7.2928924560546875 4.571430206298828 9.707106590270996
  endloop
endfacet
facet normal 0.0 0.0 0.0
  outer loop
    vertex -7.2928924560546875 4.571430206298828 9.707106590270996
    vertex -7.2928924560546875 -1.0 9.707106590270996
    vertex -7.133973598480225 4.571430206298828 9.499999046325684
  endloop
endfacet
facet normal 0.0 0.0 0.0
  outer loop
    vertex -7.2928924560546875 4.571430206298828 9.707106590270996
    vertex -7.133973598480225 4.571430206298828 9.499999046325684
    vertex -7.133973598480225 10.14285659790039 9.499999046325684
  endloop
endfacet
facet normal 0.0 0.0 0.0
  outer loop
    vertex -7.133973598480225 10.14285659790039 9.499999046325684
    vertex -7.133973598480225 4.571430206298828 9.499999046325684
    vertex -7.034073352813721 10.14285659790039 9.258818626403809
  endloop
endfacet
facet normal 0.0 0.0 0.0
  outer loop
    vertex -7.133973598480225 10.14285659790039 9.499999046325684
    vertex -7.034073352813721 10.14285659790039 9.258818626403809
    vertex -7.034073352813721 15.714286804199219 9.258818626403809
  endloop
endfacet
facet normal 0.0 0.0 0.0
  outer loop
    vertex -7.034073352813721 15.714286804199219 9.258818626403809
    vertex -7.034073352813721 10.14285659790039 9.258818626403809
    vertex -6.999999046325684 38.0 8.999999046325684
  endloop
endfacet
facet normal 0.0 0.0 0.0
  outer loop
    vertex -7.034073352813721 15.714286804199219 9.258818626403809
    vertex -6.999999046325684 38.0 8.999999046325684
    vertex -7.034073352813721 21.285715103149414 9.258818626403809
  endloop
endfacet
facet normal 0.0 0.0 0.0
  outer loop
    vertex -7.741179943084717 -23.28571319580078 9.965926170349121
    vertex -7.499999046325684 -17.71428680419922 9.866026878356934
    vertex -7.741179943084717 -17.71428680419922 9.965926170349121
  endloop
endfacet
facet normal 0.0 0.0 0.0
  outer loop
    vertex -7.741179943084717 -17.71428680419922 9.965926170349121
    vertex -7.499999046325684 -17.71428680419922 9.866026878356934
    vertex -7.499999046325684 -12.14285659790039 9.866026878356934
  endloop
endfacet
facet normal 0.0 0.0 0.0
  outer loop
    vertex -7.741179943084717 -17.71428680419922 9.965926170349121
    vertex -7.499999046325684 -12.14285659790039 9.866026878356934
    vertex -7.741179943084717 -12.14285659790039 9.965926170349121
  endloop
endfacet
facet normal 0.0 0.0 0.0
  outer loop
    vertex -7.741179943084717 -12.14285659790039 9.965926170349121
    vertex -7.499999046325684 -12.14285659790039 9.866026878356934
    vertex -7.499999046325684 -6.571430206298828 9.866026878356934
  endloop
endfacet
facet normal 0.0 0.0 0.0
  outer loop
    vertex -7.741179943084717 -1.0 9.965926170349121
    vertex -7.999999046325684 -40.0 9.999999046325684
    vertex -7.741179943084717 -6.571430206298828 9.965926170349121
  endloop
endfacet
facet normal 0.0 0.0 0.0
  outer loop
    vertex -7.499999046325684 4.571430206298828 9.866026878356934
    vertex -7.741179943084717 -1.0 9.965926170349121
    vertex -7.499999046325684 -1.0 9.866026878356934
  endloop
endfacet
facet normal 0.0 0.0 0.0
  outer loop
    vertex -7.499999046325684 -1.0 9.866026878356934
    vertex -7.741179943084717 -1.0 9.965926170349121
    vertex -7.741179943084717 -6.571430206298828 9.965926170349121
  endloop
endfacet
facet normal 0.0 0.0 0.0
  outer loop
    vertex -7.741179943084717 4.571430206298828 9.965926170349121
    vertex -7.741179943084717 10.14285659790039 9.965926170349121
    vertex -7.999999046325684 38.0 9.999999046325684
  endloop
endfacet
facet normal 0.0 0.0 0.0
  outer loop
    vertex -7.999999046325684 38.0 9.999999046325684
    vertex -7.741179943084717 10.14285659790039 9.965926170349121
    vertex -7.741179943084717 15.714286804199219 9.965926170349121
  endloop
endfacet
facet normal 0.0 0.0 0.0
  outer loop
    vertex -7.999999046325684 38.0 9.999999046325684
    vertex -7.741179943084717 15.714286804199219 9.965926170349121
    vertex -7.741179943084717 21.285715103149414 9.965926170349121
  endloop
endfacet
facet normal 0.0 0.0 0.0
  outer loop
    vertex -7.741179943084717 21.285715103149414 9.965926170349121
    vertex -7.741179943084717 15.714286804199219 9.965926170349121
    vertex -7.499999046325684 21.285715103149414 9.866026878356934
  endloop
endfacet
facet normal 0.0 0.0 0.0
  outer loop
    vertex -7.741179943084717 21.285715103149414 9.965926170349121
    vertex -7.499999046325684 21.285715103149414 9.866026878356934
    vertex -7.499999046325684 26.85714340209961 9.866026878356934
  endloop
endfacet
facet normal 0.0 0.0 0.0
  outer loop
    vertex -7.499999046325684 26.85714340209961 9.866026878356934
    vertex -7.499999046325684 21.285715103149414 9.866026878356934
    vertex -7.2928924560546875 26.85714340209961 9.707106590270996
  endloop
endfacet
facet normal 0.0 0.0 0.0
  outer loop
    vertex -7.499999046325684 26.85714340209961 9.866026878356934
    vertex -7.2928924560546875 26.85714340209961 9.707106590270996
    vertex -7.2928924560546875 32.42857360839844 9.707106590270996
  endloop
endfacet
facet normal 0.0 0.0 0.0
  outer loop
    vertex -7.2928924560546875 32.42857360839844 9.707106590270996
    vertex -7.2928924560546875 26.85714340209961 9.707106590270996
    vertex -7.133973598480225 32.42857360839844 9.499999046325684
  endloop
endfacet
facet normal 0.0 0.0 0.0
  outer loop
    vertex -7.741179943084717 4.571430206298828 9.965926170349121
    vertex -7.499999046325684 10.14285659790039 9.866026878356934
    vertex -7.741179943084717 10.14285659790039 9.965926170349121
  endloop
endfacet
facet normal 0.0 0.0 0.0
  outer loop
    vertex -7.741179943084717 10.14285659790039 9.965926170349121
    vertex -7.499999046325684 10.14285659790039 9.866026878356934
    vertex -7.499999046325684 15.714286804199219 9.866026878356934
  endloop
endfacet
facet normal 0.0 0.0 0.0
  outer loop
    vertex -7.741179943084717 10.14285659790039 9.965926170349121
    vertex -7.499999046325684 15.714286804199219 9.866026878356934
    vertex -7.741179943084717 15.714286804199219 9.965926170349121
  endloop
endfacet
facet normal 0.0 0.0 0.0
  outer loop
    vertex -7.741179943084717 15.714286804199219 9.965926170349121
    vertex -7.499999046325684 15.714286804199219 9.866026878356934
    vertex -7.499999046325684 21.285715103149414 9.866026878356934
  endloop
endfacet
facet normal 0.0 0.0 0.0
  outer loop
    vertex -7.741179943084717 32.42857360839844 9.965926170349121
    vertex -7.999999046325684 38.0 9.999999046325684
    vertex -7.741179943084717 26.85714340209961 9.965926170349121
  endloop
endfacet
facet normal 0.0 0.0 0.0
  outer loop
    vertex -7.741179943084717 26.85714340209961 9.965926170349121
    vertex -7.999999046325684 38.0 9.999999046325684
    vertex -7.741179943084717 21.285715103149414 9.965926170349121
  endloop
endfacet
facet normal 0.0 0.0 0.0
  outer loop
    vertex -7.741179943084717 26.85714340209961 9.965926170349121
    vertex -7.741179943084717 21.285715103149414 9.965926170349121
    vertex -7.499999046325684 26.85714340209961 9.866026878356934
  endloop
endfacet
facet normal 0.0 0.0 0.0
  outer loop
    vertex -7.499999046325684 32.42857360839844 9.866026878356934
    vertex -7.741179943084717 32.42857360839844 9.965926170349121
    vertex -7.741179943084717 26.85714340209961 9.965926170349121
  endloop
endfacet
facet normal 0.0 0.0 0.0
  outer loop
    vertex -7.499999046325684 32.42857360839844 9.866026878356934
    vertex -7.741179943084717 26.85714340209961 9.965926170349121
    vertex -7.499999046325684 26.85714340209961 9.866026878356934
  endloop
endfacet
facet normal 0.0 0.0 0.0
  outer loop
    vertex -7.741179943084717 -28.857139587402344 9.965926170349121
    vertex -7.499999046325684 -28.857139587402344 9.866026878356934
    vertex -7.499999046325684 -23.28571319580078 9.866026878356934
  endloop
endfacet
facet normal 0.0 0.0 0.0
  outer loop
    vertex -7.499999046325684 -23.28571319580078 9.866026878356934
    vertex -7.499999046325684 -28.857139587402344 9.866026878356934
    vertex -7.2928924560546875 -23.28571319580078 9.707106590270996
  endloop
endfacet
facet normal 0.0 0.0 0.0
  outer loop
    vertex -7.499999046325684 -23.28571319580078 9.866026878356934
    vertex -7.2928924560546875 -23.28571319580078 9.707106590270996
    vertex -7.2928924560546875 -17.71428680419922 9.707106590270996
  endloop
endfacet
facet normal 0.0 0.0 0.0
  outer loop
    vertex -7.2928924560546875 -17.71428680419922 9.707106590270996
    vertex -7.2928924560546875 -23.28571319580078 9.707106590270996
    vertex -7.133973598480225 -17.71428680419922 9.499999046325684
  endloop
endfacet
facet normal 0.0 0.0 0.0
  outer loop
    vertex -7.2928924560546875 -17.71428680419922 9.707106590270996
    vertex -7.133973598480225 -17.71428680419922 9.499999046325684
    vertex -7.133973598480225 -12.14285659790039 9.499999046325684
  endloop
endfacet
facet normal 0.0 0.0 0.0
  outer loop
    vertex -7.133973598480225 -12.14285659790039 9.499999046325684
    vertex -7.133973598480225 -17.71428680419922 9.499999046325684
    vertex -7.034073352813721 -12.14285659790039 9.258818626403809
  endloop
endfacet
facet normal 0.0 0.0 0.0
  outer loop
    vertex -7.133973598480225 -12.14285659790039 9.499999046325684
    vertex -7.034073352813721 -12.14285659790039 9.258818626403809
    vertex -7.034073352813721 -6.571430206298828 9.258818626403809
  endloop
endfacet
facet normal 0.0 0.0 0.0
  outer loop
    vertex -7.034073352813721 -6.571430206298828 9.258818626403809
    vertex -7.034073352813721 -12.14285659790039 9.258818626403809
    vertex -6.999999046325684 -40.0 8.999999046325684
  endloop
endfacet
facet normal 0.0 0.0 0.0
  outer loop
    vertex -7.2928924560546875 -23.28571319580078 9.707106590270996
    vertex -7.499999046325684 -28.857139587402344 9.866026878356934
    vertex -7.2928924560546875 -28.857139587402344 9.707106590270996
  endloop
endfacet
facet normal 0.0 0.0 0.0
  outer loop
    vertex -7.499999046325684 -17.71428680419922 9.866026878356934
    vertex -7.2928924560546875 -12.14285659790039 9.707106590270996
    vertex -7.499999046325684 -12.14285659790039 9.866026878356934
  endloop
endfacet
facet normal 0.0 0.0 0.0
  outer loop
    vertex -7.499999046325684 -12.14285659790039 9.866026878356934
    vertex -7.2928924560546875 -12.14285659790039 9.707106590270996
    vertex -7.2928924560546875 -6.571430206298828 9.707106590270996
  endloop
endfacet
facet normal 0.0 0.0 0.0
  outer loop
    vertex -7.499999046325684 -12.14285659790039 9.866026878356934
    vertex -7.2928924560546875 -6.571430206298828 9.707106590270996
    vertex -7.499999046325684 -6.571430206298828 9.866026878356934
  endloop
endfacet
facet normal 0.0 0.0 0.0
  outer loop
    vertex -7.499999046325684 -6.571430206298828 9.866026878356934
    vertex -7.2928924560546875 -6.571430206298828 9.707106590270996
    vertex -7.2928924560546875 -1.0 9.707106590270996
  endloop
endfacet
facet normal 0.0 0.0 0.0
  outer loop
    vertex -7.2928924560546875 10.14285659790039 9.707106590270996
    vertex -7.499999046325684 4.571430206298828 9.866026878356934
    vertex -7.2928924560546875 4.571430206298828 9.707106590270996
  endloop
endfacet
facet normal 0.0 0.0 0.0
  outer loop
    vertex -7.2928924560546875 4.571430206298828 9.707106590270996
    vertex -7.499999046325684 4.571430206298828 9.866026878356934
    vertex -7.499999046325684 -1.0 9.866026878356934
  endloop
endfacet
facet normal 0.0 0.0 0.0
  outer loop
    vertex -7.499999046325684 10.14285659790039 9.866026878356934
    vertex -7.2928924560546875 15.714286804199219 9.707106590270996
    vertex -7.499999046325684 15.714286804199219 9.866026878356934
  endloop
endfacet
facet normal 0.0 0.0 0.0
  outer loop
    vertex -7.499999046325684 15.714286804199219 9.866026878356934
    vertex -7.2928924560546875 15.714286804199219 9.707106590270996
    vertex -7.2928924560546875 21.285715103149414 9.707106590270996
  endloop
endfacet
facet normal 0.0 0.0 0.0
  outer loop
    vertex -7.499999046325684 15.714286804199219 9.866026878356934
    vertex -7.2928924560546875 21.285715103149414 9.707106590270996
    vertex -7.499999046325684 21.285715103149414 9.866026878356934
  endloop
endfacet
facet normal 0.0 0.0 0.0
  outer loop
    vertex -7.499999046325684 21.285715103149414 9.866026878356934
    vertex -7.2928924560546875 21.285715103149414 9.707106590270996
    vertex -7.2928924560546875 26.85714340209961 9.707106590270996
  endloop
endfacet
facet normal 0.0 0.0 0.0
  outer loop
    vertex -7.2928924560546875 32.42857360839844 9.707106590270996
    vertex -7.499999046325684 32.42857360839844 9.866026878356934
    vertex -7.499999046325684 26.85714340209961 9.866026878356934
  endloop
endfacet
facet normal 0.0 0.0 0.0
  outer loop
    vertex -7.2928924560546875 -23.28571319580078 9.707106590270996
    vertex -7.2928924560546875 -28.857139587402344 9.707106590270996
    vertex -7.133973598480225 -23.28571319580078 9.499999046325684
  endloop
endfacet
facet normal 0.0 0.0 0.0
  outer loop
    vertex -7.133973598480225 -23.28571319580078 9.499999046325684
    vertex -7.2928924560546875 -28.857139587402344 9.707106590270996
    vertex -7.133973598480225 -28.857139587402344 9.499999046325684
  endloop
endfacet
facet normal 0.0 0.0 0.0
  outer loop
    vertex -7.133973598480225 -23.28571319580078 9.499999046325684
    vertex -7.133973598480225 -28.857139587402344 9.499999046325684
    vertex -7.034073352813721 -23.28571319580078 9.258818626403809
  endloop
endfacet
facet normal 0.0 0.0 0.0
  outer loop
    vertex -7.034073352813721 -23.28571319580078 9.258818626403809
    vertex -7.133973598480225 -28.857139587402344 9.499999046325684
    vertex -7.034073352813721 -28.857139587402344 9.258818626403809
  endloop
endfacet
facet normal 0.0 0.0 0.0
  outer loop
    vertex -7.034073352813721 -23.28571319580078 9.258818626403809
    vertex -7.034073352813721 -28.857139587402344 9.258818626403809
    vertex -6.999999046325684 -40.0 8.999999046325684
  endloop
endfacet
facet normal 0.0 0.0 0.0
  outer loop
    vertex -7.2928924560546875 -12.14285659790039 9.707106590270996
    vertex -7.133973598480225 -6.571430206298828 9.499999046325684
    vertex -7.2928924560546875 -6.571430206298828 9.707106590270996
  endloop
endfacet
facet normal 0.0 0.0 0.0
  outer loop
    vertex -7.2928924560546875 -6.571430206298828 9.707106590270996
    vertex -7.133973598480225 -6.571430206298828 9.499999046325684
    vertex -7.133973598480225 -1.0 9.499999046325684
  endloop
endfacet
facet normal 0.0 0.0 0.0
  outer loop
    vertex -7.2928924560546875 -6.571430206298828 9.707106590270996
    vertex -7.133973598480225 -1.0 9.499999046325684
    vertex -7.2928924560546875 -1.0 9.707106590270996
  endloop
endfacet
facet normal 0.0 0.0 0.0
  outer loop
    vertex -7.2928924560546875 -1.0 9.707106590270996
    vertex -7.133973598480225 -1.0 9.499999046325684
    vertex -7.133973598480225 4.571430206298828 9.499999046325684
  endloop
endfacet
facet normal 0.0 0.0 0.0
  outer loop
    vertex -7.133973598480225 15.714286804199219 9.499999046325684
    vertex -7.2928924560546875 10.14285659790039 9.707106590270996
    vertex -7.133973598480225 10.14285659790039 9.499999046325684
  endloop
endfacet
facet normal 0.0 0.0 0.0
  outer loop
    vertex -7.133973598480225 10.14285659790039 9.499999046325684
    vertex -7.2928924560546875 10.14285659790039 9.707106590270996
    vertex -7.2928924560546875 4.571430206298828 9.707106590270996
  endloop
endfacet
facet normal 0.0 0.0 0.0
  outer loop
    vertex -7.2928924560546875 15.714286804199219 9.707106590270996
    vertex -7.133973598480225 21.285715103149414 9.499999046325684
    vertex -7.2928924560546875 21.285715103149414 9.707106590270996
  endloop
endfacet
facet normal 0.0 0.0 0.0
  outer loop
    vertex -7.2928924560546875 21.285715103149414 9.707106590270996
    vertex -7.133973598480225 21.285715103149414 9.499999046325684
    vertex -7.133973598480225 26.85714340209961 9.499999046325684
  endloop
endfacet
facet normal 0.0 0.0 0.0
  outer loop
    vertex -7.2928924560546875 21.285715103149414 9.707106590270996
    vertex -7.133973598480225 26.85714340209961 9.499999046325684
    vertex -7.2928924560546875 26.85714340209961 9.707106590270996
  endloop
endfacet
facet normal 0.0 0.0 0.0
  outer loop
    vertex -7.2928924560546875 26.85714340209961 9.707106590270996
    vertex -7.133973598480225 26.85714340209961 9.499999046325684
    vertex -7.133973598480225 32.42857360839844 9.499999046325684
  endloop
endfacet
facet normal 0.0 0.0 0.0
  outer loop
    vertex -7.2928924560546875 -23.28571319580078 9.707106590270996
    vertex -7.133973598480225 -23.28571319580078 9.499999046325684
    vertex -7.133973598480225 -17.71428680419922 9.499999046325684
  endloop
endfacet
facet normal 0.0 0.0 0.0
  outer loop
    vertex -7.133973598480225 -17.71428680419922 9.499999046325684
    vertex -7.133973598480225 -23.28571319580078 9.499999046325684
    vertex -7.034073352813721 -17.71428680419922 9.258818626403809
  endloop
endfacet
facet normal 0.0 0.0 0.0
  outer loop
    vertex -7.133973598480225 -17.71428680419922 9.499999046325684
    vertex -7.034073352813721 -17.71428680419922 9.258818626403809
    vertex -7.034073352813721 -12.14285659790039 9.258818626403809
  endloop
endfacet
facet normal 0.0 0.0 0.0
  outer loop
    vertex -7.034073352813721 -12.14285659790039 9.258818626403809
    vertex -7.034073352813721 -17.71428680419922 9.258818626403809
    vertex -6.999999046325684 -40.0 8.999999046325684
  endloop
endfacet
facet normal 0.0 0.0 0.0
  outer loop
    vertex -7.034073352813721 -17.71428680419922 9.258818626403809
    vertex -7.133973598480225 -23.28571319580078 9.499999046325684
    vertex -7.034073352813721 -23.28571319580078 9.258818626403809
  endloop
endfacet
facet normal 0.0 0.0 0.0
  outer loop
    vertex -7.133973598480225 -6.571430206298828 9.499999046325684
    vertex -7.034073352813721 -1.0 9.258818626403809
    vertex -7.133973598480225 -1.0 9.499999046325684
  endloop
endfacet
facet normal 0.0 0.0 0.0
  outer loop
    vertex -7.133973598480225 -1.0 9.499999046325684
    vertex -7.034073352813721 -1.0 9.258818626403809
    vertex -7.034073352813721 4.571430206298828 9.258818626403809
  endloop
endfacet
facet normal 0.0 0.0 0.0
  outer loop
    vertex -7.133973598480225 -1.0 9.499999046325684
    vertex -7.034073352813721 4.571430206298828 9.258818626403809
    vertex -7.133973598480225 4.571430206298828 9.499999046325684
  endloop
endfacet
facet normal 0.0 0.0 0.0
  outer loop
    vertex -7.133973598480225 4.571430206298828 9.499999046325684
    vertex -7.034073352813721 4.571430206298828 9.258818626403809
    vertex -7.034073352813721 10.14285659790039 9.258818626403809
  endloop
endfacet
facet normal 0.0 0.0 0.0
  outer loop
    vertex -7.034073352813721 21.285715103149414 9.258818626403809
    vertex -7.133973598480225 15.714286804199219 9.499999046325684
    vertex -7.034073352813721 15.714286804199219 9.258818626403809
  endloop
endfacet
facet normal 0.0 0.0 0.0
  outer loop
    vertex -7.034073352813721 15.714286804199219 9.258818626403809
    vertex -7.133973598480225 15.714286804199219 9.499999046325684
    vertex -7.133973598480225 10.14285659790039 9.499999046325684
  endloop
endfacet
facet normal 0.0 0.0 0.0
  outer loop
    vertex -7.034073352813721 32.42857360839844 9.258818626403809
    vertex -7.133973598480225 32.42857360839844 9.499999046325684
    vertex -7.133973598480225 26.85714340209961 9.499999046325684
  endloop
endfacet
facet normal 0.0 0.0 0.0
  outer loop
    vertex -7.034073352813721 32.42857360839844 9.258818626403809
    vertex -7.133973598480225 26.85714340209961 9.499999046325684
    vertex -7.034073352813721 26.85714340209961 9.258818626403809
  endloop
endfacet
facet normal 0.0 0.0 0.0
  outer loop
    vertex -7.034073352813721 26.85714340209961 9.258818626403809
    vertex -7.133973598480225 26.85714340209961 9.499999046325684
    vertex -7.133973598480225 21.285715103149414 9.499999046325684
  endloop
endfacet
facet normal 0.0 0.0 0.0
  outer loop
    vertex -6.999999046325684 -40.0 8.999999046325684
    vertex -7.034073352813721 -17.71428680419922 9.258818626403809
    vertex -7.034073352813721 -23.28571319580078 9.258818626403809
  endloop
endfacet
facet normal 0.0 0.0 0.0
  outer loop
    vertex -6.999999046325684 38.0 8.999999046325684
    vertex -7.034073352813721 10.14285659790039 9.258818626403809
    vertex -7.034073352813721 4.571430206298828 9.258818626403809
  endloop
endfacet
facet normal 0.0 0.0 0.0
  outer loop
    vertex -7.034073352813721 4.571430206298828 9.258818626403809
    vertex -7.034073352813721 -1.0 9.258818626403809
    vertex -6.999999046325684 38.0 8.999999046325684
  endloop
endfacet
facet normal 0.0 0.0 0.0
  outer loop
    vertex -4.281416416168213 -44.43163299560547 9.999999046325684
    vertex -3.5 -44.5 9.999999046325684
    vertex -4.163466453552246 -44.18896484375 9.965926170349121
  endloop
endfacet
facet normal 0.0 0.0 0.0
  outer loop
    vertex -4.163466453552246 -44.18896484375 9.965926170349121
    vertex -3.5 -44.5 9.999999046325684
    vertex -3.5 -44.241180419921875 9.965926170349121
  endloop
endfacet
facet normal 0.0 0.0 0.0
  outer loop
    vertex -4.163466453552246 -44.18896484375 9.965926170349121
    vertex -3.5 -44.241180419921875 9.965926170349121
    vertex -3.5 -44.0 9.866026878356934
  endloop
endfacet
facet normal 0.0 0.0 0.0
  outer loop
    vertex -4.163466453552246 -44.18896484375 9.965926170349121
    vertex -3.5 -44.0 9.866026878356934
    vertex -4.12573766708374 -43.95075225830078 9.866026878356934
  endloop
endfacet
facet normal 0.0 0.0 0.0
  outer loop
    vertex -4.12573766708374 -43.95075225830078 9.866026878356934
    vertex -3.5 -44.0 9.866026878356934
    vertex -3.5 -43.79289245605469 9.707106590270996
  endloop
endfacet
facet normal 0.0 0.0 0.0
  outer loop
    vertex -4.12573766708374 -43.95075225830078 9.866026878356934
    vertex -3.5 -43.79289245605469 9.707106590270996
    vertex -4.093338966369629 -43.746192932128906 9.707106590270996
  endloop
endfacet
facet normal 0.0 0.0 0.0
  outer loop
    vertex -4.093338966369629 -43.746192932128906 9.707106590270996
    vertex -3.5 -43.79289245605469 9.707106590270996
    vertex -3.5 -43.63397216796875 9.5
  endloop
endfacet
facet normal 0.0 0.0 0.0
  outer loop
    vertex -4.093338966369629 -43.746192932128906 9.707106590270996
    vertex -3.5 -43.63397216796875 9.5
    vertex -4.068478584289551 -43.5892333984375 9.5
  endloop
endfacet
facet normal 0.0 0.0 0.0
  outer loop
    vertex -4.068478584289551 -43.5892333984375 9.5
    vertex -3.5 -43.63397216796875 9.5
    vertex -3.5 -43.53407287597656 9.258819580078125
  endloop
endfacet
facet normal 0.0 0.0 0.0
  outer loop
    vertex -4.068478584289551 -43.5892333984375 9.5
    vertex -3.5 -43.53407287597656 9.258819580078125
    vertex -4.052850723266602 -43.490562438964844 9.258819580078125
  endloop
endfacet
facet normal 0.0 0.0 0.0
  outer loop
    vertex -4.052850723266602 -43.490562438964844 9.258819580078125
    vertex -3.5 -43.53407287597656 9.258819580078125
    vertex -3.5 -43.5 9.0
  endloop
endfacet
facet normal 0.0 0.0 0.0
  outer loop
    vertex -4.052850723266602 -43.490562438964844 9.258819580078125
    vertex -3.5 -43.5 9.0
    vertex -4.182816028594971 -43.43274688720703 9.0
  endloop
endfacet
facet normal 0.0 0.0 0.0
  outer loop
    vertex -4.052850723266602 -43.490562438964844 9.258819580078125
    vertex -4.182816028594971 -43.43274688720703 9.0
    vertex -4.59208869934082 -43.361106872558594 9.258818626403809
  endloop
endfacet
facet normal 0.0 0.0 0.0
  outer loop
    vertex -4.59208869934082 -43.361106872558594 9.258818626403809
    vertex -4.182816028594971 -43.43274688720703 9.0
    vertex -4.839391708374023 -43.23358154296875 8.999999046325684
  endloop
endfacet
facet normal 0.0 0.0 0.0
  outer loop
    vertex -4.59208869934082 -43.361106872558594 9.258818626403809
    vertex -4.839391708374023 -43.23358154296875 8.999999046325684
    vertex -5.104435920715332 -43.14888000488281 9.258818626403809
  endloop
endfacet
facet normal 0.0 0.0 0.0
  outer loop
    vertex -5.104435920715332 -43.14888000488281 9.258818626403809
    vertex -4.839391708374023 -43.23358154296875 8.999999046325684
    vertex -5.444495677947998 -42.91014099121094 8.999999046325684
  endloop
endfacet
facet normal 0.0 0.0 0.0
  outer loop
    vertex -5.104435920715332 -43.14888000488281 9.258818626403809
    vertex -5.444495677947998 -42.91014099121094 8.999999046325684
    vertex -5.577276229858398 -42.85912322998047 9.258818626403809
  endloop
endfacet
facet normal 0.0 0.0 0.0
  outer loop
    vertex -5.577276229858398 -42.85912322998047 9.258818626403809
    vertex -5.444495677947998 -42.91014099121094 8.999999046325684
    vertex -5.9748735427856445 -42.474876403808594 8.999999046325684
  endloop
endfacet
facet normal 0.0 0.0 0.0
  outer loop
    vertex -5.577276229858398 -42.85912322998047 9.258818626403809
    vertex -5.9748735427856445 -42.474876403808594 8.999999046325684
    vertex -5.99896764755249 -42.49897003173828 9.258818626403809
  endloop
endfacet
facet normal 0.0 0.0 0.0
  outer loop
    vertex -5.99896764755249 -42.49897003173828 9.258818626403809
    vertex -5.9748735427856445 -42.474876403808594 8.999999046325684
    vertex -6.359125137329102 -42.07727813720703 9.258818626403809
  endloop
endfacet
facet normal 0.0 0.0 0.0
  outer loop
    vertex -5.99896764755249 -42.49897003173828 9.258818626403809
    vertex -6.359125137329102 -42.07727813720703 9.258818626403809
    vertex -6.439946174621582 -42.13599395751953 9.499999046325684
  endloop
endfacet
facet normal 0.0 0.0 0.0
  outer loop
    vertex -6.439946174621582 -42.13599395751953 9.499999046325684
    vertex -6.359125137329102 -42.07727813720703 9.258818626403809
    vertex -6.737894058227539 -41.64978790283203 9.499999046325684
  endloop
endfacet
facet normal 0.0 0.0 0.0
  outer loop
    vertex -6.439946174621582 -42.13599395751953 9.499999046325684
    vertex -6.737894058227539 -41.64978790283203 9.499999046325684
    vertex -6.879491806030273 -41.72193908691406 9.707106590270996
  endloop
endfacet
facet normal 0.0 0.0 0.0
  outer loop
    vertex -6.879491806030273 -41.72193908691406 9.707106590270996
    vertex -6.737894058227539 -41.64978790283203 9.499999046325684
    vertex -7.107254981994629 -41.17206573486328 9.707106590270996
  endloop
endfacet
facet normal 0.0 0.0 0.0
  outer loop
    vertex -6.879491806030273 -41.72193908691406 9.707106590270996
    vertex -7.107254981994629 -41.17206573486328 9.707106590270996
    vertex -7.304225444793701 -41.23606872558594 9.866026878356934
  endloop
endfacet
facet normal 0.0 0.0 0.0
  outer loop
    vertex -7.304225444793701 -41.23606872558594 9.866026878356934
    vertex -7.107254981994629 -41.17206573486328 9.707106590270996
    vertex -7.4507527351379395 -40.62574005126953 9.866026878356934
  endloop
endfacet
facet normal 0.0 0.0 0.0
  outer loop
    vertex -7.304225444793701 -41.23606872558594 9.866026878356934
    vertex -7.4507527351379395 -40.62574005126953 9.866026878356934
    vertex -7.688964366912842 -40.66346740722656 9.965926170349121
  endloop
endfacet
facet normal 0.0 0.0 0.0
  outer loop
    vertex -7.688964366912842 -40.66346740722656 9.965926170349121
    vertex -7.4507527351379395 -40.62574005126953 9.866026878356934
    vertex -7.741179943084717 -40.0 9.965926170349121
  endloop
endfacet
facet normal 0.0 0.0 0.0
  outer loop
    vertex -7.688964366912842 -40.66346740722656 9.965926170349121
    vertex -7.741179943084717 -40.0 9.965926170349121
    vertex -7.999999046325684 -40.0 9.999999046325684
  endloop
endfacet
facet normal 0.0 0.0 0.0
  outer loop
    vertex -5.9748735427856445 -42.474876403808594 8.999999046325684
    vertex -6.41014289855957 -41.944496154785156 8.999999046325684
    vertex -6.359125137329102 -42.07727813720703 9.258818626403809
  endloop
endfacet
facet normal 0.0 0.0 0.0
  outer loop
    vertex -6.359125137329102 -42.07727813720703 9.258818626403809
    vertex -6.41014289855957 -41.944496154785156 8.999999046325684
    vertex -6.6488823890686035 -41.60443878173828 9.258818626403809
  endloop
endfacet
facet normal 0.0 0.0 0.0
  outer loop
    vertex -6.359125137329102 -42.07727813720703 9.258818626403809
    vertex -6.6488823890686035 -41.60443878173828 9.258818626403809
    vertex -6.737894058227539 -41.64978790283203 9.499999046325684
  endloop
endfacet
facet normal 0.0 0.0 0.0
  outer loop
    vertex -6.737894058227539 -41.64978790283203 9.499999046325684
    vertex -6.6488823890686035 -41.60443878173828 9.258818626403809
    vertex -6.956114292144775 -41.122962951660156 9.499999046325684
  endloop
endfacet
facet normal 0.0 0.0 0.0
  outer loop
    vertex -6.737894058227539 -41.64978790283203 9.499999046325684
    vertex -6.956114292144775 -41.122962951660156 9.499999046325684
    vertex -7.107254981994629 -41.17206573486328 9.707106590270996
  endloop
endfacet
facet normal 0.0 0.0 0.0
  outer loop
    vertex -7.107254981994629 -41.17206573486328 9.707106590270996
    vertex -6.956114292144775 -41.122962951660156 9.499999046325684
    vertex -7.2461957931518555 -40.59333801269531 9.707106590270996
  endloop
endfacet
facet normal 0.0 0.0 0.0
  outer loop
    vertex -7.107254981994629 -41.17206573486328 9.707106590270996
    vertex -7.2461957931518555 -40.59333801269531 9.707106590270996
    vertex -7.4507527351379395 -40.62574005126953 9.866026878356934
  endloop
endfacet
facet normal 0.0 0.0 0.0
  outer loop
    vertex -7.4507527351379395 -40.62574005126953 9.866026878356934
    vertex -7.2461957931518555 -40.59333801269531 9.707106590270996
    vertex -7.499999046325684 -40.0 9.866026878356934
  endloop
endfacet
facet normal 0.0 0.0 0.0
  outer loop
    vertex -7.4507527351379395 -40.62574005126953 9.866026878356934
    vertex -7.499999046325684 -40.0 9.866026878356934
    vertex -7.741179943084717 -40.0 9.965926170349121
  endloop
endfacet
facet normal 0.0 0.0 0.0
  outer loop
    vertex -6.41014289855957 -41.944496154785156 8.999999046325684
    vertex -6.733577728271484 -41.339393615722656 8.999999046325684
    vertex -6.6488823890686035 -41.60443878173828 9.258818626403809
  endloop
endfacet
facet normal 0.0 0.0 0.0
  outer loop
    vertex -6.6488823890686035 -41.60443878173828 9.258818626403809
    vertex -6.733577728271484 -41.339393615722656 8.999999046325684
    vertex -6.861103534698486 -41.09208679199219 9.258818626403809
  endloop
endfacet
facet normal 0.0 0.0 0.0
  outer loop
    vertex -6.6488823890686035 -41.60443878173828 9.258818626403809
    vertex -6.861103534698486 -41.09208679199219 9.258818626403809
    vertex -6.956114292144775 -41.122962951660156 9.499999046325684
  endloop
endfacet
facet normal 0.0 0.0 0.0
  outer loop
    vertex -6.956114292144775 -41.122962951660156 9.499999046325684
    vertex -6.861103534698486 -41.09208679199219 9.258818626403809
    vertex -7.0892333984375 -40.5684814453125 9.499999046325684
  endloop
endfacet
facet normal 0.0 0.0 0.0
  outer loop
    vertex -6.956114292144775 -41.122962951660156 9.499999046325684
    vertex -7.0892333984375 -40.5684814453125 9.499999046325684
    vertex -7.2461957931518555 -40.59333801269531 9.707106590270996
  endloop
endfacet
facet normal 0.0 0.0 0.0
  outer loop
    vertex -7.2461957931518555 -40.59333801269531 9.707106590270996
    vertex -7.0892333984375 -40.5684814453125 9.499999046325684
    vertex -7.2928924560546875 -40.0 9.707106590270996
  endloop
endfacet
facet normal 0.0 0.0 0.0
  outer loop
    vertex -7.2461957931518555 -40.59333801269531 9.707106590270996
    vertex -7.2928924560546875 -40.0 9.707106590270996
    vertex -7.499999046325684 -40.0 9.866026878356934
  endloop
endfacet
facet normal 0.0 0.0 0.0
  outer loop
    vertex -6.733577728271484 -41.339393615722656 8.999999046325684
    vertex -6.932747840881348 -40.68281555175781 8.999999046325684
    vertex -6.861103534698486 -41.09208679199219 9.258818626403809
  endloop
endfacet
facet normal 0.0 0.0 0.0
  outer loop
    vertex -6.861103534698486 -41.09208679199219 9.258818626403809
    vertex -6.932747840881348 -40.68281555175781 8.999999046325684
    vertex -6.990562915802002 -40.55284881591797 9.258818626403809
  endloop
endfacet
facet normal 0.0 0.0 0.0
  outer loop
    vertex -6.861103534698486 -41.09208679199219 9.258818626403809
    vertex -6.990562915802002 -40.55284881591797 9.258818626403809
    vertex -7.0892333984375 -40.5684814453125 9.499999046325684
  endloop
endfacet
facet normal 0.0 0.0 0.0
  outer loop
    vertex -7.0892333984375 -40.5684814453125 9.499999046325684
    vertex -6.990562915802002 -40.55284881591797 9.258818626403809
    vertex -7.133973598480225 -40.0 9.499999046325684
  endloop
endfacet
facet normal 0.0 0.0 0.0
  outer loop
    vertex -7.0892333984375 -40.5684814453125 9.499999046325684
    vertex -7.133973598480225 -40.0 9.499999046325684
    vertex -7.2928924560546875 -40.0 9.707106590270996
  endloop
endfacet
facet normal 0.0 0.0 0.0
  outer loop
    vertex -6.932747840881348 -40.68281555175781 8.999999046325684
    vertex -6.999999046325684 -40.0 8.999999046325684
    vertex -6.990562915802002 -40.55284881591797 9.258818626403809
  endloop
endfacet
facet normal 0.0 0.0 0.0
  outer loop
    vertex -6.990562915802002 -40.55284881591797 9.258818626403809
    vertex -6.999999046325684 -40.0 8.999999046325684
    vertex -7.034073352813721 -40.0 9.258818626403809
  endloop
endfacet
facet normal 0.0 0.0 0.0
  outer loop
    vertex -6.990562915802002 -40.55284881591797 9.258818626403809
    vertex -7.034073352813721 -40.0 9.258818626403809
    vertex -7.133973598480225 -40.0 9.499999046325684
  endloop
endfacet
facet normal 0.0 0.0 0.0
  outer loop
    vertex -7.999999046325684 -40.0 9.999999046325684
    vertex -7.931633949279785 -40.78141784667969 9.999999046325684
    vertex -7.688964366912842 -40.66346740722656 9.965926170349121
  endloop
endfacet
facet normal 0.0 0.0 0.0
  outer loop
    vertex -7.688964366912842 -40.66346740722656 9.965926170349121
    vertex -7.931633949279785 -40.78141784667969 9.999999046325684
    vertex -7.533601760864258 -41.31060028076172 9.965926170349121
  endloop
endfacet
facet normal 0.0 0.0 0.0
  outer loop
    vertex -7.688964366912842 -40.66346740722656 9.965926170349121
    vertex -7.533601760864258 -41.31060028076172 9.965926170349121
    vertex -7.304225444793701 -41.23606872558594 9.866026878356934
  endloop
endfacet
facet normal 0.0 0.0 0.0
  outer loop
    vertex -7.304225444793701 -41.23606872558594 9.866026878356934
    vertex -7.533601760864258 -41.31060028076172 9.965926170349121
    vertex -7.064025402069092 -41.81596374511719 9.866026878356934
  endloop
endfacet
facet normal 0.0 0.0 0.0
  outer loop
    vertex -7.304225444793701 -41.23606872558594 9.866026878356934
    vertex -7.064025402069092 -41.81596374511719 9.866026878356934
    vertex -6.879491806030273 -41.72193908691406 9.707106590270996
  endloop
endfacet
facet normal 0.0 0.0 0.0
  outer loop
    vertex -6.879491806030273 -41.72193908691406 9.707106590270996
    vertex -7.064025402069092 -41.81596374511719 9.866026878356934
    vertex -6.568514347076416 -42.229408264160156 9.707106590270996
  endloop
endfacet
facet normal 0.0 0.0 0.0
  outer loop
    vertex -6.879491806030273 -41.72193908691406 9.707106590270996
    vertex -6.568514347076416 -42.229408264160156 9.707106590270996
    vertex -6.439946174621582 -42.13599395751953 9.499999046325684
  endloop
endfacet
facet normal 0.0 0.0 0.0
  outer loop
    vertex -6.439946174621582 -42.13599395751953 9.499999046325684
    vertex -6.568514347076416 -42.229408264160156 9.707106590270996
    vertex -6.069607257843018 -42.569610595703125 9.499999046325684
  endloop
endfacet
facet normal 0.0 0.0 0.0
  outer loop
    vertex -6.439946174621582 -42.13599395751953 9.499999046325684
    vertex -6.069607257843018 -42.569610595703125 9.499999046325684
    vertex -5.99896764755249 -42.49897003173828 9.258818626403809
  endloop
endfacet
facet normal 0.0 0.0 0.0
  outer loop
    vertex -5.99896764755249 -42.49897003173828 9.258818626403809
    vertex -6.069607257843018 -42.569610595703125 9.499999046325684
    vertex -5.577276229858398 -42.85912322998047 9.258818626403809
  endloop
endfacet
facet normal 0.0 0.0 0.0
  outer loop
    vertex -7.931633949279785 -40.78141784667969 9.999999046325684
    vertex -7.728615760803223 -41.539093017578125 9.999999046325684
    vertex -7.533601760864258 -41.31060028076172 9.965926170349121
  endloop
endfacet
facet normal 0.0 0.0 0.0
  outer loop
    vertex -7.533601760864258 -41.31060028076172 9.965926170349121
    vertex -7.728615760803223 -41.539093017578125 9.999999046325684
    vertex -7.278919219970703 -41.925453186035156 9.965926170349121
  endloop
endfacet
facet normal 0.0 0.0 0.0
  outer loop
    vertex -7.533601760864258 -41.31060028076172 9.965926170349121
    vertex -7.278919219970703 -41.925453186035156 9.965926170349121
    vertex -7.064025402069092 -41.81596374511719 9.866026878356934
  endloop
endfacet
facet normal 0.0 0.0 0.0
  outer loop
    vertex -7.064025402069092 -41.81596374511719 9.866026878356934
    vertex -7.278919219970703 -41.925453186035156 9.965926170349121
    vertex -6.736067295074463 -42.35114288330078 9.866026878356934
  endloop
endfacet
facet normal 0.0 0.0 0.0
  outer loop
    vertex -7.064025402069092 -41.81596374511719 9.866026878356934
    vertex -6.736067295074463 -42.35114288330078 9.866026878356934
    vertex -6.568514347076416 -42.229408264160156 9.707106590270996
  endloop
endfacet
facet normal 0.0 0.0 0.0
  outer loop
    vertex -6.568514347076416 -42.229408264160156 9.707106590270996
    vertex -6.736067295074463 -42.35114288330078 9.866026878356934
    vertex -6.181979656219482 -42.681983947753906 9.707106590270996
  endloop
endfacet
facet normal 0.0 0.0 0.0
  outer loop
    vertex -6.568514347076416 -42.229408264160156 9.707106590270996
    vertex -6.181979656219482 -42.681983947753906 9.707106590270996
    vertex -6.069607257843018 -42.569610595703125 9.499999046325684
  endloop
endfacet
facet normal 0.0 0.0 0.0
  outer loop
    vertex -6.069607257843018 -42.569610595703125 9.499999046325684
    vertex -6.181979656219482 -42.681983947753906 9.707106590270996
    vertex -5.635996341705322 -42.93994903564453 9.499999046325684
  endloop
endfacet
facet normal 0.0 0.0 0.0
  outer loop
    vertex -6.069607257843018 -42.569610595703125 9.499999046325684
    vertex -5.635996341705322 -42.93994903564453 9.499999046325684
    vertex -5.577276229858398 -42.85912322998047 9.258818626403809
  endloop
endfacet
facet normal 0.0 0.0 0.0
  outer loop
    vertex -5.577276229858398 -42.85912322998047 9.258818626403809
    vertex -5.635996341705322 -42.93994903564453 9.499999046325684
    vertex -5.104435920715332 -43.14888000488281 9.258818626403809
  endloop
endfacet
facet normal 0.0 0.0 0.0
  outer loop
    vertex -7.728615760803223 -41.539093017578125 9.999999046325684
    vertex -7.39711332321167 -42.25 9.999999046325684
    vertex -7.278919219970703 -41.925453186035156 9.965926170349121
  endloop
endfacet
facet normal 0.0 0.0 0.0
  outer loop
    vertex -7.278919219970703 -41.925453186035156 9.965926170349121
    vertex -7.39711332321167 -42.25 9.999999046325684
    vertex -6.931186676025391 -42.49290466308594 9.965926170349121
  endloop
endfacet
facet normal 0.0 0.0 0.0
  outer loop
    vertex -7.278919219970703 -41.925453186035156 9.965926170349121
    vertex -6.931186676025391 -42.49290466308594 9.965926170349121
    vertex -6.736067295074463 -42.35114288330078 9.866026878356934
  endloop
endfacet
facet normal 0.0 0.0 0.0
  outer loop
    vertex -6.736067295074463 -42.35114288330078 9.866026878356934
    vertex -6.931186676025391 -42.49290466308594 9.965926170349121
    vertex -6.328426361083984 -42.82843017578125 9.866026878356934
  endloop
endfacet
facet normal 0.0 0.0 0.0
  outer loop
    vertex -6.736067295074463 -42.35114288330078 9.866026878356934
    vertex -6.328426361083984 -42.82843017578125 9.866026878356934
    vertex -6.181979656219482 -42.681983947753906 9.707106590270996
  endloop
endfacet
facet normal 0.0 0.0 0.0
  outer loop
    vertex -6.181979656219482 -42.681983947753906 9.707106590270996
    vertex -6.328426361083984 -42.82843017578125 9.866026878356934
    vertex -5.729406356811523 -43.068511962890625 9.707106590270996
  endloop
endfacet
facet normal 0.0 0.0 0.0
  outer loop
    vertex -6.181979656219482 -42.681983947753906 9.707106590270996
    vertex -5.729406356811523 -43.068511962890625 9.707106590270996
    vertex -5.635996341705322 -42.93994903564453 9.499999046325684
  endloop
endfacet
facet normal 0.0 0.0 0.0
  outer loop
    vertex -5.635996341705322 -42.93994903564453 9.499999046325684
    vertex -5.729406356811523 -43.068511962890625 9.707106590270996
    vertex -5.149789810180664 -43.237892150878906 9.499999046325684
  endloop
endfacet
facet normal 0.0 0.0 0.0
  outer loop
    vertex -5.635996341705322 -42.93994903564453 9.499999046325684
    vertex -5.149789810180664 -43.237892150878906 9.499999046325684
    vertex -5.104435920715332 -43.14888000488281 9.258818626403809
  endloop
endfacet
facet normal 0.0 0.0 0.0
  outer loop
    vertex -5.104435920715332 -43.14888000488281 9.258818626403809
    vertex -5.149789810180664 -43.237892150878906 9.499999046325684
    vertex -4.59208869934082 -43.361106872558594 9.258818626403809
  endloop
endfacet
facet normal 0.0 0.0 0.0
  outer loop
    vertex -7.39711332321167 -42.25 9.999999046325684
    vertex -6.94719934463501 -42.892547607421875 9.999999046325684
    vertex -6.931186676025391 -42.49290466308594 9.965926170349121
  endloop
endfacet
facet normal 0.0 0.0 0.0
  outer loop
    vertex -6.931186676025391 -42.49290466308594 9.965926170349121
    vertex -6.94719934463501 -42.892547607421875 9.999999046325684
    vertex -6.498967170715332 -42.99897003173828 9.965926170349121
  endloop
endfacet
facet normal 0.0 0.0 0.0
  outer loop
    vertex -6.931186676025391 -42.49290466308594 9.965926170349121
    vertex -6.498967170715332 -42.99897003173828 9.965926170349121
    vertex -6.328426361083984 -42.82843017578125 9.866026878356934
  endloop
endfacet
facet normal 0.0 0.0 0.0
  outer loop
    vertex -6.328426361083984 -42.82843017578125 9.866026878356934
    vertex -6.498967170715332 -42.99897003173828 9.965926170349121
    vertex -5.85114049911499 -43.23606872558594 9.866026878356934
  endloop
endfacet
facet normal 0.0 0.0 0.0
  outer loop
    vertex -6.328426361083984 -42.82843017578125 9.866026878356934
    vertex -5.85114049911499 -43.23606872558594 9.866026878356934
    vertex -5.729406356811523 -43.068511962890625 9.707106590270996
  endloop
endfacet
facet normal 0.0 0.0 0.0
  outer loop
    vertex -5.729406356811523 -43.068511962890625 9.707106590270996
    vertex -5.85114049911499 -43.23606872558594 9.866026878356934
    vertex -5.22193717956543 -43.379493713378906 9.707106590270996
  endloop
endfacet
facet normal 0.0 0.0 0.0
  outer loop
    vertex -5.729406356811523 -43.068511962890625 9.707106590270996
    vertex -5.22193717956543 -43.379493713378906 9.707106590270996
    vertex -5.149789810180664 -43.237892150878906 9.499999046325684
  endloop
endfacet
facet normal 0.0 0.0 0.0
  outer loop
    vertex -5.149789810180664 -43.237892150878906 9.499999046325684
    vertex -5.22193717956543 -43.379493713378906 9.707106590270996
    vertex -4.622959613800049 -43.45611572265625 9.499999046325684
  endloop
endfacet
facet normal 0.0 0.0 0.0
  outer loop
    vertex -5.149789810180664 -43.237892150878906 9.499999046325684
    vertex -4.622959613800049 -43.45611572265625 9.499999046325684
    vertex -4.59208869934082 -43.361106872558594 9.258818626403809
  endloop
endfacet
facet normal 0.0 0.0 0.0
  outer loop
    vertex -4.59208869934082 -43.361106872558594 9.258818626403809
    vertex -4.622959613800049 -43.45611572265625 9.499999046325684
    vertex -4.052850723266602 -43.490562438964844 9.258819580078125
  endloop
endfacet
facet normal 0.0 0.0 0.0
  outer loop
    vertex -6.94719934463501 -42.892547607421875 9.999999046325684
    vertex -6.392543315887451 -43.44719696044922 9.999999046325684
    vertex -6.498967170715332 -42.99897003173828 9.965926170349121
  endloop
endfacet
facet normal 0.0 0.0 0.0
  outer loop
    vertex -6.498967170715332 -42.99897003173828 9.965926170349121
    vertex -6.392543315887451 -43.44719696044922 9.999999046325684
    vertex -5.992903232574463 -43.431190490722656 9.965926170349121
  endloop
endfacet
facet normal 0.0 0.0 0.0
  outer loop
    vertex -6.498967170715332 -42.99897003173828 9.965926170349121
    vertex -5.992903232574463 -43.431190490722656 9.965926170349121
    vertex -5.85114049911499 -43.23606872558594 9.866026878356934
  endloop
endfacet
facet normal 0.0 0.0 0.0
  outer loop
    vertex -5.85114049911499 -43.23606872558594 9.866026878356934
    vertex -5.992903232574463 -43.431190490722656 9.965926170349121
    vertex -5.315961837768555 -43.56402587890625 9.866026878356934
  endloop
endfacet
facet normal 0.0 0.0 0.0
  outer loop
    vertex -5.85114049911499 -43.23606872558594 9.866026878356934
    vertex -5.315961837768555 -43.56402587890625 9.866026878356934
    vertex -5.22193717956543 -43.379493713378906 9.707106590270996
  endloop
endfacet
facet normal 0.0 0.0 0.0
  outer loop
    vertex -5.22193717956543 -43.379493713378906 9.707106590270996
    vertex -5.315961837768555 -43.56402587890625 9.866026878356934
    vertex -4.672068119049072 -43.60725402832031 9.707106590270996
  endloop
endfacet
facet normal 0.0 0.0 0.0
  outer loop
    vertex -5.22193717956543 -43.379493713378906 9.707106590270996
    vertex -4.672068119049072 -43.60725402832031 9.707106590270996
    vertex -4.622959613800049 -43.45611572265625 9.499999046325684
  endloop
endfacet
facet normal 0.0 0.0 0.0
  outer loop
    vertex -4.622959613800049 -43.45611572265625 9.499999046325684
    vertex -4.672068119049072 -43.60725402832031 9.707106590270996
    vertex -4.068478584289551 -43.5892333984375 9.5
  endloop
endfacet
facet normal 0.0 0.0 0.0
  outer loop
    vertex -4.622959613800049 -43.45611572265625 9.499999046325684
    vertex -4.068478584289551 -43.5892333984375 9.5
    vertex -4.052850723266602 -43.490562438964844 9.258819580078125
  endloop
endfacet
facet normal 0.0 0.0 0.0
  outer loop
    vertex -6.392543315887451 -43.44719696044922 9.999999046325684
    vertex -5.749999523162842 -43.897117614746094 9.999999046325684
    vertex -5.992903232574463 -43.431190490722656 9.965926170349121
  endloop
endfacet
facet normal 0.0 0.0 0.0
  outer loop
    vertex -5.992903232574463 -43.431190490722656 9.965926170349121
    vertex -5.749999523162842 -43.897117614746094 9.999999046325684
    vertex -5.425455570220947 -43.77892303466797 9.965926170349121
  endloop
endfacet
facet normal 0.0 0.0 0.0
  outer loop
    vertex -5.992903232574463 -43.431190490722656 9.965926170349121
    vertex -5.425455570220947 -43.77892303466797 9.965926170349121
    vertex -5.315961837768555 -43.56402587890625 9.866026878356934
  endloop
endfacet
facet normal 0.0 0.0 0.0
  outer loop
    vertex -5.315961837768555 -43.56402587890625 9.866026878356934
    vertex -5.425455570220947 -43.77892303466797 9.965926170349121
    vertex -4.736067771911621 -43.804229736328125 9.866026878356934
  endloop
endfacet
facet normal 0.0 0.0 0.0
  outer loop
    vertex -5.315961837768555 -43.56402587890625 9.866026878356934
    vertex -4.736067771911621 -43.804229736328125 9.866026878356934
    vertex -4.672068119049072 -43.60725402832031 9.707106590270996
  endloop
endfacet
facet normal 0.0 0.0 0.0
  outer loop
    vertex -4.672068119049072 -43.60725402832031 9.707106590270996
    vertex -4.736067771911621 -43.804229736328125 9.866026878356934
    vertex -4.093338966369629 -43.746192932128906 9.707106590270996
  endloop
endfacet
facet normal 0.0 0.0 0.0
  outer loop
    vertex -4.672068119049072 -43.60725402832031 9.707106590270996
    vertex -4.093338966369629 -43.746192932128906 9.707106590270996
    vertex -4.068478584289551 -43.5892333984375 9.5
  endloop
endfacet
facet normal 0.0 0.0 0.0
  outer loop
    vertex -5.749999523162842 -43.897117614746094 9.999999046325684
    vertex -5.039090156555176 -44.228614807128906 9.999999046325684
    vertex -5.425455570220947 -43.77892303466797 9.965926170349121
  endloop
endfacet
facet normal 0.0 0.0 0.0
  outer loop
    vertex -5.425455570220947 -43.77892303466797 9.965926170349121
    vertex -5.039090156555176 -44.228614807128906 9.999999046325684
    vertex -4.810596466064453 -44.033599853515625 9.965926170349121
  endloop
endfacet
facet normal 0.0 0.0 0.0
  outer loop
    vertex -5.425455570220947 -43.77892303466797 9.965926170349121
    vertex -4.810596466064453 -44.033599853515625 9.965926170349121
    vertex -4.736067771911621 -43.804229736328125 9.866026878356934
  endloop
endfacet
facet normal 0.0 0.0 0.0
  outer loop
    vertex -4.736067771911621 -43.804229736328125 9.866026878356934
    vertex -4.810596466064453 -44.033599853515625 9.965926170349121
    vertex -4.12573766708374 -43.95075225830078 9.866026878356934
  endloop
endfacet
facet normal 0.0 0.0 0.0
  outer loop
    vertex -4.736067771911621 -43.804229736328125 9.866026878356934
    vertex -4.12573766708374 -43.95075225830078 9.866026878356934
    vertex -4.093338966369629 -43.746192932128906 9.707106590270996
  endloop
endfacet
facet normal 0.0 0.0 0.0
  outer loop
    vertex -5.039090156555176 -44.228614807128906 9.999999046325684
    vertex -4.281416416168213 -44.43163299560547 9.999999046325684
    vertex -4.810596466064453 -44.033599853515625 9.965926170349121
  endloop
endfacet
facet normal 0.0 0.0 0.0
  outer loop
    vertex -4.810596466064453 -44.033599853515625 9.965926170349121
    vertex -4.281416416168213 -44.43163299560547 9.999999046325684
    vertex -4.163466453552246 -44.18896484375 9.965926170349121
  endloop
endfacet
facet normal 0.0 0.0 0.0
  outer loop
    vertex -4.810596466064453 -44.033599853515625 9.965926170349121
    vertex -4.163466453552246 -44.18896484375 9.965926170349121
    vertex -4.12573766708374 -43.95075225830078 9.866026878356934
  endloop
endfacet
facet normal 0.0 0.0 0.0
  outer loop
    vertex -3.5 -44.5 9.999999046325684
    vertex 3.499999523162842 -44.5 9.999999046325684
    vertex -1.0082649026799118e-07 -44.241180419921875 9.965926170349121
  endloop
endfacet
facet normal 0.0 0.0 0.0
  outer loop
    vertex -1.0082649026799118e-07 -44.241180419921875 9.965926170349121
    vertex 3.499999523162842 -44.5 9.999999046325684
    vertex 3.499999523162842 -44.241180419921875 9.965926170349121
  endloop
endfacet
facet normal 0.0 0.0 0.0
  outer loop
    vertex -1.0082649026799118e-07 -44.241180419921875 9.965926170349121
    vertex 3.499999523162842 -44.241180419921875 9.965926170349121
    vertex -9.808692880142189e-08 -44.0 9.866026878356934
  endloop
endfacet
facet normal 0.0 0.0 0.0
  outer loop
    vertex -9.808692880142189e-08 -44.0 9.866026878356934
    vertex 3.499999523162842 -44.241180419921875 9.965926170349121
    vertex 3.499999523162842 -44.0 9.866026878356934
  endloop
endfacet
facet normal 0.0 0.0 0.0
  outer loop
    vertex -9.808692880142189e-08 -44.0 9.866026878356934
    vertex 3.499999523162842 -44.0 9.866026878356934
    vertex -9.372881493163732e-08 -43.79289245605469 9.707106590270996
  endloop
endfacet
facet normal 0.0 0.0 0.0
  outer loop
    vertex -9.372881493163732e-08 -43.79289245605469 9.707106590270996
    vertex 3.499999523162842 -44.0 9.866026878356934
    vertex 3.499999523162842 -43.79289245605469 9.707106590270996
  endloop
endfacet
facet normal 0.0 0.0 0.0
  outer loop
    vertex -9.372881493163732e-08 -43.79289245605469 9.707106590270996
    vertex 3.499999523162842 -43.79289245605469 9.707106590270996
    vertex -8.804924789274082e-08 -43.63397216796875 9.5
  endloop
endfacet
facet normal 0.0 0.0 0.0
  outer loop
    vertex -8.804924789274082e-08 -43.63397216796875 9.5
    vertex 3.499999523162842 -43.79289245605469 9.707106590270996
    vertex 3.499999523162842 -43.63397216796875 9.5
  endloop
endfacet
facet normal 0.0 0.0 0.0
  outer loop
    vertex -8.804924789274082e-08 -43.63397216796875 9.5
    vertex 3.499999523162842 -43.63397216796875 9.5
    vertex -8.143529584003772e-08 -43.53407287597656 9.258819580078125
  endloop
endfacet
facet normal 0.0 0.0 0.0
  outer loop
    vertex -8.143529584003772e-08 -43.53407287597656 9.258819580078125
    vertex 3.499999523162842 -43.63397216796875 9.5
    vertex 3.499999523162842 -43.53407287597656 9.258819580078125
  endloop
endfacet
facet normal 0.0 0.0 0.0
  outer loop
    vertex -8.143529584003772e-08 -43.53407287597656 9.258819580078125
    vertex 3.499999523162842 -43.53407287597656 9.258819580078125
    vertex 3.499999523162842 -43.5 9.0
  endloop
endfacet
facet normal 0.0 0.0 0.0
  outer loop
    vertex 3.499999523162842 -43.5 9.0
    vertex -3.5 -43.5 9.0
    vertex -8.143529584003772e-08 -43.53407287597656 9.258819580078125
  endloop
endfacet
facet normal 0.0 0.0 0.0
  outer loop
    vertex -8.143529584003772e-08 -43.53407287597656 9.258819580078125
    vertex -3.5 -43.5 9.0
    vertex -3.5 -43.53407287597656 9.258819580078125
  endloop
endfacet
facet normal 0.0 0.0 0.0
  outer loop
    vertex -8.143529584003772e-08 -43.53407287597656 9.258819580078125
    vertex -3.5 -43.53407287597656 9.258819580078125
    vertex -8.804924789274082e-08 -43.63397216796875 9.5
  endloop
endfacet
facet normal 0.0 0.0 0.0
  outer loop
    vertex -8.804924789274082e-08 -43.63397216796875 9.5
    vertex -3.5 -43.53407287597656 9.258819580078125
    vertex -3.5 -43.63397216796875 9.5
  endloop
endfacet
facet normal 0.0 0.0 0.0
  outer loop
    vertex -8.804924789274082e-08 -43.63397216796875 9.5
    vertex -3.5 -43.63397216796875 9.5
    vertex -9.372881493163732e-08 -43.79289245605469 9.707106590270996
  endloop
endfacet
facet normal 0.0 0.0 0.0
  outer loop
    vertex -9.372881493163732e-08 -43.79289245605469 9.707106590270996
    vertex -3.5 -43.63397216796875 9.5
    vertex -3.5 -43.79289245605469 9.707106590270996
  endloop
endfacet
facet normal 0.0 0.0 0.0
  outer loop
    vertex -9.372881493163732e-08 -43.79289245605469 9.707106590270996
    vertex -3.5 -43.79289245605469 9.707106590270996
    vertex -9.808692880142189e-08 -44.0 9.866026878356934
  endloop
endfacet
facet normal 0.0 0.0 0.0
  outer loop
    vertex -9.808692880142189e-08 -44.0 9.866026878356934
    vertex -3.5 -43.79289245605469 9.707106590270996
    vertex -3.5 -44.0 9.866026878356934
  endloop
endfacet
facet normal 0.0 0.0 0.0
  outer loop
    vertex -9.808692880142189e-08 -44.0 9.866026878356934
    vertex -3.5 -44.0 9.866026878356934
    vertex -1.0082649026799118e-07 -44.241180419921875 9.965926170349121
  endloop
endfacet
facet normal 0.0 0.0 0.0
  outer loop
    vertex -1.0082649026799118e-07 -44.241180419921875 9.965926170349121
    vertex -3.5 -44.0 9.866026878356934
    vertex -3.5 -44.241180419921875 9.965926170349121
  endloop
endfacet
facet normal 0.0 0.0 0.0
  outer loop
    vertex -1.0082649026799118e-07 -44.241180419921875 9.965926170349121
    vertex -3.5 -44.241180419921875 9.965926170349121
    vertex -3.5 -44.5 9.999999046325684
  endloop
endfacet
facet normal 0.0 0.0 0.0
  outer loop
    vertex 7.931633949279785 -40.78141784667969 10.0
    vertex 7.999999046325684 -40.0 10.0
    vertex 7.688964366912842 -40.66346740722656 9.965927124023438
  endloop
endfacet
facet normal 0.0 0.0 0.0
  outer loop
    vertex 7.688964366912842 -40.66346740722656 9.965927124023438
    vertex 7.999999046325684 -40.0 10.0
    vertex 7.741179943084717 -40.0 9.965927124023438
  endloop
endfacet
facet normal 0.0 0.0 0.0
  outer loop
    vertex 7.688964366912842 -40.66346740722656 9.965927124023438
    vertex 7.741179943084717 -40.0 9.965927124023438
    vertex 7.499999046325684 -40.0 9.86602783203125
  endloop
endfacet
facet normal 0.0 0.0 0.0
  outer loop
    vertex 7.688964366912842 -40.66346740722656 9.965927124023438
    vertex 7.499999046325684 -40.0 9.86602783203125
    vertex 7.4507527351379395 -40.62574005126953 9.86602783203125
  endloop
endfacet
facet normal 0.0 0.0 0.0
  outer loop
    vertex 7.4507527351379395 -40.62574005126953 9.86602783203125
    vertex 7.499999046325684 -40.0 9.86602783203125
    vertex 7.2928924560546875 -40.0 9.707107543945312
  endloop
endfacet
facet normal 0.0 0.0 0.0
  outer loop
    vertex 7.4507527351379395 -40.62574005126953 9.86602783203125
    vertex 7.2928924560546875 -40.0 9.707107543945312
    vertex 7.2461957931518555 -40.59333801269531 9.707107543945312
  endloop
endfacet
facet normal 0.0 0.0 0.0
  outer loop
    vertex 7.2461957931518555 -40.59333801269531 9.707107543945312
    vertex 7.2928924560546875 -40.0 9.707107543945312
    vertex 7.133973598480225 -40.0 9.5
  endloop
endfacet
facet normal 0.0 0.0 0.0
  outer loop
    vertex 7.2461957931518555 -40.59333801269531 9.707107543945312
    vertex 7.133973598480225 -40.0 9.5
    vertex 7.0892333984375 -40.5684814453125 9.5
  endloop
endfacet
facet normal 0.0 0.0 0.0
  outer loop
    vertex 7.0892333984375 -40.5684814453125 9.5
    vertex 7.133973598480225 -40.0 9.5
    vertex 7.034073352813721 -40.0 9.258819580078125
  endloop
endfacet
facet normal 0.0 0.0 0.0
  outer loop
    vertex 7.0892333984375 -40.5684814453125 9.5
    vertex 7.034073352813721 -40.0 9.258819580078125
    vertex 6.990562915802002 -40.55284881591797 9.258819580078125
  endloop
endfacet
facet normal 0.0 0.0 0.0
  outer loop
    vertex 6.990562915802002 -40.55284881591797 9.258819580078125
    vertex 7.034073352813721 -40.0 9.258819580078125
    vertex 6.999999046325684 -40.0 9.0
  endloop
endfacet
facet normal 0.0 0.0 0.0
  outer loop
    vertex 6.990562915802002 -40.55284881591797 9.258819580078125
    vertex 6.999999046325684 -40.0 9.0
    vertex 6.932747840881348 -40.68281555175781 9.0
  endloop
endfacet
facet normal 0.0 0.0 0.0
  outer loop
    vertex 6.990562915802002 -40.55284881591797 9.258819580078125
    vertex 6.932747840881348 -40.68281555175781 9.0
    vertex 6.861103534698486 -41.09208679199219 9.258819580078125
  endloop
endfacet
facet normal 0.0 0.0 0.0
  outer loop
    vertex 6.861103534698486 -41.09208679199219 9.258819580078125
    vertex 6.932747840881348 -40.68281555175781 9.0
    vertex 6.733577728271484 -41.339393615722656 9.0
  endloop
endfacet
facet normal 0.0 0.0 0.0
  outer loop
    vertex 6.861103534698486 -41.09208679199219 9.258819580078125
    vertex 6.733577728271484 -41.339393615722656 9.0
    vertex 6.6488823890686035 -41.60443878173828 9.258819580078125
  endloop
endfacet
facet normal 0.0 0.0 0.0
  outer loop
    vertex 6.6488823890686035 -41.60443878173828 9.258819580078125
    vertex 6.733577728271484 -41.339393615722656 9.0
    vertex 6.41014289855957 -41.944496154785156 9.0
  endloop
endfacet
facet normal 0.0 0.0 0.0
  outer loop
    vertex 6.6488823890686035 -41.60443878173828 9.258819580078125
    vertex 6.41014289855957 -41.944496154785156 9.0
    vertex 6.359125137329102 -42.07727813720703 9.258819580078125
  endloop
endfacet
facet normal 0.0 0.0 0.0
  outer loop
    vertex 6.359125137329102 -42.07727813720703 9.258819580078125
    vertex 6.41014289855957 -41.944496154785156 9.0
    vertex 5.9748735427856445 -42.474876403808594 9.0
  endloop
endfacet
facet normal 0.0 0.0 0.0
  outer loop
    vertex 6.359125137329102 -42.07727813720703 9.258819580078125
    vertex 5.9748735427856445 -42.474876403808594 9.0
    vertex 5.99896764755249 -42.49897003173828 9.258819580078125
  endloop
endfacet
facet normal 0.0 0.0 0.0
  outer loop
    vertex 5.99896764755249 -42.49897003173828 9.258819580078125
    vertex 5.9748735427856445 -42.474876403808594 9.0
    vertex 5.577276229858398 -42.85912322998047 9.258819580078125
  endloop
endfacet
facet normal 0.0 0.0 0.0
  outer loop
    vertex 5.99896764755249 -42.49897003173828 9.258819580078125
    vertex 5.577276229858398 -42.85912322998047 9.258819580078125
    vertex 5.635996341705322 -42.93994903564453 9.5
  endloop
endfacet
facet normal 0.0 0.0 0.0
  outer loop
    vertex 5.635996341705322 -42.93994903564453 9.5
    vertex 5.577276229858398 -42.85912322998047 9.258819580078125
    vertex 5.149789810180664 -43.237892150878906 9.5
  endloop
endfacet
facet normal 0.0 0.0 0.0
  outer loop
    vertex 5.635996341705322 -42.93994903564453 9.5
    vertex 5.149789810180664 -43.237892150878906 9.5
    vertex 5.22193717956543 -43.379493713378906 9.707107543945312
  endloop
endfacet
facet normal 0.0 0.0 0.0
  outer loop
    vertex 5.22193717956543 -43.379493713378906 9.707107543945312
    vertex 5.149789810180664 -43.237892150878906 9.5
    vertex 4.672068119049072 -43.60725402832031 9.707107543945312
  endloop
endfacet
facet normal 0.0 0.0 0.0
  outer loop
    vertex 5.22193717956543 -43.379493713378906 9.707107543945312
    vertex 4.672068119049072 -43.60725402832031 9.707107543945312
    vertex 4.736067771911621 -43.804229736328125 9.86602783203125
  endloop
endfacet
facet normal 0.0 0.0 0.0
  outer loop
    vertex 4.736067771911621 -43.804229736328125 9.86602783203125
    vertex 4.672068119049072 -43.60725402832031 9.707107543945312
    vertex 4.12573766708374 -43.95075225830078 9.866026878356934
  endloop
endfacet
facet normal 0.0 0.0 0.0
  outer loop
    vertex 4.736067771911621 -43.804229736328125 9.86602783203125
    vertex 4.12573766708374 -43.95075225830078 9.866026878356934
    vertex 4.163466453552246 -44.18896484375 9.965926170349121
  endloop
endfacet
facet normal 0.0 0.0 0.0
  outer loop
    vertex 4.163466453552246 -44.18896484375 9.965926170349121
    vertex 4.12573766708374 -43.95075225830078 9.866026878356934
    vertex 3.499999523162842 -44.241180419921875 9.965926170349121
  endloop
endfacet
facet normal 0.0 0.0 0.0
  outer loop
    vertex 4.163466453552246 -44.18896484375 9.965926170349121
    vertex 3.499999523162842 -44.241180419921875 9.965926170349121
    vertex 3.499999523162842 -44.5 9.999999046325684
  endloop
endfacet
facet normal 0.0 0.0 0.0
  outer loop
    vertex 5.9748735427856445 -42.474876403808594 9.0
    vertex 5.444495677947998 -42.91014099121094 9.0
    vertex 5.577276229858398 -42.85912322998047 9.258819580078125
  endloop
endfacet
facet normal 0.0 0.0 0.0
  outer loop
    vertex 5.577276229858398 -42.85912322998047 9.258819580078125
    vertex 5.444495677947998 -42.91014099121094 9.0
    vertex 5.104435920715332 -43.14888000488281 9.258819580078125
  endloop
endfacet
facet normal 0.0 0.0 0.0
  outer loop
    vertex 5.577276229858398 -42.85912322998047 9.258819580078125
    vertex 5.104435920715332 -43.14888000488281 9.258819580078125
    vertex 5.149789810180664 -43.237892150878906 9.5
  endloop
endfacet
facet normal 0.0 0.0 0.0
  outer loop
    vertex 5.149789810180664 -43.237892150878906 9.5
    vertex 5.104435920715332 -43.14888000488281 9.258819580078125
    vertex 4.622959613800049 -43.45611572265625 9.5
  endloop
endfacet
facet normal 0.0 0.0 0.0
  outer loop
    vertex 5.149789810180664 -43.237892150878906 9.5
    vertex 4.622959613800049 -43.45611572265625 9.5
    vertex 4.672068119049072 -43.60725402832031 9.707107543945312
  endloop
endfacet
facet normal 0.0 0.0 0.0
  outer loop
    vertex 4.672068119049072 -43.60725402832031 9.707107543945312
    vertex 4.622959613800049 -43.45611572265625 9.5
    vertex 4.093338966369629 -43.746192932128906 9.707106590270996
  endloop
endfacet
facet normal 0.0 0.0 0.0
  outer loop
    vertex 4.672068119049072 -43.60725402832031 9.707107543945312
    vertex 4.093338966369629 -43.746192932128906 9.707106590270996
    vertex 4.12573766708374 -43.95075225830078 9.866026878356934
  endloop
endfacet
facet normal 0.0 0.0 0.0
  outer loop
    vertex 4.12573766708374 -43.95075225830078 9.866026878356934
    vertex 4.093338966369629 -43.746192932128906 9.707106590270996
    vertex 3.499999523162842 -44.0 9.866026878356934
  endloop
endfacet
facet normal 0.0 0.0 0.0
  outer loop
    vertex 4.12573766708374 -43.95075225830078 9.866026878356934
    vertex 3.499999523162842 -44.0 9.866026878356934
    vertex 3.499999523162842 -44.241180419921875 9.965926170349121
  endloop
endfacet
facet normal 0.0 0.0 0.0
  outer loop
    vertex 5.444495677947998 -42.91014099121094 9.0
    vertex 4.839391708374023 -43.23358154296875 9.0
    vertex 5.104435920715332 -43.14888000488281 9.258819580078125
  endloop
endfacet
facet normal 0.0 0.0 0.0
  outer loop
    vertex 5.104435920715332 -43.14888000488281 9.258819580078125
    vertex 4.839391708374023 -43.23358154296875 9.0
    vertex 4.59208869934082 -43.361106872558594 9.258819580078125
  endloop
endfacet
facet normal 0.0 0.0 0.0
  outer loop
    vertex 5.104435920715332 -43.14888000488281 9.258819580078125
    vertex 4.59208869934082 -43.361106872558594 9.258819580078125
    vertex 4.622959613800049 -43.45611572265625 9.5
  endloop
endfacet
facet normal 0.0 0.0 0.0
  outer loop
    vertex 4.622959613800049 -43.45611572265625 9.5
    vertex 4.59208869934082 -43.361106872558594 9.258819580078125
    vertex 4.068478584289551 -43.5892333984375 9.5
  endloop
endfacet
facet normal 0.0 0.0 0.0
  outer loop
    vertex 4.622959613800049 -43.45611572265625 9.5
    vertex 4.068478584289551 -43.5892333984375 9.5
    vertex 4.093338966369629 -43.746192932128906 9.707106590270996
  endloop
endfacet
facet normal 0.0 0.0 0.0
  outer loop
    vertex 4.093338966369629 -43.746192932128906 9.707106590270996
    vertex 4.068478584289551 -43.5892333984375 9.5
    vertex 3.499999523162842 -43.79289245605469 9.707106590270996
  endloop
endfacet
facet normal 0.0 0.0 0.0
  outer loop
    vertex 4.093338966369629 -43.746192932128906 9.707106590270996
    vertex 3.499999523162842 -43.79289245605469 9.707106590270996
    vertex 3.499999523162842 -44.0 9.866026878356934
  endloop
endfacet
facet normal 0.0 0.0 0.0
  outer loop
    vertex 4.839391708374023 -43.23358154296875 9.0
    vertex 4.182816028594971 -43.43274688720703 9.0
    vertex 4.59208869934082 -43.361106872558594 9.258819580078125
  endloop
endfacet
facet normal 0.0 0.0 0.0
  outer loop
    vertex 4.59208869934082 -43.361106872558594 9.258819580078125
    vertex 4.182816028594971 -43.43274688720703 9.0
    vertex 4.052850723266602 -43.490562438964844 9.258819580078125
  endloop
endfacet
facet normal 0.0 0.0 0.0
  outer loop
    vertex 4.59208869934082 -43.361106872558594 9.258819580078125
    vertex 4.052850723266602 -43.490562438964844 9.258819580078125
    vertex 4.068478584289551 -43.5892333984375 9.5
  endloop
endfacet
facet normal 0.0 0.0 0.0
  outer loop
    vertex 4.068478584289551 -43.5892333984375 9.5
    vertex 4.052850723266602 -43.490562438964844 9.258819580078125
    vertex 3.499999523162842 -43.63397216796875 9.5
  endloop
endfacet
facet normal 0.0 0.0 0.0
  outer loop
    vertex 4.068478584289551 -43.5892333984375 9.5
    vertex 3.499999523162842 -43.63397216796875 9.5
    vertex 3.499999523162842 -43.79289245605469 9.707106590270996
  endloop
endfacet
facet normal 0.0 0.0 0.0
  outer loop
    vertex 4.182816028594971 -43.43274688720703 9.0
    vertex 3.499999523162842 -43.5 9.0
    vertex 4.052850723266602 -43.490562438964844 9.258819580078125
  endloop
endfacet
facet normal 0.0 0.0 0.0
  outer loop
    vertex 4.052850723266602 -43.490562438964844 9.258819580078125
    vertex 3.499999523162842 -43.5 9.0
    vertex 3.499999523162842 -43.53407287597656 9.258819580078125
  endloop
endfacet
facet normal 0.0 0.0 0.0
  outer loop
    vertex 4.052850723266602 -43.490562438964844 9.258819580078125
    vertex 3.499999523162842 -43.53407287597656 9.258819580078125
    vertex 3.499999523162842 -43.63397216796875 9.5
  endloop
endfacet
facet normal 0.0 0.0 0.0
  outer loop
    vertex 3.499999523162842 -44.5 9.999999046325684
    vertex 4.281416416168213 -44.43163299560547 9.999999046325684
    vertex 4.163466453552246 -44.18896484375 9.965926170349121
  endloop
endfacet
facet normal 0.0 0.0 0.0
  outer loop
    vertex 4.163466453552246 -44.18896484375 9.965926170349121
    vertex 4.281416416168213 -44.43163299560547 9.999999046325684
    vertex 4.810596466064453 -44.033599853515625 9.965927124023438
  endloop
endfacet
facet normal 0.0 0.0 0.0
  outer loop
    vertex 4.163466453552246 -44.18896484375 9.965926170349121
    vertex 4.810596466064453 -44.033599853515625 9.965927124023438
    vertex 4.736067771911621 -43.804229736328125 9.86602783203125
  endloop
endfacet
facet normal 0.0 0.0 0.0
  outer loop
    vertex 4.736067771911621 -43.804229736328125 9.86602783203125
    vertex 4.810596466064453 -44.033599853515625 9.965927124023438
    vertex 5.315961837768555 -43.56402587890625 9.86602783203125
  endloop
endfacet
facet normal 0.0 0.0 0.0
  outer loop
    vertex 4.736067771911621 -43.804229736328125 9.86602783203125
    vertex 5.315961837768555 -43.56402587890625 9.86602783203125
    vertex 5.22193717956543 -43.379493713378906 9.707107543945312
  endloop
endfacet
facet normal 0.0 0.0 0.0
  outer loop
    vertex 5.22193717956543 -43.379493713378906 9.707107543945312
    vertex 5.315961837768555 -43.56402587890625 9.86602783203125
    vertex 5.729406356811523 -43.068511962890625 9.707107543945312
  endloop
endfacet
facet normal 0.0 0.0 0.0
  outer loop
    vertex 5.22193717956543 -43.379493713378906 9.707107543945312
    vertex 5.729406356811523 -43.068511962890625 9.707107543945312
    vertex 5.635996341705322 -42.93994903564453 9.5
  endloop
endfacet
facet normal 0.0 0.0 0.0
  outer loop
    vertex 5.635996341705322 -42.93994903564453 9.5
    vertex 5.729406356811523 -43.068511962890625 9.707107543945312
    vertex 6.069607257843018 -42.569610595703125 9.5
  endloop
endfacet
facet normal 0.0 0.0 0.0
  outer loop
    vertex 5.635996341705322 -42.93994903564453 9.5
    vertex 6.069607257843018 -42.569610595703125 9.5
    vertex 5.99896764755249 -42.49897003173828 9.258819580078125
  endloop
endfacet
facet normal 0.0 0.0 0.0
  outer loop
    vertex 5.99896764755249 -42.49897003173828 9.258819580078125
    vertex 6.069607257843018 -42.569610595703125 9.5
    vertex 6.359125137329102 -42.07727813720703 9.258819580078125
  endloop
endfacet
facet normal 0.0 0.0 0.0
  outer loop
    vertex 4.281416416168213 -44.43163299560547 9.999999046325684
    vertex 5.039090156555176 -44.228614807128906 10.0
    vertex 4.810596466064453 -44.033599853515625 9.965927124023438
  endloop
endfacet
facet normal 0.0 0.0 0.0
  outer loop
    vertex 4.810596466064453 -44.033599853515625 9.965927124023438
    vertex 5.039090156555176 -44.228614807128906 10.0
    vertex 5.425455570220947 -43.77892303466797 9.965927124023438
  endloop
endfacet
facet normal 0.0 0.0 0.0
  outer loop
    vertex 4.810596466064453 -44.033599853515625 9.965927124023438
    vertex 5.425455570220947 -43.77892303466797 9.965927124023438
    vertex 5.315961837768555 -43.56402587890625 9.86602783203125
  endloop
endfacet
facet normal 0.0 0.0 0.0
  outer loop
    vertex 5.315961837768555 -43.56402587890625 9.86602783203125
    vertex 5.425455570220947 -43.77892303466797 9.965927124023438
    vertex 5.85114049911499 -43.23606872558594 9.86602783203125
  endloop
endfacet
facet normal 0.0 0.0 0.0
  outer loop
    vertex 5.315961837768555 -43.56402587890625 9.86602783203125
    vertex 5.85114049911499 -43.23606872558594 9.86602783203125
    vertex 5.729406356811523 -43.068511962890625 9.707107543945312
  endloop
endfacet
facet normal 0.0 0.0 0.0
  outer loop
    vertex 5.729406356811523 -43.068511962890625 9.707107543945312
    vertex 5.85114049911499 -43.23606872558594 9.86602783203125
    vertex 6.181979656219482 -42.681983947753906 9.707107543945312
  endloop
endfacet
facet normal 0.0 0.0 0.0
  outer loop
    vertex 5.729406356811523 -43.068511962890625 9.707107543945312
    vertex 6.181979656219482 -42.681983947753906 9.707107543945312
    vertex 6.069607257843018 -42.569610595703125 9.5
  endloop
endfacet
facet normal 0.0 0.0 0.0
  outer loop
    vertex 6.069607257843018 -42.569610595703125 9.5
    vertex 6.181979656219482 -42.681983947753906 9.707107543945312
    vertex 6.439946174621582 -42.13599395751953 9.5
  endloop
endfacet
facet normal 0.0 0.0 0.0
  outer loop
    vertex 6.069607257843018 -42.569610595703125 9.5
    vertex 6.439946174621582 -42.13599395751953 9.5
    vertex 6.359125137329102 -42.07727813720703 9.258819580078125
  endloop
endfacet
facet normal 0.0 0.0 0.0
  outer loop
    vertex 6.359125137329102 -42.07727813720703 9.258819580078125
    vertex 6.439946174621582 -42.13599395751953 9.5
    vertex 6.6488823890686035 -41.60443878173828 9.258819580078125
  endloop
endfacet
facet normal 0.0 0.0 0.0
  outer loop
    vertex 5.039090156555176 -44.228614807128906 10.0
    vertex 5.749999523162842 -43.897117614746094 10.0
    vertex 5.425455570220947 -43.77892303466797 9.965927124023438
  endloop
endfacet
facet normal 0.0 0.0 0.0
  outer loop
    vertex 5.425455570220947 -43.77892303466797 9.965927124023438
    vertex 5.749999523162842 -43.897117614746094 10.0
    vertex 5.992903232574463 -43.431190490722656 9.965927124023438
  endloop
endfacet
facet normal 0.0 0.0 0.0
  outer loop
    vertex 5.425455570220947 -43.77892303466797 9.965927124023438
    vertex 5.992903232574463 -43.431190490722656 9.965927124023438
    vertex 5.85114049911499 -43.23606872558594 9.86602783203125
  endloop
endfacet
facet normal 0.0 0.0 0.0
  outer loop
    vertex 5.85114049911499 -43.23606872558594 9.86602783203125
    vertex 5.992903232574463 -43.431190490722656 9.965927124023438
    vertex 6.328426361083984 -42.82843017578125 9.86602783203125
  endloop
endfacet
facet normal 0.0 0.0 0.0
  outer loop
    vertex 5.85114049911499 -43.23606872558594 9.86602783203125
    vertex 6.328426361083984 -42.82843017578125 9.86602783203125
    vertex 6.181979656219482 -42.681983947753906 9.707107543945312
  endloop
endfacet
facet normal 0.0 0.0 0.0
  outer loop
    vertex 6.181979656219482 -42.681983947753906 9.707107543945312
    vertex 6.328426361083984 -42.82843017578125 9.86602783203125
    vertex 6.568514347076416 -42.229408264160156 9.707107543945312
  endloop
endfacet
facet normal 0.0 0.0 0.0
  outer loop
    vertex 6.181979656219482 -42.681983947753906 9.707107543945312
    vertex 6.568514347076416 -42.229408264160156 9.707107543945312
    vertex 6.439946174621582 -42.13599395751953 9.5
  endloop
endfacet
facet normal 0.0 0.0 0.0
  outer loop
    vertex 6.439946174621582 -42.13599395751953 9.5
    vertex 6.568514347076416 -42.229408264160156 9.707107543945312
    vertex 6.737894058227539 -41.64978790283203 9.5
  endloop
endfacet
facet normal 0.0 0.0 0.0
  outer loop
    vertex 6.439946174621582 -42.13599395751953 9.5
    vertex 6.737894058227539 -41.64978790283203 9.5
    vertex 6.6488823890686035 -41.60443878173828 9.258819580078125
  endloop
endfacet
facet normal 0.0 0.0 0.0
  outer loop
    vertex 6.6488823890686035 -41.60443878173828 9.258819580078125
    vertex 6.737894058227539 -41.64978790283203 9.5
    vertex 6.861103534698486 -41.09208679199219 9.258819580078125
  endloop
endfacet
facet normal 0.0 0.0 0.0
  outer loop
    vertex 5.749999523162842 -43.897117614746094 10.0
    vertex 6.392543315887451 -43.44719696044922 10.0
    vertex 5.992903232574463 -43.431190490722656 9.965927124023438
  endloop
endfacet
facet normal 0.0 0.0 0.0
  outer loop
    vertex 5.992903232574463 -43.431190490722656 9.965927124023438
    vertex 6.392543315887451 -43.44719696044922 10.0
    vertex 6.498967170715332 -42.99897003173828 9.965927124023438
  endloop
endfacet
facet normal 0.0 0.0 0.0
  outer loop
    vertex 5.992903232574463 -43.431190490722656 9.965927124023438
    vertex 6.498967170715332 -42.99897003173828 9.965927124023438
    vertex 6.328426361083984 -42.82843017578125 9.86602783203125
  endloop
endfacet
facet normal 0.0 0.0 0.0
  outer loop
    vertex 6.328426361083984 -42.82843017578125 9.86602783203125
    vertex 6.498967170715332 -42.99897003173828 9.965927124023438
    vertex 6.736067295074463 -42.35114288330078 9.86602783203125
  endloop
endfacet
facet normal 0.0 0.0 0.0
  outer loop
    vertex 6.328426361083984 -42.82843017578125 9.86602783203125
    vertex 6.736067295074463 -42.35114288330078 9.86602783203125
    vertex 6.568514347076416 -42.229408264160156 9.707107543945312
  endloop
endfacet
facet normal 0.0 0.0 0.0
  outer loop
    vertex 6.568514347076416 -42.229408264160156 9.707107543945312
    vertex 6.736067295074463 -42.35114288330078 9.86602783203125
    vertex 6.879491806030273 -41.72193908691406 9.707107543945312
  endloop
endfacet
facet normal 0.0 0.0 0.0
  outer loop
    vertex 6.568514347076416 -42.229408264160156 9.707107543945312
    vertex 6.879491806030273 -41.72193908691406 9.707107543945312
    vertex 6.737894058227539 -41.64978790283203 9.5
  endloop
endfacet
facet normal 0.0 0.0 0.0
  outer loop
    vertex 6.737894058227539 -41.64978790283203 9.5
    vertex 6.879491806030273 -41.72193908691406 9.707107543945312
    vertex 6.956114292144775 -41.122962951660156 9.5
  endloop
endfacet
facet normal 0.0 0.0 0.0
  outer loop
    vertex 6.737894058227539 -41.64978790283203 9.5
    vertex 6.956114292144775 -41.122962951660156 9.5
    vertex 6.861103534698486 -41.09208679199219 9.258819580078125
  endloop
endfacet
facet normal 0.0 0.0 0.0
  outer loop
    vertex 6.861103534698486 -41.09208679199219 9.258819580078125
    vertex 6.956114292144775 -41.122962951660156 9.5
    vertex 6.990562915802002 -40.55284881591797 9.258819580078125
  endloop
endfacet
facet normal 0.0 0.0 0.0
  outer loop
    vertex 6.392543315887451 -43.44719696044922 10.0
    vertex 6.94719934463501 -42.892547607421875 10.0
    vertex 6.498967170715332 -42.99897003173828 9.965927124023438
  endloop
endfacet
facet normal 0.0 0.0 0.0
  outer loop
    vertex 6.498967170715332 -42.99897003173828 9.965927124023438
    vertex 6.94719934463501 -42.892547607421875 10.0
    vertex 6.931186676025391 -42.49290466308594 9.965927124023438
  endloop
endfacet
facet normal 0.0 0.0 0.0
  outer loop
    vertex 6.498967170715332 -42.99897003173828 9.965927124023438
    vertex 6.931186676025391 -42.49290466308594 9.965927124023438
    vertex 6.736067295074463 -42.35114288330078 9.86602783203125
  endloop
endfacet
facet normal 0.0 0.0 0.0
  outer loop
    vertex 6.736067295074463 -42.35114288330078 9.86602783203125
    vertex 6.931186676025391 -42.49290466308594 9.965927124023438
    vertex 7.064025402069092 -41.81596374511719 9.86602783203125
  endloop
endfacet
facet normal 0.0 0.0 0.0
  outer loop
    vertex 6.736067295074463 -42.35114288330078 9.86602783203125
    vertex 7.064025402069092 -41.81596374511719 9.86602783203125
    vertex 6.879491806030273 -41.72193908691406 9.707107543945312
  endloop
endfacet
facet normal 0.0 0.0 0.0
  outer loop
    vertex 6.879491806030273 -41.72193908691406 9.707107543945312
    vertex 7.064025402069092 -41.81596374511719 9.86602783203125
    vertex 7.107254981994629 -41.17206573486328 9.707107543945312
  endloop
endfacet
facet normal 0.0 0.0 0.0
  outer loop
    vertex 6.879491806030273 -41.72193908691406 9.707107543945312
    vertex 7.107254981994629 -41.17206573486328 9.707107543945312
    vertex 6.956114292144775 -41.122962951660156 9.5
  endloop
endfacet
facet normal 0.0 0.0 0.0
  outer loop
    vertex 6.956114292144775 -41.122962951660156 9.5
    vertex 7.107254981994629 -41.17206573486328 9.707107543945312
    vertex 7.0892333984375 -40.5684814453125 9.5
  endloop
endfacet
facet normal 0.0 0.0 0.0
  outer loop
    vertex 6.956114292144775 -41.122962951660156 9.5
    vertex 7.0892333984375 -40.5684814453125 9.5
    vertex 6.990562915802002 -40.55284881591797 9.258819580078125
  endloop
endfacet
facet normal 0.0 0.0 0.0
  outer loop
    vertex 6.94719934463501 -42.892547607421875 10.0
    vertex 7.39711332321167 -42.25 10.0
    vertex 6.931186676025391 -42.49290466308594 9.965927124023438
  endloop
endfacet
facet normal 0.0 0.0 0.0
  outer loop
    vertex 6.931186676025391 -42.49290466308594 9.965927124023438
    vertex 7.39711332321167 -42.25 10.0
    vertex 7.278919219970703 -41.925453186035156 9.965927124023438
  endloop
endfacet
facet normal 0.0 0.0 0.0
  outer loop
    vertex 6.931186676025391 -42.49290466308594 9.965927124023438
    vertex 7.278919219970703 -41.925453186035156 9.965927124023438
    vertex 7.064025402069092 -41.81596374511719 9.86602783203125
  endloop
endfacet
facet normal 0.0 0.0 0.0
  outer loop
    vertex 7.064025402069092 -41.81596374511719 9.86602783203125
    vertex 7.278919219970703 -41.925453186035156 9.965927124023438
    vertex 7.304225444793701 -41.23606872558594 9.86602783203125
  endloop
endfacet
facet normal 0.0 0.0 0.0
  outer loop
    vertex 7.064025402069092 -41.81596374511719 9.86602783203125
    vertex 7.304225444793701 -41.23606872558594 9.86602783203125
    vertex 7.107254981994629 -41.17206573486328 9.707107543945312
  endloop
endfacet
facet normal 0.0 0.0 0.0
  outer loop
    vertex 7.107254981994629 -41.17206573486328 9.707107543945312
    vertex 7.304225444793701 -41.23606872558594 9.86602783203125
    vertex 7.2461957931518555 -40.59333801269531 9.707107543945312
  endloop
endfacet
facet normal 0.0 0.0 0.0
  outer loop
    vertex 7.107254981994629 -41.17206573486328 9.707107543945312
    vertex 7.2461957931518555 -40.59333801269531 9.707107543945312
    vertex 7.0892333984375 -40.5684814453125 9.5
  endloop
endfacet
facet normal 0.0 0.0 0.0
  outer loop
    vertex 7.39711332321167 -42.25 10.0
    vertex 7.728615760803223 -41.539093017578125 10.0
    vertex 7.278919219970703 -41.925453186035156 9.965927124023438
  endloop
endfacet
facet normal 0.0 0.0 0.0
  outer loop
    vertex 7.278919219970703 -41.925453186035156 9.965927124023438
    vertex 7.728615760803223 -41.539093017578125 10.0
    vertex 7.533601760864258 -41.31060028076172 9.965927124023438
  endloop
endfacet
facet normal 0.0 0.0 0.0
  outer loop
    vertex 7.278919219970703 -41.925453186035156 9.965927124023438
    vertex 7.533601760864258 -41.31060028076172 9.965927124023438
    vertex 7.304225444793701 -41.23606872558594 9.86602783203125
  endloop
endfacet
facet normal 0.0 0.0 0.0
  outer loop
    vertex 7.304225444793701 -41.23606872558594 9.86602783203125
    vertex 7.533601760864258 -41.31060028076172 9.965927124023438
    vertex 7.4507527351379395 -40.62574005126953 9.86602783203125
  endloop
endfacet
facet normal 0.0 0.0 0.0
  outer loop
    vertex 7.304225444793701 -41.23606872558594 9.86602783203125
    vertex 7.4507527351379395 -40.62574005126953 9.86602783203125
    vertex 7.2461957931518555 -40.59333801269531 9.707107543945312
  endloop
endfacet
facet normal 0.0 0.0 0.0
  outer loop
    vertex 7.728615760803223 -41.539093017578125 10.0
    vertex 7.931633949279785 -40.78141784667969 10.0
    vertex 7.533601760864258 -41.31060028076172 9.965927124023438
  endloop
endfacet
facet normal 0.0 0.0 0.0
  outer loop
    vertex 7.533601760864258 -41.31060028076172 9.965927124023438
    vertex 7.931633949279785 -40.78141784667969 10.0
    vertex 7.688964366912842 -40.66346740722656 9.965927124023438
  endloop
endfacet
facet normal 0.0 0.0 0.0
  outer loop
    vertex 7.533601760864258 -41.31060028076172 9.965927124023438
    vertex 7.688964366912842 -40.66346740722656 9.965927124023438
    vertex 7.4507527351379395 -40.62574005126953 9.86602783203125
  endloop
endfacet
facet normal 0.0 0.0 0.0
  outer loop
    vertex 7.741179943084717 38.0 9.965927124023438
    vertex 7.741179943084717 32.42857360839844 9.965927124023438
    vertex 7.999999046325684 38.0 10.0
  endloop
endfacet
facet normal 0.0 0.0 0.0
  outer loop
    vertex 7.999999046325684 38.0 10.0
    vertex 7.741179943084717 32.42857360839844 9.965927124023438
    vertex 7.741179943084717 26.85714340209961 9.965927124023438
  endloop
endfacet
facet normal 0.0 0.0 0.0
  outer loop
    vertex 7.999999046325684 38.0 10.0
    vertex 7.741179943084717 26.85714340209961 9.965927124023438
    vertex 7.741179943084717 21.285715103149414 9.965927124023438
  endloop
endfacet
facet normal 0.0 0.0 0.0
  outer loop
    vertex 7.741179943084717 21.285715103149414 9.965927124023438
    vertex 7.741179943084717 26.85714340209961 9.965927124023438
    vertex 7.499999046325684 21.285715103149414 9.86602783203125
  endloop
endfacet
facet normal 0.0 0.0 0.0
  outer loop
    vertex 7.741179943084717 21.285715103149414 9.965927124023438
    vertex 7.499999046325684 21.285715103149414 9.86602783203125
    vertex 7.499999046325684 15.714286804199219 9.86602783203125
  endloop
endfacet
facet normal 0.0 0.0 0.0
  outer loop
    vertex 7.499999046325684 15.714286804199219 9.86602783203125
    vertex 7.499999046325684 21.285715103149414 9.86602783203125
    vertex 7.2928924560546875 15.714286804199219 9.707107543945312
  endloop
endfacet
facet normal 0.0 0.0 0.0
  outer loop
    vertex 7.499999046325684 15.714286804199219 9.86602783203125
    vertex 7.2928924560546875 15.714286804199219 9.707107543945312
    vertex 7.2928924560546875 10.14285659790039 9.707107543945312
  endloop
endfacet
facet normal 0.0 0.0 0.0
  outer loop
    vertex 7.2928924560546875 10.14285659790039 9.707107543945312
    vertex 7.2928924560546875 15.714286804199219 9.707107543945312
    vertex 7.133973598480225 10.14285659790039 9.5
  endloop
endfacet
facet normal 0.0 0.0 0.0
  outer loop
    vertex 7.2928924560546875 10.14285659790039 9.707107543945312
    vertex 7.133973598480225 10.14285659790039 9.5
    vertex 7.133973598480225 4.571430206298828 9.5
  endloop
endfacet
facet normal 0.0 0.0 0.0
  outer loop
    vertex 7.133973598480225 4.571430206298828 9.5
    vertex 7.133973598480225 10.14285659790039 9.5
    vertex 7.034073352813721 4.571430206298828 9.258819580078125
  endloop
endfacet
facet normal 0.0 0.0 0.0
  outer loop
    vertex 7.133973598480225 4.571430206298828 9.5
    vertex 7.034073352813721 4.571430206298828 9.258819580078125
    vertex 7.034073352813721 -1.0 9.258819580078125
  endloop
endfacet
facet normal 0.0 0.0 0.0
  outer loop
    vertex 7.034073352813721 -1.0 9.258819580078125
    vertex 7.034073352813721 4.571430206298828 9.258819580078125
    vertex 6.999999046325684 38.0 9.0
  endloop
endfacet
facet normal 0.0 0.0 0.0
  outer loop
    vertex 7.034073352813721 -1.0 9.258819580078125
    vertex 6.999999046325684 38.0 9.0
    vertex 6.999999046325684 -40.0 9.0
  endloop
endfacet
facet normal 0.0 0.0 0.0
  outer loop
    vertex 7.741179943084717 32.42857360839844 9.965927124023438
    vertex 7.741179943084717 38.0 9.965927124023438
    vertex 7.499999046325684 32.42857360839844 9.86602783203125
  endloop
endfacet
facet normal 0.0 0.0 0.0
  outer loop
    vertex 7.499999046325684 32.42857360839844 9.86602783203125
    vertex 7.741179943084717 38.0 9.965927124023438
    vertex 7.499999046325684 38.0 9.86602783203125
  endloop
endfacet
facet normal 0.0 0.0 0.0
  outer loop
    vertex 7.499999046325684 32.42857360839844 9.86602783203125
    vertex 7.499999046325684 38.0 9.86602783203125
    vertex 7.2928924560546875 32.42857360839844 9.707107543945312
  endloop
endfacet
facet normal 0.0 0.0 0.0
  outer loop
    vertex 7.2928924560546875 32.42857360839844 9.707107543945312
    vertex 7.499999046325684 38.0 9.86602783203125
    vertex 7.2928924560546875 38.0 9.707107543945312
  endloop
endfacet
facet normal 0.0 0.0 0.0
  outer loop
    vertex 7.2928924560546875 32.42857360839844 9.707107543945312
    vertex 7.2928924560546875 38.0 9.707107543945312
    vertex 7.133973598480225 32.42857360839844 9.5
  endloop
endfacet
facet normal 0.0 0.0 0.0
  outer loop
    vertex 7.133973598480225 32.42857360839844 9.5
    vertex 7.2928924560546875 38.0 9.707107543945312
    vertex 7.133973598480225 38.0 9.5
  endloop
endfacet
facet normal 0.0 0.0 0.0
  outer loop
    vertex 7.133973598480225 32.42857360839844 9.5
    vertex 7.133973598480225 38.0 9.5
    vertex 7.034073352813721 32.42857360839844 9.258819580078125
  endloop
endfacet
facet normal 0.0 0.0 0.0
  outer loop
    vertex 7.034073352813721 32.42857360839844 9.258819580078125
    vertex 7.133973598480225 38.0 9.5
    vertex 7.034073352813721 38.0 9.258819580078125
  endloop
endfacet
facet normal 0.0 0.0 0.0
  outer loop
    vertex 7.034073352813721 32.42857360839844 9.258819580078125
    vertex 7.034073352813721 38.0 9.258819580078125
    vertex 6.999999046325684 38.0 9.0
  endloop
endfacet
facet normal 0.0 0.0 0.0
  outer loop
    vertex 7.034073352813721 -40.0 9.258819580078125
    vertex 7.034073352813721 -34.42857360839844 9.258819580078125
    vertex 6.999999046325684 -40.0 9.0
  endloop
endfacet
facet normal 0.0 0.0 0.0
  outer loop
    vertex 6.999999046325684 -40.0 9.0
    vertex 7.034073352813721 -34.42857360839844 9.258819580078125
    vertex 7.034073352813721 -28.857139587402344 9.258819580078125
  endloop
endfacet
facet normal 0.0 0.0 0.0
  outer loop
    vertex 6.999999046325684 -40.0 9.0
    vertex 7.034073352813721 -28.857139587402344 9.258819580078125
    vertex 7.034073352813721 -23.28571319580078 9.258819580078125
  endloop
endfacet
facet normal 0.0 0.0 0.0
  outer loop
    vertex 7.034073352813721 -23.28571319580078 9.258819580078125
    vertex 7.034073352813721 -28.857139587402344 9.258819580078125
    vertex 7.133973598480225 -23.28571319580078 9.5
  endloop
endfacet
facet normal 0.0 0.0 0.0
  outer loop
    vertex 7.034073352813721 -23.28571319580078 9.258819580078125
    vertex 7.133973598480225 -23.28571319580078 9.5
    vertex 7.133973598480225 -17.71428680419922 9.5
  endloop
endfacet
facet normal 0.0 0.0 0.0
  outer loop
    vertex 7.133973598480225 -17.71428680419922 9.5
    vertex 7.133973598480225 -23.28571319580078 9.5
    vertex 7.2928924560546875 -17.71428680419922 9.707107543945312
  endloop
endfacet
facet normal 0.0 0.0 0.0
  outer loop
    vertex 7.133973598480225 -17.71428680419922 9.5
    vertex 7.2928924560546875 -17.71428680419922 9.707107543945312
    vertex 7.2928924560546875 -12.14285659790039 9.707107543945312
  endloop
endfacet
facet normal 0.0 0.0 0.0
  outer loop
    vertex 7.2928924560546875 -12.14285659790039 9.707107543945312
    vertex 7.2928924560546875 -17.71428680419922 9.707107543945312
    vertex 7.499999046325684 -12.14285659790039 9.86602783203125
  endloop
endfacet
facet normal 0.0 0.0 0.0
  outer loop
    vertex 7.2928924560546875 -12.14285659790039 9.707107543945312
    vertex 7.499999046325684 -12.14285659790039 9.86602783203125
    vertex 7.499999046325684 -6.571430206298828 9.86602783203125
  endloop
endfacet
facet normal 0.0 0.0 0.0
  outer loop
    vertex 7.499999046325684 -6.571430206298828 9.86602783203125
    vertex 7.499999046325684 -12.14285659790039 9.86602783203125
    vertex 7.741179943084717 -6.571430206298828 9.965927124023438
  endloop
endfacet
facet normal 0.0 0.0 0.0
  outer loop
    vertex 7.499999046325684 -6.571430206298828 9.86602783203125
    vertex 7.741179943084717 -6.571430206298828 9.965927124023438
    vertex 7.741179943084717 -1.0 9.965927124023438
  endloop
endfacet
facet normal 0.0 0.0 0.0
  outer loop
    vertex 7.741179943084717 -1.0 9.965927124023438
    vertex 7.741179943084717 -6.571430206298828 9.965927124023438
    vertex 7.999999046325684 -40.0 10.0
  endloop
endfacet
facet normal 0.0 0.0 0.0
  outer loop
    vertex 7.741179943084717 -1.0 9.965927124023438
    vertex 7.999999046325684 -40.0 10.0
    vertex 7.999999046325684 38.0 10.0
  endloop
endfacet
facet normal 0.0 0.0 0.0
  outer loop
    vertex 7.034073352813721 -34.42857360839844 9.258819580078125
    vertex 7.034073352813721 -40.0 9.258819580078125
    vertex 7.133973598480225 -34.42857360839844 9.5
  endloop
endfacet
facet normal 0.0 0.0 0.0
  outer loop
    vertex 7.133973598480225 -34.42857360839844 9.5
    vertex 7.034073352813721 -40.0 9.258819580078125
    vertex 7.133973598480225 -40.0 9.5
  endloop
endfacet
facet normal 0.0 0.0 0.0
  outer loop
    vertex 7.133973598480225 -34.42857360839844 9.5
    vertex 7.133973598480225 -40.0 9.5
    vertex 7.2928924560546875 -34.42857360839844 9.707107543945312
  endloop
endfacet
facet normal 0.0 0.0 0.0
  outer loop
    vertex 7.2928924560546875 -34.42857360839844 9.707107543945312
    vertex 7.133973598480225 -40.0 9.5
    vertex 7.2928924560546875 -40.0 9.707107543945312
  endloop
endfacet
facet normal 0.0 0.0 0.0
  outer loop
    vertex 7.2928924560546875 -34.42857360839844 9.707107543945312
    vertex 7.2928924560546875 -40.0 9.707107543945312
    vertex 7.499999046325684 -34.42857360839844 9.86602783203125
  endloop
endfacet
facet normal 0.0 0.0 0.0
  outer loop
    vertex 7.499999046325684 -34.42857360839844 9.86602783203125
    vertex 7.2928924560546875 -40.0 9.707107543945312
    vertex 7.499999046325684 -40.0 9.86602783203125
  endloop
endfacet
facet normal 0.0 0.0 0.0
  outer loop
    vertex 7.499999046325684 -34.42857360839844 9.86602783203125
    vertex 7.499999046325684 -40.0 9.86602783203125
    vertex 7.741179943084717 -34.42857360839844 9.965927124023438
  endloop
endfacet
facet normal 0.0 0.0 0.0
  outer loop
    vertex 7.741179943084717 -34.42857360839844 9.965927124023438
    vertex 7.499999046325684 -40.0 9.86602783203125
    vertex 7.741179943084717 -40.0 9.965927124023438
  endloop
endfacet
facet normal 0.0 0.0 0.0
  outer loop
    vertex 7.741179943084717 -34.42857360839844 9.965927124023438
    vertex 7.741179943084717 -40.0 9.965927124023438
    vertex 7.999999046325684 -40.0 10.0
  endloop
endfacet
facet normal 0.0 0.0 0.0
  outer loop
    vertex 7.741179943084717 26.85714340209961 9.965927124023438
    vertex 7.741179943084717 32.42857360839844 9.965927124023438
    vertex 7.499999046325684 26.85714340209961 9.86602783203125
  endloop
endfacet
facet normal 0.0 0.0 0.0
  outer loop
    vertex 7.499999046325684 26.85714340209961 9.86602783203125
    vertex 7.741179943084717 32.42857360839844 9.965927124023438
    vertex 7.499999046325684 32.42857360839844 9.86602783203125
  endloop
endfacet
facet normal 0.0 0.0 0.0
  outer loop
    vertex 7.499999046325684 26.85714340209961 9.86602783203125
    vertex 7.499999046325684 32.42857360839844 9.86602783203125
    vertex 7.2928924560546875 26.85714340209961 9.707107543945312
  endloop
endfacet
facet normal 0.0 0.0 0.0
  outer loop
    vertex 7.2928924560546875 26.85714340209961 9.707107543945312
    vertex 7.499999046325684 32.42857360839844 9.86602783203125
    vertex 7.2928924560546875 32.42857360839844 9.707107543945312
  endloop
endfacet
facet normal 0.0 0.0 0.0
  outer loop
    vertex 7.2928924560546875 26.85714340209961 9.707107543945312
    vertex 7.2928924560546875 32.42857360839844 9.707107543945312
    vertex 7.133973598480225 26.85714340209961 9.5
  endloop
endfacet
facet normal 0.0 0.0 0.0
  outer loop
    vertex 7.133973598480225 26.85714340209961 9.5
    vertex 7.2928924560546875 32.42857360839844 9.707107543945312
    vertex 7.133973598480225 32.42857360839844 9.5
  endloop
endfacet
facet normal 0.0 0.0 0.0
  outer loop
    vertex 7.133973598480225 26.85714340209961 9.5
    vertex 7.133973598480225 32.42857360839844 9.5
    vertex 7.034073352813721 26.85714340209961 9.258819580078125
  endloop
endfacet
facet normal 0.0 0.0 0.0
  outer loop
    vertex 7.034073352813721 26.85714340209961 9.258819580078125
    vertex 7.133973598480225 32.42857360839844 9.5
    vertex 7.034073352813721 32.42857360839844 9.258819580078125
  endloop
endfacet
facet normal 0.0 0.0 0.0
  outer loop
    vertex 7.034073352813721 26.85714340209961 9.258819580078125
    vertex 7.034073352813721 32.42857360839844 9.258819580078125
    vertex 6.999999046325684 38.0 9.0
  endloop
endfacet
facet normal 0.0 0.0 0.0
  outer loop
    vertex 7.741179943084717 21.285715103149414 9.965927124023438
    vertex 7.741179943084717 15.714286804199219 9.965927124023438
    vertex 7.999999046325684 38.0 10.0
  endloop
endfacet
facet normal 0.0 0.0 0.0
  outer loop
    vertex 7.999999046325684 38.0 10.0
    vertex 7.741179943084717 15.714286804199219 9.965927124023438
    vertex 7.741179943084717 10.14285659790039 9.965927124023438
  endloop
endfacet
facet normal 0.0 0.0 0.0
  outer loop
    vertex 7.999999046325684 38.0 10.0
    vertex 7.741179943084717 10.14285659790039 9.965927124023438
    vertex 7.741179943084717 4.571430206298828 9.965927124023438
  endloop
endfacet
facet normal 0.0 0.0 0.0
  outer loop
    vertex 7.741179943084717 4.571430206298828 9.965927124023438
    vertex 7.741179943084717 10.14285659790039 9.965927124023438
    vertex 7.499999046325684 4.571430206298828 9.86602783203125
  endloop
endfacet
facet normal 0.0 0.0 0.0
  outer loop
    vertex 7.741179943084717 4.571430206298828 9.965927124023438
    vertex 7.499999046325684 4.571430206298828 9.86602783203125
    vertex 7.499999046325684 -1.0 9.86602783203125
  endloop
endfacet
facet normal 0.0 0.0 0.0
  outer loop
    vertex 7.499999046325684 -1.0 9.86602783203125
    vertex 7.499999046325684 4.571430206298828 9.86602783203125
    vertex 7.2928924560546875 -1.0 9.707107543945312
  endloop
endfacet
facet normal 0.0 0.0 0.0
  outer loop
    vertex 7.499999046325684 -1.0 9.86602783203125
    vertex 7.2928924560546875 -1.0 9.707107543945312
    vertex 7.2928924560546875 -6.571430206298828 9.707107543945312
  endloop
endfacet
facet normal 0.0 0.0 0.0
  outer loop
    vertex 7.2928924560546875 -6.571430206298828 9.707107543945312
    vertex 7.2928924560546875 -1.0 9.707107543945312
    vertex 7.133973598480225 -6.571430206298828 9.5
  endloop
endfacet
facet normal 0.0 0.0 0.0
  outer loop
    vertex 7.2928924560546875 -6.571430206298828 9.707107543945312
    vertex 7.133973598480225 -6.571430206298828 9.5
    vertex 7.133973598480225 -12.14285659790039 9.5
  endloop
endfacet
facet normal 0.0 0.0 0.0
  outer loop
    vertex 7.133973598480225 -12.14285659790039 9.5
    vertex 7.133973598480225 -6.571430206298828 9.5
    vertex 7.034073352813721 -12.14285659790039 9.258819580078125
  endloop
endfacet
facet normal 0.0 0.0 0.0
  outer loop
    vertex 7.133973598480225 -12.14285659790039 9.5
    vertex 7.034073352813721 -12.14285659790039 9.258819580078125
    vertex 7.034073352813721 -17.71428680419922 9.258819580078125
  endloop
endfacet
facet normal 0.0 0.0 0.0
  outer loop
    vertex 7.034073352813721 -17.71428680419922 9.258819580078125
    vertex 7.034073352813721 -12.14285659790039 9.258819580078125
    vertex 6.999999046325684 -40.0 9.0
  endloop
endfacet
facet normal 0.0 0.0 0.0
  outer loop
    vertex 7.034073352813721 -17.71428680419922 9.258819580078125
    vertex 6.999999046325684 -40.0 9.0
    vertex 7.034073352813721 -23.28571319580078 9.258819580078125
  endloop
endfacet
facet normal 0.0 0.0 0.0
  outer loop
    vertex 7.741179943084717 21.285715103149414 9.965927124023438
    vertex 7.499999046325684 15.714286804199219 9.86602783203125
    vertex 7.741179943084717 15.714286804199219 9.965927124023438
  endloop
endfacet
facet normal 0.0 0.0 0.0
  outer loop
    vertex 7.741179943084717 15.714286804199219 9.965927124023438
    vertex 7.499999046325684 15.714286804199219 9.86602783203125
    vertex 7.499999046325684 10.14285659790039 9.86602783203125
  endloop
endfacet
facet normal 0.0 0.0 0.0
  outer loop
    vertex 7.741179943084717 15.714286804199219 9.965927124023438
    vertex 7.499999046325684 10.14285659790039 9.86602783203125
    vertex 7.741179943084717 10.14285659790039 9.965927124023438
  endloop
endfacet
facet normal 0.0 0.0 0.0
  outer loop
    vertex 7.741179943084717 10.14285659790039 9.965927124023438
    vertex 7.499999046325684 10.14285659790039 9.86602783203125
    vertex 7.499999046325684 4.571430206298828 9.86602783203125
  endloop
endfacet
facet normal 0.0 0.0 0.0
  outer loop
    vertex 7.741179943084717 -1.0 9.965927124023438
    vertex 7.999999046325684 38.0 10.0
    vertex 7.741179943084717 4.571430206298828 9.965927124023438
  endloop
endfacet
facet normal 0.0 0.0 0.0
  outer loop
    vertex 7.499999046325684 -6.571430206298828 9.86602783203125
    vertex 7.741179943084717 -1.0 9.965927124023438
    vertex 7.499999046325684 -1.0 9.86602783203125
  endloop
endfacet
facet normal 0.0 0.0 0.0
  outer loop
    vertex 7.499999046325684 -1.0 9.86602783203125
    vertex 7.741179943084717 -1.0 9.965927124023438
    vertex 7.741179943084717 4.571430206298828 9.965927124023438
  endloop
endfacet
facet normal 0.0 0.0 0.0
  outer loop
    vertex 7.741179943084717 -6.571430206298828 9.965927124023438
    vertex 7.741179943084717 -12.14285659790039 9.965927124023438
    vertex 7.999999046325684 -40.0 10.0
  endloop
endfacet
facet normal 0.0 0.0 0.0
  outer loop
    vertex 7.999999046325684 -40.0 10.0
    vertex 7.741179943084717 -12.14285659790039 9.965927124023438
    vertex 7.741179943084717 -17.71428680419922 9.965927124023438
  endloop
endfacet
facet normal 0.0 0.0 0.0
  outer loop
    vertex 7.999999046325684 -40.0 10.0
    vertex 7.741179943084717 -17.71428680419922 9.965927124023438
    vertex 7.741179943084717 -23.28571319580078 9.965927124023438
  endloop
endfacet
facet normal 0.0 0.0 0.0
  outer loop
    vertex 7.741179943084717 -23.28571319580078 9.965927124023438
    vertex 7.741179943084717 -17.71428680419922 9.965927124023438
    vertex 7.499999046325684 -23.28571319580078 9.86602783203125
  endloop
endfacet
facet normal 0.0 0.0 0.0
  outer loop
    vertex 7.741179943084717 -23.28571319580078 9.965927124023438
    vertex 7.499999046325684 -23.28571319580078 9.86602783203125
    vertex 7.499999046325684 -28.857139587402344 9.86602783203125
  endloop
endfacet
facet normal 0.0 0.0 0.0
  outer loop
    vertex 7.499999046325684 -28.857139587402344 9.86602783203125
    vertex 7.499999046325684 -23.28571319580078 9.86602783203125
    vertex 7.2928924560546875 -28.857139587402344 9.707107543945312
  endloop
endfacet
facet normal 0.0 0.0 0.0
  outer loop
    vertex 7.499999046325684 -28.857139587402344 9.86602783203125
    vertex 7.2928924560546875 -28.857139587402344 9.707107543945312
    vertex 7.2928924560546875 -34.42857360839844 9.707107543945312
  endloop
endfacet
facet normal 0.0 0.0 0.0
  outer loop
    vertex 7.2928924560546875 -34.42857360839844 9.707107543945312
    vertex 7.2928924560546875 -28.857139587402344 9.707107543945312
    vertex 7.133973598480225 -34.42857360839844 9.5
  endloop
endfacet
facet normal 0.0 0.0 0.0
  outer loop
    vertex 7.741179943084717 -6.571430206298828 9.965927124023438
    vertex 7.499999046325684 -12.14285659790039 9.86602783203125
    vertex 7.741179943084717 -12.14285659790039 9.965927124023438
  endloop
endfacet
facet normal 0.0 0.0 0.0
  outer loop
    vertex 7.741179943084717 -12.14285659790039 9.965927124023438
    vertex 7.499999046325684 -12.14285659790039 9.86602783203125
    vertex 7.499999046325684 -17.71428680419922 9.86602783203125
  endloop
endfacet
facet normal 0.0 0.0 0.0
  outer loop
    vertex 7.741179943084717 -12.14285659790039 9.965927124023438
    vertex 7.499999046325684 -17.71428680419922 9.86602783203125
    vertex 7.741179943084717 -17.71428680419922 9.965927124023438
  endloop
endfacet
facet normal 0.0 0.0 0.0
  outer loop
    vertex 7.741179943084717 -17.71428680419922 9.965927124023438
    vertex 7.499999046325684 -17.71428680419922 9.86602783203125
    vertex 7.499999046325684 -23.28571319580078 9.86602783203125
  endloop
endfacet
facet normal 0.0 0.0 0.0
  outer loop
    vertex 7.741179943084717 -34.42857360839844 9.965927124023438
    vertex 7.999999046325684 -40.0 10.0
    vertex 7.741179943084717 -28.857139587402344 9.965927124023438
  endloop
endfacet
facet normal 0.0 0.0 0.0
  outer loop
    vertex 7.741179943084717 -28.857139587402344 9.965927124023438
    vertex 7.999999046325684 -40.0 10.0
    vertex 7.741179943084717 -23.28571319580078 9.965927124023438
  endloop
endfacet
facet normal 0.0 0.0 0.0
  outer loop
    vertex 7.741179943084717 -28.857139587402344 9.965927124023438
    vertex 7.741179943084717 -23.28571319580078 9.965927124023438
    vertex 7.499999046325684 -28.857139587402344 9.86602783203125
  endloop
endfacet
facet normal 0.0 0.0 0.0
  outer loop
    vertex 7.499999046325684 -34.42857360839844 9.86602783203125
    vertex 7.741179943084717 -34.42857360839844 9.965927124023438
    vertex 7.741179943084717 -28.857139587402344 9.965927124023438
  endloop
endfacet
facet normal 0.0 0.0 0.0
  outer loop
    vertex 7.499999046325684 -34.42857360839844 9.86602783203125
    vertex 7.741179943084717 -28.857139587402344 9.965927124023438
    vertex 7.499999046325684 -28.857139587402344 9.86602783203125
  endloop
endfacet
facet normal 0.0 0.0 0.0
  outer loop
    vertex 7.741179943084717 26.85714340209961 9.965927124023438
    vertex 7.499999046325684 26.85714340209961 9.86602783203125
    vertex 7.499999046325684 21.285715103149414 9.86602783203125
  endloop
endfacet
facet normal 0.0 0.0 0.0
  outer loop
    vertex 7.499999046325684 21.285715103149414 9.86602783203125
    vertex 7.499999046325684 26.85714340209961 9.86602783203125
    vertex 7.2928924560546875 21.285715103149414 9.707107543945312
  endloop
endfacet
facet normal 0.0 0.0 0.0
  outer loop
    vertex 7.499999046325684 21.285715103149414 9.86602783203125
    vertex 7.2928924560546875 21.285715103149414 9.707107543945312
    vertex 7.2928924560546875 15.714286804199219 9.707107543945312
  endloop
endfacet
facet normal 0.0 0.0 0.0
  outer loop
    vertex 7.2928924560546875 15.714286804199219 9.707107543945312
    vertex 7.2928924560546875 21.285715103149414 9.707107543945312
    vertex 7.133973598480225 15.714286804199219 9.5
  endloop
endfacet
facet normal 0.0 0.0 0.0
  outer loop
    vertex 7.2928924560546875 15.714286804199219 9.707107543945312
    vertex 7.133973598480225 15.714286804199219 9.5
    vertex 7.133973598480225 10.14285659790039 9.5
  endloop
endfacet
facet normal 0.0 0.0 0.0
  outer loop
    vertex 7.133973598480225 10.14285659790039 9.5
    vertex 7.133973598480225 15.714286804199219 9.5
    vertex 7.034073352813721 10.14285659790039 9.258819580078125
  endloop
endfacet
facet normal 0.0 0.0 0.0
  outer loop
    vertex 7.133973598480225 10.14285659790039 9.5
    vertex 7.034073352813721 10.14285659790039 9.258819580078125
    vertex 7.034073352813721 4.571430206298828 9.258819580078125
  endloop
endfacet
facet normal 0.0 0.0 0.0
  outer loop
    vertex 7.034073352813721 4.571430206298828 9.258819580078125
    vertex 7.034073352813721 10.14285659790039 9.258819580078125
    vertex 6.999999046325684 38.0 9.0
  endloop
endfacet
facet normal 0.0 0.0 0.0
  outer loop
    vertex 7.2928924560546875 21.285715103149414 9.707107543945312
    vertex 7.499999046325684 26.85714340209961 9.86602783203125
    vertex 7.2928924560546875 26.85714340209961 9.707107543945312
  endloop
endfacet
facet normal 0.0 0.0 0.0
  outer loop
    vertex 7.499999046325684 15.714286804199219 9.86602783203125
    vertex 7.2928924560546875 10.14285659790039 9.707107543945312
    vertex 7.499999046325684 10.14285659790039 9.86602783203125
  endloop
endfacet
facet normal 0.0 0.0 0.0
  outer loop
    vertex 7.499999046325684 10.14285659790039 9.86602783203125
    vertex 7.2928924560546875 10.14285659790039 9.707107543945312
    vertex 7.2928924560546875 4.571430206298828 9.707107543945312
  endloop
endfacet
facet normal 0.0 0.0 0.0
  outer loop
    vertex 7.499999046325684 10.14285659790039 9.86602783203125
    vertex 7.2928924560546875 4.571430206298828 9.707107543945312
    vertex 7.499999046325684 4.571430206298828 9.86602783203125
  endloop
endfacet
facet normal 0.0 0.0 0.0
  outer loop
    vertex 7.499999046325684 4.571430206298828 9.86602783203125
    vertex 7.2928924560546875 4.571430206298828 9.707107543945312
    vertex 7.2928924560546875 -1.0 9.707107543945312
  endloop
endfacet
facet normal 0.0 0.0 0.0
  outer loop
    vertex 7.2928924560546875 -12.14285659790039 9.707107543945312
    vertex 7.499999046325684 -6.571430206298828 9.86602783203125
    vertex 7.2928924560546875 -6.571430206298828 9.707107543945312
  endloop
endfacet
facet normal 0.0 0.0 0.0
  outer loop
    vertex 7.2928924560546875 -6.571430206298828 9.707107543945312
    vertex 7.499999046325684 -6.571430206298828 9.86602783203125
    vertex 7.499999046325684 -1.0 9.86602783203125
  endloop
endfacet
facet normal 0.0 0.0 0.0
  outer loop
    vertex 7.499999046325684 -12.14285659790039 9.86602783203125
    vertex 7.2928924560546875 -17.71428680419922 9.707107543945312
    vertex 7.499999046325684 -17.71428680419922 9.86602783203125
  endloop
endfacet
facet normal 0.0 0.0 0.0
  outer loop
    vertex 7.499999046325684 -17.71428680419922 9.86602783203125
    vertex 7.2928924560546875 -17.71428680419922 9.707107543945312
    vertex 7.2928924560546875 -23.28571319580078 9.707107543945312
  endloop
endfacet
facet normal 0.0 0.0 0.0
  outer loop
    vertex 7.499999046325684 -17.71428680419922 9.86602783203125
    vertex 7.2928924560546875 -23.28571319580078 9.707107543945312
    vertex 7.499999046325684 -23.28571319580078 9.86602783203125
  endloop
endfacet
facet normal 0.0 0.0 0.0
  outer loop
    vertex 7.499999046325684 -23.28571319580078 9.86602783203125
    vertex 7.2928924560546875 -23.28571319580078 9.707107543945312
    vertex 7.2928924560546875 -28.857139587402344 9.707107543945312
  endloop
endfacet
facet normal 0.0 0.0 0.0
  outer loop
    vertex 7.2928924560546875 -34.42857360839844 9.707107543945312
    vertex 7.499999046325684 -34.42857360839844 9.86602783203125
    vertex 7.499999046325684 -28.857139587402344 9.86602783203125
  endloop
endfacet
facet normal 0.0 0.0 0.0
  outer loop
    vertex 7.2928924560546875 21.285715103149414 9.707107543945312
    vertex 7.2928924560546875 26.85714340209961 9.707107543945312
    vertex 7.133973598480225 21.285715103149414 9.5
  endloop
endfacet
facet normal 0.0 0.0 0.0
  outer loop
    vertex 7.133973598480225 21.285715103149414 9.5
    vertex 7.2928924560546875 26.85714340209961 9.707107543945312
    vertex 7.133973598480225 26.85714340209961 9.5
  endloop
endfacet
facet normal 0.0 0.0 0.0
  outer loop
    vertex 7.133973598480225 21.285715103149414 9.5
    vertex 7.133973598480225 26.85714340209961 9.5
    vertex 7.034073352813721 21.285715103149414 9.258819580078125
  endloop
endfacet
facet normal 0.0 0.0 0.0
  outer loop
    vertex 7.034073352813721 21.285715103149414 9.258819580078125
    vertex 7.133973598480225 26.85714340209961 9.5
    vertex 7.034073352813721 26.85714340209961 9.258819580078125
  endloop
endfacet
facet normal 0.0 0.0 0.0
  outer loop
    vertex 7.034073352813721 21.285715103149414 9.258819580078125
    vertex 7.034073352813721 26.85714340209961 9.258819580078125
    vertex 6.999999046325684 38.0 9.0
  endloop
endfacet
facet normal 0.0 0.0 0.0
  outer loop
    vertex 7.2928924560546875 10.14285659790039 9.707107543945312
    vertex 7.133973598480225 4.571430206298828 9.5
    vertex 7.2928924560546875 4.571430206298828 9.707107543945312
  endloop
endfacet
facet normal 0.0 0.0 0.0
  outer loop
    vertex 7.2928924560546875 4.571430206298828 9.707107543945312
    vertex 7.133973598480225 4.571430206298828 9.5
    vertex 7.133973598480225 -1.0 9.5
  endloop
endfacet
facet normal 0.0 0.0 0.0
  outer loop
    vertex 7.2928924560546875 4.571430206298828 9.707107543945312
    vertex 7.133973598480225 -1.0 9.5
    vertex 7.2928924560546875 -1.0 9.707107543945312
  endloop
endfacet
facet normal 0.0 0.0 0.0
  outer loop
    vertex 7.2928924560546875 -1.0 9.707107543945312
    vertex 7.133973598480225 -1.0 9.5
    vertex 7.133973598480225 -6.571430206298828 9.5
  endloop
endfacet
facet normal 0.0 0.0 0.0
  outer loop
    vertex 7.133973598480225 -17.71428680419922 9.5
    vertex 7.2928924560546875 -12.14285659790039 9.707107543945312
    vertex 7.133973598480225 -12.14285659790039 9.5
  endloop
endfacet
facet normal 0.0 0.0 0.0
  outer loop
    vertex 7.133973598480225 -12.14285659790039 9.5
    vertex 7.2928924560546875 -12.14285659790039 9.707107543945312
    vertex 7.2928924560546875 -6.571430206298828 9.707107543945312
  endloop
endfacet
facet normal 0.0 0.0 0.0
  outer loop
    vertex 7.2928924560546875 -17.71428680419922 9.707107543945312
    vertex 7.133973598480225 -23.28571319580078 9.5
    vertex 7.2928924560546875 -23.28571319580078 9.707107543945312
  endloop
endfacet
facet normal 0.0 0.0 0.0
  outer loop
    vertex 7.2928924560546875 -23.28571319580078 9.707107543945312
    vertex 7.133973598480225 -23.28571319580078 9.5
    vertex 7.133973598480225 -28.857139587402344 9.5
  endloop
endfacet
facet normal 0.0 0.0 0.0
  outer loop
    vertex 7.2928924560546875 -23.28571319580078 9.707107543945312
    vertex 7.133973598480225 -28.857139587402344 9.5
    vertex 7.2928924560546875 -28.857139587402344 9.707107543945312
  endloop
endfacet
facet normal 0.0 0.0 0.0
  outer loop
    vertex 7.2928924560546875 -28.857139587402344 9.707107543945312
    vertex 7.133973598480225 -28.857139587402344 9.5
    vertex 7.133973598480225 -34.42857360839844 9.5
  endloop
endfacet
facet normal 0.0 0.0 0.0
  outer loop
    vertex 7.2928924560546875 21.285715103149414 9.707107543945312
    vertex 7.133973598480225 21.285715103149414 9.5
    vertex 7.133973598480225 15.714286804199219 9.5
  endloop
endfacet
facet normal 0.0 0.0 0.0
  outer loop
    vertex 7.133973598480225 15.714286804199219 9.5
    vertex 7.133973598480225 21.285715103149414 9.5
    vertex 7.034073352813721 15.714286804199219 9.258819580078125
  endloop
endfacet
facet normal 0.0 0.0 0.0
  outer loop
    vertex 7.133973598480225 15.714286804199219 9.5
    vertex 7.034073352813721 15.714286804199219 9.258819580078125
    vertex 7.034073352813721 10.14285659790039 9.258819580078125
  endloop
endfacet
facet normal 0.0 0.0 0.0
  outer loop
    vertex 7.034073352813721 10.14285659790039 9.258819580078125
    vertex 7.034073352813721 15.714286804199219 9.258819580078125
    vertex 6.999999046325684 38.0 9.0
  endloop
endfacet
facet normal 0.0 0.0 0.0
  outer loop
    vertex 7.034073352813721 15.714286804199219 9.258819580078125
    vertex 7.133973598480225 21.285715103149414 9.5
    vertex 7.034073352813721 21.285715103149414 9.258819580078125
  endloop
endfacet
facet normal 0.0 0.0 0.0
  outer loop
    vertex 7.133973598480225 4.571430206298828 9.5
    vertex 7.034073352813721 -1.0 9.258819580078125
    vertex 7.133973598480225 -1.0 9.5
  endloop
endfacet
facet normal 0.0 0.0 0.0
  outer loop
    vertex 7.133973598480225 -1.0 9.5
    vertex 7.034073352813721 -1.0 9.258819580078125
    vertex 7.034073352813721 -6.571430206298828 9.258819580078125
  endloop
endfacet
facet normal 0.0 0.0 0.0
  outer loop
    vertex 7.133973598480225 -1.0 9.5
    vertex 7.034073352813721 -6.571430206298828 9.258819580078125
    vertex 7.133973598480225 -6.571430206298828 9.5
  endloop
endfacet
facet normal 0.0 0.0 0.0
  outer loop
    vertex 7.133973598480225 -6.571430206298828 9.5
    vertex 7.034073352813721 -6.571430206298828 9.258819580078125
    vertex 7.034073352813721 -12.14285659790039 9.258819580078125
  endloop
endfacet
facet normal 0.0 0.0 0.0
  outer loop
    vertex 7.034073352813721 -23.28571319580078 9.258819580078125
    vertex 7.133973598480225 -17.71428680419922 9.5
    vertex 7.034073352813721 -17.71428680419922 9.258819580078125
  endloop
endfacet
facet normal 0.0 0.0 0.0
  outer loop
    vertex 7.034073352813721 -17.71428680419922 9.258819580078125
    vertex 7.133973598480225 -17.71428680419922 9.5
    vertex 7.133973598480225 -12.14285659790039 9.5
  endloop
endfacet
facet normal 0.0 0.0 0.0
  outer loop
    vertex 7.034073352813721 -34.42857360839844 9.258819580078125
    vertex 7.133973598480225 -34.42857360839844 9.5
    vertex 7.133973598480225 -28.857139587402344 9.5
  endloop
endfacet
facet normal 0.0 0.0 0.0
  outer loop
    vertex 7.034073352813721 -34.42857360839844 9.258819580078125
    vertex 7.133973598480225 -28.857139587402344 9.5
    vertex 7.034073352813721 -28.857139587402344 9.258819580078125
  endloop
endfacet
facet normal 0.0 0.0 0.0
  outer loop
    vertex 7.034073352813721 -28.857139587402344 9.258819580078125
    vertex 7.133973598480225 -28.857139587402344 9.5
    vertex 7.133973598480225 -23.28571319580078 9.5
  endloop
endfacet
facet normal 0.0 0.0 0.0
  outer loop
    vertex 6.999999046325684 38.0 9.0
    vertex 7.034073352813721 15.714286804199219 9.258819580078125
    vertex 7.034073352813721 21.285715103149414 9.258819580078125
  endloop
endfacet
facet normal 0.0 0.0 0.0
  outer loop
    vertex 6.999999046325684 -40.0 9.0
    vertex 7.034073352813721 -12.14285659790039 9.258819580078125
    vertex 7.034073352813721 -6.571430206298828 9.258819580078125
  endloop
endfacet
facet normal 0.0 0.0 0.0
  outer loop
    vertex 7.034073352813721 -6.571430206298828 9.258819580078125
    vertex 7.034073352813721 -1.0 9.258819580078125
    vertex 6.999999046325684 -40.0 9.0
  endloop
endfacet
facet normal 0.0 0.0 0.0
  outer loop
    vertex 6.932747840881348 38.68281555175781 9.0
    vertex 6.999999046325684 38.0 9.0
    vertex 6.990562915802002 38.55284881591797 9.258819580078125
  endloop
endfacet
facet normal 0.0 0.0 0.0
  outer loop
    vertex 6.990562915802002 38.55284881591797 9.258819580078125
    vertex 6.999999046325684 38.0 9.0
    vertex 7.034073352813721 38.0 9.258819580078125
  endloop
endfacet
facet normal 0.0 0.0 0.0
  outer loop
    vertex 6.990562915802002 38.55284881591797 9.258819580078125
    vertex 7.034073352813721 38.0 9.258819580078125
    vertex 7.133973598480225 38.0 9.5
  endloop
endfacet
facet normal 0.0 0.0 0.0
  outer loop
    vertex 6.990562915802002 38.55284881591797 9.258819580078125
    vertex 7.133973598480225 38.0 9.5
    vertex 7.0892333984375 38.568477630615234 9.5
  endloop
endfacet
facet normal 0.0 0.0 0.0
  outer loop
    vertex 7.0892333984375 38.568477630615234 9.5
    vertex 7.133973598480225 38.0 9.5
    vertex 7.2928924560546875 38.0 9.707107543945312
  endloop
endfacet
facet normal 0.0 0.0 0.0
  outer loop
    vertex 7.0892333984375 38.568477630615234 9.5
    vertex 7.2928924560546875 38.0 9.707107543945312
    vertex 7.2461957931518555 38.59333801269531 9.707107543945312
  endloop
endfacet
facet normal 0.0 0.0 0.0
  outer loop
    vertex 7.2461957931518555 38.59333801269531 9.707107543945312
    vertex 7.2928924560546875 38.0 9.707107543945312
    vertex 7.499999046325684 38.0 9.86602783203125
  endloop
endfacet
facet normal 0.0 0.0 0.0
  outer loop
    vertex 7.2461957931518555 38.59333801269531 9.707107543945312
    vertex 7.499999046325684 38.0 9.86602783203125
    vertex 7.4507527351379395 38.62574005126953 9.86602783203125
  endloop
endfacet
facet normal 0.0 0.0 0.0
  outer loop
    vertex 7.4507527351379395 38.62574005126953 9.86602783203125
    vertex 7.499999046325684 38.0 9.86602783203125
    vertex 7.741179943084717 38.0 9.965927124023438
  endloop
endfacet
facet normal 0.0 0.0 0.0
  outer loop
    vertex 7.4507527351379395 38.62574005126953 9.86602783203125
    vertex 7.741179943084717 38.0 9.965927124023438
    vertex 7.688964366912842 38.66346740722656 9.965927124023438
  endloop
endfacet
facet normal 0.0 0.0 0.0
  outer loop
    vertex 7.688964366912842 38.66346740722656 9.965927124023438
    vertex 7.741179943084717 38.0 9.965927124023438
    vertex 7.999999046325684 38.0 10.0
  endloop
endfacet
facet normal 0.0 0.0 0.0
  outer loop
    vertex 7.688964366912842 38.66346740722656 9.965927124023438
    vertex 7.999999046325684 38.0 10.0
    vertex 7.931633949279785 38.78141784667969 10.0
  endloop
endfacet
facet normal 0.0 0.0 0.0
  outer loop
    vertex 7.688964366912842 38.66346740722656 9.965927124023438
    vertex 7.931633949279785 38.78141784667969 10.0
    vertex 7.533601760864258 39.31059646606445 9.965927124023438
  endloop
endfacet
facet normal 0.0 0.0 0.0
  outer loop
    vertex 7.533601760864258 39.31059646606445 9.965927124023438
    vertex 7.931633949279785 38.78141784667969 10.0
    vertex 7.728615760803223 39.539093017578125 10.0
  endloop
endfacet
facet normal 0.0 0.0 0.0
  outer loop
    vertex 7.533601760864258 39.31059646606445 9.965927124023438
    vertex 7.728615760803223 39.539093017578125 10.0
    vertex 7.278919219970703 39.92545700073242 9.965927124023438
  endloop
endfacet
facet normal 0.0 0.0 0.0
  outer loop
    vertex 7.278919219970703 39.92545700073242 9.965927124023438
    vertex 7.728615760803223 39.539093017578125 10.0
    vertex 7.39711332321167 40.25 10.0
  endloop
endfacet
facet normal 0.0 0.0 0.0
  outer loop
    vertex 7.278919219970703 39.92545700073242 9.965927124023438
    vertex 7.39711332321167 40.25 10.0
    vertex 6.931186676025391 40.49290466308594 9.965927124023438
  endloop
endfacet
facet normal 0.0 0.0 0.0
  outer loop
    vertex 6.931186676025391 40.49290466308594 9.965927124023438
    vertex 7.39711332321167 40.25 10.0
    vertex 6.94719934463501 40.89254379272461 10.0
  endloop
endfacet
facet normal 0.0 0.0 0.0
  outer loop
    vertex 6.931186676025391 40.49290466308594 9.965927124023438
    vertex 6.94719934463501 40.89254379272461 10.0
    vertex 6.498967170715332 40.998966217041016 9.965927124023438
  endloop
endfacet
facet normal 0.0 0.0 0.0
  outer loop
    vertex 6.498967170715332 40.998966217041016 9.965927124023438
    vertex 6.94719934463501 40.89254379272461 10.0
    vertex 6.392543315887451 41.447200775146484 10.0
  endloop
endfacet
facet normal 0.0 0.0 0.0
  outer loop
    vertex 6.498967170715332 40.998966217041016 9.965927124023438
    vertex 6.392543315887451 41.447200775146484 10.0
    vertex 5.992903232574463 41.43118667602539 9.965927124023438
  endloop
endfacet
facet normal 0.0 0.0 0.0
  outer loop
    vertex 5.992903232574463 41.43118667602539 9.965927124023438
    vertex 6.392543315887451 41.447200775146484 10.0
    vertex 5.749999523162842 41.89711380004883 10.0
  endloop
endfacet
facet normal 0.0 0.0 0.0
  outer loop
    vertex 5.992903232574463 41.43118667602539 9.965927124023438
    vertex 5.749999523162842 41.89711380004883 10.0
    vertex 5.425455570220947 41.7789192199707 9.965927124023438
  endloop
endfacet
facet normal 0.0 0.0 0.0
  outer loop
    vertex 5.425455570220947 41.7789192199707 9.965927124023438
    vertex 5.749999523162842 41.89711380004883 10.0
    vertex 5.039090156555176 42.228614807128906 10.0
  endloop
endfacet
facet normal 0.0 0.0 0.0
  outer loop
    vertex 5.425455570220947 41.7789192199707 9.965927124023438
    vertex 5.039090156555176 42.228614807128906 10.0
    vertex 4.810596466064453 42.03360366821289 9.965927124023438
  endloop
endfacet
facet normal 0.0 0.0 0.0
  outer loop
    vertex 4.810596466064453 42.03360366821289 9.965927124023438
    vertex 5.039090156555176 42.228614807128906 10.0
    vertex 4.281416416168213 42.43163299560547 9.999999046325684
  endloop
endfacet
facet normal 0.0 0.0 0.0
  outer loop
    vertex 4.810596466064453 42.03360366821289 9.965927124023438
    vertex 4.281416416168213 42.43163299560547 9.999999046325684
    vertex 4.163466453552246 42.18896484375 9.965926170349121
  endloop
endfacet
facet normal 0.0 0.0 0.0
  outer loop
    vertex 4.163466453552246 42.18896484375 9.965926170349121
    vertex 4.281416416168213 42.43163299560547 9.999999046325684
    vertex 3.499999523162842 42.5 9.999999046325684
  endloop
endfacet
facet normal 0.0 0.0 0.0
  outer loop
    vertex 4.163466453552246 42.18896484375 9.965926170349121
    vertex 3.499999523162842 42.5 9.999999046325684
    vertex 3.499999523162842 42.241180419921875 9.965926170349121
  endloop
endfacet
facet normal 0.0 0.0 0.0
  outer loop
    vertex 3.499999523162842 42.241180419921875 9.965926170349121
    vertex 3.499999523162842 42.0 9.866026878356934
    vertex 4.163466453552246 42.18896484375 9.965926170349121
  endloop
endfacet
facet normal 0.0 0.0 0.0
  outer loop
    vertex 4.163466453552246 42.18896484375 9.965926170349121
    vertex 3.499999523162842 42.0 9.866026878356934
    vertex 4.12573766708374 41.95075225830078 9.866026878356934
  endloop
endfacet
facet normal 0.0 0.0 0.0
  outer loop
    vertex 4.163466453552246 42.18896484375 9.965926170349121
    vertex 4.12573766708374 41.95075225830078 9.866026878356934
    vertex 4.810596466064453 42.03360366821289 9.965927124023438
  endloop
endfacet
facet normal 0.0 0.0 0.0
  outer loop
    vertex 4.810596466064453 42.03360366821289 9.965927124023438
    vertex 4.12573766708374 41.95075225830078 9.866026878356934
    vertex 4.736067771911621 41.80422592163086 9.86602783203125
  endloop
endfacet
facet normal 0.0 0.0 0.0
  outer loop
    vertex 4.810596466064453 42.03360366821289 9.965927124023438
    vertex 4.736067771911621 41.80422592163086 9.86602783203125
    vertex 5.425455570220947 41.7789192199707 9.965927124023438
  endloop
endfacet
facet normal 0.0 0.0 0.0
  outer loop
    vertex 5.425455570220947 41.7789192199707 9.965927124023438
    vertex 4.736067771911621 41.80422592163086 9.86602783203125
    vertex 5.315961837768555 41.56402587890625 9.86602783203125
  endloop
endfacet
facet normal 0.0 0.0 0.0
  outer loop
    vertex 5.425455570220947 41.7789192199707 9.965927124023438
    vertex 5.315961837768555 41.56402587890625 9.86602783203125
    vertex 5.992903232574463 41.43118667602539 9.965927124023438
  endloop
endfacet
facet normal 0.0 0.0 0.0
  outer loop
    vertex 5.992903232574463 41.43118667602539 9.965927124023438
    vertex 5.315961837768555 41.56402587890625 9.86602783203125
    vertex 5.85114049911499 41.23606872558594 9.86602783203125
  endloop
endfacet
facet normal 0.0 0.0 0.0
  outer loop
    vertex 5.992903232574463 41.43118667602539 9.965927124023438
    vertex 5.85114049911499 41.23606872558594 9.86602783203125
    vertex 6.498967170715332 40.998966217041016 9.965927124023438
  endloop
endfacet
facet normal 0.0 0.0 0.0
  outer loop
    vertex 6.498967170715332 40.998966217041016 9.965927124023438
    vertex 5.85114049911499 41.23606872558594 9.86602783203125
    vertex 6.328426361083984 40.828426361083984 9.86602783203125
  endloop
endfacet
facet normal 0.0 0.0 0.0
  outer loop
    vertex 6.498967170715332 40.998966217041016 9.965927124023438
    vertex 6.328426361083984 40.828426361083984 9.86602783203125
    vertex 6.931186676025391 40.49290466308594 9.965927124023438
  endloop
endfacet
facet normal 0.0 0.0 0.0
  outer loop
    vertex 6.931186676025391 40.49290466308594 9.965927124023438
    vertex 6.328426361083984 40.828426361083984 9.86602783203125
    vertex 6.736067295074463 40.35114288330078 9.86602783203125
  endloop
endfacet
facet normal 0.0 0.0 0.0
  outer loop
    vertex 6.931186676025391 40.49290466308594 9.965927124023438
    vertex 6.736067295074463 40.35114288330078 9.86602783203125
    vertex 7.278919219970703 39.92545700073242 9.965927124023438
  endloop
endfacet
facet normal 0.0 0.0 0.0
  outer loop
    vertex 7.278919219970703 39.92545700073242 9.965927124023438
    vertex 6.736067295074463 40.35114288330078 9.86602783203125
    vertex 7.064025402069092 39.81596374511719 9.86602783203125
  endloop
endfacet
facet normal 0.0 0.0 0.0
  outer loop
    vertex 7.278919219970703 39.92545700073242 9.965927124023438
    vertex 7.064025402069092 39.81596374511719 9.86602783203125
    vertex 7.533601760864258 39.31059646606445 9.965927124023438
  endloop
endfacet
facet normal 0.0 0.0 0.0
  outer loop
    vertex 7.533601760864258 39.31059646606445 9.965927124023438
    vertex 7.064025402069092 39.81596374511719 9.86602783203125
    vertex 7.304225444793701 39.23606872558594 9.86602783203125
  endloop
endfacet
facet normal 0.0 0.0 0.0
  outer loop
    vertex 7.533601760864258 39.31059646606445 9.965927124023438
    vertex 7.304225444793701 39.23606872558594 9.86602783203125
    vertex 7.688964366912842 38.66346740722656 9.965927124023438
  endloop
endfacet
facet normal 0.0 0.0 0.0
  outer loop
    vertex 7.688964366912842 38.66346740722656 9.965927124023438
    vertex 7.304225444793701 39.23606872558594 9.86602783203125
    vertex 7.4507527351379395 38.62574005126953 9.86602783203125
  endloop
endfacet
facet normal 0.0 0.0 0.0
  outer loop
    vertex 3.499999523162842 42.0 9.866026878356934
    vertex 3.499999523162842 41.79289245605469 9.707106590270996
    vertex 4.12573766708374 41.95075225830078 9.866026878356934
  endloop
endfacet
facet normal 0.0 0.0 0.0
  outer loop
    vertex 4.12573766708374 41.95075225830078 9.866026878356934
    vertex 3.499999523162842 41.79289245605469 9.707106590270996
    vertex 4.093338966369629 41.74619674682617 9.707106590270996
  endloop
endfacet
facet normal 0.0 0.0 0.0
  outer loop
    vertex 4.12573766708374 41.95075225830078 9.866026878356934
    vertex 4.093338966369629 41.74619674682617 9.707106590270996
    vertex 4.736067771911621 41.80422592163086 9.86602783203125
  endloop
endfacet
facet normal 0.0 0.0 0.0
  outer loop
    vertex 4.736067771911621 41.80422592163086 9.86602783203125
    vertex 4.093338966369629 41.74619674682617 9.707106590270996
    vertex 4.672068119049072 41.60725402832031 9.707107543945312
  endloop
endfacet
facet normal 0.0 0.0 0.0
  outer loop
    vertex 4.736067771911621 41.80422592163086 9.86602783203125
    vertex 4.672068119049072 41.60725402832031 9.707107543945312
    vertex 5.315961837768555 41.56402587890625 9.86602783203125
  endloop
endfacet
facet normal 0.0 0.0 0.0
  outer loop
    vertex 5.315961837768555 41.56402587890625 9.86602783203125
    vertex 4.672068119049072 41.60725402832031 9.707107543945312
    vertex 5.22193717956543 41.379493713378906 9.707107543945312
  endloop
endfacet
facet normal 0.0 0.0 0.0
  outer loop
    vertex 5.315961837768555 41.56402587890625 9.86602783203125
    vertex 5.22193717956543 41.379493713378906 9.707107543945312
    vertex 5.85114049911499 41.23606872558594 9.86602783203125
  endloop
endfacet
facet normal 0.0 0.0 0.0
  outer loop
    vertex 5.85114049911499 41.23606872558594 9.86602783203125
    vertex 5.22193717956543 41.379493713378906 9.707107543945312
    vertex 5.729406356811523 41.06851577758789 9.707107543945312
  endloop
endfacet
facet normal 0.0 0.0 0.0
  outer loop
    vertex 5.85114049911499 41.23606872558594 9.86602783203125
    vertex 5.729406356811523 41.06851577758789 9.707107543945312
    vertex 6.328426361083984 40.828426361083984 9.86602783203125
  endloop
endfacet
facet normal 0.0 0.0 0.0
  outer loop
    vertex 6.328426361083984 40.828426361083984 9.86602783203125
    vertex 5.729406356811523 41.06851577758789 9.707107543945312
    vertex 6.181979656219482 40.68198013305664 9.707107543945312
  endloop
endfacet
facet normal 0.0 0.0 0.0
  outer loop
    vertex 6.328426361083984 40.828426361083984 9.86602783203125
    vertex 6.181979656219482 40.68198013305664 9.707107543945312
    vertex 6.736067295074463 40.35114288330078 9.86602783203125
  endloop
endfacet
facet normal 0.0 0.0 0.0
  outer loop
    vertex 6.736067295074463 40.35114288330078 9.86602783203125
    vertex 6.181979656219482 40.68198013305664 9.707107543945312
    vertex 6.568514347076416 40.229408264160156 9.707107543945312
  endloop
endfacet
facet normal 0.0 0.0 0.0
  outer loop
    vertex 6.736067295074463 40.35114288330078 9.86602783203125
    vertex 6.568514347076416 40.229408264160156 9.707107543945312
    vertex 7.064025402069092 39.81596374511719 9.86602783203125
  endloop
endfacet
facet normal 0.0 0.0 0.0
  outer loop
    vertex 7.064025402069092 39.81596374511719 9.86602783203125
    vertex 6.568514347076416 40.229408264160156 9.707107543945312
    vertex 6.879491806030273 39.72193908691406 9.707107543945312
  endloop
endfacet
facet normal 0.0 0.0 0.0
  outer loop
    vertex 7.064025402069092 39.81596374511719 9.86602783203125
    vertex 6.879491806030273 39.72193908691406 9.707107543945312
    vertex 7.304225444793701 39.23606872558594 9.86602783203125
  endloop
endfacet
facet normal 0.0 0.0 0.0
  outer loop
    vertex 7.304225444793701 39.23606872558594 9.86602783203125
    vertex 6.879491806030273 39.72193908691406 9.707107543945312
    vertex 7.107254981994629 39.17206954956055 9.707107543945312
  endloop
endfacet
facet normal 0.0 0.0 0.0
  outer loop
    vertex 7.304225444793701 39.23606872558594 9.86602783203125
    vertex 7.107254981994629 39.17206954956055 9.707107543945312
    vertex 7.4507527351379395 38.62574005126953 9.86602783203125
  endloop
endfacet
facet normal 0.0 0.0 0.0
  outer loop
    vertex 7.4507527351379395 38.62574005126953 9.86602783203125
    vertex 7.107254981994629 39.17206954956055 9.707107543945312
    vertex 7.2461957931518555 38.59333801269531 9.707107543945312
  endloop
endfacet
facet normal 0.0 0.0 0.0
  outer loop
    vertex 3.499999523162842 41.79289245605469 9.707106590270996
    vertex 3.499999523162842 41.633975982666016 9.5
    vertex 4.093338966369629 41.74619674682617 9.707106590270996
  endloop
endfacet
facet normal 0.0 0.0 0.0
  outer loop
    vertex 4.093338966369629 41.74619674682617 9.707106590270996
    vertex 3.499999523162842 41.633975982666016 9.5
    vertex 4.068478584289551 41.5892333984375 9.5
  endloop
endfacet
facet normal 0.0 0.0 0.0
  outer loop
    vertex 4.093338966369629 41.74619674682617 9.707106590270996
    vertex 4.068478584289551 41.5892333984375 9.5
    vertex 4.672068119049072 41.60725402832031 9.707107543945312
  endloop
endfacet
facet normal 0.0 0.0 0.0
  outer loop
    vertex 4.672068119049072 41.60725402832031 9.707107543945312
    vertex 4.068478584289551 41.5892333984375 9.5
    vertex 4.622959613800049 41.45611572265625 9.5
  endloop
endfacet
facet normal 0.0 0.0 0.0
  outer loop
    vertex 4.672068119049072 41.60725402832031 9.707107543945312
    vertex 4.622959613800049 41.45611572265625 9.5
    vertex 5.22193717956543 41.379493713378906 9.707107543945312
  endloop
endfacet
facet normal 0.0 0.0 0.0
  outer loop
    vertex 5.22193717956543 41.379493713378906 9.707107543945312
    vertex 4.622959613800049 41.45611572265625 9.5
    vertex 5.149789810180664 41.23789596557617 9.5
  endloop
endfacet
facet normal 0.0 0.0 0.0
  outer loop
    vertex 5.22193717956543 41.379493713378906 9.707107543945312
    vertex 5.149789810180664 41.23789596557617 9.5
    vertex 5.729406356811523 41.06851577758789 9.707107543945312
  endloop
endfacet
facet normal 0.0 0.0 0.0
  outer loop
    vertex 5.729406356811523 41.06851577758789 9.707107543945312
    vertex 5.149789810180664 41.23789596557617 9.5
    vertex 5.635996341705322 40.93994903564453 9.5
  endloop
endfacet
facet normal 0.0 0.0 0.0
  outer loop
    vertex 5.729406356811523 41.06851577758789 9.707107543945312
    vertex 5.635996341705322 40.93994903564453 9.5
    vertex 6.181979656219482 40.68198013305664 9.707107543945312
  endloop
endfacet
facet normal 0.0 0.0 0.0
  outer loop
    vertex 6.181979656219482 40.68198013305664 9.707107543945312
    vertex 5.635996341705322 40.93994903564453 9.5
    vertex 6.069607257843018 40.56960678100586 9.5
  endloop
endfacet
facet normal 0.0 0.0 0.0
  outer loop
    vertex 6.181979656219482 40.68198013305664 9.707107543945312
    vertex 6.069607257843018 40.56960678100586 9.5
    vertex 6.568514347076416 40.229408264160156 9.707107543945312
  endloop
endfacet
facet normal 0.0 0.0 0.0
  outer loop
    vertex 6.568514347076416 40.229408264160156 9.707107543945312
    vertex 6.069607257843018 40.56960678100586 9.5
    vertex 6.439946174621582 40.1359977722168 9.5
  endloop
endfacet
facet normal 0.0 0.0 0.0
  outer loop
    vertex 6.568514347076416 40.229408264160156 9.707107543945312
    vertex 6.439946174621582 40.1359977722168 9.5
    vertex 6.879491806030273 39.72193908691406 9.707107543945312
  endloop
endfacet
facet normal 0.0 0.0 0.0
  outer loop
    vertex 6.879491806030273 39.72193908691406 9.707107543945312
    vertex 6.439946174621582 40.1359977722168 9.5
    vertex 6.737894058227539 39.64978790283203 9.5
  endloop
endfacet
facet normal 0.0 0.0 0.0
  outer loop
    vertex 6.879491806030273 39.72193908691406 9.707107543945312
    vertex 6.737894058227539 39.64978790283203 9.5
    vertex 7.107254981994629 39.17206954956055 9.707107543945312
  endloop
endfacet
facet normal 0.0 0.0 0.0
  outer loop
    vertex 7.107254981994629 39.17206954956055 9.707107543945312
    vertex 6.737894058227539 39.64978790283203 9.5
    vertex 6.956114292144775 39.12295913696289 9.5
  endloop
endfacet
facet normal 0.0 0.0 0.0
  outer loop
    vertex 7.107254981994629 39.17206954956055 9.707107543945312
    vertex 6.956114292144775 39.12295913696289 9.5
    vertex 7.2461957931518555 38.59333801269531 9.707107543945312
  endloop
endfacet
facet normal 0.0 0.0 0.0
  outer loop
    vertex 7.2461957931518555 38.59333801269531 9.707107543945312
    vertex 6.956114292144775 39.12295913696289 9.5
    vertex 7.0892333984375 38.568477630615234 9.5
  endloop
endfacet
facet normal 0.0 0.0 0.0
  outer loop
    vertex 3.499999523162842 41.633975982666016 9.5
    vertex 3.499999523162842 41.53407287597656 9.258819580078125
    vertex 4.068478584289551 41.5892333984375 9.5
  endloop
endfacet
facet normal 0.0 0.0 0.0
  outer loop
    vertex 4.068478584289551 41.5892333984375 9.5
    vertex 3.499999523162842 41.53407287597656 9.258819580078125
    vertex 4.052850723266602 41.490562438964844 9.258819580078125
  endloop
endfacet
facet normal 0.0 0.0 0.0
  outer loop
    vertex 4.068478584289551 41.5892333984375 9.5
    vertex 4.052850723266602 41.490562438964844 9.258819580078125
    vertex 4.622959613800049 41.45611572265625 9.5
  endloop
endfacet
facet normal 0.0 0.0 0.0
  outer loop
    vertex 4.622959613800049 41.45611572265625 9.5
    vertex 4.052850723266602 41.490562438964844 9.258819580078125
    vertex 4.59208869934082 41.36110305786133 9.258819580078125
  endloop
endfacet
facet normal 0.0 0.0 0.0
  outer loop
    vertex 4.622959613800049 41.45611572265625 9.5
    vertex 4.59208869934082 41.36110305786133 9.258819580078125
    vertex 5.149789810180664 41.23789596557617 9.5
  endloop
endfacet
facet normal 0.0 0.0 0.0
  outer loop
    vertex 5.149789810180664 41.23789596557617 9.5
    vertex 4.59208869934082 41.36110305786133 9.258819580078125
    vertex 5.104435920715332 41.14888381958008 9.258819580078125
  endloop
endfacet
facet normal 0.0 0.0 0.0
  outer loop
    vertex 5.149789810180664 41.23789596557617 9.5
    vertex 5.104435920715332 41.14888381958008 9.258819580078125
    vertex 5.635996341705322 40.93994903564453 9.5
  endloop
endfacet
facet normal 0.0 0.0 0.0
  outer loop
    vertex 5.635996341705322 40.93994903564453 9.5
    vertex 5.104435920715332 41.14888381958008 9.258819580078125
    vertex 5.577276229858398 40.859127044677734 9.258819580078125
  endloop
endfacet
facet normal 0.0 0.0 0.0
  outer loop
    vertex 5.635996341705322 40.93994903564453 9.5
    vertex 5.577276229858398 40.859127044677734 9.258819580078125
    vertex 6.069607257843018 40.56960678100586 9.5
  endloop
endfacet
facet normal 0.0 0.0 0.0
  outer loop
    vertex 6.069607257843018 40.56960678100586 9.5
    vertex 5.577276229858398 40.859127044677734 9.258819580078125
    vertex 5.99896764755249 40.49897003173828 9.258819580078125
  endloop
endfacet
facet normal 0.0 0.0 0.0
  outer loop
    vertex 6.069607257843018 40.56960678100586 9.5
    vertex 5.99896764755249 40.49897003173828 9.258819580078125
    vertex 6.439946174621582 40.1359977722168 9.5
  endloop
endfacet
facet normal 0.0 0.0 0.0
  outer loop
    vertex 6.439946174621582 40.1359977722168 9.5
    vertex 5.99896764755249 40.49897003173828 9.258819580078125
    vertex 6.359125137329102 40.07727813720703 9.258819580078125
  endloop
endfacet
facet normal 0.0 0.0 0.0
  outer loop
    vertex 6.439946174621582 40.1359977722168 9.5
    vertex 6.359125137329102 40.07727813720703 9.258819580078125
    vertex 6.737894058227539 39.64978790283203 9.5
  endloop
endfacet
facet normal 0.0 0.0 0.0
  outer loop
    vertex 6.737894058227539 39.64978790283203 9.5
    vertex 6.359125137329102 40.07727813720703 9.258819580078125
    vertex 6.6488823890686035 39.604434967041016 9.258819580078125
  endloop
endfacet
facet normal 0.0 0.0 0.0
  outer loop
    vertex 6.737894058227539 39.64978790283203 9.5
    vertex 6.6488823890686035 39.604434967041016 9.258819580078125
    vertex 6.956114292144775 39.12295913696289 9.5
  endloop
endfacet
facet normal 0.0 0.0 0.0
  outer loop
    vertex 6.956114292144775 39.12295913696289 9.5
    vertex 6.6488823890686035 39.604434967041016 9.258819580078125
    vertex 6.861103534698486 39.09208679199219 9.258819580078125
  endloop
endfacet
facet normal 0.0 0.0 0.0
  outer loop
    vertex 6.956114292144775 39.12295913696289 9.5
    vertex 6.861103534698486 39.09208679199219 9.258819580078125
    vertex 7.0892333984375 38.568477630615234 9.5
  endloop
endfacet
facet normal 0.0 0.0 0.0
  outer loop
    vertex 7.0892333984375 38.568477630615234 9.5
    vertex 6.861103534698486 39.09208679199219 9.258819580078125
    vertex 6.990562915802002 38.55284881591797 9.258819580078125
  endloop
endfacet
facet normal 0.0 0.0 0.0
  outer loop
    vertex 3.499999523162842 41.53407287597656 9.258819580078125
    vertex 3.499999523162842 41.5 9.0
    vertex 4.052850723266602 41.490562438964844 9.258819580078125
  endloop
endfacet
facet normal 0.0 0.0 0.0
  outer loop
    vertex 4.052850723266602 41.490562438964844 9.258819580078125
    vertex 3.499999523162842 41.5 9.0
    vertex 4.182816028594971 41.43274688720703 9.0
  endloop
endfacet
facet normal 0.0 0.0 0.0
  outer loop
    vertex 4.052850723266602 41.490562438964844 9.258819580078125
    vertex 4.182816028594971 41.43274688720703 9.0
    vertex 4.59208869934082 41.36110305786133 9.258819580078125
  endloop
endfacet
facet normal 0.0 0.0 0.0
  outer loop
    vertex 4.59208869934082 41.36110305786133 9.258819580078125
    vertex 4.182816028594971 41.43274688720703 9.0
    vertex 4.839391708374023 41.233577728271484 9.0
  endloop
endfacet
facet normal 0.0 0.0 0.0
  outer loop
    vertex 4.59208869934082 41.36110305786133 9.258819580078125
    vertex 4.839391708374023 41.233577728271484 9.0
    vertex 5.104435920715332 41.14888381958008 9.258819580078125
  endloop
endfacet
facet normal 0.0 0.0 0.0
  outer loop
    vertex 5.104435920715332 41.14888381958008 9.258819580078125
    vertex 4.839391708374023 41.233577728271484 9.0
    vertex 5.444495677947998 40.9101448059082 9.0
  endloop
endfacet
facet normal 0.0 0.0 0.0
  outer loop
    vertex 5.104435920715332 41.14888381958008 9.258819580078125
    vertex 5.444495677947998 40.9101448059082 9.0
    vertex 5.577276229858398 40.859127044677734 9.258819580078125
  endloop
endfacet
facet normal 0.0 0.0 0.0
  outer loop
    vertex 5.577276229858398 40.859127044677734 9.258819580078125
    vertex 5.444495677947998 40.9101448059082 9.0
    vertex 5.9748735427856445 40.47487258911133 9.0
  endloop
endfacet
facet normal 0.0 0.0 0.0
  outer loop
    vertex 5.577276229858398 40.859127044677734 9.258819580078125
    vertex 5.9748735427856445 40.47487258911133 9.0
    vertex 5.99896764755249 40.49897003173828 9.258819580078125
  endloop
endfacet
facet normal 0.0 0.0 0.0
  outer loop
    vertex 5.99896764755249 40.49897003173828 9.258819580078125
    vertex 5.9748735427856445 40.47487258911133 9.0
    vertex 6.359125137329102 40.07727813720703 9.258819580078125
  endloop
endfacet
facet normal 0.0 0.0 0.0
  outer loop
    vertex 5.9748735427856445 40.47487258911133 9.0
    vertex 6.41014289855957 39.944496154785156 9.0
    vertex 6.359125137329102 40.07727813720703 9.258819580078125
  endloop
endfacet
facet normal 0.0 0.0 0.0
  outer loop
    vertex 6.359125137329102 40.07727813720703 9.258819580078125
    vertex 6.41014289855957 39.944496154785156 9.0
    vertex 6.6488823890686035 39.604434967041016 9.258819580078125
  endloop
endfacet
facet normal 0.0 0.0 0.0
  outer loop
    vertex 6.41014289855957 39.944496154785156 9.0
    vertex 6.733577728271484 39.339393615722656 9.0
    vertex 6.6488823890686035 39.604434967041016 9.258819580078125
  endloop
endfacet
facet normal 0.0 0.0 0.0
  outer loop
    vertex 6.6488823890686035 39.604434967041016 9.258819580078125
    vertex 6.733577728271484 39.339393615722656 9.0
    vertex 6.861103534698486 39.09208679199219 9.258819580078125
  endloop
endfacet
facet normal 0.0 0.0 0.0
  outer loop
    vertex 6.733577728271484 39.339393615722656 9.0
    vertex 6.932747840881348 38.68281555175781 9.0
    vertex 6.861103534698486 39.09208679199219 9.258819580078125
  endloop
endfacet
facet normal 0.0 0.0 0.0
  outer loop
    vertex 6.861103534698486 39.09208679199219 9.258819580078125
    vertex 6.932747840881348 38.68281555175781 9.0
    vertex 6.990562915802002 38.55284881591797 9.258819580078125
  endloop
endfacet
facet normal 0.0 0.0 0.0
  outer loop
    vertex -6.999998569488525 -40.0 9.5367431640625e-07
    vertex -6.999999046325684 -40.0 8.999999046325684
    vertex -6.9327473640441895 -40.68281555175781 9.5367431640625e-07
  endloop
endfacet
facet normal 0.0 0.0 0.0
  outer loop
    vertex -6.9327473640441895 -40.68281555175781 9.5367431640625e-07
    vertex -6.999999046325684 -40.0 8.999999046325684
    vertex -6.932747840881348 -40.68281555175781 8.999999046325684
  endloop
endfacet
facet normal 0.0 0.0 0.0
  outer loop
    vertex -6.9327473640441895 -40.68281555175781 9.5367431640625e-07
    vertex -6.932747840881348 -40.68281555175781 8.999999046325684
    vertex -6.733577251434326 -41.339393615722656 9.5367431640625e-07
  endloop
endfacet
facet normal 0.0 0.0 0.0
  outer loop
    vertex -6.733577251434326 -41.339393615722656 9.5367431640625e-07
    vertex -6.932747840881348 -40.68281555175781 8.999999046325684
    vertex -6.733577728271484 -41.339393615722656 8.999999046325684
  endloop
endfacet
facet normal 0.0 0.0 0.0
  outer loop
    vertex -6.733577251434326 -41.339393615722656 9.5367431640625e-07
    vertex -6.733577728271484 -41.339393615722656 8.999999046325684
    vertex -6.410142421722412 -41.944496154785156 9.5367431640625e-07
  endloop
endfacet
facet normal 0.0 0.0 0.0
  outer loop
    vertex -6.410142421722412 -41.944496154785156 9.5367431640625e-07
    vertex -6.733577728271484 -41.339393615722656 8.999999046325684
    vertex -6.41014289855957 -41.944496154785156 8.999999046325684
  endloop
endfacet
facet normal 0.0 0.0 0.0
  outer loop
    vertex -6.410142421722412 -41.944496154785156 9.5367431640625e-07
    vertex -6.41014289855957 -41.944496154785156 8.999999046325684
    vertex -5.974873065948486 -42.474876403808594 9.5367431640625e-07
  endloop
endfacet
facet normal 0.0 0.0 0.0
  outer loop
    vertex -5.974873065948486 -42.474876403808594 9.5367431640625e-07
    vertex -6.41014289855957 -41.944496154785156 8.999999046325684
    vertex -5.9748735427856445 -42.474876403808594 8.999999046325684
  endloop
endfacet
facet normal 0.0 0.0 0.0
  outer loop
    vertex -5.974873065948486 -42.474876403808594 9.5367431640625e-07
    vertex -5.9748735427856445 -42.474876403808594 8.999999046325684
    vertex -5.44449520111084 -42.91014099121094 9.5367431640625e-07
  endloop
endfacet
facet normal 0.0 0.0 0.0
  outer loop
    vertex -5.44449520111084 -42.91014099121094 9.5367431640625e-07
    vertex -5.9748735427856445 -42.474876403808594 8.999999046325684
    vertex -5.444495677947998 -42.91014099121094 8.999999046325684
  endloop
endfacet
facet normal 0.0 0.0 0.0
  outer loop
    vertex -5.44449520111084 -42.91014099121094 9.5367431640625e-07
    vertex -5.444495677947998 -42.91014099121094 8.999999046325684
    vertex -4.839391231536865 -43.23358154296875 9.5367431640625e-07
  endloop
endfacet
facet normal 0.0 0.0 0.0
  outer loop
    vertex -4.839391231536865 -43.23358154296875 9.5367431640625e-07
    vertex -5.444495677947998 -42.91014099121094 8.999999046325684
    vertex -4.839391708374023 -43.23358154296875 8.999999046325684
  endloop
endfacet
facet normal 0.0 0.0 0.0
  outer loop
    vertex -4.839391231536865 -43.23358154296875 9.5367431640625e-07
    vertex -4.839391708374023 -43.23358154296875 8.999999046325684
    vertex -4.1828155517578125 -43.43274688720703 9.5367431640625e-07
  endloop
endfacet
facet normal 0.0 0.0 0.0
  outer loop
    vertex -4.1828155517578125 -43.43274688720703 9.5367431640625e-07
    vertex -4.839391708374023 -43.23358154296875 8.999999046325684
    vertex -4.182816028594971 -43.43274688720703 9.0
  endloop
endfacet
facet normal 0.0 0.0 0.0
  outer loop
    vertex -4.1828155517578125 -43.43274688720703 9.5367431640625e-07
    vertex -4.182816028594971 -43.43274688720703 9.0
    vertex -3.499999761581421 -43.5 9.5367431640625e-07
  endloop
endfacet
facet normal 0.0 0.0 0.0
  outer loop
    vertex -3.499999761581421 -43.5 9.5367431640625e-07
    vertex -4.182816028594971 -43.43274688720703 9.0
    vertex -3.5 -43.5 9.0
  endloop
endfacet
facet normal 0.0 0.0 0.0
  outer loop
    vertex -6.999998569488525 11.787654876708984 3.647430419921875
    vertex -6.999998569488525 -40.0 9.5367431640625e-07
    vertex -6.999998569488525 12.150001525878906 3.5997314453125
  endloop
endfacet
facet normal 0.0 0.0 0.0
  outer loop
    vertex -6.999998569488525 12.150001525878906 3.5997314453125
    vertex -6.999998569488525 -40.0 9.5367431640625e-07
    vertex -6.999998569488525 38.0 9.5367431640625e-07
  endloop
endfacet
facet normal 0.0 0.0 0.0
  outer loop
    vertex -6.999998569488525 12.150001525878906 3.5997314453125
    vertex -6.999998569488525 38.0 9.5367431640625e-07
    vertex -6.999998569488525 22.149999618530273 3.5997314453125
  endloop
endfacet
facet normal 0.0 0.0 0.0
  outer loop
    vertex -6.999998569488525 22.149999618530273 3.5997314453125
    vertex -6.999998569488525 38.0 9.5367431640625e-07
    vertex -6.999998569488525 22.512346267700195 3.647430419921875
  endloop
endfacet
facet normal 0.0 0.0 0.0
  outer loop
    vertex -6.999998569488525 22.512346267700195 3.647430419921875
    vertex -6.999998569488525 38.0 9.5367431640625e-07
    vertex -6.999998569488525 22.850000381469727 3.78729248046875
  endloop
endfacet
facet normal 0.0 0.0 0.0
  outer loop
    vertex -6.999998569488525 22.850000381469727 3.78729248046875
    vertex -6.999998569488525 38.0 9.5367431640625e-07
    vertex -6.999999046325684 23.139949798583984 4.0097808837890625
  endloop
endfacet
facet normal 0.0 0.0 0.0
  outer loop
    vertex -6.999999046325684 23.139949798583984 4.0097808837890625
    vertex -6.999998569488525 38.0 9.5367431640625e-07
    vertex -6.999999046325684 23.362436294555664 4.2997283935546875
  endloop
endfacet
facet normal 0.0 0.0 0.0
  outer loop
    vertex -6.999999046325684 23.362436294555664 4.2997283935546875
    vertex -6.999998569488525 38.0 9.5367431640625e-07
    vertex -6.999999046325684 23.502296447753906 4.637382507324219
  endloop
endfacet
facet normal 0.0 0.0 0.0
  outer loop
    vertex -6.999999046325684 23.502296447753906 4.637382507324219
    vertex -6.999998569488525 38.0 9.5367431640625e-07
    vertex -6.999999046325684 38.0 8.999999046325684
  endloop
endfacet
facet normal 0.0 0.0 0.0
  outer loop
    vertex -6.999999046325684 23.502296447753906 4.637382507324219
    vertex -6.999999046325684 38.0 8.999999046325684
    vertex -6.999999046325684 23.549999237060547 4.999725341796875
  endloop
endfacet
facet normal 0.0 0.0 0.0
  outer loop
    vertex -6.999999046325684 23.549999237060547 4.999725341796875
    vertex -6.999999046325684 38.0 8.999999046325684
    vertex -6.999999046325684 23.502296447753906 5.3620758056640625
  endloop
endfacet
facet normal 0.0 0.0 0.0
  outer loop
    vertex -6.999999046325684 23.502296447753906 5.3620758056640625
    vertex -6.999999046325684 38.0 8.999999046325684
    vertex -6.999999046325684 23.362436294555664 5.699729919433594
  endloop
endfacet
facet normal 0.0 0.0 0.0
  outer loop
    vertex -6.999999046325684 23.362436294555664 5.699729919433594
    vertex -6.999999046325684 38.0 8.999999046325684
    vertex -6.999999046325684 23.139949798583984 5.989677429199219
  endloop
endfacet
facet normal 0.0 0.0 0.0
  outer loop
    vertex -6.999999046325684 23.139949798583984 5.989677429199219
    vertex -6.999999046325684 38.0 8.999999046325684
    vertex -6.999999046325684 22.850000381469727 6.212165832519531
  endloop
endfacet
facet normal 0.0 0.0 0.0
  outer loop
    vertex -6.999999046325684 22.850000381469727 6.212165832519531
    vertex -6.999999046325684 38.0 8.999999046325684
    vertex -6.999999046325684 22.512346267700195 6.352027893066406
  endloop
endfacet
facet normal 0.0 0.0 0.0
  outer loop
    vertex -6.999999046325684 22.512346267700195 6.352027893066406
    vertex -6.999999046325684 38.0 8.999999046325684
    vertex -6.999999046325684 22.149999618530273 6.399726867675781
  endloop
endfacet
facet normal 0.0 0.0 0.0
  outer loop
    vertex -6.999999046325684 22.149999618530273 6.399726867675781
    vertex -6.999999046325684 38.0 8.999999046325684
    vertex -6.999999046325684 12.150001525878906 6.399726867675781
  endloop
endfacet
facet normal 0.0 0.0 0.0
  outer loop
    vertex -6.999999046325684 22.149999618530273 6.399726867675781
    vertex -6.999999046325684 12.150001525878906 6.399726867675781
    vertex -6.999999046325684 21.78765296936035 6.352027893066406
  endloop
endfacet
facet normal 0.0 0.0 0.0
  outer loop
    vertex -6.999999046325684 21.78765296936035 6.352027893066406
    vertex -6.999999046325684 12.150001525878906 6.399726867675781
    vertex -6.999999046325684 12.512348175048828 6.352027893066406
  endloop
endfacet
facet normal 0.0 0.0 0.0
  outer loop
    vertex -6.999999046325684 21.78765296936035 6.352027893066406
    vertex -6.999999046325684 12.512348175048828 6.352027893066406
    vertex -6.999999046325684 21.450000762939453 6.212165832519531
  endloop
endfacet
facet normal 0.0 0.0 0.0
  outer loop
    vertex -6.999999046325684 21.450000762939453 6.212165832519531
    vertex -6.999999046325684 12.512348175048828 6.352027893066406
    vertex -6.999999046325684 12.849998474121094 6.212165832519531
  endloop
endfacet
facet normal 0.0 0.0 0.0
  outer loop
    vertex -6.999999046325684 21.450000762939453 6.212165832519531
    vertex -6.999999046325684 12.849998474121094 6.212165832519531
    vertex -6.999999046325684 21.160051345825195 5.989677429199219
  endloop
endfacet
facet normal 0.0 0.0 0.0
  outer loop
    vertex -6.999999046325684 21.160051345825195 5.989677429199219
    vertex -6.999999046325684 12.849998474121094 6.212165832519531
    vertex -6.999999046325684 13.139949798583984 5.989677429199219
  endloop
endfacet
facet normal 0.0 0.0 0.0
  outer loop
    vertex -6.999999046325684 21.160051345825195 5.989677429199219
    vertex -6.999999046325684 13.139949798583984 5.989677429199219
    vertex -6.999999046325684 20.937564849853516 5.699729919433594
  endloop
endfacet
facet normal 0.0 0.0 0.0
  outer loop
    vertex -6.999999046325684 20.937564849853516 5.699729919433594
    vertex -6.999999046325684 13.139949798583984 5.989677429199219
    vertex -6.999999046325684 13.362434387207031 5.699729919433594
  endloop
endfacet
facet normal 0.0 0.0 0.0
  outer loop
    vertex -6.999999046325684 20.937564849853516 5.699729919433594
    vertex -6.999999046325684 13.362434387207031 5.699729919433594
    vertex -6.999999046325684 20.797704696655273 5.3620758056640625
  endloop
endfacet
facet normal 0.0 0.0 0.0
  outer loop
    vertex -6.999999046325684 20.797704696655273 5.3620758056640625
    vertex -6.999999046325684 13.362434387207031 5.699729919433594
    vertex -6.999999046325684 13.502296447753906 5.3620758056640625
  endloop
endfacet
facet normal 0.0 0.0 0.0
  outer loop
    vertex -6.999999046325684 20.797704696655273 5.3620758056640625
    vertex -6.999999046325684 13.502296447753906 5.3620758056640625
    vertex -6.999999046325684 20.75 4.999725341796875
  endloop
endfacet
facet normal 0.0 0.0 0.0
  outer loop
    vertex -6.999999046325684 20.75 4.999725341796875
    vertex -6.999999046325684 13.502296447753906 5.3620758056640625
    vertex -6.999999046325684 13.549999237060547 4.999725341796875
  endloop
endfacet
facet normal 0.0 0.0 0.0
  outer loop
    vertex -6.999999046325684 20.75 4.999725341796875
    vertex -6.999999046325684 13.549999237060547 4.999725341796875
    vertex -6.999999046325684 20.797704696655273 4.637382507324219
  endloop
endfacet
facet normal 0.0 0.0 0.0
  outer loop
    vertex -6.999999046325684 20.797704696655273 4.637382507324219
    vertex -6.999999046325684 13.549999237060547 4.999725341796875
    vertex -6.999999046325684 13.502296447753906 4.637382507324219
  endloop
endfacet
facet normal 0.0 0.0 0.0
  outer loop
    vertex -6.999999046325684 20.797704696655273 4.637382507324219
    vertex -6.999999046325684 13.502296447753906 4.637382507324219
    vertex -6.999999046325684 20.937564849853516 4.2997283935546875
  endloop
endfacet
facet normal 0.0 0.0 0.0
  outer loop
    vertex -6.999999046325684 20.937564849853516 4.2997283935546875
    vertex -6.999999046325684 13.502296447753906 4.637382507324219
    vertex -6.999999046325684 13.362434387207031 4.2997283935546875
  endloop
endfacet
facet normal 0.0 0.0 0.0
  outer loop
    vertex -6.999999046325684 20.937564849853516 4.2997283935546875
    vertex -6.999999046325684 13.362434387207031 4.2997283935546875
    vertex -6.999999046325684 21.160051345825195 4.0097808837890625
  endloop
endfacet
facet normal 0.0 0.0 0.0
  outer loop
    vertex -6.999999046325684 21.160051345825195 4.0097808837890625
    vertex -6.999999046325684 13.362434387207031 4.2997283935546875
    vertex -6.999999046325684 13.139949798583984 4.0097808837890625
  endloop
endfacet
facet normal 0.0 0.0 0.0
  outer loop
    vertex -6.999999046325684 21.160051345825195 4.0097808837890625
    vertex -6.999999046325684 13.139949798583984 4.0097808837890625
    vertex -6.999998569488525 21.450000762939453 3.78729248046875
  endloop
endfacet
facet normal 0.0 0.0 0.0
  outer loop
    vertex -6.999998569488525 21.450000762939453 3.78729248046875
    vertex -6.999999046325684 13.139949798583984 4.0097808837890625
    vertex -6.999998569488525 12.849998474121094 3.78729248046875
  endloop
endfacet
facet normal 0.0 0.0 0.0
  outer loop
    vertex -6.999998569488525 21.450000762939453 3.78729248046875
    vertex -6.999998569488525 12.849998474121094 3.78729248046875
    vertex -6.999998569488525 21.78765296936035 3.647430419921875
  endloop
endfacet
facet normal 0.0 0.0 0.0
  outer loop
    vertex -6.999998569488525 21.78765296936035 3.647430419921875
    vertex -6.999998569488525 12.849998474121094 3.78729248046875
    vertex -6.999998569488525 12.512348175048828 3.647430419921875
  endloop
endfacet
facet normal 0.0 0.0 0.0
  outer loop
    vertex -6.999998569488525 21.78765296936035 3.647430419921875
    vertex -6.999998569488525 12.512348175048828 3.647430419921875
    vertex -6.999998569488525 22.149999618530273 3.5997314453125
  endloop
endfacet
facet normal 0.0 0.0 0.0
  outer loop
    vertex -6.999998569488525 22.149999618530273 3.5997314453125
    vertex -6.999998569488525 12.512348175048828 3.647430419921875
    vertex -6.999998569488525 12.150001525878906 3.5997314453125
  endloop
endfacet
facet normal 0.0 0.0 0.0
  outer loop
    vertex -6.999998569488525 11.787654876708984 3.647430419921875
    vertex -6.999998569488525 11.450000762939453 3.78729248046875
    vertex -6.999998569488525 -40.0 9.5367431640625e-07
  endloop
endfacet
facet normal 0.0 0.0 0.0
  outer loop
    vertex -6.999998569488525 -40.0 9.5367431640625e-07
    vertex -6.999998569488525 11.450000762939453 3.78729248046875
    vertex -6.999999046325684 11.160049438476562 4.0097808837890625
  endloop
endfacet
facet normal 0.0 0.0 0.0
  outer loop
    vertex -6.999998569488525 -40.0 9.5367431640625e-07
    vertex -6.999999046325684 11.160049438476562 4.0097808837890625
    vertex -6.999999046325684 10.937564849853516 4.2997283935546875
  endloop
endfacet
facet normal 0.0 0.0 0.0
  outer loop
    vertex -6.999999046325684 10.937564849853516 4.2997283935546875
    vertex -6.999999046325684 10.79770278930664 4.637382507324219
    vertex -6.999998569488525 -40.0 9.5367431640625e-07
  endloop
endfacet
facet normal 0.0 0.0 0.0
  outer loop
    vertex -6.999998569488525 -40.0 9.5367431640625e-07
    vertex -6.999999046325684 10.79770278930664 4.637382507324219
    vertex -6.999999046325684 -40.0 8.999999046325684
  endloop
endfacet
facet normal 0.0 0.0 0.0
  outer loop
    vertex -6.999999046325684 -40.0 8.999999046325684
    vertex -6.999999046325684 10.79770278930664 4.637382507324219
    vertex -6.999999046325684 10.75 4.999725341796875
  endloop
endfacet
facet normal 0.0 0.0 0.0
  outer loop
    vertex -6.999999046325684 -40.0 8.999999046325684
    vertex -6.999999046325684 10.75 4.999725341796875
    vertex -6.999999046325684 10.79770278930664 5.3620758056640625
  endloop
endfacet
facet normal 0.0 0.0 0.0
  outer loop
    vertex -6.999999046325684 10.79770278930664 5.3620758056640625
    vertex -6.999999046325684 10.937564849853516 5.699729919433594
    vertex -6.999999046325684 -40.0 8.999999046325684
  endloop
endfacet
facet normal 0.0 0.0 0.0
  outer loop
    vertex -6.999999046325684 -40.0 8.999999046325684
    vertex -6.999999046325684 10.937564849853516 5.699729919433594
    vertex -6.999999046325684 11.160049438476562 5.989677429199219
  endloop
endfacet
facet normal 0.0 0.0 0.0
  outer loop
    vertex -6.999999046325684 -40.0 8.999999046325684
    vertex -6.999999046325684 11.160049438476562 5.989677429199219
    vertex -6.999999046325684 11.450000762939453 6.212165832519531
  endloop
endfacet
facet normal 0.0 0.0 0.0
  outer loop
    vertex -6.999999046325684 11.450000762939453 6.212165832519531
    vertex -6.999999046325684 11.787654876708984 6.352027893066406
    vertex -6.999999046325684 -40.0 8.999999046325684
  endloop
endfacet
facet normal 0.0 0.0 0.0
  outer loop
    vertex -6.999999046325684 -40.0 8.999999046325684
    vertex -6.999999046325684 11.787654876708984 6.352027893066406
    vertex -6.999999046325684 12.150001525878906 6.399726867675781
  endloop
endfacet
facet normal 0.0 0.0 0.0
  outer loop
    vertex -6.999999046325684 -40.0 8.999999046325684
    vertex -6.999999046325684 12.150001525878906 6.399726867675781
    vertex -6.999999046325684 38.0 8.999999046325684
  endloop
endfacet
facet normal 0.0 0.0 0.0
  outer loop
    vertex -3.499999761581421 41.5 9.5367431640625e-07
    vertex -3.5 41.5 9.0
    vertex -4.1828155517578125 41.43274688720703 9.5367431640625e-07
  endloop
endfacet
facet normal 0.0 0.0 0.0
  outer loop
    vertex -4.1828155517578125 41.43274688720703 9.5367431640625e-07
    vertex -3.5 41.5 9.0
    vertex -4.182816028594971 41.43274688720703 9.0
  endloop
endfacet
facet normal 0.0 0.0 0.0
  outer loop
    vertex -4.1828155517578125 41.43274688720703 9.5367431640625e-07
    vertex -4.182816028594971 41.43274688720703 9.0
    vertex -4.839391231536865 41.233577728271484 9.5367431640625e-07
  endloop
endfacet
facet normal 0.0 0.0 0.0
  outer loop
    vertex -4.839391231536865 41.233577728271484 9.5367431640625e-07
    vertex -4.182816028594971 41.43274688720703 9.0
    vertex -4.839391708374023 41.233577728271484 8.999999046325684
  endloop
endfacet
facet normal 0.0 0.0 0.0
  outer loop
    vertex -4.839391231536865 41.233577728271484 9.5367431640625e-07
    vertex -4.839391708374023 41.233577728271484 8.999999046325684
    vertex -5.44449520111084 40.9101448059082 9.5367431640625e-07
  endloop
endfacet
facet normal 0.0 0.0 0.0
  outer loop
    vertex -5.44449520111084 40.9101448059082 9.5367431640625e-07
    vertex -4.839391708374023 41.233577728271484 8.999999046325684
    vertex -5.444495677947998 40.9101448059082 8.999999046325684
  endloop
endfacet
facet normal 0.0 0.0 0.0
  outer loop
    vertex -5.44449520111084 40.9101448059082 9.5367431640625e-07
    vertex -5.444495677947998 40.9101448059082 8.999999046325684
    vertex -5.974873065948486 40.47487258911133 9.5367431640625e-07
  endloop
endfacet
facet normal 0.0 0.0 0.0
  outer loop
    vertex -5.974873065948486 40.47487258911133 9.5367431640625e-07
    vertex -5.444495677947998 40.9101448059082 8.999999046325684
    vertex -5.9748735427856445 40.47487258911133 8.999999046325684
  endloop
endfacet
facet normal 0.0 0.0 0.0
  outer loop
    vertex -5.974873065948486 40.47487258911133 9.5367431640625e-07
    vertex -5.9748735427856445 40.47487258911133 8.999999046325684
    vertex -6.410142421722412 39.944496154785156 9.5367431640625e-07
  endloop
endfacet
facet normal 0.0 0.0 0.0
  outer loop
    vertex -6.410142421722412 39.944496154785156 9.5367431640625e-07
    vertex -5.9748735427856445 40.47487258911133 8.999999046325684
    vertex -6.41014289855957 39.944496154785156 8.999999046325684
  endloop
endfacet
facet normal 0.0 0.0 0.0
  outer loop
    vertex -6.410142421722412 39.944496154785156 9.5367431640625e-07
    vertex -6.41014289855957 39.944496154785156 8.999999046325684
    vertex -6.733577251434326 39.339393615722656 9.5367431640625e-07
  endloop
endfacet
facet normal 0.0 0.0 0.0
  outer loop
    vertex -6.733577251434326 39.339393615722656 9.5367431640625e-07
    vertex -6.41014289855957 39.944496154785156 8.999999046325684
    vertex -6.733577728271484 39.339393615722656 8.999999046325684
  endloop
endfacet
facet normal 0.0 0.0 0.0
  outer loop
    vertex -6.733577251434326 39.339393615722656 9.5367431640625e-07
    vertex -6.733577728271484 39.339393615722656 8.999999046325684
    vertex -6.9327473640441895 38.68281555175781 9.5367431640625e-07
  endloop
endfacet
facet normal 0.0 0.0 0.0
  outer loop
    vertex -6.9327473640441895 38.68281555175781 9.5367431640625e-07
    vertex -6.733577728271484 39.339393615722656 8.999999046325684
    vertex -6.932747840881348 38.68281555175781 8.999999046325684
  endloop
endfacet
facet normal 0.0 0.0 0.0
  outer loop
    vertex -6.9327473640441895 38.68281555175781 9.5367431640625e-07
    vertex -6.932747840881348 38.68281555175781 8.999999046325684
    vertex -6.999998569488525 38.0 9.5367431640625e-07
  endloop
endfacet
facet normal 0.0 0.0 0.0
  outer loop
    vertex -6.999998569488525 38.0 9.5367431640625e-07
    vertex -6.932747840881348 38.68281555175781 8.999999046325684
    vertex -6.999999046325684 38.0 8.999999046325684
  endloop
endfacet
facet normal 0.0 0.0 0.0
  outer loop
    vertex -0.3623465597629547 41.5 3.647705078125
    vertex -3.499999761581421 41.5 9.5367431640625e-07
    vertex 7.374804056325956e-08 41.5 3.5999984741210938
  endloop
endfacet
facet normal 0.0 0.0 0.0
  outer loop
    vertex 7.374804056325956e-08 41.5 3.5999984741210938
    vertex -3.499999761581421 41.5 9.5367431640625e-07
    vertex 3.499999761581421 41.5 9.5367431640625e-07
  endloop
endfacet
facet normal 0.0 0.0 0.0
  outer loop
    vertex 7.374804056325956e-08 41.5 3.5999984741210938
    vertex 3.499999761581421 41.5 9.5367431640625e-07
    vertex 0.36234667897224426 41.5 3.647705078125
  endloop
endfacet
facet normal 0.0 0.0 0.0
  outer loop
    vertex 0.36234667897224426 41.5 3.647705078125
    vertex 3.499999761581421 41.5 9.5367431640625e-07
    vertex 0.699999988079071 41.5 3.787567138671875
  endloop
endfacet
facet normal 0.0 0.0 0.0
  outer loop
    vertex 0.699999988079071 41.5 3.787567138671875
    vertex 3.499999761581421 41.5 9.5367431640625e-07
    vertex 0.9899494051933289 41.5 4.010047912597656
  endloop
endfacet
facet normal 0.0 0.0 0.0
  outer loop
    vertex 0.9899494051933289 41.5 4.010047912597656
    vertex 3.499999761581421 41.5 9.5367431640625e-07
    vertex 1.2124356031417847 41.5 4.3000030517578125
  endloop
endfacet
facet normal 0.0 0.0 0.0
  outer loop
    vertex 1.2124356031417847 41.5 4.3000030517578125
    vertex 3.499999761581421 41.5 9.5367431640625e-07
    vertex 1.3522961139678955 41.5 4.6376495361328125
  endloop
endfacet
facet normal 0.0 0.0 0.0
  outer loop
    vertex 1.3522961139678955 41.5 4.6376495361328125
    vertex 3.499999761581421 41.5 9.5367431640625e-07
    vertex 1.399999976158142 41.5 5.0
  endloop
endfacet
facet normal 0.0 0.0 0.0
  outer loop
    vertex 1.399999976158142 41.5 5.0
    vertex 3.499999761581421 41.5 9.5367431640625e-07
    vertex 3.499999523162842 41.5 9.0
  endloop
endfacet
facet normal 0.0 0.0 0.0
  outer loop
    vertex 1.399999976158142 41.5 5.0
    vertex 3.499999523162842 41.5 9.0
    vertex 1.3522961139678955 41.5 5.3623504638671875
  endloop
endfacet
facet normal 0.0 0.0 0.0
  outer loop
    vertex 1.3522961139678955 41.5 5.3623504638671875
    vertex 3.499999523162842 41.5 9.0
    vertex 1.2124356031417847 41.5 5.6999969482421875
  endloop
endfacet
facet normal 0.0 0.0 0.0
  outer loop
    vertex 1.2124356031417847 41.5 5.6999969482421875
    vertex 3.499999523162842 41.5 9.0
    vertex 0.9899493455886841 41.5 5.989952087402344
  endloop
endfacet
facet normal 0.0 0.0 0.0
  outer loop
    vertex 0.9899493455886841 41.5 5.989952087402344
    vertex 3.499999523162842 41.5 9.0
    vertex 0.6999999284744263 41.5 6.212432861328125
  endloop
endfacet
facet normal 0.0 0.0 0.0
  outer loop
    vertex 0.6999999284744263 41.5 6.212432861328125
    vertex 3.499999523162842 41.5 9.0
    vertex 0.3623466193675995 41.5 6.352294921875
  endloop
endfacet
facet normal 0.0 0.0 0.0
  outer loop
    vertex 0.3623466193675995 41.5 6.352294921875
    vertex 3.499999523162842 41.5 9.0
    vertex -3.0371722914424026e-09 41.5 6.400001525878906
  endloop
endfacet
facet normal 0.0 0.0 0.0
  outer loop
    vertex -3.0371722914424026e-09 41.5 6.400001525878906
    vertex 3.499999523162842 41.5 9.0
    vertex -3.5 41.5 9.0
  endloop
endfacet
facet normal 0.0 0.0 0.0
  outer loop
    vertex -3.0371722914424026e-09 41.5 6.400001525878906
    vertex -3.5 41.5 9.0
    vertex -0.3623466193675995 41.5 6.352294921875
  endloop
endfacet
facet normal 0.0 0.0 0.0
  outer loop
    vertex -0.3623466193675995 41.5 6.352294921875
    vertex -3.5 41.5 9.0
    vertex -0.6999999284744263 41.5 6.212432861328125
  endloop
endfacet
facet normal 0.0 0.0 0.0
  outer loop
    vertex -0.6999999284744263 41.5 6.212432861328125
    vertex -3.5 41.5 9.0
    vertex -0.9899493455886841 41.5 5.989952087402344
  endloop
endfacet
facet normal 0.0 0.0 0.0
  outer loop
    vertex -0.9899493455886841 41.5 5.989952087402344
    vertex -3.5 41.5 9.0
    vertex -1.2124353647232056 41.5 5.6999969482421875
  endloop
endfacet
facet normal 0.0 0.0 0.0
  outer loop
    vertex -1.2124353647232056 41.5 5.6999969482421875
    vertex -3.5 41.5 9.0
    vertex -1.3522958755493164 41.5 5.3623504638671875
  endloop
endfacet
facet normal 0.0 0.0 0.0
  outer loop
    vertex -1.3522958755493164 41.5 5.3623504638671875
    vertex -3.5 41.5 9.0
    vertex -1.399999737739563 41.5 5.0
  endloop
endfacet
facet normal 0.0 0.0 0.0
  outer loop
    vertex -1.399999737739563 41.5 5.0
    vertex -3.5 41.5 9.0
    vertex -3.499999761581421 41.5 9.5367431640625e-07
  endloop
endfacet
facet normal 0.0 0.0 0.0
  outer loop
    vertex -1.399999737739563 41.5 5.0
    vertex -3.499999761581421 41.5 9.5367431640625e-07
    vertex -1.3522958755493164 41.5 4.6376495361328125
  endloop
endfacet
facet normal 0.0 0.0 0.0
  outer loop
    vertex -1.3522958755493164 41.5 4.6376495361328125
    vertex -3.499999761581421 41.5 9.5367431640625e-07
    vertex -1.2124353647232056 41.5 4.3000030517578125
  endloop
endfacet
facet normal 0.0 0.0 0.0
  outer loop
    vertex -1.2124353647232056 41.5 4.3000030517578125
    vertex -3.499999761581421 41.5 9.5367431640625e-07
    vertex -0.9899492859840393 41.5 4.010047912597656
  endloop
endfacet
facet normal 0.0 0.0 0.0
  outer loop
    vertex -0.9899492859840393 41.5 4.010047912597656
    vertex -3.499999761581421 41.5 9.5367431640625e-07
    vertex -0.6999998688697815 41.5 3.787567138671875
  endloop
endfacet
facet normal 0.0 0.0 0.0
  outer loop
    vertex -0.6999998688697815 41.5 3.787567138671875
    vertex -3.499999761581421 41.5 9.5367431640625e-07
    vertex -0.3623465597629547 41.5 3.647705078125
  endloop
endfacet
facet normal 0.0 0.0 0.0
  outer loop
    vertex 8.999999046325684 50.5 10.0
    vertex 7.999999046325684 38.0 10.0
    vertex 8.999999046325684 -45.0 10.0
  endloop
endfacet
facet normal 0.0 0.0 0.0
  outer loop
    vertex 8.999999046325684 -45.0 10.0
    vertex 7.999999046325684 38.0 10.0
    vertex 7.999999046325684 -40.0 10.0
  endloop
endfacet
facet normal 0.0 0.0 0.0
  outer loop
    vertex 8.999999046325684 -45.0 10.0
    vertex 7.999999046325684 -40.0 10.0
    vertex 7.931633949279785 -40.78141784667969 10.0
  endloop
endfacet
facet normal 0.0 0.0 0.0
  outer loop
    vertex -8.999999046325684 50.5 9.999999046325684
    vertex 3.499999523162842 42.5 9.999999046325684
    vertex 8.999999046325684 50.5 10.0
  endloop
endfacet
facet normal 0.0 0.0 0.0
  outer loop
    vertex 8.999999046325684 50.5 10.0
    vertex 3.499999523162842 42.5 9.999999046325684
    vertex 4.281416416168213 42.43163299560547 9.999999046325684
  endloop
endfacet
facet normal 0.0 0.0 0.0
  outer loop
    vertex 8.999999046325684 50.5 10.0
    vertex 4.281416416168213 42.43163299560547 9.999999046325684
    vertex 5.039090156555176 42.228614807128906 10.0
  endloop
endfacet
facet normal 0.0 0.0 0.0
  outer loop
    vertex -8.999999046325684 -45.0 9.999999046325684
    vertex -7.999999046325684 38.0 9.999999046325684
    vertex -8.999999046325684 50.5 9.999999046325684
  endloop
endfacet
facet normal 0.0 0.0 0.0
  outer loop
    vertex -8.999999046325684 50.5 9.999999046325684
    vertex -7.999999046325684 38.0 9.999999046325684
    vertex -7.931633949279785 38.78141784667969 9.999999046325684
  endloop
endfacet
facet normal 0.0 0.0 0.0
  outer loop
    vertex -8.999999046325684 50.5 9.999999046325684
    vertex -7.931633949279785 38.78141784667969 9.999999046325684
    vertex -7.728615760803223 39.539093017578125 9.999999046325684
  endloop
endfacet
facet normal 0.0 0.0 0.0
  outer loop
    vertex 8.999999046325684 -45.0 10.0
    vertex -3.5 -44.5 9.999999046325684
    vertex -8.999999046325684 -45.0 9.999999046325684
  endloop
endfacet
facet normal 0.0 0.0 0.0
  outer loop
    vertex -8.999999046325684 -45.0 9.999999046325684
    vertex -3.5 -44.5 9.999999046325684
    vertex -4.281416416168213 -44.43163299560547 9.999999046325684
  endloop
endfacet
facet normal 0.0 0.0 0.0
  outer loop
    vertex -8.999999046325684 -45.0 9.999999046325684
    vertex -4.281416416168213 -44.43163299560547 9.999999046325684
    vertex -5.039090156555176 -44.228614807128906 9.999999046325684
  endloop
endfacet
facet normal 0.0 0.0 0.0
  outer loop
    vertex -4.281416416168213 42.43163299560547 9.999999046325684
    vertex -3.5 42.5 9.999999046325684
    vertex -8.999999046325684 50.5 9.999999046325684
  endloop
endfacet
facet normal 0.0 0.0 0.0
  outer loop
    vertex -8.999999046325684 50.5 9.999999046325684
    vertex -3.5 42.5 9.999999046325684
    vertex 3.499999523162842 42.5 9.999999046325684
  endloop
endfacet
facet normal 0.0 0.0 0.0
  outer loop
    vertex 5.039090156555176 42.228614807128906 10.0
    vertex 5.749999523162842 41.89711380004883 10.0
    vertex 8.999999046325684 50.5 10.0
  endloop
endfacet
facet normal 0.0 0.0 0.0
  outer loop
    vertex 8.999999046325684 50.5 10.0
    vertex 5.749999523162842 41.89711380004883 10.0
    vertex 6.392543315887451 41.447200775146484 10.0
  endloop
endfacet
facet normal 0.0 0.0 0.0
  outer loop
    vertex 8.999999046325684 50.5 10.0
    vertex 6.392543315887451 41.447200775146484 10.0
    vertex 6.94719934463501 40.89254379272461 10.0
  endloop
endfacet
facet normal 0.0 0.0 0.0
  outer loop
    vertex 6.94719934463501 40.89254379272461 10.0
    vertex 7.39711332321167 40.25 10.0
    vertex 8.999999046325684 50.5 10.0
  endloop
endfacet
facet normal 0.0 0.0 0.0
  outer loop
    vertex 8.999999046325684 50.5 10.0
    vertex 7.39711332321167 40.25 10.0
    vertex 7.728615760803223 39.539093017578125 10.0
  endloop
endfacet
facet normal 0.0 0.0 0.0
  outer loop
    vertex 8.999999046325684 50.5 10.0
    vertex 7.728615760803223 39.539093017578125 10.0
    vertex 7.931633949279785 38.78141784667969 10.0
  endloop
endfacet
facet normal 0.0 0.0 0.0
  outer loop
    vertex 7.931633949279785 38.78141784667969 10.0
    vertex 7.999999046325684 38.0 10.0
    vertex 8.999999046325684 50.5 10.0
  endloop
endfacet
facet normal 0.0 0.0 0.0
  outer loop
    vertex 7.931633949279785 -40.78141784667969 10.0
    vertex 7.728615760803223 -41.539093017578125 10.0
    vertex 8.999999046325684 -45.0 10.0
  endloop
endfacet
facet normal 0.0 0.0 0.0
  outer loop
    vertex 8.999999046325684 -45.0 10.0
    vertex 7.728615760803223 -41.539093017578125 10.0
    vertex 7.39711332321167 -42.25 10.0
  endloop
endfacet
facet normal 0.0 0.0 0.0
  outer loop
    vertex 8.999999046325684 -45.0 10.0
    vertex 7.39711332321167 -42.25 10.0
    vertex 6.94719934463501 -42.892547607421875 10.0
  endloop
endfacet
facet normal 0.0 0.0 0.0
  outer loop
    vertex 6.94719934463501 -42.892547607421875 10.0
    vertex 6.392543315887451 -43.44719696044922 10.0
    vertex 8.999999046325684 -45.0 10.0
  endloop
endfacet
facet normal 0.0 0.0 0.0
  outer loop
    vertex 8.999999046325684 -45.0 10.0
    vertex 6.392543315887451 -43.44719696044922 10.0
    vertex 5.749999523162842 -43.897117614746094 10.0
  endloop
endfacet
facet normal 0.0 0.0 0.0
  outer loop
    vertex 8.999999046325684 -45.0 10.0
    vertex 5.749999523162842 -43.897117614746094 10.0
    vertex 5.039090156555176 -44.228614807128906 10.0
  endloop
endfacet
facet normal 0.0 0.0 0.0
  outer loop
    vertex 5.039090156555176 -44.228614807128906 10.0
    vertex 4.281416416168213 -44.43163299560547 9.999999046325684
    vertex 8.999999046325684 -45.0 10.0
  endloop
endfacet
facet normal 0.0 0.0 0.0
  outer loop
    vertex 8.999999046325684 -45.0 10.0
    vertex 4.281416416168213 -44.43163299560547 9.999999046325684
    vertex 3.499999523162842 -44.5 9.999999046325684
  endloop
endfacet
facet normal 0.0 0.0 0.0
  outer loop
    vertex 8.999999046325684 -45.0 10.0
    vertex 3.499999523162842 -44.5 9.999999046325684
    vertex -3.5 -44.5 9.999999046325684
  endloop
endfacet
facet normal 0.0 0.0 0.0
  outer loop
    vertex -5.039090156555176 -44.228614807128906 9.999999046325684
    vertex -5.749999523162842 -43.897117614746094 9.999999046325684
    vertex -8.999999046325684 -45.0 9.999999046325684
  endloop
endfacet
facet normal 0.0 0.0 0.0
  outer loop
    vertex -8.999999046325684 -45.0 9.999999046325684
    vertex -5.749999523162842 -43.897117614746094 9.999999046325684
    vertex -6.392543315887451 -43.44719696044922 9.999999046325684
  endloop
endfacet
facet normal 0.0 0.0 0.0
  outer loop
    vertex -8.999999046325684 -45.0 9.999999046325684
    vertex -6.392543315887451 -43.44719696044922 9.999999046325684
    vertex -6.94719934463501 -42.892547607421875 9.999999046325684
  endloop
endfacet
facet normal 0.0 0.0 0.0
  outer loop
    vertex -6.94719934463501 -42.892547607421875 9.999999046325684
    vertex -7.39711332321167 -42.25 9.999999046325684
    vertex -8.999999046325684 -45.0 9.999999046325684
  endloop
endfacet
facet normal 0.0 0.0 0.0
  outer loop
    vertex -8.999999046325684 -45.0 9.999999046325684
    vertex -7.39711332321167 -42.25 9.999999046325684
    vertex -7.728615760803223 -41.539093017578125 9.999999046325684
  endloop
endfacet
facet normal 0.0 0.0 0.0
  outer loop
    vertex -8.999999046325684 -45.0 9.999999046325684
    vertex -7.728615760803223 -41.539093017578125 9.999999046325684
    vertex -7.931633949279785 -40.78141784667969 9.999999046325684
  endloop
endfacet
facet normal 0.0 0.0 0.0
  outer loop
    vertex -7.931633949279785 -40.78141784667969 9.999999046325684
    vertex -7.999999046325684 -40.0 9.999999046325684
    vertex -8.999999046325684 -45.0 9.999999046325684
  endloop
endfacet
facet normal 0.0 0.0 0.0
  outer loop
    vertex -8.999999046325684 -45.0 9.999999046325684
    vertex -7.999999046325684 -40.0 9.999999046325684
    vertex -7.999999046325684 38.0 9.999999046325684
  endloop
endfacet
facet normal 0.0 0.0 0.0
  outer loop
    vertex -7.728615760803223 39.539093017578125 9.999999046325684
    vertex -7.39711332321167 40.25 9.999999046325684
    vertex -8.999999046325684 50.5 9.999999046325684
  endloop
endfacet
facet normal 0.0 0.0 0.0
  outer loop
    vertex -8.999999046325684 50.5 9.999999046325684
    vertex -7.39711332321167 40.25 9.999999046325684
    vertex -6.94719934463501 40.89254379272461 9.999999046325684
  endloop
endfacet
facet normal 0.0 0.0 0.0
  outer loop
    vertex -8.999999046325684 50.5 9.999999046325684
    vertex -6.94719934463501 40.89254379272461 9.999999046325684
    vertex -6.392543315887451 41.447200775146484 9.999999046325684
  endloop
endfacet
facet normal 0.0 0.0 0.0
  outer loop
    vertex -6.392543315887451 41.447200775146484 9.999999046325684
    vertex -5.749999523162842 41.89711380004883 9.999999046325684
    vertex -8.999999046325684 50.5 9.999999046325684
  endloop
endfacet
facet normal 0.0 0.0 0.0
  outer loop
    vertex -8.999999046325684 50.5 9.999999046325684
    vertex -5.749999523162842 41.89711380004883 9.999999046325684
    vertex -5.039090156555176 42.228614807128906 9.999999046325684
  endloop
endfacet
facet normal 0.0 0.0 0.0
  outer loop
    vertex -8.999999046325684 50.5 9.999999046325684
    vertex -5.039090156555176 42.228614807128906 9.999999046325684
    vertex -4.281416416168213 42.43163299560547 9.999999046325684
  endloop
endfacet
facet normal 0.0 0.0 0.0
  outer loop
    vertex 8.999999046325684 -45.0 10.0
    vertex 9.258818626403809 5.5588226318359375 9.965927124023438
    vertex 8.999999046325684 50.5 10.0
  endloop
endfacet
facet normal 0.0 0.0 0.0
  outer loop
    vertex 8.999999046325684 50.5 10.0
    vertex 9.258818626403809 5.5588226318359375 9.965927124023438
    vertex 9.258818626403809 11.176471710205078 9.965927124023438
  endloop
endfacet
facet normal 0.0 0.0 0.0
  outer loop
    vertex 8.999999046325684 50.5 10.0
    vertex 9.258818626403809 11.176471710205078 9.965927124023438
    vertex 9.258818626403809 16.794116973876953 9.965927124023438
  endloop
endfacet
facet normal 0.0 0.0 0.0
  outer loop
    vertex 9.258818626403809 16.794116973876953 9.965927124023438
    vertex 9.258818626403809 11.176471710205078 9.965927124023438
    vertex 9.499999046325684 16.794116973876953 9.86602783203125
  endloop
endfacet
facet normal 0.0 0.0 0.0
  outer loop
    vertex 9.258818626403809 16.794116973876953 9.965927124023438
    vertex 9.499999046325684 16.794116973876953 9.86602783203125
    vertex 9.499999046325684 22.41176414489746 9.86602783203125
  endloop
endfacet
facet normal 0.0 0.0 0.0
  outer loop
    vertex 9.499999046325684 22.41176414489746 9.86602783203125
    vertex 9.499999046325684 16.794116973876953 9.86602783203125
    vertex 9.70710563659668 22.41176414489746 9.707107543945312
  endloop
endfacet
facet normal 0.0 0.0 0.0
  outer loop
    vertex 9.499999046325684 22.41176414489746 9.86602783203125
    vertex 9.70710563659668 22.41176414489746 9.707107543945312
    vertex 9.70710563659668 28.02941131591797 9.707107543945312
  endloop
endfacet
facet normal 0.0 0.0 0.0
  outer loop
    vertex 9.70710563659668 28.02941131591797 9.707107543945312
    vertex 9.70710563659668 22.41176414489746 9.707107543945312
    vertex 9.8660249710083 28.02941131591797 9.5
  endloop
endfacet
facet normal 0.0 0.0 0.0
  outer loop
    vertex 9.70710563659668 28.02941131591797 9.707107543945312
    vertex 9.8660249710083 28.02941131591797 9.5
    vertex 9.8660249710083 33.647056579589844 9.5
  endloop
endfacet
facet normal 0.0 0.0 0.0
  outer loop
    vertex 9.8660249710083 33.647056579589844 9.5
    vertex 9.8660249710083 28.02941131591797 9.5
    vertex 9.965925216674805 33.647056579589844 9.258819580078125
  endloop
endfacet
facet normal 0.0 0.0 0.0
  outer loop
    vertex 9.8660249710083 33.647056579589844 9.5
    vertex 9.965925216674805 33.647056579589844 9.258819580078125
    vertex 9.965925216674805 39.264705657958984 9.258819580078125
  endloop
endfacet
facet normal 0.0 0.0 0.0
  outer loop
    vertex 9.965925216674805 39.264705657958984 9.258819580078125
    vertex 9.965925216674805 33.647056579589844 9.258819580078125
    vertex 9.999999046325684 50.5 9.0
  endloop
endfacet
facet normal 0.0 0.0 0.0
  outer loop
    vertex 9.965925216674805 39.264705657958984 9.258819580078125
    vertex 9.999999046325684 50.5 9.0
    vertex 9.965925216674805 44.882354736328125 9.258819580078125
  endloop
endfacet
facet normal 0.0 0.0 0.0
  outer loop
    vertex 9.965925216674805 44.882354736328125 9.258819580078125
    vertex 9.999999046325684 50.5 9.0
    vertex 9.965925216674805 50.5 9.258819580078125
  endloop
endfacet
facet normal 0.0 0.0 0.0
  outer loop
    vertex 9.965925216674805 44.882354736328125 9.258819580078125
    vertex 9.965925216674805 50.5 9.258819580078125
    vertex 9.8660249710083 44.882354736328125 9.5
  endloop
endfacet
facet normal 0.0 0.0 0.0
  outer loop
    vertex 9.8660249710083 44.882354736328125 9.5
    vertex 9.965925216674805 50.5 9.258819580078125
    vertex 9.8660249710083 50.5 9.5
  endloop
endfacet
facet normal 0.0 0.0 0.0
  outer loop
    vertex 9.8660249710083 44.882354736328125 9.5
    vertex 9.8660249710083 50.5 9.5
    vertex 9.70710563659668 44.882354736328125 9.707107543945312
  endloop
endfacet
facet normal 0.0 0.0 0.0
  outer loop
    vertex 9.70710563659668 44.882354736328125 9.707107543945312
    vertex 9.8660249710083 50.5 9.5
    vertex 9.70710563659668 50.5 9.707107543945312
  endloop
endfacet
facet normal 0.0 0.0 0.0
  outer loop
    vertex 9.70710563659668 44.882354736328125 9.707107543945312
    vertex 9.70710563659668 50.5 9.707107543945312
    vertex 9.499999046325684 44.882354736328125 9.86602783203125
  endloop
endfacet
facet normal 0.0 0.0 0.0
  outer loop
    vertex 9.499999046325684 44.882354736328125 9.86602783203125
    vertex 9.70710563659668 50.5 9.707107543945312
    vertex 9.499999046325684 50.5 9.86602783203125
  endloop
endfacet
facet normal 0.0 0.0 0.0
  outer loop
    vertex 9.499999046325684 44.882354736328125 9.86602783203125
    vertex 9.499999046325684 50.5 9.86602783203125
    vertex 9.258818626403809 44.882354736328125 9.965927124023438
  endloop
endfacet
facet normal 0.0 0.0 0.0
  outer loop
    vertex 9.258818626403809 44.882354736328125 9.965927124023438
    vertex 9.499999046325684 50.5 9.86602783203125
    vertex 9.258818626403809 50.5 9.965927124023438
  endloop
endfacet
facet normal 0.0 0.0 0.0
  outer loop
    vertex 9.258818626403809 44.882354736328125 9.965927124023438
    vertex 9.258818626403809 50.5 9.965927124023438
    vertex 8.999999046325684 50.5 10.0
  endloop
endfacet
facet normal 0.0 0.0 0.0
  outer loop
    vertex 9.258818626403809 -45.0 9.965927124023438
    vertex 9.258818626403809 -39.382354736328125 9.965927124023438
    vertex 8.999999046325684 -45.0 10.0
  endloop
endfacet
facet normal 0.0 0.0 0.0
  outer loop
    vertex 8.999999046325684 -45.0 10.0
    vertex 9.258818626403809 -39.382354736328125 9.965927124023438
    vertex 9.258818626403809 -33.76470947265625 9.965927124023438
  endloop
endfacet
facet normal 0.0 0.0 0.0
  outer loop
    vertex 8.999999046325684 -45.0 10.0
    vertex 9.258818626403809 -33.76470947265625 9.965927124023438
    vertex 9.258818626403809 -28.147056579589844 9.965927124023438
  endloop
endfacet
facet normal 0.0 0.0 0.0
  outer loop
    vertex 9.258818626403809 -28.147056579589844 9.965927124023438
    vertex 9.258818626403809 -33.76470947265625 9.965927124023438
    vertex 9.499999046325684 -28.147056579589844 9.86602783203125
  endloop
endfacet
facet normal 0.0 0.0 0.0
  outer loop
    vertex 9.258818626403809 -28.147056579589844 9.965927124023438
    vertex 9.499999046325684 -28.147056579589844 9.86602783203125
    vertex 9.499999046325684 -22.52941131591797 9.86602783203125
  endloop
endfacet
facet normal 0.0 0.0 0.0
  outer loop
    vertex 9.499999046325684 -22.52941131591797 9.86602783203125
    vertex 9.499999046325684 -28.147056579589844 9.86602783203125
    vertex 9.70710563659668 -22.52941131591797 9.707107543945312
  endloop
endfacet
facet normal 0.0 0.0 0.0
  outer loop
    vertex 9.499999046325684 -22.52941131591797 9.86602783203125
    vertex 9.70710563659668 -22.52941131591797 9.707107543945312
    vertex 9.70710563659668 -16.911766052246094 9.707107543945312
  endloop
endfacet
facet normal 0.0 0.0 0.0
  outer loop
    vertex 9.70710563659668 -16.911766052246094 9.707107543945312
    vertex 9.70710563659668 -22.52941131591797 9.707107543945312
    vertex 9.8660249710083 -16.911766052246094 9.5
  endloop
endfacet
facet normal 0.0 0.0 0.0
  outer loop
    vertex 9.70710563659668 -16.911766052246094 9.707107543945312
    vertex 9.8660249710083 -16.911766052246094 9.5
    vertex 9.8660249710083 -11.294116973876953 9.5
  endloop
endfacet
facet normal 0.0 0.0 0.0
  outer loop
    vertex 9.8660249710083 -11.294116973876953 9.5
    vertex 9.8660249710083 -16.911766052246094 9.5
    vertex 9.965925216674805 -11.294116973876953 9.258819580078125
  endloop
endfacet
facet normal 0.0 0.0 0.0
  outer loop
    vertex 9.8660249710083 -11.294116973876953 9.5
    vertex 9.965925216674805 -11.294116973876953 9.258819580078125
    vertex 9.965925216674805 -5.676471710205078 9.258819580078125
  endloop
endfacet
facet normal 0.0 0.0 0.0
  outer loop
    vertex 9.965925216674805 -5.676471710205078 9.258819580078125
    vertex 9.965925216674805 -11.294116973876953 9.258819580078125
    vertex 9.999999046325684 -45.0 9.0
  endloop
endfacet
facet normal 0.0 0.0 0.0
  outer loop
    vertex 9.965925216674805 -5.676471710205078 9.258819580078125
    vertex 9.999999046325684 -45.0 9.0
    vertex 9.965925216674805 -0.0588226318359375 9.258819580078125
  endloop
endfacet
facet normal 0.0 0.0 0.0
  outer loop
    vertex 9.965925216674805 -0.0588226318359375 9.258819580078125
    vertex 9.999999046325684 -45.0 9.0
    vertex 9.999999046325684 50.5 9.0
  endloop
endfacet
facet normal 0.0 0.0 0.0
  outer loop
    vertex 9.965925216674805 -0.0588226318359375 9.258819580078125
    vertex 9.999999046325684 50.5 9.0
    vertex 9.965925216674805 5.5588226318359375 9.258819580078125
  endloop
endfacet
facet normal 0.0 0.0 0.0
  outer loop
    vertex 9.965925216674805 5.5588226318359375 9.258819580078125
    vertex 9.999999046325684 50.5 9.0
    vertex 9.965925216674805 11.176471710205078 9.258819580078125
  endloop
endfacet
facet normal 0.0 0.0 0.0
  outer loop
    vertex 9.965925216674805 5.5588226318359375 9.258819580078125
    vertex 9.965925216674805 11.176471710205078 9.258819580078125
    vertex 9.8660249710083 5.5588226318359375 9.5
  endloop
endfacet
facet normal 0.0 0.0 0.0
  outer loop
    vertex 9.8660249710083 5.5588226318359375 9.5
    vertex 9.965925216674805 11.176471710205078 9.258819580078125
    vertex 9.8660249710083 11.176471710205078 9.5
  endloop
endfacet
facet normal 0.0 0.0 0.0
  outer loop
    vertex 9.8660249710083 5.5588226318359375 9.5
    vertex 9.8660249710083 11.176471710205078 9.5
    vertex 9.70710563659668 5.5588226318359375 9.707107543945312
  endloop
endfacet
facet normal 0.0 0.0 0.0
  outer loop
    vertex 9.70710563659668 5.5588226318359375 9.707107543945312
    vertex 9.8660249710083 11.176471710205078 9.5
    vertex 9.70710563659668 11.176471710205078 9.707107543945312
  endloop
endfacet
facet normal 0.0 0.0 0.0
  outer loop
    vertex 9.70710563659668 5.5588226318359375 9.707107543945312
    vertex 9.70710563659668 11.176471710205078 9.707107543945312
    vertex 9.499999046325684 5.5588226318359375 9.86602783203125
  endloop
endfacet
facet normal 0.0 0.0 0.0
  outer loop
    vertex 9.499999046325684 5.5588226318359375 9.86602783203125
    vertex 9.70710563659668 11.176471710205078 9.707107543945312
    vertex 9.499999046325684 11.176471710205078 9.86602783203125
  endloop
endfacet
facet normal 0.0 0.0 0.0
  outer loop
    vertex 9.499999046325684 5.5588226318359375 9.86602783203125
    vertex 9.499999046325684 11.176471710205078 9.86602783203125
    vertex 9.258818626403809 5.5588226318359375 9.965927124023438
  endloop
endfacet
facet normal 0.0 0.0 0.0
  outer loop
    vertex 9.258818626403809 5.5588226318359375 9.965927124023438
    vertex 9.499999046325684 11.176471710205078 9.86602783203125
    vertex 9.258818626403809 11.176471710205078 9.965927124023438
  endloop
endfacet
facet normal 0.0 0.0 0.0
  outer loop
    vertex 9.258818626403809 -39.382354736328125 9.965927124023438
    vertex 9.258818626403809 -45.0 9.965927124023438
    vertex 9.499999046325684 -39.382354736328125 9.86602783203125
  endloop
endfacet
facet normal 0.0 0.0 0.0
  outer loop
    vertex 9.499999046325684 -39.382354736328125 9.86602783203125
    vertex 9.258818626403809 -45.0 9.965927124023438
    vertex 9.499999046325684 -45.0 9.86602783203125
  endloop
endfacet
facet normal 0.0 0.0 0.0
  outer loop
    vertex 9.499999046325684 -39.382354736328125 9.86602783203125
    vertex 9.499999046325684 -45.0 9.86602783203125
    vertex 9.70710563659668 -39.382354736328125 9.707107543945312
  endloop
endfacet
facet normal 0.0 0.0 0.0
  outer loop
    vertex 9.70710563659668 -39.382354736328125 9.707107543945312
    vertex 9.499999046325684 -45.0 9.86602783203125
    vertex 9.70710563659668 -45.0 9.707107543945312
  endloop
endfacet
facet normal 0.0 0.0 0.0
  outer loop
    vertex 9.70710563659668 -39.382354736328125 9.707107543945312
    vertex 9.70710563659668 -45.0 9.707107543945312
    vertex 9.8660249710083 -39.382354736328125 9.5
  endloop
endfacet
facet normal 0.0 0.0 0.0
  outer loop
    vertex 9.8660249710083 -39.382354736328125 9.5
    vertex 9.70710563659668 -45.0 9.707107543945312
    vertex 9.8660249710083 -45.0 9.5
  endloop
endfacet
facet normal 0.0 0.0 0.0
  outer loop
    vertex 9.8660249710083 -39.382354736328125 9.5
    vertex 9.8660249710083 -45.0 9.5
    vertex 9.965925216674805 -39.382354736328125 9.258819580078125
  endloop
endfacet
facet normal 0.0 0.0 0.0
  outer loop
    vertex 9.965925216674805 -39.382354736328125 9.258819580078125
    vertex 9.8660249710083 -45.0 9.5
    vertex 9.965925216674805 -45.0 9.258819580078125
  endloop
endfacet
facet normal 0.0 0.0 0.0
  outer loop
    vertex 9.965925216674805 -39.382354736328125 9.258819580078125
    vertex 9.965925216674805 -45.0 9.258819580078125
    vertex 9.999999046325684 -45.0 9.0
  endloop
endfacet
facet normal 0.0 0.0 0.0
  outer loop
    vertex 9.258818626403809 -33.76470947265625 9.965927124023438
    vertex 9.258818626403809 -39.382354736328125 9.965927124023438
    vertex 9.499999046325684 -33.76470947265625 9.86602783203125
  endloop
endfacet
facet normal 0.0 0.0 0.0
  outer loop
    vertex 9.499999046325684 -33.76470947265625 9.86602783203125
    vertex 9.258818626403809 -39.382354736328125 9.965927124023438
    vertex 9.499999046325684 -39.382354736328125 9.86602783203125
  endloop
endfacet
facet normal 0.0 0.0 0.0
  outer loop
    vertex 9.499999046325684 -33.76470947265625 9.86602783203125
    vertex 9.499999046325684 -39.382354736328125 9.86602783203125
    vertex 9.70710563659668 -33.76470947265625 9.707107543945312
  endloop
endfacet
facet normal 0.0 0.0 0.0
  outer loop
    vertex 9.70710563659668 -33.76470947265625 9.707107543945312
    vertex 9.499999046325684 -39.382354736328125 9.86602783203125
    vertex 9.70710563659668 -39.382354736328125 9.707107543945312
  endloop
endfacet
facet normal 0.0 0.0 0.0
  outer loop
    vertex 9.70710563659668 -33.76470947265625 9.707107543945312
    vertex 9.70710563659668 -39.382354736328125 9.707107543945312
    vertex 9.8660249710083 -33.76470947265625 9.5
  endloop
endfacet
facet normal 0.0 0.0 0.0
  outer loop
    vertex 9.8660249710083 -33.76470947265625 9.5
    vertex 9.70710563659668 -39.382354736328125 9.707107543945312
    vertex 9.8660249710083 -39.382354736328125 9.5
  endloop
endfacet
facet normal 0.0 0.0 0.0
  outer loop
    vertex 9.8660249710083 -33.76470947265625 9.5
    vertex 9.8660249710083 -39.382354736328125 9.5
    vertex 9.965925216674805 -33.76470947265625 9.258819580078125
  endloop
endfacet
facet normal 0.0 0.0 0.0
  outer loop
    vertex 9.965925216674805 -33.76470947265625 9.258819580078125
    vertex 9.8660249710083 -39.382354736328125 9.5
    vertex 9.965925216674805 -39.382354736328125 9.258819580078125
  endloop
endfacet
facet normal 0.0 0.0 0.0
  outer loop
    vertex 9.965925216674805 -33.76470947265625 9.258819580078125
    vertex 9.965925216674805 -39.382354736328125 9.258819580078125
    vertex 9.999999046325684 -45.0 9.0
  endloop
endfacet
facet normal 0.0 0.0 0.0
  outer loop
    vertex 9.258818626403809 -28.147056579589844 9.965927124023438
    vertex 9.258818626403809 -22.52941131591797 9.965927124023438
    vertex 8.999999046325684 -45.0 10.0
  endloop
endfacet
facet normal 0.0 0.0 0.0
  outer loop
    vertex 8.999999046325684 -45.0 10.0
    vertex 9.258818626403809 -22.52941131591797 9.965927124023438
    vertex 9.258818626403809 -16.911766052246094 9.965927124023438
  endloop
endfacet
facet normal 0.0 0.0 0.0
  outer loop
    vertex 8.999999046325684 -45.0 10.0
    vertex 9.258818626403809 -16.911766052246094 9.965927124023438
    vertex 9.258818626403809 -11.294116973876953 9.965927124023438
  endloop
endfacet
facet normal 0.0 0.0 0.0
  outer loop
    vertex 9.258818626403809 -11.294116973876953 9.965927124023438
    vertex 9.258818626403809 -16.911766052246094 9.965927124023438
    vertex 9.499999046325684 -11.294116973876953 9.86602783203125
  endloop
endfacet
facet normal 0.0 0.0 0.0
  outer loop
    vertex 9.258818626403809 -11.294116973876953 9.965927124023438
    vertex 9.499999046325684 -11.294116973876953 9.86602783203125
    vertex 9.499999046325684 -5.676471710205078 9.86602783203125
  endloop
endfacet
facet normal 0.0 0.0 0.0
  outer loop
    vertex 9.499999046325684 -5.676471710205078 9.86602783203125
    vertex 9.499999046325684 -11.294116973876953 9.86602783203125
    vertex 9.70710563659668 -5.676471710205078 9.707107543945312
  endloop
endfacet
facet normal 0.0 0.0 0.0
  outer loop
    vertex 9.499999046325684 -5.676471710205078 9.86602783203125
    vertex 9.70710563659668 -5.676471710205078 9.707107543945312
    vertex 9.70710563659668 -0.0588226318359375 9.707107543945312
  endloop
endfacet
facet normal 0.0 0.0 0.0
  outer loop
    vertex 9.70710563659668 -0.0588226318359375 9.707107543945312
    vertex 9.70710563659668 -5.676471710205078 9.707107543945312
    vertex 9.8660249710083 -0.0588226318359375 9.5
  endloop
endfacet
facet normal 0.0 0.0 0.0
  outer loop
    vertex 9.70710563659668 -0.0588226318359375 9.707107543945312
    vertex 9.8660249710083 -0.0588226318359375 9.5
    vertex 9.8660249710083 5.5588226318359375 9.5
  endloop
endfacet
facet normal 0.0 0.0 0.0
  outer loop
    vertex 9.8660249710083 5.5588226318359375 9.5
    vertex 9.8660249710083 -0.0588226318359375 9.5
    vertex 9.965925216674805 5.5588226318359375 9.258819580078125
  endloop
endfacet
facet normal 0.0 0.0 0.0
  outer loop
    vertex 9.258818626403809 -28.147056579589844 9.965927124023438
    vertex 9.499999046325684 -22.52941131591797 9.86602783203125
    vertex 9.258818626403809 -22.52941131591797 9.965927124023438
  endloop
endfacet
facet normal 0.0 0.0 0.0
  outer loop
    vertex 9.258818626403809 -22.52941131591797 9.965927124023438
    vertex 9.499999046325684 -22.52941131591797 9.86602783203125
    vertex 9.499999046325684 -16.911766052246094 9.86602783203125
  endloop
endfacet
facet normal 0.0 0.0 0.0
  outer loop
    vertex 9.258818626403809 -22.52941131591797 9.965927124023438
    vertex 9.499999046325684 -16.911766052246094 9.86602783203125
    vertex 9.258818626403809 -16.911766052246094 9.965927124023438
  endloop
endfacet
facet normal 0.0 0.0 0.0
  outer loop
    vertex 9.258818626403809 -16.911766052246094 9.965927124023438
    vertex 9.499999046325684 -16.911766052246094 9.86602783203125
    vertex 9.499999046325684 -11.294116973876953 9.86602783203125
  endloop
endfacet
facet normal 0.0 0.0 0.0
  outer loop
    vertex 9.258818626403809 -11.294116973876953 9.965927124023438
    vertex 9.258818626403809 -5.676471710205078 9.965927124023438
    vertex 8.999999046325684 -45.0 10.0
  endloop
endfacet
facet normal 0.0 0.0 0.0
  outer loop
    vertex 8.999999046325684 -45.0 10.0
    vertex 9.258818626403809 -5.676471710205078 9.965927124023438
    vertex 9.258818626403809 -0.0588226318359375 9.965927124023438
  endloop
endfacet
facet normal 0.0 0.0 0.0
  outer loop
    vertex 8.999999046325684 -45.0 10.0
    vertex 9.258818626403809 -0.0588226318359375 9.965927124023438
    vertex 9.258818626403809 5.5588226318359375 9.965927124023438
  endloop
endfacet
facet normal 0.0 0.0 0.0
  outer loop
    vertex 9.258818626403809 5.5588226318359375 9.965927124023438
    vertex 9.258818626403809 -0.0588226318359375 9.965927124023438
    vertex 9.499999046325684 5.5588226318359375 9.86602783203125
  endloop
endfacet
facet normal 0.0 0.0 0.0
  outer loop
    vertex 9.258818626403809 -11.294116973876953 9.965927124023438
    vertex 9.499999046325684 -5.676471710205078 9.86602783203125
    vertex 9.258818626403809 -5.676471710205078 9.965927124023438
  endloop
endfacet
facet normal 0.0 0.0 0.0
  outer loop
    vertex 9.258818626403809 -5.676471710205078 9.965927124023438
    vertex 9.499999046325684 -5.676471710205078 9.86602783203125
    vertex 9.499999046325684 -0.0588226318359375 9.86602783203125
  endloop
endfacet
facet normal 0.0 0.0 0.0
  outer loop
    vertex 9.258818626403809 -5.676471710205078 9.965927124023438
    vertex 9.499999046325684 -0.0588226318359375 9.86602783203125
    vertex 9.258818626403809 -0.0588226318359375 9.965927124023438
  endloop
endfacet
facet normal 0.0 0.0 0.0
  outer loop
    vertex 9.258818626403809 -0.0588226318359375 9.965927124023438
    vertex 9.499999046325684 -0.0588226318359375 9.86602783203125
    vertex 9.499999046325684 5.5588226318359375 9.86602783203125
  endloop
endfacet
facet normal 0.0 0.0 0.0
  outer loop
    vertex 9.499999046325684 16.794116973876953 9.86602783203125
    vertex 9.258818626403809 11.176471710205078 9.965927124023438
    vertex 9.499999046325684 11.176471710205078 9.86602783203125
  endloop
endfacet
facet normal 0.0 0.0 0.0
  outer loop
    vertex 9.258818626403809 16.794116973876953 9.965927124023438
    vertex 9.258818626403809 22.41176414489746 9.965927124023438
    vertex 8.999999046325684 50.5 10.0
  endloop
endfacet
facet normal 0.0 0.0 0.0
  outer loop
    vertex 8.999999046325684 50.5 10.0
    vertex 9.258818626403809 22.41176414489746 9.965927124023438
    vertex 9.258818626403809 28.02941131591797 9.965927124023438
  endloop
endfacet
facet normal 0.0 0.0 0.0
  outer loop
    vertex 8.999999046325684 50.5 10.0
    vertex 9.258818626403809 28.02941131591797 9.965927124023438
    vertex 9.258818626403809 33.647056579589844 9.965927124023438
  endloop
endfacet
facet normal 0.0 0.0 0.0
  outer loop
    vertex 9.258818626403809 33.647056579589844 9.965927124023438
    vertex 9.258818626403809 28.02941131591797 9.965927124023438
    vertex 9.499999046325684 33.647056579589844 9.86602783203125
  endloop
endfacet
facet normal 0.0 0.0 0.0
  outer loop
    vertex 9.258818626403809 33.647056579589844 9.965927124023438
    vertex 9.499999046325684 33.647056579589844 9.86602783203125
    vertex 9.499999046325684 39.264705657958984 9.86602783203125
  endloop
endfacet
facet normal 0.0 0.0 0.0
  outer loop
    vertex 9.499999046325684 39.264705657958984 9.86602783203125
    vertex 9.499999046325684 33.647056579589844 9.86602783203125
    vertex 9.70710563659668 39.264705657958984 9.707107543945312
  endloop
endfacet
facet normal 0.0 0.0 0.0
  outer loop
    vertex 9.499999046325684 39.264705657958984 9.86602783203125
    vertex 9.70710563659668 39.264705657958984 9.707107543945312
    vertex 9.70710563659668 44.882354736328125 9.707107543945312
  endloop
endfacet
facet normal 0.0 0.0 0.0
  outer loop
    vertex 9.70710563659668 44.882354736328125 9.707107543945312
    vertex 9.70710563659668 39.264705657958984 9.707107543945312
    vertex 9.8660249710083 44.882354736328125 9.5
  endloop
endfacet
facet normal 0.0 0.0 0.0
  outer loop
    vertex 9.258818626403809 16.794116973876953 9.965927124023438
    vertex 9.499999046325684 22.41176414489746 9.86602783203125
    vertex 9.258818626403809 22.41176414489746 9.965927124023438
  endloop
endfacet
facet normal 0.0 0.0 0.0
  outer loop
    vertex 9.258818626403809 22.41176414489746 9.965927124023438
    vertex 9.499999046325684 22.41176414489746 9.86602783203125
    vertex 9.499999046325684 28.02941131591797 9.86602783203125
  endloop
endfacet
facet normal 0.0 0.0 0.0
  outer loop
    vertex 9.258818626403809 22.41176414489746 9.965927124023438
    vertex 9.499999046325684 28.02941131591797 9.86602783203125
    vertex 9.258818626403809 28.02941131591797 9.965927124023438
  endloop
endfacet
facet normal 0.0 0.0 0.0
  outer loop
    vertex 9.258818626403809 28.02941131591797 9.965927124023438
    vertex 9.499999046325684 28.02941131591797 9.86602783203125
    vertex 9.499999046325684 33.647056579589844 9.86602783203125
  endloop
endfacet
facet normal 0.0 0.0 0.0
  outer loop
    vertex 9.258818626403809 44.882354736328125 9.965927124023438
    vertex 8.999999046325684 50.5 10.0
    vertex 9.258818626403809 39.264705657958984 9.965927124023438
  endloop
endfacet
facet normal 0.0 0.0 0.0
  outer loop
    vertex 9.258818626403809 39.264705657958984 9.965927124023438
    vertex 8.999999046325684 50.5 10.0
    vertex 9.258818626403809 33.647056579589844 9.965927124023438
  endloop
endfacet
facet normal 0.0 0.0 0.0
  outer loop
    vertex 9.258818626403809 39.264705657958984 9.965927124023438
    vertex 9.258818626403809 33.647056579589844 9.965927124023438
    vertex 9.499999046325684 39.264705657958984 9.86602783203125
  endloop
endfacet
facet normal 0.0 0.0 0.0
  outer loop
    vertex 9.499999046325684 44.882354736328125 9.86602783203125
    vertex 9.258818626403809 44.882354736328125 9.965927124023438
    vertex 9.258818626403809 39.264705657958984 9.965927124023438
  endloop
endfacet
facet normal 0.0 0.0 0.0
  outer loop
    vertex 9.499999046325684 44.882354736328125 9.86602783203125
    vertex 9.258818626403809 39.264705657958984 9.965927124023438
    vertex 9.499999046325684 39.264705657958984 9.86602783203125
  endloop
endfacet
facet normal 0.0 0.0 0.0
  outer loop
    vertex 9.258818626403809 -33.76470947265625 9.965927124023438
    vertex 9.499999046325684 -33.76470947265625 9.86602783203125
    vertex 9.499999046325684 -28.147056579589844 9.86602783203125
  endloop
endfacet
facet normal 0.0 0.0 0.0
  outer loop
    vertex 9.499999046325684 -28.147056579589844 9.86602783203125
    vertex 9.499999046325684 -33.76470947265625 9.86602783203125
    vertex 9.70710563659668 -28.147056579589844 9.707107543945312
  endloop
endfacet
facet normal 0.0 0.0 0.0
  outer loop
    vertex 9.499999046325684 -28.147056579589844 9.86602783203125
    vertex 9.70710563659668 -28.147056579589844 9.707107543945312
    vertex 9.70710563659668 -22.52941131591797 9.707107543945312
  endloop
endfacet
facet normal 0.0 0.0 0.0
  outer loop
    vertex 9.70710563659668 -22.52941131591797 9.707107543945312
    vertex 9.70710563659668 -28.147056579589844 9.707107543945312
    vertex 9.8660249710083 -22.52941131591797 9.5
  endloop
endfacet
facet normal 0.0 0.0 0.0
  outer loop
    vertex 9.70710563659668 -22.52941131591797 9.707107543945312
    vertex 9.8660249710083 -22.52941131591797 9.5
    vertex 9.8660249710083 -16.911766052246094 9.5
  endloop
endfacet
facet normal 0.0 0.0 0.0
  outer loop
    vertex 9.8660249710083 -16.911766052246094 9.5
    vertex 9.8660249710083 -22.52941131591797 9.5
    vertex 9.965925216674805 -16.911766052246094 9.258819580078125
  endloop
endfacet
facet normal 0.0 0.0 0.0
  outer loop
    vertex 9.8660249710083 -16.911766052246094 9.5
    vertex 9.965925216674805 -16.911766052246094 9.258819580078125
    vertex 9.965925216674805 -11.294116973876953 9.258819580078125
  endloop
endfacet
facet normal 0.0 0.0 0.0
  outer loop
    vertex 9.965925216674805 -11.294116973876953 9.258819580078125
    vertex 9.965925216674805 -16.911766052246094 9.258819580078125
    vertex 9.999999046325684 -45.0 9.0
  endloop
endfacet
facet normal 0.0 0.0 0.0
  outer loop
    vertex 9.70710563659668 -28.147056579589844 9.707107543945312
    vertex 9.499999046325684 -33.76470947265625 9.86602783203125
    vertex 9.70710563659668 -33.76470947265625 9.707107543945312
  endloop
endfacet
facet normal 0.0 0.0 0.0
  outer loop
    vertex 9.499999046325684 -22.52941131591797 9.86602783203125
    vertex 9.70710563659668 -16.911766052246094 9.707107543945312
    vertex 9.499999046325684 -16.911766052246094 9.86602783203125
  endloop
endfacet
facet normal 0.0 0.0 0.0
  outer loop
    vertex 9.499999046325684 -16.911766052246094 9.86602783203125
    vertex 9.70710563659668 -16.911766052246094 9.707107543945312
    vertex 9.70710563659668 -11.294116973876953 9.707107543945312
  endloop
endfacet
facet normal 0.0 0.0 0.0
  outer loop
    vertex 9.499999046325684 -16.911766052246094 9.86602783203125
    vertex 9.70710563659668 -11.294116973876953 9.707107543945312
    vertex 9.499999046325684 -11.294116973876953 9.86602783203125
  endloop
endfacet
facet normal 0.0 0.0 0.0
  outer loop
    vertex 9.499999046325684 -11.294116973876953 9.86602783203125
    vertex 9.70710563659668 -11.294116973876953 9.707107543945312
    vertex 9.70710563659668 -5.676471710205078 9.707107543945312
  endloop
endfacet
facet normal 0.0 0.0 0.0
  outer loop
    vertex 9.70710563659668 5.5588226318359375 9.707107543945312
    vertex 9.499999046325684 5.5588226318359375 9.86602783203125
    vertex 9.499999046325684 -0.0588226318359375 9.86602783203125
  endloop
endfacet
facet normal 0.0 0.0 0.0
  outer loop
    vertex 9.70710563659668 5.5588226318359375 9.707107543945312
    vertex 9.499999046325684 -0.0588226318359375 9.86602783203125
    vertex 9.70710563659668 -0.0588226318359375 9.707107543945312
  endloop
endfacet
facet normal 0.0 0.0 0.0
  outer loop
    vertex 9.70710563659668 -0.0588226318359375 9.707107543945312
    vertex 9.499999046325684 -0.0588226318359375 9.86602783203125
    vertex 9.499999046325684 -5.676471710205078 9.86602783203125
  endloop
endfacet
facet normal 0.0 0.0 0.0
  outer loop
    vertex 9.499999046325684 16.794116973876953 9.86602783203125
    vertex 9.499999046325684 11.176471710205078 9.86602783203125
    vertex 9.70710563659668 16.794116973876953 9.707107543945312
  endloop
endfacet
facet normal 0.0 0.0 0.0
  outer loop
    vertex 9.70710563659668 16.794116973876953 9.707107543945312
    vertex 9.499999046325684 11.176471710205078 9.86602783203125
    vertex 9.70710563659668 11.176471710205078 9.707107543945312
  endloop
endfacet
facet normal 0.0 0.0 0.0
  outer loop
    vertex 9.70710563659668 16.794116973876953 9.707107543945312
    vertex 9.70710563659668 11.176471710205078 9.707107543945312
    vertex 9.8660249710083 16.794116973876953 9.5
  endloop
endfacet
facet normal 0.0 0.0 0.0
  outer loop
    vertex 9.8660249710083 16.794116973876953 9.5
    vertex 9.70710563659668 11.176471710205078 9.707107543945312
    vertex 9.8660249710083 11.176471710205078 9.5
  endloop
endfacet
facet normal 0.0 0.0 0.0
  outer loop
    vertex 9.8660249710083 16.794116973876953 9.5
    vertex 9.8660249710083 11.176471710205078 9.5
    vertex 9.965925216674805 16.794116973876953 9.258819580078125
  endloop
endfacet
facet normal 0.0 0.0 0.0
  outer loop
    vertex 9.965925216674805 16.794116973876953 9.258819580078125
    vertex 9.8660249710083 11.176471710205078 9.5
    vertex 9.965925216674805 11.176471710205078 9.258819580078125
  endloop
endfacet
facet normal 0.0 0.0 0.0
  outer loop
    vertex 9.965925216674805 16.794116973876953 9.258819580078125
    vertex 9.965925216674805 11.176471710205078 9.258819580078125
    vertex 9.999999046325684 50.5 9.0
  endloop
endfacet
facet normal 0.0 0.0 0.0
  outer loop
    vertex 9.499999046325684 22.41176414489746 9.86602783203125
    vertex 9.70710563659668 28.02941131591797 9.707107543945312
    vertex 9.499999046325684 28.02941131591797 9.86602783203125
  endloop
endfacet
facet normal 0.0 0.0 0.0
  outer loop
    vertex 9.499999046325684 28.02941131591797 9.86602783203125
    vertex 9.70710563659668 28.02941131591797 9.707107543945312
    vertex 9.70710563659668 33.647056579589844 9.707107543945312
  endloop
endfacet
facet normal 0.0 0.0 0.0
  outer loop
    vertex 9.499999046325684 28.02941131591797 9.86602783203125
    vertex 9.70710563659668 33.647056579589844 9.707107543945312
    vertex 9.499999046325684 33.647056579589844 9.86602783203125
  endloop
endfacet
facet normal 0.0 0.0 0.0
  outer loop
    vertex 9.499999046325684 33.647056579589844 9.86602783203125
    vertex 9.70710563659668 33.647056579589844 9.707107543945312
    vertex 9.70710563659668 39.264705657958984 9.707107543945312
  endloop
endfacet
facet normal 0.0 0.0 0.0
  outer loop
    vertex 9.70710563659668 44.882354736328125 9.707107543945312
    vertex 9.499999046325684 44.882354736328125 9.86602783203125
    vertex 9.499999046325684 39.264705657958984 9.86602783203125
  endloop
endfacet
facet normal 0.0 0.0 0.0
  outer loop
    vertex 9.70710563659668 -28.147056579589844 9.707107543945312
    vertex 9.70710563659668 -33.76470947265625 9.707107543945312
    vertex 9.8660249710083 -28.147056579589844 9.5
  endloop
endfacet
facet normal 0.0 0.0 0.0
  outer loop
    vertex 9.8660249710083 -28.147056579589844 9.5
    vertex 9.70710563659668 -33.76470947265625 9.707107543945312
    vertex 9.8660249710083 -33.76470947265625 9.5
  endloop
endfacet
facet normal 0.0 0.0 0.0
  outer loop
    vertex 9.8660249710083 -28.147056579589844 9.5
    vertex 9.8660249710083 -33.76470947265625 9.5
    vertex 9.965925216674805 -28.147056579589844 9.258819580078125
  endloop
endfacet
facet normal 0.0 0.0 0.0
  outer loop
    vertex 9.965925216674805 -28.147056579589844 9.258819580078125
    vertex 9.8660249710083 -33.76470947265625 9.5
    vertex 9.965925216674805 -33.76470947265625 9.258819580078125
  endloop
endfacet
facet normal 0.0 0.0 0.0
  outer loop
    vertex 9.965925216674805 -28.147056579589844 9.258819580078125
    vertex 9.965925216674805 -33.76470947265625 9.258819580078125
    vertex 9.999999046325684 -45.0 9.0
  endloop
endfacet
facet normal 0.0 0.0 0.0
  outer loop
    vertex 9.70710563659668 -16.911766052246094 9.707107543945312
    vertex 9.8660249710083 -11.294116973876953 9.5
    vertex 9.70710563659668 -11.294116973876953 9.707107543945312
  endloop
endfacet
facet normal 0.0 0.0 0.0
  outer loop
    vertex 9.70710563659668 -11.294116973876953 9.707107543945312
    vertex 9.8660249710083 -11.294116973876953 9.5
    vertex 9.8660249710083 -5.676471710205078 9.5
  endloop
endfacet
facet normal 0.0 0.0 0.0
  outer loop
    vertex 9.70710563659668 -11.294116973876953 9.707107543945312
    vertex 9.8660249710083 -5.676471710205078 9.5
    vertex 9.70710563659668 -5.676471710205078 9.707107543945312
  endloop
endfacet
facet normal 0.0 0.0 0.0
  outer loop
    vertex 9.70710563659668 -5.676471710205078 9.707107543945312
    vertex 9.8660249710083 -5.676471710205078 9.5
    vertex 9.8660249710083 -0.0588226318359375 9.5
  endloop
endfacet
facet normal 0.0 0.0 0.0
  outer loop
    vertex 9.8660249710083 5.5588226318359375 9.5
    vertex 9.70710563659668 5.5588226318359375 9.707107543945312
    vertex 9.70710563659668 -0.0588226318359375 9.707107543945312
  endloop
endfacet
facet normal 0.0 0.0 0.0
  outer loop
    vertex 9.499999046325684 16.794116973876953 9.86602783203125
    vertex 9.70710563659668 16.794116973876953 9.707107543945312
    vertex 9.70710563659668 22.41176414489746 9.707107543945312
  endloop
endfacet
facet normal 0.0 0.0 0.0
  outer loop
    vertex 9.70710563659668 22.41176414489746 9.707107543945312
    vertex 9.70710563659668 16.794116973876953 9.707107543945312
    vertex 9.8660249710083 22.41176414489746 9.5
  endloop
endfacet
facet normal 0.0 0.0 0.0
  outer loop
    vertex 9.70710563659668 22.41176414489746 9.707107543945312
    vertex 9.8660249710083 22.41176414489746 9.5
    vertex 9.8660249710083 28.02941131591797 9.5
  endloop
endfacet
facet normal 0.0 0.0 0.0
  outer loop
    vertex 9.8660249710083 28.02941131591797 9.5
    vertex 9.8660249710083 22.41176414489746 9.5
    vertex 9.965925216674805 28.02941131591797 9.258819580078125
  endloop
endfacet
facet normal 0.0 0.0 0.0
  outer loop
    vertex 9.8660249710083 28.02941131591797 9.5
    vertex 9.965925216674805 28.02941131591797 9.258819580078125
    vertex 9.965925216674805 33.647056579589844 9.258819580078125
  endloop
endfacet
facet normal 0.0 0.0 0.0
  outer loop
    vertex 9.965925216674805 33.647056579589844 9.258819580078125
    vertex 9.965925216674805 28.02941131591797 9.258819580078125
    vertex 9.999999046325684 50.5 9.0
  endloop
endfacet
facet normal 0.0 0.0 0.0
  outer loop
    vertex 9.8660249710083 22.41176414489746 9.5
    vertex 9.70710563659668 16.794116973876953 9.707107543945312
    vertex 9.8660249710083 16.794116973876953 9.5
  endloop
endfacet
facet normal 0.0 0.0 0.0
  outer loop
    vertex 9.70710563659668 28.02941131591797 9.707107543945312
    vertex 9.8660249710083 33.647056579589844 9.5
    vertex 9.70710563659668 33.647056579589844 9.707107543945312
  endloop
endfacet
facet normal 0.0 0.0 0.0
  outer loop
    vertex 9.70710563659668 33.647056579589844 9.707107543945312
    vertex 9.8660249710083 33.647056579589844 9.5
    vertex 9.8660249710083 39.264705657958984 9.5
  endloop
endfacet
facet normal 0.0 0.0 0.0
  outer loop
    vertex 9.70710563659668 33.647056579589844 9.707107543945312
    vertex 9.8660249710083 39.264705657958984 9.5
    vertex 9.70710563659668 39.264705657958984 9.707107543945312
  endloop
endfacet
facet normal 0.0 0.0 0.0
  outer loop
    vertex 9.70710563659668 39.264705657958984 9.707107543945312
    vertex 9.8660249710083 39.264705657958984 9.5
    vertex 9.8660249710083 44.882354736328125 9.5
  endloop
endfacet
facet normal 0.0 0.0 0.0
  outer loop
    vertex 9.70710563659668 -28.147056579589844 9.707107543945312
    vertex 9.8660249710083 -28.147056579589844 9.5
    vertex 9.8660249710083 -22.52941131591797 9.5
  endloop
endfacet
facet normal 0.0 0.0 0.0
  outer loop
    vertex 9.8660249710083 -22.52941131591797 9.5
    vertex 9.8660249710083 -28.147056579589844 9.5
    vertex 9.965925216674805 -22.52941131591797 9.258819580078125
  endloop
endfacet
facet normal 0.0 0.0 0.0
  outer loop
    vertex 9.8660249710083 -22.52941131591797 9.5
    vertex 9.965925216674805 -22.52941131591797 9.258819580078125
    vertex 9.965925216674805 -16.911766052246094 9.258819580078125
  endloop
endfacet
facet normal 0.0 0.0 0.0
  outer loop
    vertex 9.965925216674805 -16.911766052246094 9.258819580078125
    vertex 9.965925216674805 -22.52941131591797 9.258819580078125
    vertex 9.999999046325684 -45.0 9.0
  endloop
endfacet
facet normal 0.0 0.0 0.0
  outer loop
    vertex 9.965925216674805 -22.52941131591797 9.258819580078125
    vertex 9.8660249710083 -28.147056579589844 9.5
    vertex 9.965925216674805 -28.147056579589844 9.258819580078125
  endloop
endfacet
facet normal 0.0 0.0 0.0
  outer loop
    vertex 9.8660249710083 -11.294116973876953 9.5
    vertex 9.965925216674805 -5.676471710205078 9.258819580078125
    vertex 9.8660249710083 -5.676471710205078 9.5
  endloop
endfacet
facet normal 0.0 0.0 0.0
  outer loop
    vertex 9.8660249710083 -5.676471710205078 9.5
    vertex 9.965925216674805 -5.676471710205078 9.258819580078125
    vertex 9.965925216674805 -0.0588226318359375 9.258819580078125
  endloop
endfacet
facet normal 0.0 0.0 0.0
  outer loop
    vertex 9.8660249710083 -5.676471710205078 9.5
    vertex 9.965925216674805 -0.0588226318359375 9.258819580078125
    vertex 9.8660249710083 -0.0588226318359375 9.5
  endloop
endfacet
facet normal 0.0 0.0 0.0
  outer loop
    vertex 9.8660249710083 -0.0588226318359375 9.5
    vertex 9.965925216674805 -0.0588226318359375 9.258819580078125
    vertex 9.965925216674805 5.5588226318359375 9.258819580078125
  endloop
endfacet
facet normal 0.0 0.0 0.0
  outer loop
    vertex 9.8660249710083 22.41176414489746 9.5
    vertex 9.8660249710083 16.794116973876953 9.5
    vertex 9.965925216674805 22.41176414489746 9.258819580078125
  endloop
endfacet
facet normal 0.0 0.0 0.0
  outer loop
    vertex 9.965925216674805 22.41176414489746 9.258819580078125
    vertex 9.8660249710083 16.794116973876953 9.5
    vertex 9.965925216674805 16.794116973876953 9.258819580078125
  endloop
endfacet
facet normal 0.0 0.0 0.0
  outer loop
    vertex 9.965925216674805 22.41176414489746 9.258819580078125
    vertex 9.965925216674805 16.794116973876953 9.258819580078125
    vertex 9.999999046325684 50.5 9.0
  endloop
endfacet
facet normal 0.0 0.0 0.0
  outer loop
    vertex 9.965925216674805 44.882354736328125 9.258819580078125
    vertex 9.8660249710083 44.882354736328125 9.5
    vertex 9.8660249710083 39.264705657958984 9.5
  endloop
endfacet
facet normal 0.0 0.0 0.0
  outer loop
    vertex 9.965925216674805 44.882354736328125 9.258819580078125
    vertex 9.8660249710083 39.264705657958984 9.5
    vertex 9.965925216674805 39.264705657958984 9.258819580078125
  endloop
endfacet
facet normal 0.0 0.0 0.0
  outer loop
    vertex 9.965925216674805 39.264705657958984 9.258819580078125
    vertex 9.8660249710083 39.264705657958984 9.5
    vertex 9.8660249710083 33.647056579589844 9.5
  endloop
endfacet
facet normal 0.0 0.0 0.0
  outer loop
    vertex 9.999999046325684 -45.0 9.0
    vertex 9.965925216674805 -22.52941131591797 9.258819580078125
    vertex 9.965925216674805 -28.147056579589844 9.258819580078125
  endloop
endfacet
facet normal 0.0 0.0 0.0
  outer loop
    vertex 9.999999046325684 50.5 9.0
    vertex 9.965925216674805 28.02941131591797 9.258819580078125
    vertex 9.965925216674805 22.41176414489746 9.258819580078125
  endloop
endfacet
facet normal 0.0 0.0 0.0
  outer loop
    vertex 9.965925216674805 22.41176414489746 9.258819580078125
    vertex 9.965925216674805 28.02941131591797 9.258819580078125
    vertex 9.8660249710083 22.41176414489746 9.5
  endloop
endfacet
facet normal 0.0 0.0 0.0
  outer loop
    vertex 10.016852378845215 -45.34306335449219 9.02166748046875
    vertex 9.999999046325684 -45.0 9.0
    vertex 9.994922637939453 -45.317047119140625 9.214897155761719
  endloop
endfacet
facet normal 0.0 0.0 0.0
  outer loop
    vertex 9.994922637939453 -45.317047119140625 9.214897155761719
    vertex 9.999999046325684 -45.0 9.0
    vertex 9.965925216674805 -45.0 9.258819580078125
  endloop
endfacet
facet normal 0.0 0.0 0.0
  outer loop
    vertex 9.994922637939453 -45.317047119140625 9.214897155761719
    vertex 9.965925216674805 -45.0 9.258819580078125
    vertex 9.93649959564209 -45.30509948730469 9.401611328125
  endloop
endfacet
facet normal 0.0 0.0 0.0
  outer loop
    vertex 9.93649959564209 -45.30509948730469 9.401611328125
    vertex 9.965925216674805 -45.0 9.258819580078125
    vertex 9.8660249710083 -45.0 9.5
  endloop
endfacet
facet normal 0.0 0.0 0.0
  outer loop
    vertex 9.93649959564209 -45.30509948730469 9.401611328125
    vertex 9.8660249710083 -45.0 9.5
    vertex 9.879497528076172 -45.29979705810547 9.515609741210938
  endloop
endfacet
facet normal 0.0 0.0 0.0
  outer loop
    vertex 9.879497528076172 -45.29979705810547 9.515609741210938
    vertex 9.8660249710083 -45.0 9.5
    vertex 9.769773483276367 -45.29576873779297 9.668609619140625
  endloop
endfacet
facet normal 0.0 0.0 0.0
  outer loop
    vertex 9.879497528076172 -45.29979705810547 9.515609741210938
    vertex 9.769773483276367 -45.29576873779297 9.668609619140625
    vertex 9.920491218566895 -45.600364685058594 9.562820434570312
  endloop
endfacet
facet normal 0.0 0.0 0.0
  outer loop
    vertex 9.920491218566895 -45.600364685058594 9.562820434570312
    vertex 9.769773483276367 -45.29576873779297 9.668609619140625
    vertex 9.811673164367676 -45.592796325683594 9.7122802734375
  endloop
endfacet
facet normal 0.0 0.0 0.0
  outer loop
    vertex 9.920491218566895 -45.600364685058594 9.562820434570312
    vertex 9.811673164367676 -45.592796325683594 9.7122802734375
    vertex 9.989855766296387 -45.900115966796875 9.642181396484375
  endloop
endfacet
facet normal 0.0 0.0 0.0
  outer loop
    vertex 9.989855766296387 -45.900115966796875 9.642181396484375
    vertex 9.811673164367676 -45.592796325683594 9.7122802734375
    vertex 9.882671356201172 -45.889625549316406 9.786109924316406
  endloop
endfacet
facet normal 0.0 0.0 0.0
  outer loop
    vertex 9.989855766296387 -45.900115966796875 9.642181396484375
    vertex 9.882671356201172 -45.889625549316406 9.786109924316406
    vertex 10.088438034057617 -46.197425842285156 9.754264831542969
  endloop
endfacet
facet normal 0.0 0.0 0.0
  outer loop
    vertex 10.088438034057617 -46.197425842285156 9.754264831542969
    vertex 9.882671356201172 -45.889625549316406 9.786109924316406
    vertex 9.983720779418945 -46.184814453125 9.890975952148438
  endloop
endfacet
facet normal 0.0 0.0 0.0
  outer loop
    vertex 10.088438034057617 -46.197425842285156 9.754264831542969
    vertex 9.983720779418945 -46.184814453125 9.890975952148438
    vertex 10.217087745666504 -46.490699768066406 9.899612426757812
  endloop
endfacet
facet normal 0.0 0.0 0.0
  outer loop
    vertex 10.217087745666504 -46.490699768066406 9.899612426757812
    vertex 9.983720779418945 -46.184814453125 9.890975952148438
    vertex 10.11577033996582 -46.476898193359375 10.027740478515625
  endloop
endfacet
facet normal 0.0 0.0 0.0
  outer loop
    vertex 10.217087745666504 -46.490699768066406 9.899612426757812
    vertex 10.11577033996582 -46.476898193359375 10.027740478515625
    vertex 10.376636505126953 -46.77813720703125 10.078765869140625
  endloop
endfacet
facet normal 0.0 0.0 0.0
  outer loop
    vertex 10.376636505126953 -46.77813720703125 10.078765869140625
    vertex 10.11577033996582 -46.476898193359375 10.027740478515625
    vertex 10.279754638671875 -46.76423645019531 10.197242736816406
  endloop
endfacet
facet normal 0.0 0.0 0.0
  outer loop
    vertex 10.376636505126953 -46.77813720703125 10.078765869140625
    vertex 10.279754638671875 -46.76423645019531 10.197242736816406
    vertex 10.567008972167969 -47.05541229248047 10.291221618652344
  endloop
endfacet
facet normal 0.0 0.0 0.0
  outer loop
    vertex 10.567008972167969 -47.05541229248047 10.291221618652344
    vertex 10.279754638671875 -46.76423645019531 10.197242736816406
    vertex 10.475639343261719 -47.04225158691406 10.399322509765625
  endloop
endfacet
facet normal 0.0 0.0 0.0
  outer loop
    vertex 10.567008972167969 -47.05541229248047 10.291221618652344
    vertex 10.475639343261719 -47.04225158691406 10.399322509765625
    vertex 10.786818504333496 -47.31818389892578 10.535232543945312
  endloop
endfacet
facet normal 0.0 0.0 0.0
  outer loop
    vertex 10.786818504333496 -47.31818389892578 10.535232543945312
    vertex 10.475639343261719 -47.04225158691406 10.399322509765625
    vertex 10.701994895935059 -47.306365966796875 10.6324462890625
  endloop
endfacet
facet normal 0.0 0.0 0.0
  outer loop
    vertex 10.786818504333496 -47.31818389892578 10.535232543945312
    vertex 10.701994895935059 -47.306365966796875 10.6324462890625
    vertex 11.08165168762207 -47.60393524169922 10.860862731933594
  endloop
endfacet
facet normal 0.0 0.0 0.0
  outer loop
    vertex 11.08165168762207 -47.60393524169922 10.860862731933594
    vertex 10.701994895935059 -47.306365966796875 10.6324462890625
    vertex 11.005803108215332 -47.59419250488281 10.944839477539062
  endloop
endfacet
facet normal 0.0 0.0 0.0
  outer loop
    vertex 11.08165168762207 -47.60393524169922 10.860862731933594
    vertex 11.005803108215332 -47.59419250488281 10.944839477539062
    vertex 11.412227630615234 -47.857810974121094 11.224220275878906
  endloop
endfacet
facet normal 0.0 0.0 0.0
  outer loop
    vertex 11.412227630615234 -47.857810974121094 11.224220275878906
    vertex 11.005803108215332 -47.59419250488281 10.944839477539062
    vertex 11.346606254577637 -47.850379943847656 11.294746398925781
  endloop
endfacet
facet normal 0.0 0.0 0.0
  outer loop
    vertex 11.412227630615234 -47.857810974121094 11.224220275878906
    vertex 11.346606254577637 -47.850379943847656 11.294746398925781
    vertex 11.886324882507324 -48.131675720214844 11.743163108825684
  endloop
endfacet
facet normal 0.0 0.0 0.0
  outer loop
    vertex 11.886324882507324 -48.131675720214844 11.743163108825684
    vertex 11.346606254577637 -47.850379943847656 11.294746398925781
    vertex 11.835521697998047 -48.127166748046875 11.796080589294434
  endloop
endfacet
facet normal 0.0 0.0 0.0
  outer loop
    vertex 11.886324882507324 -48.131675720214844 11.743163108825684
    vertex 11.835521697998047 -48.127166748046875 11.796080589294434
    vertex 12.400999069213867 -48.33399963378906 12.304572105407715
  endloop
endfacet
facet normal 0.0 0.0 0.0
  outer loop
    vertex 12.400999069213867 -48.33399963378906 12.304572105407715
    vertex 11.835521697998047 -48.127166748046875 11.796080589294434
    vertex 12.366372108459473 -48.33189392089844 12.339827537536621
  endloop
endfacet
facet normal 0.0 0.0 0.0
  outer loop
    vertex 12.400999069213867 -48.33399963378906 12.304572105407715
    vertex 12.366372108459473 -48.33189392089844 12.339827537536621
    vertex 12.94349193572998 -48.45794677734375 12.894980430603027
  endloop
endfacet
facet normal 0.0 0.0 0.0
  outer loop
    vertex 12.94349193572998 -48.45794677734375 12.894980430603027
    vertex 12.366372108459473 -48.33189392089844 12.339827537536621
    vertex 12.925951957702637 -48.4573974609375 12.912604331970215
  endloop
endfacet
facet normal 0.0 0.0 0.0
  outer loop
    vertex 12.94349193572998 -48.45794677734375 12.894980430603027
    vertex 12.925951957702637 -48.4573974609375 12.912604331970215
    vertex 13.499998092651367 -48.5 13.499999046325684
  endloop
endfacet
facet normal 0.0 0.0 0.0
  outer loop
    vertex 9.8660249710083 -45.0 9.5
    vertex 9.70710563659668 -45.0 9.707107543945312
    vertex 9.769773483276367 -45.29576873779297 9.668609619140625
  endloop
endfacet
facet normal 0.0 0.0 0.0
  outer loop
    vertex 9.769773483276367 -45.29576873779297 9.668609619140625
    vertex 9.70710563659668 -45.0 9.707107543945312
    vertex 9.633618354797363 -45.29631805419922 9.798835754394531
  endloop
endfacet
facet normal 0.0 0.0 0.0
  outer loop
    vertex 9.769773483276367 -45.29576873779297 9.668609619140625
    vertex 9.633618354797363 -45.29631805419922 9.798835754394531
    vertex 9.811673164367676 -45.592796325683594 9.7122802734375
  endloop
endfacet
facet normal 0.0 0.0 0.0
  outer loop
    vertex 9.811673164367676 -45.592796325683594 9.7122802734375
    vertex 9.633618354797363 -45.29631805419922 9.798835754394531
    vertex 9.678020477294922 -45.593833923339844 9.840362548828125
  endloop
endfacet
facet normal 0.0 0.0 0.0
  outer loop
    vertex 9.811673164367676 -45.592796325683594 9.7122802734375
    vertex 9.678020477294922 -45.593833923339844 9.840362548828125
    vertex 9.882671356201172 -45.889625549316406 9.786109924316406
  endloop
endfacet
facet normal 0.0 0.0 0.0
  outer loop
    vertex 9.882671356201172 -45.889625549316406 9.786109924316406
    vertex 9.678020477294922 -45.593833923339844 9.840362548828125
    vertex 9.753013610839844 -45.89106750488281 9.910736083984375
  endloop
endfacet
facet normal 0.0 0.0 0.0
  outer loop
    vertex 9.882671356201172 -45.889625549316406 9.786109924316406
    vertex 9.753013610839844 -45.89106750488281 9.910736083984375
    vertex 9.983720779418945 -46.184814453125 9.890975952148438
  endloop
endfacet
facet normal 0.0 0.0 0.0
  outer loop
    vertex 9.983720779418945 -46.184814453125 9.890975952148438
    vertex 9.753013610839844 -45.89106750488281 9.910736083984375
    vertex 9.859406471252441 -46.186546325683594 10.010902404785156
  endloop
endfacet
facet normal 0.0 0.0 0.0
  outer loop
    vertex 9.983720779418945 -46.184814453125 9.890975952148438
    vertex 9.859406471252441 -46.186546325683594 10.010902404785156
    vertex 10.11577033996582 -46.476898193359375 10.027740478515625
  endloop
endfacet
facet normal 0.0 0.0 0.0
  outer loop
    vertex 10.11577033996582 -46.476898193359375 10.027740478515625
    vertex 9.859406471252441 -46.186546325683594 10.010902404785156
    vertex 9.99800968170166 -46.478790283203125 10.141830444335938
  endloop
endfacet
facet normal 0.0 0.0 0.0
  outer loop
    vertex 10.11577033996582 -46.476898193359375 10.027740478515625
    vertex 9.99800968170166 -46.478790283203125 10.141830444335938
    vertex 10.279754638671875 -46.76423645019531 10.197242736816406
  endloop
endfacet
facet normal 0.0 0.0 0.0
  outer loop
    vertex 10.279754638671875 -46.76423645019531 10.197242736816406
    vertex 9.99800968170166 -46.478790283203125 10.141830444335938
    vertex 10.16960620880127 -46.766143798828125 10.304428100585938
  endloop
endfacet
facet normal 0.0 0.0 0.0
  outer loop
    vertex 10.279754638671875 -46.76423645019531 10.197242736816406
    vertex 10.16960620880127 -46.766143798828125 10.304428100585938
    vertex 10.475639343261719 -47.04225158691406 10.399322509765625
  endloop
endfacet
facet normal 0.0 0.0 0.0
  outer loop
    vertex 10.475639343261719 -47.04225158691406 10.399322509765625
    vertex 10.16960620880127 -46.766143798828125 10.304428100585938
    vertex 10.373974800109863 -47.04405975341797 10.498695373535156
  endloop
endfacet
facet normal 0.0 0.0 0.0
  outer loop
    vertex 10.475639343261719 -47.04225158691406 10.399322509765625
    vertex 10.373974800109863 -47.04405975341797 10.498695373535156
    vertex 10.701994895935059 -47.306365966796875 10.6324462890625
  endloop
endfacet
facet normal 0.0 0.0 0.0
  outer loop
    vertex 10.701994895935059 -47.306365966796875 10.6324462890625
    vertex 10.373974800109863 -47.04405975341797 10.498695373535156
    vertex 10.609536170959473 -47.30799102783203 10.72320556640625
  endloop
endfacet
facet normal 0.0 0.0 0.0
  outer loop
    vertex 10.701994895935059 -47.306365966796875 10.6324462890625
    vertex 10.609536170959473 -47.30799102783203 10.72320556640625
    vertex 11.005803108215332 -47.59419250488281 10.944839477539062
  endloop
endfacet
facet normal 0.0 0.0 0.0
  outer loop
    vertex 11.005803108215332 -47.59419250488281 10.944839477539062
    vertex 10.609536170959473 -47.30799102783203 10.72320556640625
    vertex 10.92493724822998 -47.59552764892578 11.024589538574219
  endloop
endfacet
facet normal 0.0 0.0 0.0
  outer loop
    vertex 11.005803108215332 -47.59419250488281 10.944839477539062
    vertex 10.92493724822998 -47.59552764892578 11.024589538574219
    vertex 11.346606254577637 -47.850379943847656 11.294746398925781
  endloop
endfacet
facet normal 0.0 0.0 0.0
  outer loop
    vertex 11.346606254577637 -47.850379943847656 11.294746398925781
    vertex 10.92493724822998 -47.59552764892578 11.024589538574219
    vertex 11.27795124053955 -47.851402282714844 11.36273193359375
  endloop
endfacet
facet normal 0.0 0.0 0.0
  outer loop
    vertex 11.346606254577637 -47.850379943847656 11.294746398925781
    vertex 11.27795124053955 -47.851402282714844 11.36273193359375
    vertex 11.835521697998047 -48.127166748046875 11.796080589294434
  endloop
endfacet
facet normal 0.0 0.0 0.0
  outer loop
    vertex 11.835521697998047 -48.127166748046875 11.796080589294434
    vertex 11.27795124053955 -47.851402282714844 11.36273193359375
    vertex 11.783411026000977 -48.127784729003906 11.847899436950684
  endloop
endfacet
facet normal 0.0 0.0 0.0
  outer loop
    vertex 11.835521697998047 -48.127166748046875 11.796080589294434
    vertex 11.783411026000977 -48.127784729003906 11.847899436950684
    vertex 12.366372108459473 -48.33189392089844 12.339827537536621
  endloop
endfacet
facet normal 0.0 0.0 0.0
  outer loop
    vertex 12.366372108459473 -48.33189392089844 12.339827537536621
    vertex 11.783411026000977 -48.127784729003906 11.847899436950684
    vertex 12.331353187561035 -48.332183837890625 12.374762535095215
  endloop
endfacet
facet normal 0.0 0.0 0.0
  outer loop
    vertex 12.366372108459473 -48.33189392089844 12.339827537536621
    vertex 12.331353187561035 -48.332183837890625 12.374762535095215
    vertex 12.925951957702637 -48.4573974609375 12.912604331970215
  endloop
endfacet
facet normal 0.0 0.0 0.0
  outer loop
    vertex 12.925951957702637 -48.4573974609375 12.912604331970215
    vertex 12.331353187561035 -48.332183837890625 12.374762535095215
    vertex 12.908360481262207 -48.45747375488281 12.930190086364746
  endloop
endfacet
facet normal 0.0 0.0 0.0
  outer loop
    vertex 12.925951957702637 -48.4573974609375 12.912604331970215
    vertex 12.908360481262207 -48.45747375488281 12.930190086364746
    vertex 13.499998092651367 -48.5 13.499999046325684
  endloop
endfacet
facet normal 0.0 0.0 0.0
  outer loop
    vertex 9.70710563659668 -45.0 9.707107543945312
    vertex 9.499999046325684 -45.0 9.86602783203125
    vertex 9.633618354797363 -45.29631805419922 9.798835754394531
  endloop
endfacet
facet normal 0.0 0.0 0.0
  outer loop
    vertex 9.633618354797363 -45.29631805419922 9.798835754394531
    vertex 9.499999046325684 -45.0 9.86602783203125
    vertex 9.475846290588379 -45.30145263671875 9.901473999023438
  endloop
endfacet
facet normal 0.0 0.0 0.0
  outer loop
    vertex 9.633618354797363 -45.29631805419922 9.798835754394531
    vertex 9.475846290588379 -45.30145263671875 9.901473999023438
    vertex 9.678020477294922 -45.593833923339844 9.840362548828125
  endloop
endfacet
facet normal 0.0 0.0 0.0
  outer loop
    vertex 9.678020477294922 -45.593833923339844 9.840362548828125
    vertex 9.475846290588379 -45.30145263671875 9.901473999023438
    vertex 9.524090766906738 -45.603485107421875 9.942512512207031
  endloop
endfacet
facet normal 0.0 0.0 0.0
  outer loop
    vertex 9.678020477294922 -45.593833923339844 9.840362548828125
    vertex 9.524090766906738 -45.603485107421875 9.942512512207031
    vertex 9.753013610839844 -45.89106750488281 9.910736083984375
  endloop
endfacet
facet normal 0.0 0.0 0.0
  outer loop
    vertex 9.753013610839844 -45.89106750488281 9.910736083984375
    vertex 9.524090766906738 -45.603485107421875 9.942512512207031
    vertex 9.605055809020996 -45.90442657470703 10.011878967285156
  endloop
endfacet
facet normal 0.0 0.0 0.0
  outer loop
    vertex 9.753013610839844 -45.89106750488281 9.910736083984375
    vertex 9.605055809020996 -45.90442657470703 10.011878967285156
    vertex 9.859406471252441 -46.186546325683594 10.010902404785156
  endloop
endfacet
facet normal 0.0 0.0 0.0
  outer loop
    vertex 9.859406471252441 -46.186546325683594 10.010902404785156
    vertex 9.605055809020996 -45.90442657470703 10.011878967285156
    vertex 9.719195365905762 -46.202613830566406 10.1103515625
  endloop
endfacet
facet normal 0.0 0.0 0.0
  outer loop
    vertex 9.859406471252441 -46.186546325683594 10.010902404785156
    vertex 9.719195365905762 -46.202613830566406 10.1103515625
    vertex 9.99800968170166 -46.478790283203125 10.141830444335938
  endloop
endfacet
facet normal 0.0 0.0 0.0
  outer loop
    vertex 9.99800968170166 -46.478790283203125 10.141830444335938
    vertex 9.719195365905762 -46.202613830566406 10.1103515625
    vertex 9.866966247558594 -46.496368408203125 10.23870849609375
  endloop
endfacet
facet normal 0.0 0.0 0.0
  outer loop
    vertex 9.99800968170166 -46.478790283203125 10.141830444335938
    vertex 9.866966247558594 -46.496368408203125 10.23870849609375
    vertex 10.16960620880127 -46.766143798828125 10.304428100585938
  endloop
endfacet
facet normal 0.0 0.0 0.0
  outer loop
    vertex 10.16960620880127 -46.766143798828125 10.304428100585938
    vertex 9.866966247558594 -46.496368408203125 10.23870849609375
    vertex 10.048792839050293 -46.78385925292969 10.397727966308594
  endloop
endfacet
facet normal 0.0 0.0 0.0
  outer loop
    vertex 10.16960620880127 -46.766143798828125 10.304428100585938
    vertex 10.048792839050293 -46.78385925292969 10.397727966308594
    vertex 10.373974800109863 -47.04405975341797 10.498695373535156
  endloop
endfacet
facet normal 0.0 0.0 0.0
  outer loop
    vertex 10.373974800109863 -47.04405975341797 10.498695373535156
    vertex 10.048792839050293 -46.78385925292969 10.397727966308594
    vertex 10.26407241821289 -47.060829162597656 10.587272644042969
  endloop
endfacet
facet normal 0.0 0.0 0.0
  outer loop
    vertex 10.373974800109863 -47.04405975341797 10.498695373535156
    vertex 10.26407241821289 -47.060829162597656 10.587272644042969
    vertex 10.609536170959473 -47.30799102783203 10.72320556640625
  endloop
endfacet
facet normal 0.0 0.0 0.0
  outer loop
    vertex 10.609536170959473 -47.30799102783203 10.72320556640625
    vertex 10.26407241821289 -47.060829162597656 10.587272644042969
    vertex 10.510994911193848 -47.32304382324219 10.805961608886719
  endloop
endfacet
facet normal 0.0 0.0 0.0
  outer loop
    vertex 10.609536170959473 -47.30799102783203 10.72320556640625
    vertex 10.510994911193848 -47.32304382324219 10.805961608886719
    vertex 10.92493724822998 -47.59552764892578 11.024589538574219
  endloop
endfacet
facet normal 0.0 0.0 0.0
  outer loop
    vertex 10.92493724822998 -47.59552764892578 11.024589538574219
    vertex 10.510994911193848 -47.32304382324219 10.805961608886719
    vertex 10.840095520019531 -47.607940673828125 11.099074363708496
  endloop
endfacet
facet normal 0.0 0.0 0.0
  outer loop
    vertex 10.92493724822998 -47.59552764892578 11.024589538574219
    vertex 10.840095520019531 -47.607940673828125 11.099074363708496
    vertex 11.27795124053955 -47.851402282714844 11.36273193359375
  endloop
endfacet
facet normal 0.0 0.0 0.0
  outer loop
    vertex 11.27795124053955 -47.851402282714844 11.36273193359375
    vertex 10.840095520019531 -47.607940673828125 11.099074363708496
    vertex 11.206904411315918 -47.860870361328125 11.427528381347656
  endloop
endfacet
facet normal 0.0 0.0 0.0
  outer loop
    vertex 11.27795124053955 -47.851402282714844 11.36273193359375
    vertex 11.206904411315918 -47.860870361328125 11.427528381347656
    vertex 11.783411026000977 -48.127784729003906 11.847899436950684
  endloop
endfacet
facet normal 0.0 0.0 0.0
  outer loop
    vertex 11.783411026000977 -48.127784729003906 11.847899436950684
    vertex 11.206904411315918 -47.860870361328125 11.427528381347656
    vertex 11.730274200439453 -48.13352966308594 11.898344993591309
  endloop
endfacet
facet normal 0.0 0.0 0.0
  outer loop
    vertex 11.783411026000977 -48.127784729003906 11.847899436950684
    vertex 11.730274200439453 -48.13352966308594 11.898344993591309
    vertex 12.331353187561035 -48.332183837890625 12.374762535095215
  endloop
endfacet
facet normal 0.0 0.0 0.0
  outer loop
    vertex 12.331353187561035 -48.332183837890625 12.374762535095215
    vertex 11.730274200439453 -48.13352966308594 11.898344993591309
    vertex 12.296028137207031 -48.334869384765625 12.40927791595459
  endloop
endfacet
facet normal 0.0 0.0 0.0
  outer loop
    vertex 12.331353187561035 -48.332183837890625 12.374762535095215
    vertex 12.296028137207031 -48.334869384765625 12.40927791595459
    vertex 12.908360481262207 -48.45747375488281 12.930190086364746
  endloop
endfacet
facet normal 0.0 0.0 0.0
  outer loop
    vertex 12.908360481262207 -48.45747375488281 12.930190086364746
    vertex 12.296028137207031 -48.334869384765625 12.40927791595459
    vertex 12.890728950500488 -48.45817565917969 12.947714805603027
  endloop
endfacet
facet normal 0.0 0.0 0.0
  outer loop
    vertex 12.908360481262207 -48.45747375488281 12.930190086364746
    vertex 12.890728950500488 -48.45817565917969 12.947714805603027
    vertex 13.499998092651367 -48.5 13.499999046325684
  endloop
endfacet
facet normal 0.0 0.0 0.0
  outer loop
    vertex 9.499999046325684 -45.0 9.86602783203125
    vertex 9.258818626403809 -45.0 9.965927124023438
    vertex 9.475846290588379 -45.30145263671875 9.901473999023438
  endloop
endfacet
facet normal 0.0 0.0 0.0
  outer loop
    vertex 9.475846290588379 -45.30145263671875 9.901473999023438
    vertex 9.258818626403809 -45.0 9.965927124023438
    vertex 9.30178451538086 -45.31102752685547 9.97265625
  endloop
endfacet
facet normal 0.0 0.0 0.0
  outer loop
    vertex 9.475846290588379 -45.30145263671875 9.901473999023438
    vertex 9.30178451538086 -45.31102752685547 9.97265625
    vertex 9.524090766906738 -45.603485107421875 9.942512512207031
  endloop
endfacet
facet normal 0.0 0.0 0.0
  outer loop
    vertex 9.524090766906738 -45.603485107421875 9.942512512207031
    vertex 9.30178451538086 -45.31102752685547 9.97265625
    vertex 9.354909896850586 -45.62150573730469 10.015045166015625
  endloop
endfacet
facet normal 0.0 0.0 0.0
  outer loop
    vertex 9.524090766906738 -45.603485107421875 9.942512512207031
    vertex 9.354909896850586 -45.62150573730469 10.015045166015625
    vertex 9.605055809020996 -45.90442657470703 10.011878967285156
  endloop
endfacet
facet normal 0.0 0.0 0.0
  outer loop
    vertex 9.605055809020996 -45.90442657470703 10.011878967285156
    vertex 9.354909896850586 -45.62150573730469 10.015045166015625
    vertex 9.443370819091797 -45.929405212402344 10.086112976074219
  endloop
endfacet
facet normal 0.0 0.0 0.0
  outer loop
    vertex 9.605055809020996 -45.90442657470703 10.011878967285156
    vertex 9.443370819091797 -45.929405212402344 10.086112976074219
    vertex 9.719195365905762 -46.202613830566406 10.1103515625
  endloop
endfacet
facet normal 0.0 0.0 0.0
  outer loop
    vertex 9.719195365905762 -46.202613830566406 10.1103515625
    vertex 9.443370819091797 -45.929405212402344 10.086112976074219
    vertex 9.567102432250977 -46.23267364501953 10.186210632324219
  endloop
endfacet
facet normal 0.0 0.0 0.0
  outer loop
    vertex 9.719195365905762 -46.202613830566406 10.1103515625
    vertex 9.567102432250977 -46.23267364501953 10.186210632324219
    vertex 9.866966247558594 -46.496368408203125 10.23870849609375
  endloop
endfacet
facet normal 0.0 0.0 0.0
  outer loop
    vertex 9.866966247558594 -46.496368408203125 10.23870849609375
    vertex 9.567102432250977 -46.23267364501953 10.186210632324219
    vertex 9.72603988647461 -46.529273986816406 10.315681457519531
  endloop
endfacet
facet normal 0.0 0.0 0.0
  outer loop
    vertex 9.866966247558594 -46.496368408203125 10.23870849609375
    vertex 9.72603988647461 -46.529273986816406 10.315681457519531
    vertex 10.048792839050293 -46.78385925292969 10.397727966308594
  endloop
endfacet
facet normal 0.0 0.0 0.0
  outer loop
    vertex 10.048792839050293 -46.78385925292969 10.397727966308594
    vertex 9.72603988647461 -46.529273986816406 10.315681457519531
    vertex 9.920083045959473 -46.81706237792969 10.474853515625
  endloop
endfacet
facet normal 0.0 0.0 0.0
  outer loop
    vertex 10.048792839050293 -46.78385925292969 10.397727966308594
    vertex 9.920083045959473 -46.81706237792969 10.474853515625
    vertex 10.26407241821289 -47.060829162597656 10.587272644042969
  endloop
endfacet
facet normal 0.0 0.0 0.0
  outer loop
    vertex 10.26407241821289 -47.060829162597656 10.587272644042969
    vertex 9.920083045959473 -46.81706237792969 10.474853515625
    vertex 10.148099899291992 -47.09230041503906 10.663223266601562
  endloop
endfacet
facet normal 0.0 0.0 0.0
  outer loop
    vertex 10.26407241821289 -47.060829162597656 10.587272644042969
    vertex 10.148099899291992 -47.09230041503906 10.663223266601562
    vertex 10.510994911193848 -47.32304382324219 10.805961608886719
  endloop
endfacet
facet normal 0.0 0.0 0.0
  outer loop
    vertex 10.510994911193848 -47.32304382324219 10.805961608886719
    vertex 10.148099899291992 -47.09230041503906 10.663223266601562
    vertex 10.407995223999023 -47.351348876953125 10.879280090332031
  endloop
endfacet
facet normal 0.0 0.0 0.0
  outer loop
    vertex 10.510994911193848 -47.32304382324219 10.805961608886719
    vertex 10.407995223999023 -47.351348876953125 10.879280090332031
    vertex 10.840095520019531 -47.607940673828125 11.099074363708496
  endloop
endfacet
facet normal 0.0 0.0 0.0
  outer loop
    vertex 10.840095520019531 -47.607940673828125 11.099074363708496
    vertex 10.407995223999023 -47.351348876953125 10.879280090332031
    vertex 10.75235652923584 -47.63130187988281 11.167311668395996
  endloop
endfacet
facet normal 0.0 0.0 0.0
  outer loop
    vertex 10.840095520019531 -47.607940673828125 11.099074363708496
    vertex 10.75235652923584 -47.63130187988281 11.167311668395996
    vertex 11.206904411315918 -47.860870361328125 11.427528381347656
  endloop
endfacet
facet normal 0.0 0.0 0.0
  outer loop
    vertex 11.206904411315918 -47.860870361328125 11.427528381347656
    vertex 10.75235652923584 -47.63130187988281 11.167311668395996
    vertex 11.134123802185059 -47.87872314453125 11.488517761230469
  endloop
endfacet
facet normal 0.0 0.0 0.0
  outer loop
    vertex 11.206904411315918 -47.860870361328125 11.427528381347656
    vertex 11.134123802185059 -47.87872314453125 11.488517761230469
    vertex 11.730274200439453 -48.13352966308594 11.898344993591309
  endloop
endfacet
facet normal 0.0 0.0 0.0
  outer loop
    vertex 11.730274200439453 -48.13352966308594 11.898344993591309
    vertex 11.134123802185059 -47.87872314453125 11.488517761230469
    vertex 11.676399230957031 -48.144378662109375 11.947142601013184
  endloop
endfacet
facet normal 0.0 0.0 0.0
  outer loop
    vertex 11.730274200439453 -48.13352966308594 11.898344993591309
    vertex 11.676399230957031 -48.144378662109375 11.947142601013184
    vertex 12.296028137207031 -48.334869384765625 12.40927791595459
  endloop
endfacet
facet normal 0.0 0.0 0.0
  outer loop
    vertex 12.296028137207031 -48.334869384765625 12.40927791595459
    vertex 11.676399230957031 -48.144378662109375 11.947142601013184
    vertex 12.260482788085938 -48.339942932128906 12.443305015563965
  endloop
endfacet
facet normal 0.0 0.0 0.0
  outer loop
    vertex 12.296028137207031 -48.334869384765625 12.40927791595459
    vertex 12.260482788085938 -48.339942932128906 12.443305015563965
    vertex 12.890728950500488 -48.45817565917969 12.947714805603027
  endloop
endfacet
facet normal 0.0 0.0 0.0
  outer loop
    vertex 12.890728950500488 -48.45817565917969 12.947714805603027
    vertex 12.260482788085938 -48.339942932128906 12.443305015563965
    vertex 12.87307071685791 -48.459503173828125 12.965170860290527
  endloop
endfacet
facet normal 0.0 0.0 0.0
  outer loop
    vertex 12.890728950500488 -48.45817565917969 12.947714805603027
    vertex 12.87307071685791 -48.459503173828125 12.965170860290527
    vertex 13.499998092651367 -48.5 13.499999046325684
  endloop
endfacet
facet normal 0.0 0.0 0.0
  outer loop
    vertex 9.30178451538086 -45.31102752685547 9.97265625
    vertex 9.258818626403809 -45.0 9.965927124023438
    vertex 9.162723541259766 -45.321022033691406 10.004432678222656
  endloop
endfacet
facet normal 0.0 0.0 0.0
  outer loop
    vertex 9.162723541259766 -45.321022033691406 10.004432678222656
    vertex 9.258818626403809 -45.0 9.965927124023438
    vertex 8.999999046325684 -45.0 10.0
  endloop
endfacet
facet normal 0.0 0.0 0.0
  outer loop
    vertex 9.162723541259766 -45.321022033691406 10.004432678222656
    vertex 8.999999046325684 -45.0 10.0
    vertex 9.02166748046875 -45.34306335449219 10.016853332519531
  endloop
endfacet
facet normal 0.0 0.0 0.0
  outer loop
    vertex 9.162723541259766 -45.321022033691406 10.004432678222656
    vertex 9.02166748046875 -45.34306335449219 10.016853332519531
    vertex 9.219998359680176 -45.640342712402344 10.049064636230469
  endloop
endfacet
facet normal 0.0 0.0 0.0
  outer loop
    vertex 9.219998359680176 -45.640342712402344 10.049064636230469
    vertex 9.02166748046875 -45.34306335449219 10.016853332519531
    vertex 9.086465835571289 -45.68281555175781 10.067253112792969
  endloop
endfacet
facet normal 0.0 0.0 0.0
  outer loop
    vertex 9.219998359680176 -45.640342712402344 10.049064636230469
    vertex 9.086465835571289 -45.68281555175781 10.067253112792969
    vertex 9.314803123474121 -45.955543518066406 10.123252868652344
  endloop
endfacet
facet normal 0.0 0.0 0.0
  outer loop
    vertex 9.314803123474121 -45.955543518066406 10.123252868652344
    vertex 9.086465835571289 -45.68281555175781 10.067253112792969
    vertex 9.193767547607422 -46.01599884033203 10.150711059570312
  endloop
endfacet
facet normal 0.0 0.0 0.0
  outer loop
    vertex 9.314803123474121 -45.955543518066406 10.123252868652344
    vertex 9.193767547607422 -46.01599884033203 10.150711059570312
    vertex 9.446606636047363 -46.264183044433594 10.226844787597656
  endloop
endfacet
facet normal 0.0 0.0 0.0
  outer loop
    vertex 9.446606636047363 -46.264183044433594 10.226844787597656
    vertex 9.193767547607422 -46.01599884033203 10.150711059570312
    vertex 9.342541694641113 -46.339393615722656 10.26641845703125
  endloop
endfacet
facet normal 0.0 0.0 0.0
  outer loop
    vertex 9.446606636047363 -46.264183044433594 10.226844787597656
    vertex 9.342541694641113 -46.339393615722656 10.26641845703125
    vertex 9.614877700805664 -46.5638427734375 10.35968017578125
  endloop
endfacet
facet normal 0.0 0.0 0.0
  outer loop
    vertex 9.614877700805664 -46.5638427734375 10.35968017578125
    vertex 9.342541694641113 -46.339393615722656 10.26641845703125
    vertex 9.531353950500488 -46.64988708496094 10.413276672363281
  endloop
endfacet
facet normal 0.0 0.0 0.0
  outer loop
    vertex 9.614877700805664 -46.5638427734375 10.35968017578125
    vertex 9.531353950500488 -46.64988708496094 10.413276672363281
    vertex 9.819042205810547 -46.852027893066406 10.521583557128906
  endloop
endfacet
facet normal 0.0 0.0 0.0
  outer loop
    vertex 9.819042205810547 -46.852027893066406 10.521583557128906
    vertex 9.531353950500488 -46.64988708496094 10.413276672363281
    vertex 9.75838565826416 -46.944496154785156 10.589851379394531
  endloop
endfacet
facet normal 0.0 0.0 0.0
  outer loop
    vertex 9.819042205810547 -46.852027893066406 10.521583557128906
    vertex 9.75838565826416 -46.944496154785156 10.589851379394531
    vertex 10.057507514953613 -47.12553405761719 10.711563110351562
  endloop
endfacet
facet normal 0.0 0.0 0.0
  outer loop
    vertex 10.057507514953613 -47.12553405761719 10.711563110351562
    vertex 9.75838565826416 -46.944496154785156 10.589851379394531
    vertex 10.021451950073242 -47.220375061035156 10.794464111328125
  endloop
endfacet
facet normal 0.0 0.0 0.0
  outer loop
    vertex 10.057507514953613 -47.12553405761719 10.711563110351562
    vertex 10.021451950073242 -47.220375061035156 10.794464111328125
    vertex 10.327935218811035 -47.381317138671875 10.927909851074219
  endloop
endfacet
facet normal 0.0 0.0 0.0
  outer loop
    vertex 10.327935218811035 -47.381317138671875 10.927909851074219
    vertex 10.021451950073242 -47.220375061035156 10.794464111328125
    vertex 10.318018913269043 -47.474876403808594 11.02512264251709
  endloop
endfacet
facet normal 0.0 0.0 0.0
  outer loop
    vertex 10.327935218811035 -47.381317138671875 10.927909851074219
    vertex 10.318018913269043 -47.474876403808594 11.02512264251709
    vertex 10.68454360961914 -47.65612030029297 11.214407920837402
  endloop
endfacet
facet normal 0.0 0.0 0.0
  outer loop
    vertex 10.68454360961914 -47.65612030029297 11.214407920837402
    vertex 10.318018913269043 -47.474876403808594 11.02512264251709
    vertex 10.64522933959961 -47.705535888671875 11.279623985290527
  endloop
endfacet
facet normal 0.0 0.0 0.0
  outer loop
    vertex 10.68454360961914 -47.65612030029297 11.214407920837402
    vertex 10.64522933959961 -47.705535888671875 11.279623985290527
    vertex 11.078157424926758 -47.897735595703125 11.531920433044434
  endloop
endfacet
facet normal 0.0 0.0 0.0
  outer loop
    vertex 11.078157424926758 -47.897735595703125 11.531920433044434
    vertex 10.64522933959961 -47.705535888671875 11.279623985290527
    vertex 10.999933242797852 -47.91014099121094 11.555502891540527
  endloop
endfacet
facet normal 0.0 0.0 0.0
  outer loop
    vertex 11.078157424926758 -47.897735595703125 11.531920433044434
    vertex 10.999933242797852 -47.91014099121094 11.555502891540527
    vertex 11.378713607788086 -48.08672332763672 11.850111961364746
  endloop
endfacet
facet normal 0.0 0.0 0.0
  outer loop
    vertex 11.078157424926758 -47.897735595703125 11.531920433044434
    vertex 11.378713607788086 -48.08672332763672 11.850111961364746
    vertex 11.635201454162598 -48.155975341796875 11.982909202575684
  endloop
endfacet
facet normal 0.0 0.0 0.0
  outer loop
    vertex 11.635201454162598 -48.155975341796875 11.982909202575684
    vertex 11.378713607788086 -48.08672332763672 11.850111961364746
    vertex 11.777923583984375 -48.23358154296875 12.160605430603027
  endloop
endfacet
facet normal 0.0 0.0 0.0
  outer loop
    vertex 11.635201454162598 -48.155975341796875 11.982909202575684
    vertex 11.777923583984375 -48.23358154296875 12.160605430603027
    vertex 12.233416557312012 -48.34538269042969 12.468733787536621
  endloop
endfacet
facet normal 0.0 0.0 0.0
  outer loop
    vertex 12.233416557312012 -48.34538269042969 12.468733787536621
    vertex 11.777923583984375 -48.23358154296875 12.160605430603027
    vertex 12.193717002868652 -48.34928894042969 12.484000205993652
  endloop
endfacet
facet normal 0.0 0.0 0.0
  outer loop
    vertex 12.233416557312012 -48.34538269042969 12.468733787536621
    vertex 12.193717002868652 -48.34928894042969 12.484000205993652
    vertex 12.622092247009277 -48.43274688720703 12.817183494567871
  endloop
endfacet
facet normal 0.0 0.0 0.0
  outer loop
    vertex 12.233416557312012 -48.34538269042969 12.468733787536621
    vertex 12.622092247009277 -48.43274688720703 12.817183494567871
    vertex 12.859658241271973 -48.4609375 12.97836971282959
  endloop
endfacet
facet normal 0.0 0.0 0.0
  outer loop
    vertex 12.859658241271973 -48.4609375 12.97836971282959
    vertex 12.622092247009277 -48.43274688720703 12.817183494567871
    vertex 13.499998092651367 -48.5 13.499999046325684
  endloop
endfacet
facet normal 0.0 0.0 0.0
  outer loop
    vertex 12.484002113342285 -48.34928894042969 12.193717002868652
    vertex 12.45932388305664 -48.34320068359375 12.243483543395996
    vertex 12.817182540893555 -48.43274688720703 12.622092247009277
  endloop
endfacet
facet normal 0.0 0.0 0.0
  outer loop
    vertex 12.817182540893555 -48.43274688720703 12.622092247009277
    vertex 12.45932388305664 -48.34320068359375 12.243483543395996
    vertex 12.973472595214844 -48.460357666015625 12.864645957946777
  endloop
endfacet
facet normal 0.0 0.0 0.0
  outer loop
    vertex 12.817182540893555 -48.43274688720703 12.622092247009277
    vertex 12.973472595214844 -48.460357666015625 12.864645957946777
    vertex 13.499998092651367 -48.5 13.499999046325684
  endloop
endfacet
facet normal 0.0 0.0 0.0
  outer loop
    vertex 12.484002113342285 -48.34928894042969 12.193717002868652
    vertex 12.160606384277344 -48.23358154296875 11.777922630310059
    vertex 12.45932388305664 -48.34320068359375 12.243483543395996
  endloop
endfacet
facet normal 0.0 0.0 0.0
  outer loop
    vertex 12.45932388305664 -48.34320068359375 12.243483543395996
    vertex 12.160606384277344 -48.23358154296875 11.777922630310059
    vertex 11.96975040435791 -48.151329040527344 11.650535583496094
  endloop
endfacet
facet normal 0.0 0.0 0.0
  outer loop
    vertex 12.45932388305664 -48.34320068359375 12.243483543395996
    vertex 11.96975040435791 -48.151329040527344 11.650535583496094
    vertex 11.919836044311523 -48.13763427734375 11.706862449645996
  endloop
endfacet
facet normal 0.0 0.0 0.0
  outer loop
    vertex 11.919836044311523 -48.13763427734375 11.706862449645996
    vertex 11.96975040435791 -48.151329040527344 11.650535583496094
    vertex 11.454612731933594 -47.86763000488281 11.17535400390625
  endloop
endfacet
facet normal 0.0 0.0 0.0
  outer loop
    vertex 11.919836044311523 -48.13763427734375 11.706862449645996
    vertex 11.454612731933594 -47.86763000488281 11.17535400390625
    vertex 11.412227630615234 -47.857810974121094 11.224220275878906
  endloop
endfacet
facet normal 0.0 0.0 0.0
  outer loop
    vertex 11.412227630615234 -47.857810974121094 11.224220275878906
    vertex 11.454612731933594 -47.86763000488281 11.17535400390625
    vertex 11.08165168762207 -47.60393524169922 10.860862731933594
  endloop
endfacet
facet normal 0.0 0.0 0.0
  outer loop
    vertex 12.160606384277344 -48.23358154296875 11.777922630310059
    vertex 11.85011100769043 -48.08672332763672 11.378715515136719
    vertex 11.96975040435791 -48.151329040527344 11.650535583496094
  endloop
endfacet
facet normal 0.0 0.0 0.0
  outer loop
    vertex 11.96975040435791 -48.151329040527344 11.650535583496094
    vertex 11.85011100769043 -48.08672332763672 11.378715515136719
    vertex 11.516098022460938 -47.89012145996094 11.099006652832031
  endloop
endfacet
facet normal 0.0 0.0 0.0
  outer loop
    vertex 11.96975040435791 -48.151329040527344 11.650535583496094
    vertex 11.516098022460938 -47.89012145996094 11.099006652832031
    vertex 11.454612731933594 -47.86763000488281 11.17535400390625
  endloop
endfacet
facet normal 0.0 0.0 0.0
  outer loop
    vertex 11.454612731933594 -47.86763000488281 11.17535400390625
    vertex 11.516098022460938 -47.89012145996094 11.099006652832031
    vertex 11.129637718200684 -47.616798400878906 10.802139282226562
  endloop
endfacet
facet normal 0.0 0.0 0.0
  outer loop
    vertex 11.454612731933594 -47.86763000488281 11.17535400390625
    vertex 11.129637718200684 -47.616798400878906 10.802139282226562
    vertex 11.08165168762207 -47.60393524169922 10.860862731933594
  endloop
endfacet
facet normal 0.0 0.0 0.0
  outer loop
    vertex 11.08165168762207 -47.60393524169922 10.860862731933594
    vertex 11.129637718200684 -47.616798400878906 10.802139282226562
    vertex 10.786818504333496 -47.31818389892578 10.535232543945312
  endloop
endfacet
facet normal 0.0 0.0 0.0
  outer loop
    vertex 11.85011100769043 -48.08672332763672 11.378715515136719
    vertex 11.555503845214844 -47.91014099121094 10.999931335449219
    vertex 11.516098022460938 -47.89012145996094 11.099006652832031
  endloop
endfacet
facet normal 0.0 0.0 0.0
  outer loop
    vertex 11.516098022460938 -47.89012145996094 11.099006652832031
    vertex 11.555503845214844 -47.91014099121094 10.999931335449219
    vertex 11.279623031616211 -47.705535888671875 10.645225524902344
  endloop
endfacet
facet normal 0.0 0.0 0.0
  outer loop
    vertex 11.516098022460938 -47.89012145996094 11.099006652832031
    vertex 11.279623031616211 -47.705535888671875 10.645225524902344
    vertex 11.197402954101562 -47.64619445800781 10.709831237792969
  endloop
endfacet
facet normal 0.0 0.0 0.0
  outer loop
    vertex 11.197402954101562 -47.64619445800781 10.709831237792969
    vertex 11.279623031616211 -47.705535888671875 10.645225524902344
    vertex 11.025125503540039 -47.474876403808594 10.318016052246094
  endloop
endfacet
facet normal 0.0 0.0 0.0
  outer loop
    vertex 11.197402954101562 -47.64619445800781 10.709831237792969
    vertex 11.025125503540039 -47.474876403808594 10.318016052246094
    vertex 10.910579681396484 -47.369346618652344 10.357826232910156
  endloop
endfacet
facet normal 0.0 0.0 0.0
  outer loop
    vertex 10.910579681396484 -47.369346618652344 10.357826232910156
    vertex 11.025125503540039 -47.474876403808594 10.318016052246094
    vertex 10.794462203979492 -47.220375061035156 10.021453857421875
  endloop
endfacet
facet normal 0.0 0.0 0.0
  outer loop
    vertex 10.910579681396484 -47.369346618652344 10.357826232910156
    vertex 10.794462203979492 -47.220375061035156 10.021453857421875
    vertex 10.694578170776367 -47.112266540527344 10.091361999511719
  endloop
endfacet
facet normal 0.0 0.0 0.0
  outer loop
    vertex 10.694578170776367 -47.112266540527344 10.091361999511719
    vertex 10.794462203979492 -47.220375061035156 10.021453857421875
    vertex 10.589855194091797 -46.944496154785156 9.758384704589844
  endloop
endfacet
facet normal 0.0 0.0 0.0
  outer loop
    vertex 10.694578170776367 -47.112266540527344 10.091361999511719
    vertex 10.589855194091797 -46.944496154785156 9.758384704589844
    vertex 10.505454063415527 -46.83808135986328 9.856834411621094
  endloop
endfacet
facet normal 0.0 0.0 0.0
  outer loop
    vertex 10.505454063415527 -46.83808135986328 9.856834411621094
    vertex 10.589855194091797 -46.944496154785156 9.758384704589844
    vertex 10.413274765014648 -46.64988708496094 9.531356811523438
  endloop
endfacet
facet normal 0.0 0.0 0.0
  outer loop
    vertex 10.505454063415527 -46.83808135986328 9.856834411621094
    vertex 10.413274765014648 -46.64988708496094 9.531356811523438
    vertex 10.344836235046387 -46.55006408691406 9.656486511230469
  endloop
endfacet
facet normal 0.0 0.0 0.0
  outer loop
    vertex 10.344836235046387 -46.55006408691406 9.656486511230469
    vertex 10.413274765014648 -46.64988708496094 9.531356811523438
    vertex 10.266420364379883 -46.339393615722656 9.342544555664062
  endloop
endfacet
facet normal 0.0 0.0 0.0
  outer loop
    vertex 10.344836235046387 -46.55006408691406 9.656486511230469
    vertex 10.266420364379883 -46.339393615722656 9.342544555664062
    vertex 10.213506698608398 -46.25163269042969 9.491744995117188
  endloop
endfacet
facet normal 0.0 0.0 0.0
  outer loop
    vertex 10.213506698608398 -46.25163269042969 9.491744995117188
    vertex 10.266420364379883 -46.339393615722656 9.342544555664062
    vertex 10.150708198547363 -46.01599884033203 9.193763732910156
  endloop
endfacet
facet normal 0.0 0.0 0.0
  outer loop
    vertex 10.213506698608398 -46.25163269042969 9.491744995117188
    vertex 10.150708198547363 -46.01599884033203 9.193763732910156
    vertex 10.111441612243652 -45.94513702392578 9.362998962402344
  endloop
endfacet
facet normal 0.0 0.0 0.0
  outer loop
    vertex 10.111441612243652 -45.94513702392578 9.362998962402344
    vertex 10.150708198547363 -46.01599884033203 9.193763732910156
    vertex 10.06725025177002 -45.68281555175781 9.086463928222656
  endloop
endfacet
facet normal 0.0 0.0 0.0
  outer loop
    vertex 10.111441612243652 -45.94513702392578 9.362998962402344
    vertex 10.06725025177002 -45.68281555175781 9.086463928222656
    vertex 10.038597106933594 -45.632850646972656 9.270599365234375
  endloop
endfacet
facet normal 0.0 0.0 0.0
  outer loop
    vertex 10.038597106933594 -45.632850646972656 9.270599365234375
    vertex 10.06725025177002 -45.68281555175781 9.086463928222656
    vertex 10.016852378845215 -45.34306335449219 9.02166748046875
  endloop
endfacet
facet normal 0.0 0.0 0.0
  outer loop
    vertex 10.038597106933594 -45.632850646972656 9.270599365234375
    vertex 10.016852378845215 -45.34306335449219 9.02166748046875
    vertex 9.994922637939453 -45.317047119140625 9.214897155761719
  endloop
endfacet
facet normal 0.0 0.0 0.0
  outer loop
    vertex 12.859658241271973 -48.4609375 12.97836971282959
    vertex 13.499998092651367 -48.5 13.499999046325684
    vertex 12.87307071685791 -48.459503173828125 12.965170860290527
  endloop
endfacet
facet normal 0.0 0.0 0.0
  outer loop
    vertex 12.94349193572998 -48.45794677734375 12.894980430603027
    vertex 13.499998092651367 -48.5 13.499999046325684
    vertex 12.95533275604248 -48.45867919921875 12.88303279876709
  endloop
endfacet
facet normal 0.0 0.0 0.0
  outer loop
    vertex 12.95533275604248 -48.45867919921875 12.88303279876709
    vertex 13.499998092651367 -48.5 13.499999046325684
    vertex 12.973472595214844 -48.460357666015625 12.864645957946777
  endloop
endfacet
facet normal 0.0 0.0 0.0
  outer loop
    vertex 9.354909896850586 -45.62150573730469 10.015045166015625
    vertex 9.30178451538086 -45.31102752685547 9.97265625
    vertex 9.162723541259766 -45.321022033691406 10.004432678222656
  endloop
endfacet
facet normal 0.0 0.0 0.0
  outer loop
    vertex 10.038597106933594 -45.632850646972656 9.270599365234375
    vertex 9.994922637939453 -45.317047119140625 9.214897155761719
    vertex 9.93649959564209 -45.30509948730469 9.401611328125
  endloop
endfacet
facet normal 0.0 0.0 0.0
  outer loop
    vertex 9.93649959564209 -45.30509948730469 9.401611328125
    vertex 9.879497528076172 -45.29979705810547 9.515609741210938
    vertex 9.97790241241455 -45.61034393310547 9.451873779296875
  endloop
endfacet
facet normal 0.0 0.0 0.0
  outer loop
    vertex 9.97790241241455 -45.61034393310547 9.451873779296875
    vertex 9.879497528076172 -45.29979705810547 9.515609741210938
    vertex 9.920491218566895 -45.600364685058594 9.562820434570312
  endloop
endfacet
facet normal 0.0 0.0 0.0
  outer loop
    vertex 9.97790241241455 -45.61034393310547 9.451873779296875
    vertex 9.920491218566895 -45.600364685058594 9.562820434570312
    vertex 10.047673225402832 -45.91393280029297 9.535957336425781
  endloop
endfacet
facet normal 0.0 0.0 0.0
  outer loop
    vertex 10.047673225402832 -45.91393280029297 9.535957336425781
    vertex 9.920491218566895 -45.600364685058594 9.562820434570312
    vertex 9.989855766296387 -45.900115966796875 9.642181396484375
  endloop
endfacet
facet normal 0.0 0.0 0.0
  outer loop
    vertex 10.047673225402832 -45.91393280029297 9.535957336425781
    vertex 9.989855766296387 -45.900115966796875 9.642181396484375
    vertex 10.146437644958496 -46.21405029296875 9.654090881347656
  endloop
endfacet
facet normal 0.0 0.0 0.0
  outer loop
    vertex 10.146437644958496 -46.21405029296875 9.654090881347656
    vertex 9.989855766296387 -45.900115966796875 9.642181396484375
    vertex 10.088438034057617 -46.197425842285156 9.754264831542969
  endloop
endfacet
facet normal 0.0 0.0 0.0
  outer loop
    vertex 10.146437644958496 -46.21405029296875 9.654090881347656
    vertex 10.088438034057617 -46.197425842285156 9.754264831542969
    vertex 10.274823188781738 -46.508888244628906 9.806526184082031
  endloop
endfacet
facet normal 0.0 0.0 0.0
  outer loop
    vertex 10.274823188781738 -46.508888244628906 9.806526184082031
    vertex 10.088438034057617 -46.197425842285156 9.754264831542969
    vertex 10.217087745666504 -46.490699768066406 9.899612426757812
  endloop
endfacet
facet normal 0.0 0.0 0.0
  outer loop
    vertex 10.274823188781738 -46.508888244628906 9.806526184082031
    vertex 10.217087745666504 -46.490699768066406 9.899612426757812
    vertex 10.433435440063477 -46.796478271484375 9.993476867675781
  endloop
endfacet
facet normal 0.0 0.0 0.0
  outer loop
    vertex 10.433435440063477 -46.796478271484375 9.993476867675781
    vertex 10.217087745666504 -46.490699768066406 9.899612426757812
    vertex 10.376636505126953 -46.77813720703125 10.078765869140625
  endloop
endfacet
facet normal 0.0 0.0 0.0
  outer loop
    vertex 10.433435440063477 -46.796478271484375 9.993476867675781
    vertex 10.376636505126953 -46.77813720703125 10.078765869140625
    vertex 10.62201976776123 -47.072776794433594 10.214126586914062
  endloop
endfacet
facet normal 0.0 0.0 0.0
  outer loop
    vertex 10.62201976776123 -47.072776794433594 10.214126586914062
    vertex 10.376636505126953 -46.77813720703125 10.078765869140625
    vertex 10.567008972167969 -47.05541229248047 10.291221618652344
  endloop
endfacet
facet normal 0.0 0.0 0.0
  outer loop
    vertex 10.62201976776123 -47.072776794433594 10.214126586914062
    vertex 10.567008972167969 -47.05541229248047 10.291221618652344
    vertex 10.839147567749023 -47.33378601074219 10.466545104980469
  endloop
endfacet
facet normal 0.0 0.0 0.0
  outer loop
    vertex 10.839147567749023 -47.33378601074219 10.466545104980469
    vertex 10.567008972167969 -47.05541229248047 10.291221618652344
    vertex 10.786818504333496 -47.31818389892578 10.535232543945312
  endloop
endfacet
facet normal 0.0 0.0 0.0
  outer loop
    vertex 10.839147567749023 -47.33378601074219 10.466545104980469
    vertex 10.786818504333496 -47.31818389892578 10.535232543945312
    vertex 11.129637718200684 -47.616798400878906 10.802139282226562
  endloop
endfacet
facet normal 0.0 0.0 0.0
  outer loop
    vertex 9.443370819091797 -45.929405212402344 10.086112976074219
    vertex 9.354909896850586 -45.62150573730469 10.015045166015625
    vertex 9.219998359680176 -45.640342712402344 10.049064636230469
  endloop
endfacet
facet normal 0.0 0.0 0.0
  outer loop
    vertex 9.219998359680176 -45.640342712402344 10.049064636230469
    vertex 9.354909896850586 -45.62150573730469 10.015045166015625
    vertex 9.162723541259766 -45.321022033691406 10.004432678222656
  endloop
endfacet
facet normal 0.0 0.0 0.0
  outer loop
    vertex 10.111441612243652 -45.94513702392578 9.362998962402344
    vertex 10.038597106933594 -45.632850646972656 9.270599365234375
    vertex 9.97790241241455 -45.61034393310547 9.451873779296875
  endloop
endfacet
facet normal 0.0 0.0 0.0
  outer loop
    vertex 9.97790241241455 -45.61034393310547 9.451873779296875
    vertex 10.038597106933594 -45.632850646972656 9.270599365234375
    vertex 9.93649959564209 -45.30509948730469 9.401611328125
  endloop
endfacet
facet normal 0.0 0.0 0.0
  outer loop
    vertex 10.111441612243652 -45.94513702392578 9.362998962402344
    vertex 9.97790241241455 -45.61034393310547 9.451873779296875
    vertex 10.047673225402832 -45.91393280029297 9.535957336425781
  endloop
endfacet
facet normal 0.0 0.0 0.0
  outer loop
    vertex 9.567102432250977 -46.23267364501953 10.186210632324219
    vertex 9.443370819091797 -45.929405212402344 10.086112976074219
    vertex 9.314803123474121 -45.955543518066406 10.123252868652344
  endloop
endfacet
facet normal 0.0 0.0 0.0
  outer loop
    vertex 9.314803123474121 -45.955543518066406 10.123252868652344
    vertex 9.443370819091797 -45.929405212402344 10.086112976074219
    vertex 9.219998359680176 -45.640342712402344 10.049064636230469
  endloop
endfacet
facet normal 0.0 0.0 0.0
  outer loop
    vertex 10.213506698608398 -46.25163269042969 9.491744995117188
    vertex 10.111441612243652 -45.94513702392578 9.362998962402344
    vertex 10.047673225402832 -45.91393280029297 9.535957336425781
  endloop
endfacet
facet normal 0.0 0.0 0.0
  outer loop
    vertex 10.213506698608398 -46.25163269042969 9.491744995117188
    vertex 10.047673225402832 -45.91393280029297 9.535957336425781
    vertex 10.146437644958496 -46.21405029296875 9.654090881347656
  endloop
endfacet
facet normal 0.0 0.0 0.0
  outer loop
    vertex 9.72603988647461 -46.529273986816406 10.315681457519531
    vertex 9.567102432250977 -46.23267364501953 10.186210632324219
    vertex 9.446606636047363 -46.264183044433594 10.226844787597656
  endloop
endfacet
facet normal 0.0 0.0 0.0
  outer loop
    vertex 9.446606636047363 -46.264183044433594 10.226844787597656
    vertex 9.567102432250977 -46.23267364501953 10.186210632324219
    vertex 9.314803123474121 -45.955543518066406 10.123252868652344
  endloop
endfacet
facet normal 0.0 0.0 0.0
  outer loop
    vertex 10.344836235046387 -46.55006408691406 9.656486511230469
    vertex 10.213506698608398 -46.25163269042969 9.491744995117188
    vertex 10.146437644958496 -46.21405029296875 9.654090881347656
  endloop
endfacet
facet normal 0.0 0.0 0.0
  outer loop
    vertex 10.344836235046387 -46.55006408691406 9.656486511230469
    vertex 10.146437644958496 -46.21405029296875 9.654090881347656
    vertex 10.274823188781738 -46.508888244628906 9.806526184082031
  endloop
endfacet
facet normal 0.0 0.0 0.0
  outer loop
    vertex 9.920083045959473 -46.81706237792969 10.474853515625
    vertex 9.72603988647461 -46.529273986816406 10.315681457519531
    vertex 9.614877700805664 -46.5638427734375 10.35968017578125
  endloop
endfacet
facet normal 0.0 0.0 0.0
  outer loop
    vertex 9.614877700805664 -46.5638427734375 10.35968017578125
    vertex 9.72603988647461 -46.529273986816406 10.315681457519531
    vertex 9.446606636047363 -46.264183044433594 10.226844787597656
  endloop
endfacet
facet normal 0.0 0.0 0.0
  outer loop
    vertex 10.505454063415527 -46.83808135986328 9.856834411621094
    vertex 10.344836235046387 -46.55006408691406 9.656486511230469
    vertex 10.274823188781738 -46.508888244628906 9.806526184082031
  endloop
endfacet
facet normal 0.0 0.0 0.0
  outer loop
    vertex 10.505454063415527 -46.83808135986328 9.856834411621094
    vertex 10.274823188781738 -46.508888244628906 9.806526184082031
    vertex 10.433435440063477 -46.796478271484375 9.993476867675781
  endloop
endfacet
facet normal 0.0 0.0 0.0
  outer loop
    vertex 10.148099899291992 -47.09230041503906 10.663223266601562
    vertex 9.920083045959473 -46.81706237792969 10.474853515625
    vertex 9.819042205810547 -46.852027893066406 10.521583557128906
  endloop
endfacet
facet normal 0.0 0.0 0.0
  outer loop
    vertex 9.819042205810547 -46.852027893066406 10.521583557128906
    vertex 9.920083045959473 -46.81706237792969 10.474853515625
    vertex 9.614877700805664 -46.5638427734375 10.35968017578125
  endloop
endfacet
facet normal 0.0 0.0 0.0
  outer loop
    vertex 10.694578170776367 -47.112266540527344 10.091361999511719
    vertex 10.505454063415527 -46.83808135986328 9.856834411621094
    vertex 10.433435440063477 -46.796478271484375 9.993476867675781
  endloop
endfacet
facet normal 0.0 0.0 0.0
  outer loop
    vertex 10.694578170776367 -47.112266540527344 10.091361999511719
    vertex 10.433435440063477 -46.796478271484375 9.993476867675781
    vertex 10.62201976776123 -47.072776794433594 10.214126586914062
  endloop
endfacet
facet normal 0.0 0.0 0.0
  outer loop
    vertex 10.407995223999023 -47.351348876953125 10.879280090332031
    vertex 10.148099899291992 -47.09230041503906 10.663223266601562
    vertex 10.057507514953613 -47.12553405761719 10.711563110351562
  endloop
endfacet
facet normal 0.0 0.0 0.0
  outer loop
    vertex 10.057507514953613 -47.12553405761719 10.711563110351562
    vertex 10.148099899291992 -47.09230041503906 10.663223266601562
    vertex 9.819042205810547 -46.852027893066406 10.521583557128906
  endloop
endfacet
facet normal 0.0 0.0 0.0
  outer loop
    vertex 10.910579681396484 -47.369346618652344 10.357826232910156
    vertex 10.694578170776367 -47.112266540527344 10.091361999511719
    vertex 10.62201976776123 -47.072776794433594 10.214126586914062
  endloop
endfacet
facet normal 0.0 0.0 0.0
  outer loop
    vertex 10.910579681396484 -47.369346618652344 10.357826232910156
    vertex 10.62201976776123 -47.072776794433594 10.214126586914062
    vertex 10.839147567749023 -47.33378601074219 10.466545104980469
  endloop
endfacet
facet normal 0.0 0.0 0.0
  outer loop
    vertex 10.75235652923584 -47.63130187988281 11.167311668395996
    vertex 10.407995223999023 -47.351348876953125 10.879280090332031
    vertex 10.327935218811035 -47.381317138671875 10.927909851074219
  endloop
endfacet
facet normal 0.0 0.0 0.0
  outer loop
    vertex 10.327935218811035 -47.381317138671875 10.927909851074219
    vertex 10.407995223999023 -47.351348876953125 10.879280090332031
    vertex 10.057507514953613 -47.12553405761719 10.711563110351562
  endloop
endfacet
facet normal 0.0 0.0 0.0
  outer loop
    vertex 11.197402954101562 -47.64619445800781 10.709831237792969
    vertex 10.910579681396484 -47.369346618652344 10.357826232910156
    vertex 10.839147567749023 -47.33378601074219 10.466545104980469
  endloop
endfacet
facet normal 0.0 0.0 0.0
  outer loop
    vertex 11.197402954101562 -47.64619445800781 10.709831237792969
    vertex 10.839147567749023 -47.33378601074219 10.466545104980469
    vertex 11.129637718200684 -47.616798400878906 10.802139282226562
  endloop
endfacet
facet normal 0.0 0.0 0.0
  outer loop
    vertex 11.134123802185059 -47.87872314453125 11.488517761230469
    vertex 10.75235652923584 -47.63130187988281 11.167311668395996
    vertex 10.68454360961914 -47.65612030029297 11.214407920837402
  endloop
endfacet
facet normal 0.0 0.0 0.0
  outer loop
    vertex 10.68454360961914 -47.65612030029297 11.214407920837402
    vertex 10.75235652923584 -47.63130187988281 11.167311668395996
    vertex 10.327935218811035 -47.381317138671875 10.927909851074219
  endloop
endfacet
facet normal 0.0 0.0 0.0
  outer loop
    vertex 11.516098022460938 -47.89012145996094 11.099006652832031
    vertex 11.197402954101562 -47.64619445800781 10.709831237792969
    vertex 11.129637718200684 -47.616798400878906 10.802139282226562
  endloop
endfacet
facet normal 0.0 0.0 0.0
  outer loop
    vertex 11.676399230957031 -48.144378662109375 11.947142601013184
    vertex 11.134123802185059 -47.87872314453125 11.488517761230469
    vertex 11.078157424926758 -47.897735595703125 11.531920433044434
  endloop
endfacet
facet normal 0.0 0.0 0.0
  outer loop
    vertex 11.078157424926758 -47.897735595703125 11.531920433044434
    vertex 11.134123802185059 -47.87872314453125 11.488517761230469
    vertex 10.68454360961914 -47.65612030029297 11.214407920837402
  endloop
endfacet
facet normal 0.0 0.0 0.0
  outer loop
    vertex 11.919836044311523 -48.13763427734375 11.706862449645996
    vertex 11.412227630615234 -47.857810974121094 11.224220275878906
    vertex 11.886324882507324 -48.131675720214844 11.743163108825684
  endloop
endfacet
facet normal 0.0 0.0 0.0
  outer loop
    vertex 12.260482788085938 -48.339942932128906 12.443305015563965
    vertex 11.676399230957031 -48.144378662109375 11.947142601013184
    vertex 11.635201454162598 -48.155975341796875 11.982909202575684
  endloop
endfacet
facet normal 0.0 0.0 0.0
  outer loop
    vertex 11.635201454162598 -48.155975341796875 11.982909202575684
    vertex 11.676399230957031 -48.144378662109375 11.947142601013184
    vertex 11.078157424926758 -47.897735595703125 11.531920433044434
  endloop
endfacet
facet normal 0.0 0.0 0.0
  outer loop
    vertex 11.919836044311523 -48.13763427734375 11.706862449645996
    vertex 11.886324882507324 -48.131675720214844 11.743163108825684
    vertex 12.424177169799805 -48.33678436279297 12.28055477142334
  endloop
endfacet
facet normal 0.0 0.0 0.0
  outer loop
    vertex 12.424177169799805 -48.33678436279297 12.28055477142334
    vertex 11.886324882507324 -48.131675720214844 11.743163108825684
    vertex 12.400999069213867 -48.33399963378906 12.304572105407715
  endloop
endfacet
facet normal 0.0 0.0 0.0
  outer loop
    vertex 12.424177169799805 -48.33678436279297 12.28055477142334
    vertex 12.400999069213867 -48.33399963378906 12.304572105407715
    vertex 12.95533275604248 -48.45867919921875 12.88303279876709
  endloop
endfacet
facet normal 0.0 0.0 0.0
  outer loop
    vertex 12.95533275604248 -48.45867919921875 12.88303279876709
    vertex 12.400999069213867 -48.33399963378906 12.304572105407715
    vertex 12.94349193572998 -48.45794677734375 12.894980430603027
  endloop
endfacet
facet normal 0.0 0.0 0.0
  outer loop
    vertex 12.87307071685791 -48.459503173828125 12.965170860290527
    vertex 12.260482788085938 -48.339942932128906 12.443305015563965
    vertex 12.233416557312012 -48.34538269042969 12.468733787536621
  endloop
endfacet
facet normal 0.0 0.0 0.0
  outer loop
    vertex 12.233416557312012 -48.34538269042969 12.468733787536621
    vertex 12.260482788085938 -48.339942932128906 12.443305015563965
    vertex 11.635201454162598 -48.155975341796875 11.982909202575684
  endloop
endfacet
facet normal 0.0 0.0 0.0
  outer loop
    vertex 12.859658241271973 -48.4609375 12.97836971282959
    vertex 12.87307071685791 -48.459503173828125 12.965170860290527
    vertex 12.233416557312012 -48.34538269042969 12.468733787536621
  endloop
endfacet
facet normal 0.0 0.0 0.0
  outer loop
    vertex 12.973472595214844 -48.460357666015625 12.864645957946777
    vertex 12.45932388305664 -48.34320068359375 12.243483543395996
    vertex 12.424177169799805 -48.33678436279297 12.28055477142334
  endloop
endfacet
facet normal 0.0 0.0 0.0
  outer loop
    vertex 12.424177169799805 -48.33678436279297 12.28055477142334
    vertex 12.45932388305664 -48.34320068359375 12.243483543395996
    vertex 11.919836044311523 -48.13763427734375 11.706862449645996
  endloop
endfacet
facet normal 0.0 0.0 0.0
  outer loop
    vertex 12.973472595214844 -48.460357666015625 12.864645957946777
    vertex 12.424177169799805 -48.33678436279297 12.28055477142334
    vertex 12.95533275604248 -48.45867919921875 12.88303279876709
  endloop
endfacet
facet normal 0.0 0.0 0.0
  outer loop
    vertex -9.999999046325684 -45.0 8.999999046325684
    vertex -9.965925216674805 5.5588226318359375 9.258818626403809
    vertex -9.999999046325684 50.5 8.999999046325684
  endloop
endfacet
facet normal 0.0 0.0 0.0
  outer loop
    vertex -9.999999046325684 50.5 8.999999046325684
    vertex -9.965925216674805 5.5588226318359375 9.258818626403809
    vertex -9.965925216674805 11.176471710205078 9.258818626403809
  endloop
endfacet
facet normal 0.0 0.0 0.0
  outer loop
    vertex -9.999999046325684 50.5 8.999999046325684
    vertex -9.965925216674805 11.176471710205078 9.258818626403809
    vertex -9.965925216674805 16.794116973876953 9.258818626403809
  endloop
endfacet
facet normal 0.0 0.0 0.0
  outer loop
    vertex -9.965925216674805 16.794116973876953 9.258818626403809
    vertex -9.965925216674805 11.176471710205078 9.258818626403809
    vertex -9.8660249710083 16.794116973876953 9.499999046325684
  endloop
endfacet
facet normal 0.0 0.0 0.0
  outer loop
    vertex -9.965925216674805 16.794116973876953 9.258818626403809
    vertex -9.8660249710083 16.794116973876953 9.499999046325684
    vertex -9.8660249710083 22.41176414489746 9.499999046325684
  endloop
endfacet
facet normal 0.0 0.0 0.0
  outer loop
    vertex -9.8660249710083 22.41176414489746 9.499999046325684
    vertex -9.8660249710083 16.794116973876953 9.499999046325684
    vertex -9.70710563659668 22.41176414489746 9.707106590270996
  endloop
endfacet
facet normal 0.0 0.0 0.0
  outer loop
    vertex -9.8660249710083 22.41176414489746 9.499999046325684
    vertex -9.70710563659668 22.41176414489746 9.707106590270996
    vertex -9.70710563659668 28.02941131591797 9.707106590270996
  endloop
endfacet
facet normal 0.0 0.0 0.0
  outer loop
    vertex -9.70710563659668 28.02941131591797 9.707106590270996
    vertex -9.70710563659668 22.41176414489746 9.707106590270996
    vertex -9.499999046325684 28.02941131591797 9.866026878356934
  endloop
endfacet
facet normal 0.0 0.0 0.0
  outer loop
    vertex -9.70710563659668 28.02941131591797 9.707106590270996
    vertex -9.499999046325684 28.02941131591797 9.866026878356934
    vertex -9.499999046325684 33.647056579589844 9.866026878356934
  endloop
endfacet
facet normal 0.0 0.0 0.0
  outer loop
    vertex -9.499999046325684 33.647056579589844 9.866026878356934
    vertex -9.499999046325684 28.02941131591797 9.866026878356934
    vertex -9.258818626403809 33.647056579589844 9.965926170349121
  endloop
endfacet
facet normal 0.0 0.0 0.0
  outer loop
    vertex -9.499999046325684 33.647056579589844 9.866026878356934
    vertex -9.258818626403809 33.647056579589844 9.965926170349121
    vertex -9.258818626403809 39.264705657958984 9.965926170349121
  endloop
endfacet
facet normal 0.0 0.0 0.0
  outer loop
    vertex -9.258818626403809 39.264705657958984 9.965926170349121
    vertex -9.258818626403809 33.647056579589844 9.965926170349121
    vertex -8.999999046325684 50.5 9.999999046325684
  endloop
endfacet
facet normal 0.0 0.0 0.0
  outer loop
    vertex -9.258818626403809 39.264705657958984 9.965926170349121
    vertex -8.999999046325684 50.5 9.999999046325684
    vertex -9.258818626403809 44.882354736328125 9.965926170349121
  endloop
endfacet
facet normal 0.0 0.0 0.0
  outer loop
    vertex -9.258818626403809 44.882354736328125 9.965926170349121
    vertex -8.999999046325684 50.5 9.999999046325684
    vertex -9.258818626403809 50.5 9.965926170349121
  endloop
endfacet
facet normal 0.0 0.0 0.0
  outer loop
    vertex -9.258818626403809 44.882354736328125 9.965926170349121
    vertex -9.258818626403809 50.5 9.965926170349121
    vertex -9.499999046325684 44.882354736328125 9.866026878356934
  endloop
endfacet
facet normal 0.0 0.0 0.0
  outer loop
    vertex -9.499999046325684 44.882354736328125 9.866026878356934
    vertex -9.258818626403809 50.5 9.965926170349121
    vertex -9.499999046325684 50.5 9.866026878356934
  endloop
endfacet
facet normal 0.0 0.0 0.0
  outer loop
    vertex -9.499999046325684 44.882354736328125 9.866026878356934
    vertex -9.499999046325684 50.5 9.866026878356934
    vertex -9.70710563659668 44.882354736328125 9.707106590270996
  endloop
endfacet
facet normal 0.0 0.0 0.0
  outer loop
    vertex -9.70710563659668 44.882354736328125 9.707106590270996
    vertex -9.499999046325684 50.5 9.866026878356934
    vertex -9.70710563659668 50.5 9.707106590270996
  endloop
endfacet
facet normal 0.0 0.0 0.0
  outer loop
    vertex -9.70710563659668 44.882354736328125 9.707106590270996
    vertex -9.70710563659668 50.5 9.707106590270996
    vertex -9.8660249710083 44.882354736328125 9.499999046325684
  endloop
endfacet
facet normal 0.0 0.0 0.0
  outer loop
    vertex -9.8660249710083 44.882354736328125 9.499999046325684
    vertex -9.70710563659668 50.5 9.707106590270996
    vertex -9.8660249710083 50.5 9.499999046325684
  endloop
endfacet
facet normal 0.0 0.0 0.0
  outer loop
    vertex -9.8660249710083 44.882354736328125 9.499999046325684
    vertex -9.8660249710083 50.5 9.499999046325684
    vertex -9.965925216674805 44.882354736328125 9.258818626403809
  endloop
endfacet
facet normal 0.0 0.0 0.0
  outer loop
    vertex -9.965925216674805 44.882354736328125 9.258818626403809
    vertex -9.8660249710083 50.5 9.499999046325684
    vertex -9.965925216674805 50.5 9.258818626403809
  endloop
endfacet
facet normal 0.0 0.0 0.0
  outer loop
    vertex -9.965925216674805 44.882354736328125 9.258818626403809
    vertex -9.965925216674805 50.5 9.258818626403809
    vertex -9.999999046325684 50.5 8.999999046325684
  endloop
endfacet
facet normal 0.0 0.0 0.0
  outer loop
    vertex -9.965925216674805 -45.0 9.258818626403809
    vertex -9.965925216674805 -39.382354736328125 9.258818626403809
    vertex -9.999999046325684 -45.0 8.999999046325684
  endloop
endfacet
facet normal 0.0 0.0 0.0
  outer loop
    vertex -9.999999046325684 -45.0 8.999999046325684
    vertex -9.965925216674805 -39.382354736328125 9.258818626403809
    vertex -9.965925216674805 -33.76470947265625 9.258818626403809
  endloop
endfacet
facet normal 0.0 0.0 0.0
  outer loop
    vertex -9.999999046325684 -45.0 8.999999046325684
    vertex -9.965925216674805 -33.76470947265625 9.258818626403809
    vertex -9.965925216674805 -28.147056579589844 9.258818626403809
  endloop
endfacet
facet normal 0.0 0.0 0.0
  outer loop
    vertex -9.965925216674805 -28.147056579589844 9.258818626403809
    vertex -9.965925216674805 -33.76470947265625 9.258818626403809
    vertex -9.8660249710083 -28.147056579589844 9.499999046325684
  endloop
endfacet
facet normal 0.0 0.0 0.0
  outer loop
    vertex -9.965925216674805 -28.147056579589844 9.258818626403809
    vertex -9.8660249710083 -28.147056579589844 9.499999046325684
    vertex -9.8660249710083 -22.52941131591797 9.499999046325684
  endloop
endfacet
facet normal 0.0 0.0 0.0
  outer loop
    vertex -9.8660249710083 -22.52941131591797 9.499999046325684
    vertex -9.8660249710083 -28.147056579589844 9.499999046325684
    vertex -9.70710563659668 -22.52941131591797 9.707106590270996
  endloop
endfacet
facet normal 0.0 0.0 0.0
  outer loop
    vertex -9.8660249710083 -22.52941131591797 9.499999046325684
    vertex -9.70710563659668 -22.52941131591797 9.707106590270996
    vertex -9.70710563659668 -16.911766052246094 9.707106590270996
  endloop
endfacet
facet normal 0.0 0.0 0.0
  outer loop
    vertex -9.70710563659668 -16.911766052246094 9.707106590270996
    vertex -9.70710563659668 -22.52941131591797 9.707106590270996
    vertex -9.499999046325684 -16.911766052246094 9.866026878356934
  endloop
endfacet
facet normal 0.0 0.0 0.0
  outer loop
    vertex -9.70710563659668 -16.911766052246094 9.707106590270996
    vertex -9.499999046325684 -16.911766052246094 9.866026878356934
    vertex -9.499999046325684 -11.294116973876953 9.866026878356934
  endloop
endfacet
facet normal 0.0 0.0 0.0
  outer loop
    vertex -9.499999046325684 -11.294116973876953 9.866026878356934
    vertex -9.499999046325684 -16.911766052246094 9.866026878356934
    vertex -9.258818626403809 -11.294116973876953 9.965926170349121
  endloop
endfacet
facet normal 0.0 0.0 0.0
  outer loop
    vertex -9.499999046325684 -11.294116973876953 9.866026878356934
    vertex -9.258818626403809 -11.294116973876953 9.965926170349121
    vertex -9.258818626403809 -5.676471710205078 9.965926170349121
  endloop
endfacet
facet normal 0.0 0.0 0.0
  outer loop
    vertex -9.258818626403809 -5.676471710205078 9.965926170349121
    vertex -9.258818626403809 -11.294116973876953 9.965926170349121
    vertex -8.999999046325684 -45.0 9.999999046325684
  endloop
endfacet
facet normal 0.0 0.0 0.0
  outer loop
    vertex -9.258818626403809 -5.676471710205078 9.965926170349121
    vertex -8.999999046325684 -45.0 9.999999046325684
    vertex -9.258818626403809 -0.0588226318359375 9.965926170349121
  endloop
endfacet
facet normal 0.0 0.0 0.0
  outer loop
    vertex -9.258818626403809 -0.0588226318359375 9.965926170349121
    vertex -8.999999046325684 -45.0 9.999999046325684
    vertex -8.999999046325684 50.5 9.999999046325684
  endloop
endfacet
facet normal 0.0 0.0 0.0
  outer loop
    vertex -9.258818626403809 -0.0588226318359375 9.965926170349121
    vertex -8.999999046325684 50.5 9.999999046325684
    vertex -9.258818626403809 5.5588226318359375 9.965926170349121
  endloop
endfacet
facet normal 0.0 0.0 0.0
  outer loop
    vertex -9.258818626403809 5.5588226318359375 9.965926170349121
    vertex -8.999999046325684 50.5 9.999999046325684
    vertex -9.258818626403809 11.176471710205078 9.965926170349121
  endloop
endfacet
facet normal 0.0 0.0 0.0
  outer loop
    vertex -9.258818626403809 5.5588226318359375 9.965926170349121
    vertex -9.258818626403809 11.176471710205078 9.965926170349121
    vertex -9.499999046325684 5.5588226318359375 9.866026878356934
  endloop
endfacet
facet normal 0.0 0.0 0.0
  outer loop
    vertex -9.499999046325684 5.5588226318359375 9.866026878356934
    vertex -9.258818626403809 11.176471710205078 9.965926170349121
    vertex -9.499999046325684 11.176471710205078 9.866026878356934
  endloop
endfacet
facet normal 0.0 0.0 0.0
  outer loop
    vertex -9.499999046325684 5.5588226318359375 9.866026878356934
    vertex -9.499999046325684 11.176471710205078 9.866026878356934
    vertex -9.70710563659668 5.5588226318359375 9.707106590270996
  endloop
endfacet
facet normal 0.0 0.0 0.0
  outer loop
    vertex -9.70710563659668 5.5588226318359375 9.707106590270996
    vertex -9.499999046325684 11.176471710205078 9.866026878356934
    vertex -9.70710563659668 11.176471710205078 9.707106590270996
  endloop
endfacet
facet normal 0.0 0.0 0.0
  outer loop
    vertex -9.70710563659668 5.5588226318359375 9.707106590270996
    vertex -9.70710563659668 11.176471710205078 9.707106590270996
    vertex -9.8660249710083 5.5588226318359375 9.499999046325684
  endloop
endfacet
facet normal 0.0 0.0 0.0
  outer loop
    vertex -9.8660249710083 5.5588226318359375 9.499999046325684
    vertex -9.70710563659668 11.176471710205078 9.707106590270996
    vertex -9.8660249710083 11.176471710205078 9.499999046325684
  endloop
endfacet
facet normal 0.0 0.0 0.0
  outer loop
    vertex -9.8660249710083 5.5588226318359375 9.499999046325684
    vertex -9.8660249710083 11.176471710205078 9.499999046325684
    vertex -9.965925216674805 5.5588226318359375 9.258818626403809
  endloop
endfacet
facet normal 0.0 0.0 0.0
  outer loop
    vertex -9.965925216674805 5.5588226318359375 9.258818626403809
    vertex -9.8660249710083 11.176471710205078 9.499999046325684
    vertex -9.965925216674805 11.176471710205078 9.258818626403809
  endloop
endfacet
facet normal 0.0 0.0 0.0
  outer loop
    vertex -9.965925216674805 -39.382354736328125 9.258818626403809
    vertex -9.965925216674805 -45.0 9.258818626403809
    vertex -9.8660249710083 -39.382354736328125 9.499999046325684
  endloop
endfacet
facet normal 0.0 0.0 0.0
  outer loop
    vertex -9.8660249710083 -39.382354736328125 9.499999046325684
    vertex -9.965925216674805 -45.0 9.258818626403809
    vertex -9.8660249710083 -45.0 9.499999046325684
  endloop
endfacet
facet normal 0.0 0.0 0.0
  outer loop
    vertex -9.8660249710083 -39.382354736328125 9.499999046325684
    vertex -9.8660249710083 -45.0 9.499999046325684
    vertex -9.70710563659668 -39.382354736328125 9.707106590270996
  endloop
endfacet
facet normal 0.0 0.0 0.0
  outer loop
    vertex -9.70710563659668 -39.382354736328125 9.707106590270996
    vertex -9.8660249710083 -45.0 9.499999046325684
    vertex -9.70710563659668 -45.0 9.707106590270996
  endloop
endfacet
facet normal 0.0 0.0 0.0
  outer loop
    vertex -9.70710563659668 -39.382354736328125 9.707106590270996
    vertex -9.70710563659668 -45.0 9.707106590270996
    vertex -9.499999046325684 -39.382354736328125 9.866026878356934
  endloop
endfacet
facet normal 0.0 0.0 0.0
  outer loop
    vertex -9.499999046325684 -39.382354736328125 9.866026878356934
    vertex -9.70710563659668 -45.0 9.707106590270996
    vertex -9.499999046325684 -45.0 9.866026878356934
  endloop
endfacet
facet normal 0.0 0.0 0.0
  outer loop
    vertex -9.499999046325684 -39.382354736328125 9.866026878356934
    vertex -9.499999046325684 -45.0 9.866026878356934
    vertex -9.258818626403809 -39.382354736328125 9.965926170349121
  endloop
endfacet
facet normal 0.0 0.0 0.0
  outer loop
    vertex -9.258818626403809 -39.382354736328125 9.965926170349121
    vertex -9.499999046325684 -45.0 9.866026878356934
    vertex -9.258818626403809 -45.0 9.965926170349121
  endloop
endfacet
facet normal 0.0 0.0 0.0
  outer loop
    vertex -9.258818626403809 -39.382354736328125 9.965926170349121
    vertex -9.258818626403809 -45.0 9.965926170349121
    vertex -8.999999046325684 -45.0 9.999999046325684
  endloop
endfacet
facet normal 0.0 0.0 0.0
  outer loop
    vertex -9.965925216674805 -33.76470947265625 9.258818626403809
    vertex -9.965925216674805 -39.382354736328125 9.258818626403809
    vertex -9.8660249710083 -33.76470947265625 9.499999046325684
  endloop
endfacet
facet normal 0.0 0.0 0.0
  outer loop
    vertex -9.8660249710083 -33.76470947265625 9.499999046325684
    vertex -9.965925216674805 -39.382354736328125 9.258818626403809
    vertex -9.8660249710083 -39.382354736328125 9.499999046325684
  endloop
endfacet
facet normal 0.0 0.0 0.0
  outer loop
    vertex -9.8660249710083 -33.76470947265625 9.499999046325684
    vertex -9.8660249710083 -39.382354736328125 9.499999046325684
    vertex -9.70710563659668 -33.76470947265625 9.707106590270996
  endloop
endfacet
facet normal 0.0 0.0 0.0
  outer loop
    vertex -9.70710563659668 -33.76470947265625 9.707106590270996
    vertex -9.8660249710083 -39.382354736328125 9.499999046325684
    vertex -9.70710563659668 -39.382354736328125 9.707106590270996
  endloop
endfacet
facet normal 0.0 0.0 0.0
  outer loop
    vertex -9.70710563659668 -33.76470947265625 9.707106590270996
    vertex -9.70710563659668 -39.382354736328125 9.707106590270996
    vertex -9.499999046325684 -33.76470947265625 9.866026878356934
  endloop
endfacet
facet normal 0.0 0.0 0.0
  outer loop
    vertex -9.499999046325684 -33.76470947265625 9.866026878356934
    vertex -9.70710563659668 -39.382354736328125 9.707106590270996
    vertex -9.499999046325684 -39.382354736328125 9.866026878356934
  endloop
endfacet
facet normal 0.0 0.0 0.0
  outer loop
    vertex -9.499999046325684 -33.76470947265625 9.866026878356934
    vertex -9.499999046325684 -39.382354736328125 9.866026878356934
    vertex -9.258818626403809 -33.76470947265625 9.965926170349121
  endloop
endfacet
facet normal 0.0 0.0 0.0
  outer loop
    vertex -9.258818626403809 -33.76470947265625 9.965926170349121
    vertex -9.499999046325684 -39.382354736328125 9.866026878356934
    vertex -9.258818626403809 -39.382354736328125 9.965926170349121
  endloop
endfacet
facet normal 0.0 0.0 0.0
  outer loop
    vertex -9.258818626403809 -33.76470947265625 9.965926170349121
    vertex -9.258818626403809 -39.382354736328125 9.965926170349121
    vertex -8.999999046325684 -45.0 9.999999046325684
  endloop
endfacet
facet normal 0.0 0.0 0.0
  outer loop
    vertex -9.965925216674805 -28.147056579589844 9.258818626403809
    vertex -9.965925216674805 -22.52941131591797 9.258818626403809
    vertex -9.999999046325684 -45.0 8.999999046325684
  endloop
endfacet
facet normal 0.0 0.0 0.0
  outer loop
    vertex -9.999999046325684 -45.0 8.999999046325684
    vertex -9.965925216674805 -22.52941131591797 9.258818626403809
    vertex -9.965925216674805 -16.911766052246094 9.258818626403809
  endloop
endfacet
facet normal 0.0 0.0 0.0
  outer loop
    vertex -9.999999046325684 -45.0 8.999999046325684
    vertex -9.965925216674805 -16.911766052246094 9.258818626403809
    vertex -9.965925216674805 -11.294116973876953 9.258818626403809
  endloop
endfacet
facet normal 0.0 0.0 0.0
  outer loop
    vertex -9.965925216674805 -11.294116973876953 9.258818626403809
    vertex -9.965925216674805 -16.911766052246094 9.258818626403809
    vertex -9.8660249710083 -11.294116973876953 9.499999046325684
  endloop
endfacet
facet normal 0.0 0.0 0.0
  outer loop
    vertex -9.965925216674805 -11.294116973876953 9.258818626403809
    vertex -9.8660249710083 -11.294116973876953 9.499999046325684
    vertex -9.8660249710083 -5.676471710205078 9.499999046325684
  endloop
endfacet
facet normal 0.0 0.0 0.0
  outer loop
    vertex -9.8660249710083 -5.676471710205078 9.499999046325684
    vertex -9.8660249710083 -11.294116973876953 9.499999046325684
    vertex -9.70710563659668 -5.676471710205078 9.707106590270996
  endloop
endfacet
facet normal 0.0 0.0 0.0
  outer loop
    vertex -9.8660249710083 -5.676471710205078 9.499999046325684
    vertex -9.70710563659668 -5.676471710205078 9.707106590270996
    vertex -9.70710563659668 -0.0588226318359375 9.707106590270996
  endloop
endfacet
facet normal 0.0 0.0 0.0
  outer loop
    vertex -9.70710563659668 -0.0588226318359375 9.707106590270996
    vertex -9.70710563659668 -5.676471710205078 9.707106590270996
    vertex -9.499999046325684 -0.0588226318359375 9.866026878356934
  endloop
endfacet
facet normal 0.0 0.0 0.0
  outer loop
    vertex -9.70710563659668 -0.0588226318359375 9.707106590270996
    vertex -9.499999046325684 -0.0588226318359375 9.866026878356934
    vertex -9.499999046325684 5.5588226318359375 9.866026878356934
  endloop
endfacet
facet normal 0.0 0.0 0.0
  outer loop
    vertex -9.499999046325684 5.5588226318359375 9.866026878356934
    vertex -9.499999046325684 -0.0588226318359375 9.866026878356934
    vertex -9.258818626403809 5.5588226318359375 9.965926170349121
  endloop
endfacet
facet normal 0.0 0.0 0.0
  outer loop
    vertex -9.965925216674805 -28.147056579589844 9.258818626403809
    vertex -9.8660249710083 -22.52941131591797 9.499999046325684
    vertex -9.965925216674805 -22.52941131591797 9.258818626403809
  endloop
endfacet
facet normal 0.0 0.0 0.0
  outer loop
    vertex -9.965925216674805 -22.52941131591797 9.258818626403809
    vertex -9.8660249710083 -22.52941131591797 9.499999046325684
    vertex -9.8660249710083 -16.911766052246094 9.499999046325684
  endloop
endfacet
facet normal 0.0 0.0 0.0
  outer loop
    vertex -9.965925216674805 -22.52941131591797 9.258818626403809
    vertex -9.8660249710083 -16.911766052246094 9.499999046325684
    vertex -9.965925216674805 -16.911766052246094 9.258818626403809
  endloop
endfacet
facet normal 0.0 0.0 0.0
  outer loop
    vertex -9.965925216674805 -16.911766052246094 9.258818626403809
    vertex -9.8660249710083 -16.911766052246094 9.499999046325684
    vertex -9.8660249710083 -11.294116973876953 9.499999046325684
  endloop
endfacet
facet normal 0.0 0.0 0.0
  outer loop
    vertex -9.965925216674805 -11.294116973876953 9.258818626403809
    vertex -9.965925216674805 -5.676471710205078 9.258818626403809
    vertex -9.999999046325684 -45.0 8.999999046325684
  endloop
endfacet
facet normal 0.0 0.0 0.0
  outer loop
    vertex -9.999999046325684 -45.0 8.999999046325684
    vertex -9.965925216674805 -5.676471710205078 9.258818626403809
    vertex -9.965925216674805 -0.0588226318359375 9.258818626403809
  endloop
endfacet
facet normal 0.0 0.0 0.0
  outer loop
    vertex -9.999999046325684 -45.0 8.999999046325684
    vertex -9.965925216674805 -0.0588226318359375 9.258818626403809
    vertex -9.965925216674805 5.5588226318359375 9.258818626403809
  endloop
endfacet
facet normal 0.0 0.0 0.0
  outer loop
    vertex -9.965925216674805 5.5588226318359375 9.258818626403809
    vertex -9.965925216674805 -0.0588226318359375 9.258818626403809
    vertex -9.8660249710083 5.5588226318359375 9.499999046325684
  endloop
endfacet
facet normal 0.0 0.0 0.0
  outer loop
    vertex -9.965925216674805 -11.294116973876953 9.258818626403809
    vertex -9.8660249710083 -5.676471710205078 9.499999046325684
    vertex -9.965925216674805 -5.676471710205078 9.258818626403809
  endloop
endfacet
facet normal 0.0 0.0 0.0
  outer loop
    vertex -9.965925216674805 -5.676471710205078 9.258818626403809
    vertex -9.8660249710083 -5.676471710205078 9.499999046325684
    vertex -9.8660249710083 -0.0588226318359375 9.499999046325684
  endloop
endfacet
facet normal 0.0 0.0 0.0
  outer loop
    vertex -9.965925216674805 -5.676471710205078 9.258818626403809
    vertex -9.8660249710083 -0.0588226318359375 9.499999046325684
    vertex -9.965925216674805 -0.0588226318359375 9.258818626403809
  endloop
endfacet
facet normal 0.0 0.0 0.0
  outer loop
    vertex -9.965925216674805 -0.0588226318359375 9.258818626403809
    vertex -9.8660249710083 -0.0588226318359375 9.499999046325684
    vertex -9.8660249710083 5.5588226318359375 9.499999046325684
  endloop
endfacet
facet normal 0.0 0.0 0.0
  outer loop
    vertex -9.8660249710083 16.794116973876953 9.499999046325684
    vertex -9.965925216674805 11.176471710205078 9.258818626403809
    vertex -9.8660249710083 11.176471710205078 9.499999046325684
  endloop
endfacet
facet normal 0.0 0.0 0.0
  outer loop
    vertex -9.965925216674805 16.794116973876953 9.258818626403809
    vertex -9.965925216674805 22.41176414489746 9.258818626403809
    vertex -9.999999046325684 50.5 8.999999046325684
  endloop
endfacet
facet normal 0.0 0.0 0.0
  outer loop
    vertex -9.999999046325684 50.5 8.999999046325684
    vertex -9.965925216674805 22.41176414489746 9.258818626403809
    vertex -9.965925216674805 28.02941131591797 9.258818626403809
  endloop
endfacet
facet normal 0.0 0.0 0.0
  outer loop
    vertex -9.999999046325684 50.5 8.999999046325684
    vertex -9.965925216674805 28.02941131591797 9.258818626403809
    vertex -9.965925216674805 33.647056579589844 9.258818626403809
  endloop
endfacet
facet normal 0.0 0.0 0.0
  outer loop
    vertex -9.965925216674805 33.647056579589844 9.258818626403809
    vertex -9.965925216674805 28.02941131591797 9.258818626403809
    vertex -9.8660249710083 33.647056579589844 9.499999046325684
  endloop
endfacet
facet normal 0.0 0.0 0.0
  outer loop
    vertex -9.965925216674805 33.647056579589844 9.258818626403809
    vertex -9.8660249710083 33.647056579589844 9.499999046325684
    vertex -9.8660249710083 39.264705657958984 9.499999046325684
  endloop
endfacet
facet normal 0.0 0.0 0.0
  outer loop
    vertex -9.8660249710083 39.264705657958984 9.499999046325684
    vertex -9.8660249710083 33.647056579589844 9.499999046325684
    vertex -9.70710563659668 39.264705657958984 9.707106590270996
  endloop
endfacet
facet normal 0.0 0.0 0.0
  outer loop
    vertex -9.8660249710083 39.264705657958984 9.499999046325684
    vertex -9.70710563659668 39.264705657958984 9.707106590270996
    vertex -9.70710563659668 44.882354736328125 9.707106590270996
  endloop
endfacet
facet normal 0.0 0.0 0.0
  outer loop
    vertex -9.70710563659668 44.882354736328125 9.707106590270996
    vertex -9.70710563659668 39.264705657958984 9.707106590270996
    vertex -9.499999046325684 44.882354736328125 9.866026878356934
  endloop
endfacet
facet normal 0.0 0.0 0.0
  outer loop
    vertex -9.965925216674805 16.794116973876953 9.258818626403809
    vertex -9.8660249710083 22.41176414489746 9.499999046325684
    vertex -9.965925216674805 22.41176414489746 9.258818626403809
  endloop
endfacet
facet normal 0.0 0.0 0.0
  outer loop
    vertex -9.965925216674805 22.41176414489746 9.258818626403809
    vertex -9.8660249710083 22.41176414489746 9.499999046325684
    vertex -9.8660249710083 28.02941131591797 9.499999046325684
  endloop
endfacet
facet normal 0.0 0.0 0.0
  outer loop
    vertex -9.965925216674805 22.41176414489746 9.258818626403809
    vertex -9.8660249710083 28.02941131591797 9.499999046325684
    vertex -9.965925216674805 28.02941131591797 9.258818626403809
  endloop
endfacet
facet normal 0.0 0.0 0.0
  outer loop
    vertex -9.965925216674805 28.02941131591797 9.258818626403809
    vertex -9.8660249710083 28.02941131591797 9.499999046325684
    vertex -9.8660249710083 33.647056579589844 9.499999046325684
  endloop
endfacet
facet normal 0.0 0.0 0.0
  outer loop
    vertex -9.965925216674805 44.882354736328125 9.258818626403809
    vertex -9.999999046325684 50.5 8.999999046325684
    vertex -9.965925216674805 39.264705657958984 9.258818626403809
  endloop
endfacet
facet normal 0.0 0.0 0.0
  outer loop
    vertex -9.965925216674805 39.264705657958984 9.258818626403809
    vertex -9.999999046325684 50.5 8.999999046325684
    vertex -9.965925216674805 33.647056579589844 9.258818626403809
  endloop
endfacet
facet normal 0.0 0.0 0.0
  outer loop
    vertex -9.965925216674805 39.264705657958984 9.258818626403809
    vertex -9.965925216674805 33.647056579589844 9.258818626403809
    vertex -9.8660249710083 39.264705657958984 9.499999046325684
  endloop
endfacet
facet normal 0.0 0.0 0.0
  outer loop
    vertex -9.8660249710083 44.882354736328125 9.499999046325684
    vertex -9.965925216674805 44.882354736328125 9.258818626403809
    vertex -9.965925216674805 39.264705657958984 9.258818626403809
  endloop
endfacet
facet normal 0.0 0.0 0.0
  outer loop
    vertex -9.8660249710083 44.882354736328125 9.499999046325684
    vertex -9.965925216674805 39.264705657958984 9.258818626403809
    vertex -9.8660249710083 39.264705657958984 9.499999046325684
  endloop
endfacet
facet normal 0.0 0.0 0.0
  outer loop
    vertex -9.965925216674805 -33.76470947265625 9.258818626403809
    vertex -9.8660249710083 -33.76470947265625 9.499999046325684
    vertex -9.8660249710083 -28.147056579589844 9.499999046325684
  endloop
endfacet
facet normal 0.0 0.0 0.0
  outer loop
    vertex -9.8660249710083 -28.147056579589844 9.499999046325684
    vertex -9.8660249710083 -33.76470947265625 9.499999046325684
    vertex -9.70710563659668 -28.147056579589844 9.707106590270996
  endloop
endfacet
facet normal 0.0 0.0 0.0
  outer loop
    vertex -9.8660249710083 -28.147056579589844 9.499999046325684
    vertex -9.70710563659668 -28.147056579589844 9.707106590270996
    vertex -9.70710563659668 -22.52941131591797 9.707106590270996
  endloop
endfacet
facet normal 0.0 0.0 0.0
  outer loop
    vertex -9.70710563659668 -22.52941131591797 9.707106590270996
    vertex -9.70710563659668 -28.147056579589844 9.707106590270996
    vertex -9.499999046325684 -22.52941131591797 9.866026878356934
  endloop
endfacet
facet normal 0.0 0.0 0.0
  outer loop
    vertex -9.70710563659668 -22.52941131591797 9.707106590270996
    vertex -9.499999046325684 -22.52941131591797 9.866026878356934
    vertex -9.499999046325684 -16.911766052246094 9.866026878356934
  endloop
endfacet
facet normal 0.0 0.0 0.0
  outer loop
    vertex -9.499999046325684 -16.911766052246094 9.866026878356934
    vertex -9.499999046325684 -22.52941131591797 9.866026878356934
    vertex -9.258818626403809 -16.911766052246094 9.965926170349121
  endloop
endfacet
facet normal 0.0 0.0 0.0
  outer loop
    vertex -9.499999046325684 -16.911766052246094 9.866026878356934
    vertex -9.258818626403809 -16.911766052246094 9.965926170349121
    vertex -9.258818626403809 -11.294116973876953 9.965926170349121
  endloop
endfacet
facet normal 0.0 0.0 0.0
  outer loop
    vertex -9.258818626403809 -11.294116973876953 9.965926170349121
    vertex -9.258818626403809 -16.911766052246094 9.965926170349121
    vertex -8.999999046325684 -45.0 9.999999046325684
  endloop
endfacet
facet normal 0.0 0.0 0.0
  outer loop
    vertex -9.70710563659668 -28.147056579589844 9.707106590270996
    vertex -9.8660249710083 -33.76470947265625 9.499999046325684
    vertex -9.70710563659668 -33.76470947265625 9.707106590270996
  endloop
endfacet
facet normal 0.0 0.0 0.0
  outer loop
    vertex -9.8660249710083 -22.52941131591797 9.499999046325684
    vertex -9.70710563659668 -16.911766052246094 9.707106590270996
    vertex -9.8660249710083 -16.911766052246094 9.499999046325684
  endloop
endfacet
facet normal 0.0 0.0 0.0
  outer loop
    vertex -9.8660249710083 -16.911766052246094 9.499999046325684
    vertex -9.70710563659668 -16.911766052246094 9.707106590270996
    vertex -9.70710563659668 -11.294116973876953 9.707106590270996
  endloop
endfacet
facet normal 0.0 0.0 0.0
  outer loop
    vertex -9.8660249710083 -16.911766052246094 9.499999046325684
    vertex -9.70710563659668 -11.294116973876953 9.707106590270996
    vertex -9.8660249710083 -11.294116973876953 9.499999046325684
  endloop
endfacet
facet normal 0.0 0.0 0.0
  outer loop
    vertex -9.8660249710083 -11.294116973876953 9.499999046325684
    vertex -9.70710563659668 -11.294116973876953 9.707106590270996
    vertex -9.70710563659668 -5.676471710205078 9.707106590270996
  endloop
endfacet
facet normal 0.0 0.0 0.0
  outer loop
    vertex -9.70710563659668 5.5588226318359375 9.707106590270996
    vertex -9.8660249710083 5.5588226318359375 9.499999046325684
    vertex -9.8660249710083 -0.0588226318359375 9.499999046325684
  endloop
endfacet
facet normal 0.0 0.0 0.0
  outer loop
    vertex -9.70710563659668 5.5588226318359375 9.707106590270996
    vertex -9.8660249710083 -0.0588226318359375 9.499999046325684
    vertex -9.70710563659668 -0.0588226318359375 9.707106590270996
  endloop
endfacet
facet normal 0.0 0.0 0.0
  outer loop
    vertex -9.70710563659668 -0.0588226318359375 9.707106590270996
    vertex -9.8660249710083 -0.0588226318359375 9.499999046325684
    vertex -9.8660249710083 -5.676471710205078 9.499999046325684
  endloop
endfacet
facet normal 0.0 0.0 0.0
  outer loop
    vertex -9.8660249710083 16.794116973876953 9.499999046325684
    vertex -9.8660249710083 11.176471710205078 9.499999046325684
    vertex -9.70710563659668 16.794116973876953 9.707106590270996
  endloop
endfacet
facet normal 0.0 0.0 0.0
  outer loop
    vertex -9.70710563659668 16.794116973876953 9.707106590270996
    vertex -9.8660249710083 11.176471710205078 9.499999046325684
    vertex -9.70710563659668 11.176471710205078 9.707106590270996
  endloop
endfacet
facet normal 0.0 0.0 0.0
  outer loop
    vertex -9.70710563659668 16.794116973876953 9.707106590270996
    vertex -9.70710563659668 11.176471710205078 9.707106590270996
    vertex -9.499999046325684 16.794116973876953 9.866026878356934
  endloop
endfacet
facet normal 0.0 0.0 0.0
  outer loop
    vertex -9.499999046325684 16.794116973876953 9.866026878356934
    vertex -9.70710563659668 11.176471710205078 9.707106590270996
    vertex -9.499999046325684 11.176471710205078 9.866026878356934
  endloop
endfacet
facet normal 0.0 0.0 0.0
  outer loop
    vertex -9.499999046325684 16.794116973876953 9.866026878356934
    vertex -9.499999046325684 11.176471710205078 9.866026878356934
    vertex -9.258818626403809 16.794116973876953 9.965926170349121
  endloop
endfacet
facet normal 0.0 0.0 0.0
  outer loop
    vertex -9.258818626403809 16.794116973876953 9.965926170349121
    vertex -9.499999046325684 11.176471710205078 9.866026878356934
    vertex -9.258818626403809 11.176471710205078 9.965926170349121
  endloop
endfacet
facet normal 0.0 0.0 0.0
  outer loop
    vertex -9.258818626403809 16.794116973876953 9.965926170349121
    vertex -9.258818626403809 11.176471710205078 9.965926170349121
    vertex -8.999999046325684 50.5 9.999999046325684
  endloop
endfacet
facet normal 0.0 0.0 0.0
  outer loop
    vertex -9.8660249710083 22.41176414489746 9.499999046325684
    vertex -9.70710563659668 28.02941131591797 9.707106590270996
    vertex -9.8660249710083 28.02941131591797 9.499999046325684
  endloop
endfacet
facet normal 0.0 0.0 0.0
  outer loop
    vertex -9.8660249710083 28.02941131591797 9.499999046325684
    vertex -9.70710563659668 28.02941131591797 9.707106590270996
    vertex -9.70710563659668 33.647056579589844 9.707106590270996
  endloop
endfacet
facet normal 0.0 0.0 0.0
  outer loop
    vertex -9.8660249710083 28.02941131591797 9.499999046325684
    vertex -9.70710563659668 33.647056579589844 9.707106590270996
    vertex -9.8660249710083 33.647056579589844 9.499999046325684
  endloop
endfacet
facet normal 0.0 0.0 0.0
  outer loop
    vertex -9.8660249710083 33.647056579589844 9.499999046325684
    vertex -9.70710563659668 33.647056579589844 9.707106590270996
    vertex -9.70710563659668 39.264705657958984 9.707106590270996
  endloop
endfacet
facet normal 0.0 0.0 0.0
  outer loop
    vertex -9.70710563659668 44.882354736328125 9.707106590270996
    vertex -9.8660249710083 44.882354736328125 9.499999046325684
    vertex -9.8660249710083 39.264705657958984 9.499999046325684
  endloop
endfacet
facet normal 0.0 0.0 0.0
  outer loop
    vertex -9.70710563659668 -28.147056579589844 9.707106590270996
    vertex -9.70710563659668 -33.76470947265625 9.707106590270996
    vertex -9.499999046325684 -28.147056579589844 9.866026878356934
  endloop
endfacet
facet normal 0.0 0.0 0.0
  outer loop
    vertex -9.499999046325684 -28.147056579589844 9.866026878356934
    vertex -9.70710563659668 -33.76470947265625 9.707106590270996
    vertex -9.499999046325684 -33.76470947265625 9.866026878356934
  endloop
endfacet
facet normal 0.0 0.0 0.0
  outer loop
    vertex -9.499999046325684 -28.147056579589844 9.866026878356934
    vertex -9.499999046325684 -33.76470947265625 9.866026878356934
    vertex -9.258818626403809 -28.147056579589844 9.965926170349121
  endloop
endfacet
facet normal 0.0 0.0 0.0
  outer loop
    vertex -9.258818626403809 -28.147056579589844 9.965926170349121
    vertex -9.499999046325684 -33.76470947265625 9.866026878356934
    vertex -9.258818626403809 -33.76470947265625 9.965926170349121
  endloop
endfacet
facet normal 0.0 0.0 0.0
  outer loop
    vertex -9.258818626403809 -28.147056579589844 9.965926170349121
    vertex -9.258818626403809 -33.76470947265625 9.965926170349121
    vertex -8.999999046325684 -45.0 9.999999046325684
  endloop
endfacet
facet normal 0.0 0.0 0.0
  outer loop
    vertex -9.70710563659668 -16.911766052246094 9.707106590270996
    vertex -9.499999046325684 -11.294116973876953 9.866026878356934
    vertex -9.70710563659668 -11.294116973876953 9.707106590270996
  endloop
endfacet
facet normal 0.0 0.0 0.0
  outer loop
    vertex -9.70710563659668 -11.294116973876953 9.707106590270996
    vertex -9.499999046325684 -11.294116973876953 9.866026878356934
    vertex -9.499999046325684 -5.676471710205078 9.866026878356934
  endloop
endfacet
facet normal 0.0 0.0 0.0
  outer loop
    vertex -9.70710563659668 -11.294116973876953 9.707106590270996
    vertex -9.499999046325684 -5.676471710205078 9.866026878356934
    vertex -9.70710563659668 -5.676471710205078 9.707106590270996
  endloop
endfacet
facet normal 0.0 0.0 0.0
  outer loop
    vertex -9.70710563659668 -5.676471710205078 9.707106590270996
    vertex -9.499999046325684 -5.676471710205078 9.866026878356934
    vertex -9.499999046325684 -0.0588226318359375 9.866026878356934
  endloop
endfacet
facet normal 0.0 0.0 0.0
  outer loop
    vertex -9.499999046325684 5.5588226318359375 9.866026878356934
    vertex -9.70710563659668 5.5588226318359375 9.707106590270996
    vertex -9.70710563659668 -0.0588226318359375 9.707106590270996
  endloop
endfacet
facet normal 0.0 0.0 0.0
  outer loop
    vertex -9.8660249710083 16.794116973876953 9.499999046325684
    vertex -9.70710563659668 16.794116973876953 9.707106590270996
    vertex -9.70710563659668 22.41176414489746 9.707106590270996
  endloop
endfacet
facet normal 0.0 0.0 0.0
  outer loop
    vertex -9.70710563659668 22.41176414489746 9.707106590270996
    vertex -9.70710563659668 16.794116973876953 9.707106590270996
    vertex -9.499999046325684 22.41176414489746 9.866026878356934
  endloop
endfacet
facet normal 0.0 0.0 0.0
  outer loop
    vertex -9.70710563659668 22.41176414489746 9.707106590270996
    vertex -9.499999046325684 22.41176414489746 9.866026878356934
    vertex -9.499999046325684 28.02941131591797 9.866026878356934
  endloop
endfacet
facet normal 0.0 0.0 0.0
  outer loop
    vertex -9.499999046325684 28.02941131591797 9.866026878356934
    vertex -9.499999046325684 22.41176414489746 9.866026878356934
    vertex -9.258818626403809 28.02941131591797 9.965926170349121
  endloop
endfacet
facet normal 0.0 0.0 0.0
  outer loop
    vertex -9.499999046325684 28.02941131591797 9.866026878356934
    vertex -9.258818626403809 28.02941131591797 9.965926170349121
    vertex -9.258818626403809 33.647056579589844 9.965926170349121
  endloop
endfacet
facet normal 0.0 0.0 0.0
  outer loop
    vertex -9.258818626403809 33.647056579589844 9.965926170349121
    vertex -9.258818626403809 28.02941131591797 9.965926170349121
    vertex -8.999999046325684 50.5 9.999999046325684
  endloop
endfacet
facet normal 0.0 0.0 0.0
  outer loop
    vertex -9.499999046325684 22.41176414489746 9.866026878356934
    vertex -9.70710563659668 16.794116973876953 9.707106590270996
    vertex -9.499999046325684 16.794116973876953 9.866026878356934
  endloop
endfacet
facet normal 0.0 0.0 0.0
  outer loop
    vertex -9.70710563659668 28.02941131591797 9.707106590270996
    vertex -9.499999046325684 33.647056579589844 9.866026878356934
    vertex -9.70710563659668 33.647056579589844 9.707106590270996
  endloop
endfacet
facet normal 0.0 0.0 0.0
  outer loop
    vertex -9.70710563659668 33.647056579589844 9.707106590270996
    vertex -9.499999046325684 33.647056579589844 9.866026878356934
    vertex -9.499999046325684 39.264705657958984 9.866026878356934
  endloop
endfacet
facet normal 0.0 0.0 0.0
  outer loop
    vertex -9.70710563659668 33.647056579589844 9.707106590270996
    vertex -9.499999046325684 39.264705657958984 9.866026878356934
    vertex -9.70710563659668 39.264705657958984 9.707106590270996
  endloop
endfacet
facet normal 0.0 0.0 0.0
  outer loop
    vertex -9.70710563659668 39.264705657958984 9.707106590270996
    vertex -9.499999046325684 39.264705657958984 9.866026878356934
    vertex -9.499999046325684 44.882354736328125 9.866026878356934
  endloop
endfacet
facet normal 0.0 0.0 0.0
  outer loop
    vertex -9.70710563659668 -28.147056579589844 9.707106590270996
    vertex -9.499999046325684 -28.147056579589844 9.866026878356934
    vertex -9.499999046325684 -22.52941131591797 9.866026878356934
  endloop
endfacet
facet normal 0.0 0.0 0.0
  outer loop
    vertex -9.499999046325684 -22.52941131591797 9.866026878356934
    vertex -9.499999046325684 -28.147056579589844 9.866026878356934
    vertex -9.258818626403809 -22.52941131591797 9.965926170349121
  endloop
endfacet
facet normal 0.0 0.0 0.0
  outer loop
    vertex -9.499999046325684 -22.52941131591797 9.866026878356934
    vertex -9.258818626403809 -22.52941131591797 9.965926170349121
    vertex -9.258818626403809 -16.911766052246094 9.965926170349121
  endloop
endfacet
facet normal 0.0 0.0 0.0
  outer loop
    vertex -9.258818626403809 -16.911766052246094 9.965926170349121
    vertex -9.258818626403809 -22.52941131591797 9.965926170349121
    vertex -8.999999046325684 -45.0 9.999999046325684
  endloop
endfacet
facet normal 0.0 0.0 0.0
  outer loop
    vertex -9.258818626403809 -22.52941131591797 9.965926170349121
    vertex -9.499999046325684 -28.147056579589844 9.866026878356934
    vertex -9.258818626403809 -28.147056579589844 9.965926170349121
  endloop
endfacet
facet normal 0.0 0.0 0.0
  outer loop
    vertex -9.499999046325684 -11.294116973876953 9.866026878356934
    vertex -9.258818626403809 -5.676471710205078 9.965926170349121
    vertex -9.499999046325684 -5.676471710205078 9.866026878356934
  endloop
endfacet
facet normal 0.0 0.0 0.0
  outer loop
    vertex -9.499999046325684 -5.676471710205078 9.866026878356934
    vertex -9.258818626403809 -5.676471710205078 9.965926170349121
    vertex -9.258818626403809 -0.0588226318359375 9.965926170349121
  endloop
endfacet
facet normal 0.0 0.0 0.0
  outer loop
    vertex -9.499999046325684 -5.676471710205078 9.866026878356934
    vertex -9.258818626403809 -0.0588226318359375 9.965926170349121
    vertex -9.499999046325684 -0.0588226318359375 9.866026878356934
  endloop
endfacet
facet normal 0.0 0.0 0.0
  outer loop
    vertex -9.499999046325684 -0.0588226318359375 9.866026878356934
    vertex -9.258818626403809 -0.0588226318359375 9.965926170349121
    vertex -9.258818626403809 5.5588226318359375 9.965926170349121
  endloop
endfacet
facet normal 0.0 0.0 0.0
  outer loop
    vertex -9.499999046325684 22.41176414489746 9.866026878356934
    vertex -9.499999046325684 16.794116973876953 9.866026878356934
    vertex -9.258818626403809 22.41176414489746 9.965926170349121
  endloop
endfacet
facet normal 0.0 0.0 0.0
  outer loop
    vertex -9.258818626403809 22.41176414489746 9.965926170349121
    vertex -9.499999046325684 16.794116973876953 9.866026878356934
    vertex -9.258818626403809 16.794116973876953 9.965926170349121
  endloop
endfacet
facet normal 0.0 0.0 0.0
  outer loop
    vertex -9.258818626403809 22.41176414489746 9.965926170349121
    vertex -9.258818626403809 16.794116973876953 9.965926170349121
    vertex -8.999999046325684 50.5 9.999999046325684
  endloop
endfacet
facet normal 0.0 0.0 0.0
  outer loop
    vertex -9.258818626403809 44.882354736328125 9.965926170349121
    vertex -9.499999046325684 44.882354736328125 9.866026878356934
    vertex -9.499999046325684 39.264705657958984 9.866026878356934
  endloop
endfacet
facet normal 0.0 0.0 0.0
  outer loop
    vertex -9.258818626403809 44.882354736328125 9.965926170349121
    vertex -9.499999046325684 39.264705657958984 9.866026878356934
    vertex -9.258818626403809 39.264705657958984 9.965926170349121
  endloop
endfacet
facet normal 0.0 0.0 0.0
  outer loop
    vertex -9.258818626403809 39.264705657958984 9.965926170349121
    vertex -9.499999046325684 39.264705657958984 9.866026878356934
    vertex -9.499999046325684 33.647056579589844 9.866026878356934
  endloop
endfacet
facet normal 0.0 0.0 0.0
  outer loop
    vertex -8.999999046325684 -45.0 9.999999046325684
    vertex -9.258818626403809 -22.52941131591797 9.965926170349121
    vertex -9.258818626403809 -28.147056579589844 9.965926170349121
  endloop
endfacet
facet normal 0.0 0.0 0.0
  outer loop
    vertex -8.999999046325684 50.5 9.999999046325684
    vertex -9.258818626403809 28.02941131591797 9.965926170349121
    vertex -9.258818626403809 22.41176414489746 9.965926170349121
  endloop
endfacet
facet normal 0.0 0.0 0.0
  outer loop
    vertex -9.258818626403809 22.41176414489746 9.965926170349121
    vertex -9.258818626403809 28.02941131591797 9.965926170349121
    vertex -9.499999046325684 22.41176414489746 9.866026878356934
  endloop
endfacet
facet normal 0.0 0.0 0.0
  outer loop
    vertex -9.02166748046875 -45.34306335449219 10.016852378845215
    vertex -8.999999046325684 -45.0 9.999999046325684
    vertex -9.214899063110352 -45.317047119140625 9.994917869567871
  endloop
endfacet
facet normal 0.0 0.0 0.0
  outer loop
    vertex -9.214899063110352 -45.317047119140625 9.994917869567871
    vertex -8.999999046325684 -45.0 9.999999046325684
    vertex -9.258818626403809 -45.0 9.965926170349121
  endloop
endfacet
facet normal 0.0 0.0 0.0
  outer loop
    vertex -9.214899063110352 -45.317047119140625 9.994917869567871
    vertex -9.258818626403809 -45.0 9.965926170349121
    vertex -9.401610374450684 -45.30509948730469 9.93649959564209
  endloop
endfacet
facet normal 0.0 0.0 0.0
  outer loop
    vertex -9.401610374450684 -45.30509948730469 9.93649959564209
    vertex -9.258818626403809 -45.0 9.965926170349121
    vertex -9.499999046325684 -45.0 9.866026878356934
  endloop
endfacet
facet normal 0.0 0.0 0.0
  outer loop
    vertex -9.401610374450684 -45.30509948730469 9.93649959564209
    vertex -9.499999046325684 -45.0 9.866026878356934
    vertex -9.515610694885254 -45.29979705810547 9.87949275970459
  endloop
endfacet
facet normal 0.0 0.0 0.0
  outer loop
    vertex -9.515610694885254 -45.29979705810547 9.87949275970459
    vertex -9.499999046325684 -45.0 9.866026878356934
    vertex -9.66861343383789 -45.29576873779297 9.769774436950684
  endloop
endfacet
facet normal 0.0 0.0 0.0
  outer loop
    vertex -9.515610694885254 -45.29979705810547 9.87949275970459
    vertex -9.66861343383789 -45.29576873779297 9.769774436950684
    vertex -9.562819480895996 -45.600364685058594 9.920493125915527
  endloop
endfacet
facet normal 0.0 0.0 0.0
  outer loop
    vertex -9.562819480895996 -45.600364685058594 9.920493125915527
    vertex -9.66861343383789 -45.29576873779297 9.769774436950684
    vertex -9.712279319763184 -45.592796325683594 9.811675071716309
  endloop
endfacet
facet normal 0.0 0.0 0.0
  outer loop
    vertex -9.562819480895996 -45.600364685058594 9.920493125915527
    vertex -9.712279319763184 -45.592796325683594 9.811675071716309
    vertex -9.642184257507324 -45.900115966796875 9.989851951599121
  endloop
endfacet
facet normal 0.0 0.0 0.0
  outer loop
    vertex -9.642184257507324 -45.900115966796875 9.989851951599121
    vertex -9.712279319763184 -45.592796325683594 9.811675071716309
    vertex -9.786113739013672 -45.889625549316406 9.88266658782959
  endloop
endfacet
facet normal 0.0 0.0 0.0
  outer loop
    vertex -9.642184257507324 -45.900115966796875 9.989851951599121
    vertex -9.786113739013672 -45.889625549316406 9.88266658782959
    vertex -9.754262924194336 -46.197425842285156 10.088438987731934
  endloop
endfacet
facet normal 0.0 0.0 0.0
  outer loop
    vertex -9.754262924194336 -46.197425842285156 10.088438987731934
    vertex -9.786113739013672 -45.889625549316406 9.88266658782959
    vertex -9.890979766845703 -46.184814453125 9.983717918395996
  endloop
endfacet
facet normal 0.0 0.0 0.0
  outer loop
    vertex -9.754262924194336 -46.197425842285156 10.088438987731934
    vertex -9.890979766845703 -46.184814453125 9.983717918395996
    vertex -9.899612426757812 -46.490699768066406 10.217085838317871
  endloop
endfacet
facet normal 0.0 0.0 0.0
  outer loop
    vertex -9.899612426757812 -46.490699768066406 10.217085838317871
    vertex -9.890979766845703 -46.184814453125 9.983717918395996
    vertex -10.027743339538574 -46.476898193359375 10.115767478942871
  endloop
endfacet
facet normal 0.0 0.0 0.0
  outer loop
    vertex -9.899612426757812 -46.490699768066406 10.217085838317871
    vertex -10.027743339538574 -46.476898193359375 10.115767478942871
    vertex -10.078763008117676 -46.77813720703125 10.376631736755371
  endloop
endfacet
facet normal 0.0 0.0 0.0
  outer loop
    vertex -10.078763008117676 -46.77813720703125 10.376631736755371
    vertex -10.027743339538574 -46.476898193359375 10.115767478942871
    vertex -10.197242736816406 -46.76423645019531 10.279753684997559
  endloop
endfacet
facet normal 0.0 0.0 0.0
  outer loop
    vertex -10.078763008117676 -46.77813720703125 10.376631736755371
    vertex -10.197242736816406 -46.76423645019531 10.279753684997559
    vertex -10.291218757629395 -47.05541229248047 10.567008018493652
  endloop
endfacet
facet normal 0.0 0.0 0.0
  outer loop
    vertex -10.291218757629395 -47.05541229248047 10.567008018493652
    vertex -10.197242736816406 -46.76423645019531 10.279753684997559
    vertex -10.399322509765625 -47.04225158691406 10.475638389587402
  endloop
endfacet
facet normal 0.0 0.0 0.0
  outer loop
    vertex -10.291218757629395 -47.05541229248047 10.567008018493652
    vertex -10.399322509765625 -47.04225158691406 10.475638389587402
    vertex -10.53523063659668 -47.31818389892578 10.786818504333496
  endloop
endfacet
facet normal 0.0 0.0 0.0
  outer loop
    vertex -10.53523063659668 -47.31818389892578 10.786818504333496
    vertex -10.399322509765625 -47.04225158691406 10.475638389587402
    vertex -10.632448196411133 -47.306365966796875 10.701994895935059
  endloop
endfacet
facet normal 0.0 0.0 0.0
  outer loop
    vertex -10.53523063659668 -47.31818389892578 10.786818504333496
    vertex -10.632448196411133 -47.306365966796875 10.701994895935059
    vertex -10.860862731933594 -47.60393524169922 11.081648826599121
  endloop
endfacet
facet normal 0.0 0.0 0.0
  outer loop
    vertex -10.860862731933594 -47.60393524169922 11.081648826599121
    vertex -10.632448196411133 -47.306365966796875 10.701994895935059
    vertex -10.944841384887695 -47.59419250488281 11.005805015563965
  endloop
endfacet
facet normal 0.0 0.0 0.0
  outer loop
    vertex -10.860862731933594 -47.60393524169922 11.081648826599121
    vertex -10.944841384887695 -47.59419250488281 11.005805015563965
    vertex -11.224221229553223 -47.857810974121094 11.412222862243652
  endloop
endfacet
facet normal 0.0 0.0 0.0
  outer loop
    vertex -11.224221229553223 -47.857810974121094 11.412222862243652
    vertex -10.944841384887695 -47.59419250488281 11.005805015563965
    vertex -11.294750213623047 -47.850379943847656 11.346602439880371
  endloop
endfacet
facet normal 0.0 0.0 0.0
  outer loop
    vertex -11.224221229553223 -47.857810974121094 11.412222862243652
    vertex -11.294750213623047 -47.850379943847656 11.346602439880371
    vertex -11.74316692352295 -48.131675720214844 11.886321067810059
  endloop
endfacet
facet normal 0.0 0.0 0.0
  outer loop
    vertex -11.74316692352295 -48.131675720214844 11.886321067810059
    vertex -11.294750213623047 -47.850379943847656 11.346602439880371
    vertex -11.79608154296875 -48.127166748046875 11.835516929626465
  endloop
endfacet
facet normal 0.0 0.0 0.0
  outer loop
    vertex -11.74316692352295 -48.131675720214844 11.886321067810059
    vertex -11.79608154296875 -48.127166748046875 11.835516929626465
    vertex -12.304570198059082 -48.33399963378906 12.401000022888184
  endloop
endfacet
facet normal 0.0 0.0 0.0
  outer loop
    vertex -12.304570198059082 -48.33399963378906 12.401000022888184
    vertex -11.79608154296875 -48.127166748046875 11.835516929626465
    vertex -12.339829444885254 -48.33189392089844 12.36637020111084
  endloop
endfacet
facet normal 0.0 0.0 0.0
  outer loop
    vertex -12.304570198059082 -48.33399963378906 12.401000022888184
    vertex -12.339829444885254 -48.33189392089844 12.36637020111084
    vertex -12.894984245300293 -48.45794677734375 12.943488121032715
  endloop
endfacet
facet normal 0.0 0.0 0.0
  outer loop
    vertex -12.894984245300293 -48.45794677734375 12.943488121032715
    vertex -12.339829444885254 -48.33189392089844 12.36637020111084
    vertex -12.912606239318848 -48.4573974609375 12.925948143005371
  endloop
endfacet
facet normal 0.0 0.0 0.0
  outer loop
    vertex -12.894984245300293 -48.45794677734375 12.943488121032715
    vertex -12.912606239318848 -48.4573974609375 12.925948143005371
    vertex -13.499998092651367 -48.5 13.499998092651367
  endloop
endfacet
facet normal 0.0 0.0 0.0
  outer loop
    vertex -9.499999046325684 -45.0 9.866026878356934
    vertex -9.70710563659668 -45.0 9.707106590270996
    vertex -9.66861343383789 -45.29576873779297 9.769774436950684
  endloop
endfacet
facet normal 0.0 0.0 0.0
  outer loop
    vertex -9.66861343383789 -45.29576873779297 9.769774436950684
    vertex -9.70710563659668 -45.0 9.707106590270996
    vertex -9.798833847045898 -45.29631805419922 9.633620262145996
  endloop
endfacet
facet normal 0.0 0.0 0.0
  outer loop
    vertex -9.66861343383789 -45.29576873779297 9.769774436950684
    vertex -9.798833847045898 -45.29631805419922 9.633620262145996
    vertex -9.712279319763184 -45.592796325683594 9.811675071716309
  endloop
endfacet
facet normal 0.0 0.0 0.0
  outer loop
    vertex -9.712279319763184 -45.592796325683594 9.811675071716309
    vertex -9.798833847045898 -45.29631805419922 9.633620262145996
    vertex -9.840359687805176 -45.593833923339844 9.67801570892334
  endloop
endfacet
facet normal 0.0 0.0 0.0
  outer loop
    vertex -9.712279319763184 -45.592796325683594 9.811675071716309
    vertex -9.840359687805176 -45.593833923339844 9.67801570892334
    vertex -9.786113739013672 -45.889625549316406 9.88266658782959
  endloop
endfacet
facet normal 0.0 0.0 0.0
  outer loop
    vertex -9.786113739013672 -45.889625549316406 9.88266658782959
    vertex -9.840359687805176 -45.593833923339844 9.67801570892334
    vertex -9.910733222961426 -45.89106750488281 9.753012657165527
  endloop
endfacet
facet normal 0.0 0.0 0.0
  outer loop
    vertex -9.786113739013672 -45.889625549316406 9.88266658782959
    vertex -9.910733222961426 -45.89106750488281 9.753012657165527
    vertex -9.890979766845703 -46.184814453125 9.983717918395996
  endloop
endfacet
facet normal 0.0 0.0 0.0
  outer loop
    vertex -9.890979766845703 -46.184814453125 9.983717918395996
    vertex -9.910733222961426 -45.89106750488281 9.753012657165527
    vertex -10.010906219482422 -46.186546325683594 9.859404563903809
  endloop
endfacet
facet normal 0.0 0.0 0.0
  outer loop
    vertex -9.890979766845703 -46.184814453125 9.983717918395996
    vertex -10.010906219482422 -46.186546325683594 9.859404563903809
    vertex -10.027743339538574 -46.476898193359375 10.115767478942871
  endloop
endfacet
facet normal 0.0 0.0 0.0
  outer loop
    vertex -10.027743339538574 -46.476898193359375 10.115767478942871
    vertex -10.010906219482422 -46.186546325683594 9.859404563903809
    vertex -10.141827583312988 -46.478790283203125 9.998007774353027
  endloop
endfacet
facet normal 0.0 0.0 0.0
  outer loop
    vertex -10.027743339538574 -46.476898193359375 10.115767478942871
    vertex -10.141827583312988 -46.478790283203125 9.998007774353027
    vertex -10.197242736816406 -46.76423645019531 10.279753684997559
  endloop
endfacet
facet normal 0.0 0.0 0.0
  outer loop
    vertex -10.197242736816406 -46.76423645019531 10.279753684997559
    vertex -10.141827583312988 -46.478790283203125 9.998007774353027
    vertex -10.30443000793457 -46.766143798828125 10.169608116149902
  endloop
endfacet
facet normal 0.0 0.0 0.0
  outer loop
    vertex -10.197242736816406 -46.76423645019531 10.279753684997559
    vertex -10.30443000793457 -46.766143798828125 10.169608116149902
    vertex -10.399322509765625 -47.04225158691406 10.475638389587402
  endloop
endfacet
facet normal 0.0 0.0 0.0
  outer loop
    vertex -10.399322509765625 -47.04225158691406 10.475638389587402
    vertex -10.30443000793457 -46.766143798828125 10.169608116149902
    vertex -10.498693466186523 -47.04405975341797 10.373976707458496
  endloop
endfacet
facet normal 0.0 0.0 0.0
  outer loop
    vertex -10.399322509765625 -47.04225158691406 10.475638389587402
    vertex -10.498693466186523 -47.04405975341797 10.373976707458496
    vertex -10.632448196411133 -47.306365966796875 10.701994895935059
  endloop
endfacet
facet normal 0.0 0.0 0.0
  outer loop
    vertex -10.632448196411133 -47.306365966796875 10.701994895935059
    vertex -10.498693466186523 -47.04405975341797 10.373976707458496
    vertex -10.7232084274292 -47.30799102783203 10.60953426361084
  endloop
endfacet
facet normal 0.0 0.0 0.0
  outer loop
    vertex -10.632448196411133 -47.306365966796875 10.701994895935059
    vertex -10.7232084274292 -47.30799102783203 10.60953426361084
    vertex -10.944841384887695 -47.59419250488281 11.005805015563965
  endloop
endfacet
facet normal 0.0 0.0 0.0
  outer loop
    vertex -10.944841384887695 -47.59419250488281 11.005805015563965
    vertex -10.7232084274292 -47.30799102783203 10.60953426361084
    vertex -11.024593353271484 -47.59552764892578 10.924933433532715
  endloop
endfacet
facet normal 0.0 0.0 0.0
  outer loop
    vertex -10.944841384887695 -47.59419250488281 11.005805015563965
    vertex -11.024593353271484 -47.59552764892578 10.924933433532715
    vertex -11.294750213623047 -47.850379943847656 11.346602439880371
  endloop
endfacet
facet normal 0.0 0.0 0.0
  outer loop
    vertex -11.294750213623047 -47.850379943847656 11.346602439880371
    vertex -11.024593353271484 -47.59552764892578 10.924933433532715
    vertex -11.362732887268066 -47.851402282714844 11.277953147888184
  endloop
endfacet
facet normal 0.0 0.0 0.0
  outer loop
    vertex -11.294750213623047 -47.850379943847656 11.346602439880371
    vertex -11.362732887268066 -47.851402282714844 11.277953147888184
    vertex -11.79608154296875 -48.127166748046875 11.835516929626465
  endloop
endfacet
facet normal 0.0 0.0 0.0
  outer loop
    vertex -11.79608154296875 -48.127166748046875 11.835516929626465
    vertex -11.362732887268066 -47.851402282714844 11.277953147888184
    vertex -11.84790325164795 -48.127784729003906 11.783408164978027
  endloop
endfacet
facet normal 0.0 0.0 0.0
  outer loop
    vertex -11.79608154296875 -48.127166748046875 11.835516929626465
    vertex -11.84790325164795 -48.127784729003906 11.783408164978027
    vertex -12.339829444885254 -48.33189392089844 12.36637020111084
  endloop
endfacet
facet normal 0.0 0.0 0.0
  outer loop
    vertex -12.339829444885254 -48.33189392089844 12.36637020111084
    vertex -11.84790325164795 -48.127784729003906 11.783408164978027
    vertex -12.374761581420898 -48.332183837890625 12.331351280212402
  endloop
endfacet
facet normal 0.0 0.0 0.0
  outer loop
    vertex -12.339829444885254 -48.33189392089844 12.36637020111084
    vertex -12.374761581420898 -48.332183837890625 12.331351280212402
    vertex -12.912606239318848 -48.4573974609375 12.925948143005371
  endloop
endfacet
facet normal 0.0 0.0 0.0
  outer loop
    vertex -12.912606239318848 -48.4573974609375 12.925948143005371
    vertex -12.374761581420898 -48.332183837890625 12.331351280212402
    vertex -12.93018627166748 -48.45747375488281 12.90836238861084
  endloop
endfacet
facet normal 0.0 0.0 0.0
  outer loop
    vertex -12.912606239318848 -48.4573974609375 12.925948143005371
    vertex -12.93018627166748 -48.45747375488281 12.90836238861084
    vertex -13.499998092651367 -48.5 13.499998092651367
  endloop
endfacet
facet normal 0.0 0.0 0.0
  outer loop
    vertex -9.70710563659668 -45.0 9.707106590270996
    vertex -9.8660249710083 -45.0 9.499999046325684
    vertex -9.798833847045898 -45.29631805419922 9.633620262145996
  endloop
endfacet
facet normal 0.0 0.0 0.0
  outer loop
    vertex -9.798833847045898 -45.29631805419922 9.633620262145996
    vertex -9.8660249710083 -45.0 9.499999046325684
    vertex -9.901472091674805 -45.30145263671875 9.475844383239746
  endloop
endfacet
facet normal 0.0 0.0 0.0
  outer loop
    vertex -9.798833847045898 -45.29631805419922 9.633620262145996
    vertex -9.901472091674805 -45.30145263671875 9.475844383239746
    vertex -9.840359687805176 -45.593833923339844 9.67801570892334
  endloop
endfacet
facet normal 0.0 0.0 0.0
  outer loop
    vertex -9.840359687805176 -45.593833923339844 9.67801570892334
    vertex -9.901472091674805 -45.30145263671875 9.475844383239746
    vertex -9.942514419555664 -45.603485107421875 9.524092674255371
  endloop
endfacet
facet normal 0.0 0.0 0.0
  outer loop
    vertex -9.840359687805176 -45.593833923339844 9.67801570892334
    vertex -9.942514419555664 -45.603485107421875 9.524092674255371
    vertex -9.910733222961426 -45.89106750488281 9.753012657165527
  endloop
endfacet
facet normal 0.0 0.0 0.0
  outer loop
    vertex -9.910733222961426 -45.89106750488281 9.753012657165527
    vertex -9.942514419555664 -45.603485107421875 9.524092674255371
    vertex -10.011878967285156 -45.90442657470703 9.605055809020996
  endloop
endfacet
facet normal 0.0 0.0 0.0
  outer loop
    vertex -9.910733222961426 -45.89106750488281 9.753012657165527
    vertex -10.011878967285156 -45.90442657470703 9.605055809020996
    vertex -10.010906219482422 -46.186546325683594 9.859404563903809
  endloop
endfacet
facet normal 0.0 0.0 0.0
  outer loop
    vertex -10.010906219482422 -46.186546325683594 9.859404563903809
    vertex -10.011878967285156 -45.90442657470703 9.605055809020996
    vertex -10.110349655151367 -46.202613830566406 9.719191551208496
  endloop
endfacet
facet normal 0.0 0.0 0.0
  outer loop
    vertex -10.010906219482422 -46.186546325683594 9.859404563903809
    vertex -10.110349655151367 -46.202613830566406 9.719191551208496
    vertex -10.141827583312988 -46.478790283203125 9.998007774353027
  endloop
endfacet
facet normal 0.0 0.0 0.0
  outer loop
    vertex -10.141827583312988 -46.478790283203125 9.998007774353027
    vertex -10.110349655151367 -46.202613830566406 9.719191551208496
    vertex -10.238710403442383 -46.496368408203125 9.866965293884277
  endloop
endfacet
facet normal 0.0 0.0 0.0
  outer loop
    vertex -10.141827583312988 -46.478790283203125 9.998007774353027
    vertex -10.238710403442383 -46.496368408203125 9.866965293884277
    vertex -10.30443000793457 -46.766143798828125 10.169608116149902
  endloop
endfacet
facet normal 0.0 0.0 0.0
  outer loop
    vertex -10.30443000793457 -46.766143798828125 10.169608116149902
    vertex -10.238710403442383 -46.496368408203125 9.866965293884277
    vertex -10.397726058959961 -46.78385925292969 10.048789024353027
  endloop
endfacet
facet normal 0.0 0.0 0.0
  outer loop
    vertex -10.30443000793457 -46.766143798828125 10.169608116149902
    vertex -10.397726058959961 -46.78385925292969 10.048789024353027
    vertex -10.498693466186523 -47.04405975341797 10.373976707458496
  endloop
endfacet
facet normal 0.0 0.0 0.0
  outer loop
    vertex -10.498693466186523 -47.04405975341797 10.373976707458496
    vertex -10.397726058959961 -46.78385925292969 10.048789024353027
    vertex -10.587274551391602 -47.060829162597656 10.264067649841309
  endloop
endfacet
facet normal 0.0 0.0 0.0
  outer loop
    vertex -10.498693466186523 -47.04405975341797 10.373976707458496
    vertex -10.587274551391602 -47.060829162597656 10.264067649841309
    vertex -10.7232084274292 -47.30799102783203 10.60953426361084
  endloop
endfacet
facet normal 0.0 0.0 0.0
  outer loop
    vertex -10.7232084274292 -47.30799102783203 10.60953426361084
    vertex -10.587274551391602 -47.060829162597656 10.264067649841309
    vertex -10.80595874786377 -47.32304382324219 10.510993003845215
  endloop
endfacet
facet normal 0.0 0.0 0.0
  outer loop
    vertex -10.7232084274292 -47.30799102783203 10.60953426361084
    vertex -10.80595874786377 -47.32304382324219 10.510993003845215
    vertex -11.024593353271484 -47.59552764892578 10.924933433532715
  endloop
endfacet
facet normal 0.0 0.0 0.0
  outer loop
    vertex -11.024593353271484 -47.59552764892578 10.924933433532715
    vertex -10.80595874786377 -47.32304382324219 10.510993003845215
    vertex -11.099075317382812 -47.607940673828125 10.840094566345215
  endloop
endfacet
facet normal 0.0 0.0 0.0
  outer loop
    vertex -11.024593353271484 -47.59552764892578 10.924933433532715
    vertex -11.099075317382812 -47.607940673828125 10.840094566345215
    vertex -11.362732887268066 -47.851402282714844 11.277953147888184
  endloop
endfacet
facet normal 0.0 0.0 0.0
  outer loop
    vertex -11.362732887268066 -47.851402282714844 11.277953147888184
    vertex -11.099075317382812 -47.607940673828125 10.840094566345215
    vertex -11.427526473999023 -47.860870361328125 11.206900596618652
  endloop
endfacet
facet normal 0.0 0.0 0.0
  outer loop
    vertex -11.362732887268066 -47.851402282714844 11.277953147888184
    vertex -11.427526473999023 -47.860870361328125 11.206900596618652
    vertex -11.84790325164795 -48.127784729003906 11.783408164978027
  endloop
endfacet
facet normal 0.0 0.0 0.0
  outer loop
    vertex -11.84790325164795 -48.127784729003906 11.783408164978027
    vertex -11.427526473999023 -47.860870361328125 11.206900596618652
    vertex -11.898348808288574 -48.13352966308594 11.730269432067871
  endloop
endfacet
facet normal 0.0 0.0 0.0
  outer loop
    vertex -11.84790325164795 -48.127784729003906 11.783408164978027
    vertex -11.898348808288574 -48.13352966308594 11.730269432067871
    vertex -12.374761581420898 -48.332183837890625 12.331351280212402
  endloop
endfacet
facet normal 0.0 0.0 0.0
  outer loop
    vertex -12.374761581420898 -48.332183837890625 12.331351280212402
    vertex -11.898348808288574 -48.13352966308594 11.730269432067871
    vertex -12.409280776977539 -48.334869384765625 12.296027183532715
  endloop
endfacet
facet normal 0.0 0.0 0.0
  outer loop
    vertex -12.374761581420898 -48.332183837890625 12.331351280212402
    vertex -12.409280776977539 -48.334869384765625 12.296027183532715
    vertex -12.93018627166748 -48.45747375488281 12.90836238861084
  endloop
endfacet
facet normal 0.0 0.0 0.0
  outer loop
    vertex -12.93018627166748 -48.45747375488281 12.90836238861084
    vertex -12.409280776977539 -48.334869384765625 12.296027183532715
    vertex -12.947712898254395 -48.45817565917969 12.890730857849121
  endloop
endfacet
facet normal 0.0 0.0 0.0
  outer loop
    vertex -12.93018627166748 -48.45747375488281 12.90836238861084
    vertex -12.947712898254395 -48.45817565917969 12.890730857849121
    vertex -13.499998092651367 -48.5 13.499998092651367
  endloop
endfacet
facet normal 0.0 0.0 0.0
  outer loop
    vertex -9.8660249710083 -45.0 9.499999046325684
    vertex -9.965925216674805 -45.0 9.258818626403809
    vertex -9.901472091674805 -45.30145263671875 9.475844383239746
  endloop
endfacet
facet normal 0.0 0.0 0.0
  outer loop
    vertex -9.901472091674805 -45.30145263671875 9.475844383239746
    vertex -9.965925216674805 -45.0 9.258818626403809
    vertex -9.972655296325684 -45.31102752685547 9.301779747009277
  endloop
endfacet
facet normal 0.0 0.0 0.0
  outer loop
    vertex -9.901472091674805 -45.30145263671875 9.475844383239746
    vertex -9.972655296325684 -45.31102752685547 9.301779747009277
    vertex -9.942514419555664 -45.603485107421875 9.524092674255371
  endloop
endfacet
facet normal 0.0 0.0 0.0
  outer loop
    vertex -9.942514419555664 -45.603485107421875 9.524092674255371
    vertex -9.972655296325684 -45.31102752685547 9.301779747009277
    vertex -10.015042304992676 -45.62150573730469 9.354910850524902
  endloop
endfacet
facet normal 0.0 0.0 0.0
  outer loop
    vertex -9.942514419555664 -45.603485107421875 9.524092674255371
    vertex -10.015042304992676 -45.62150573730469 9.354910850524902
    vertex -10.011878967285156 -45.90442657470703 9.605055809020996
  endloop
endfacet
facet normal 0.0 0.0 0.0
  outer loop
    vertex -10.011878967285156 -45.90442657470703 9.605055809020996
    vertex -10.015042304992676 -45.62150573730469 9.354910850524902
    vertex -10.086111068725586 -45.929405212402344 9.443366050720215
  endloop
endfacet
facet normal 0.0 0.0 0.0
  outer loop
    vertex -10.011878967285156 -45.90442657470703 9.605055809020996
    vertex -10.086111068725586 -45.929405212402344 9.443366050720215
    vertex -10.110349655151367 -46.202613830566406 9.719191551208496
  endloop
endfacet
facet normal 0.0 0.0 0.0
  outer loop
    vertex -10.110349655151367 -46.202613830566406 9.719191551208496
    vertex -10.086111068725586 -45.929405212402344 9.443366050720215
    vertex -10.186208724975586 -46.23267364501953 9.567099571228027
  endloop
endfacet
facet normal 0.0 0.0 0.0
  outer loop
    vertex -10.110349655151367 -46.202613830566406 9.719191551208496
    vertex -10.186208724975586 -46.23267364501953 9.567099571228027
    vertex -10.238710403442383 -46.496368408203125 9.866965293884277
  endloop
endfacet
facet normal 0.0 0.0 0.0
  outer loop
    vertex -10.238710403442383 -46.496368408203125 9.866965293884277
    vertex -10.186208724975586 -46.23267364501953 9.567099571228027
    vertex -10.315681457519531 -46.529273986816406 9.726042747497559
  endloop
endfacet
facet normal 0.0 0.0 0.0
  outer loop
    vertex -10.238710403442383 -46.496368408203125 9.866965293884277
    vertex -10.315681457519531 -46.529273986816406 9.726042747497559
    vertex -10.397726058959961 -46.78385925292969 10.048789024353027
  endloop
endfacet
facet normal 0.0 0.0 0.0
  outer loop
    vertex -10.397726058959961 -46.78385925292969 10.048789024353027
    vertex -10.315681457519531 -46.529273986816406 9.726042747497559
    vertex -10.474854469299316 -46.81706237792969 9.92008113861084
  endloop
endfacet
facet normal 0.0 0.0 0.0
  outer loop
    vertex -10.397726058959961 -46.78385925292969 10.048789024353027
    vertex -10.474854469299316 -46.81706237792969 9.92008113861084
    vertex -10.587274551391602 -47.060829162597656 10.264067649841309
  endloop
endfacet
facet normal 0.0 0.0 0.0
  outer loop
    vertex -10.587274551391602 -47.060829162597656 10.264067649841309
    vertex -10.474854469299316 -46.81706237792969 9.92008113861084
    vertex -10.663226127624512 -47.09230041503906 10.148100852966309
  endloop
endfacet
facet normal 0.0 0.0 0.0
  outer loop
    vertex -10.587274551391602 -47.060829162597656 10.264067649841309
    vertex -10.663226127624512 -47.09230041503906 10.148100852966309
    vertex -10.80595874786377 -47.32304382324219 10.510993003845215
  endloop
endfacet
facet normal 0.0 0.0 0.0
  outer loop
    vertex -10.80595874786377 -47.32304382324219 10.510993003845215
    vertex -10.663226127624512 -47.09230041503906 10.148100852966309
    vertex -10.879279136657715 -47.351348876953125 10.40799617767334
  endloop
endfacet
facet normal 0.0 0.0 0.0
  outer loop
    vertex -10.80595874786377 -47.32304382324219 10.510993003845215
    vertex -10.879279136657715 -47.351348876953125 10.40799617767334
    vertex -11.099075317382812 -47.607940673828125 10.840094566345215
  endloop
endfacet
facet normal 0.0 0.0 0.0
  outer loop
    vertex -11.099075317382812 -47.607940673828125 10.840094566345215
    vertex -10.879279136657715 -47.351348876953125 10.40799617767334
    vertex -11.167311668395996 -47.63130187988281 10.75235652923584
  endloop
endfacet
facet normal 0.0 0.0 0.0
  outer loop
    vertex -11.099075317382812 -47.607940673828125 10.840094566345215
    vertex -11.167311668395996 -47.63130187988281 10.75235652923584
    vertex -11.427526473999023 -47.860870361328125 11.206900596618652
  endloop
endfacet
facet normal 0.0 0.0 0.0
  outer loop
    vertex -11.427526473999023 -47.860870361328125 11.206900596618652
    vertex -11.167311668395996 -47.63130187988281 10.75235652923584
    vertex -11.488517761230469 -47.87872314453125 11.134123802185059
  endloop
endfacet
facet normal 0.0 0.0 0.0
  outer loop
    vertex -11.427526473999023 -47.860870361328125 11.206900596618652
    vertex -11.488517761230469 -47.87872314453125 11.134123802185059
    vertex -11.898348808288574 -48.13352966308594 11.730269432067871
  endloop
endfacet
facet normal 0.0 0.0 0.0
  outer loop
    vertex -11.898348808288574 -48.13352966308594 11.730269432067871
    vertex -11.488517761230469 -47.87872314453125 11.134123802185059
    vertex -11.947142601013184 -48.144378662109375 11.676398277282715
  endloop
endfacet
facet normal 0.0 0.0 0.0
  outer loop
    vertex -11.898348808288574 -48.13352966308594 11.730269432067871
    vertex -11.947142601013184 -48.144378662109375 11.676398277282715
    vertex -12.409280776977539 -48.334869384765625 12.296027183532715
  endloop
endfacet
facet normal 0.0 0.0 0.0
  outer loop
    vertex -12.409280776977539 -48.334869384765625 12.296027183532715
    vertex -11.947142601013184 -48.144378662109375 11.676398277282715
    vertex -12.443302154541016 -48.339942932128906 12.260481834411621
  endloop
endfacet
facet normal 0.0 0.0 0.0
  outer loop
    vertex -12.409280776977539 -48.334869384765625 12.296027183532715
    vertex -12.443302154541016 -48.339942932128906 12.260481834411621
    vertex -12.947712898254395 -48.45817565917969 12.890730857849121
  endloop
endfacet
facet normal 0.0 0.0 0.0
  outer loop
    vertex -12.947712898254395 -48.45817565917969 12.890730857849121
    vertex -12.443302154541016 -48.339942932128906 12.260481834411621
    vertex -12.965174674987793 -48.459503173828125 12.873068809509277
  endloop
endfacet
facet normal 0.0 0.0 0.0
  outer loop
    vertex -12.947712898254395 -48.45817565917969 12.890730857849121
    vertex -12.965174674987793 -48.459503173828125 12.873068809509277
    vertex -13.499998092651367 -48.5 13.499998092651367
  endloop
endfacet
facet normal 0.0 0.0 0.0
  outer loop
    vertex -9.972655296325684 -45.31102752685547 9.301779747009277
    vertex -9.965925216674805 -45.0 9.258818626403809
    vertex -10.004434585571289 -45.321022033691406 9.162718772888184
  endloop
endfacet
facet normal 0.0 0.0 0.0
  outer loop
    vertex -10.004434585571289 -45.321022033691406 9.162718772888184
    vertex -9.965925216674805 -45.0 9.258818626403809
    vertex -9.999999046325684 -45.0 8.999999046325684
  endloop
endfacet
facet normal 0.0 0.0 0.0
  outer loop
    vertex -10.004434585571289 -45.321022033691406 9.162718772888184
    vertex -9.999999046325684 -45.0 8.999999046325684
    vertex -10.016852378845215 -45.34306335449219 9.021666526794434
  endloop
endfacet
facet normal 0.0 0.0 0.0
  outer loop
    vertex -10.004434585571289 -45.321022033691406 9.162718772888184
    vertex -10.016852378845215 -45.34306335449219 9.021666526794434
    vertex -10.049064636230469 -45.640342712402344 9.220000267028809
  endloop
endfacet
facet normal 0.0 0.0 0.0
  outer loop
    vertex -10.049064636230469 -45.640342712402344 9.220000267028809
    vertex -10.016852378845215 -45.34306335449219 9.021666526794434
    vertex -10.06725025177002 -45.68281555175781 9.08646297454834
  endloop
endfacet
facet normal 0.0 0.0 0.0
  outer loop
    vertex -10.049064636230469 -45.640342712402344 9.220000267028809
    vertex -10.06725025177002 -45.68281555175781 9.08646297454834
    vertex -10.12325382232666 -45.955543518066406 9.314803123474121
  endloop
endfacet
facet normal 0.0 0.0 0.0
  outer loop
    vertex -10.12325382232666 -45.955543518066406 9.314803123474121
    vertex -10.06725025177002 -45.68281555175781 9.08646297454834
    vertex -10.150708198547363 -46.01599884033203 9.19376277923584
  endloop
endfacet
facet normal 0.0 0.0 0.0
  outer loop
    vertex -10.12325382232666 -45.955543518066406 9.314803123474121
    vertex -10.150708198547363 -46.01599884033203 9.19376277923584
    vertex -10.226845741271973 -46.264183044433594 9.446608543395996
  endloop
endfacet
facet normal 0.0 0.0 0.0
  outer loop
    vertex -10.226845741271973 -46.264183044433594 9.446608543395996
    vertex -10.150708198547363 -46.01599884033203 9.19376277923584
    vertex -10.266420364379883 -46.339393615722656 9.342543601989746
  endloop
endfacet
facet normal 0.0 0.0 0.0
  outer loop
    vertex -10.226845741271973 -46.264183044433594 9.446608543395996
    vertex -10.266420364379883 -46.339393615722656 9.342543601989746
    vertex -10.3596830368042 -46.5638427734375 9.614874839782715
  endloop
endfacet
facet normal 0.0 0.0 0.0
  outer loop
    vertex -10.3596830368042 -46.5638427734375 9.614874839782715
    vertex -10.266420364379883 -46.339393615722656 9.342543601989746
    vertex -10.413274765014648 -46.64988708496094 9.531355857849121
  endloop
endfacet
facet normal 0.0 0.0 0.0
  outer loop
    vertex -10.3596830368042 -46.5638427734375 9.614874839782715
    vertex -10.413274765014648 -46.64988708496094 9.531355857849121
    vertex -10.52157974243164 -46.852027893066406 9.819037437438965
  endloop
endfacet
facet normal 0.0 0.0 0.0
  outer loop
    vertex -10.52157974243164 -46.852027893066406 9.819037437438965
    vertex -10.413274765014648 -46.64988708496094 9.531355857849121
    vertex -10.589855194091797 -46.944496154785156 9.758383750915527
  endloop
endfacet
facet normal 0.0 0.0 0.0
  outer loop
    vertex -10.52157974243164 -46.852027893066406 9.819037437438965
    vertex -10.589855194091797 -46.944496154785156 9.758383750915527
    vertex -10.711562156677246 -47.12553405761719 10.057509422302246
  endloop
endfacet
facet normal 0.0 0.0 0.0
  outer loop
    vertex -10.711562156677246 -47.12553405761719 10.057509422302246
    vertex -10.589855194091797 -46.944496154785156 9.758383750915527
    vertex -10.794462203979492 -47.220375061035156 10.021452903747559
  endloop
endfacet
facet normal 0.0 0.0 0.0
  outer loop
    vertex -10.711562156677246 -47.12553405761719 10.057509422302246
    vertex -10.794462203979492 -47.220375061035156 10.021452903747559
    vertex -10.927913665771484 -47.381317138671875 10.327933311462402
  endloop
endfacet
facet normal 0.0 0.0 0.0
  outer loop
    vertex -10.927913665771484 -47.381317138671875 10.327933311462402
    vertex -10.794462203979492 -47.220375061035156 10.021452903747559
    vertex -11.025125503540039 -47.474876403808594 10.318015098571777
  endloop
endfacet
facet normal 0.0 0.0 0.0
  outer loop
    vertex -10.927913665771484 -47.381317138671875 10.327933311462402
    vertex -11.025125503540039 -47.474876403808594 10.318015098571777
    vertex -11.214407920837402 -47.65612030029297 10.684538841247559
  endloop
endfacet
facet normal 0.0 0.0 0.0
  outer loop
    vertex -11.214407920837402 -47.65612030029297 10.684538841247559
    vertex -11.025125503540039 -47.474876403808594 10.318015098571777
    vertex -11.279623031616211 -47.705535888671875 10.645224571228027
  endloop
endfacet
facet normal 0.0 0.0 0.0
  outer loop
    vertex -11.214407920837402 -47.65612030029297 10.684538841247559
    vertex -11.279623031616211 -47.705535888671875 10.645224571228027
    vertex -11.531923294067383 -47.897735595703125 11.078154563903809
  endloop
endfacet
facet normal 0.0 0.0 0.0
  outer loop
    vertex -11.531923294067383 -47.897735595703125 11.078154563903809
    vertex -11.279623031616211 -47.705535888671875 10.645224571228027
    vertex -11.555503845214844 -47.91014099121094 10.999930381774902
  endloop
endfacet
facet normal 0.0 0.0 0.0
  outer loop
    vertex -11.531923294067383 -47.897735595703125 11.078154563903809
    vertex -11.555503845214844 -47.91014099121094 10.999930381774902
    vertex -11.85011100769043 -48.08672332763672 11.378714561462402
  endloop
endfacet
facet normal 0.0 0.0 0.0
  outer loop
    vertex -11.531923294067383 -47.897735595703125 11.078154563903809
    vertex -11.85011100769043 -48.08672332763672 11.378714561462402
    vertex -11.982908248901367 -48.155975341796875 11.635199546813965
  endloop
endfacet
facet normal 0.0 0.0 0.0
  outer loop
    vertex -11.982908248901367 -48.155975341796875 11.635199546813965
    vertex -11.85011100769043 -48.08672332763672 11.378714561462402
    vertex -12.160606384277344 -48.23358154296875 11.777922630310059
  endloop
endfacet
facet normal 0.0 0.0 0.0
  outer loop
    vertex -11.982908248901367 -48.155975341796875 11.635199546813965
    vertex -12.160606384277344 -48.23358154296875 11.777922630310059
    vertex -12.468735694885254 -48.34538269042969 12.233412742614746
  endloop
endfacet
facet normal 0.0 0.0 0.0
  outer loop
    vertex -12.468735694885254 -48.34538269042969 12.233412742614746
    vertex -12.160606384277344 -48.23358154296875 11.777922630310059
    vertex -12.484002113342285 -48.34928894042969 12.193717002868652
  endloop
endfacet
facet normal 0.0 0.0 0.0
  outer loop
    vertex -12.468735694885254 -48.34538269042969 12.233412742614746
    vertex -12.484002113342285 -48.34928894042969 12.193717002868652
    vertex -12.817182540893555 -48.43274688720703 12.622092247009277
  endloop
endfacet
facet normal 0.0 0.0 0.0
  outer loop
    vertex -12.468735694885254 -48.34538269042969 12.233412742614746
    vertex -12.817182540893555 -48.43274688720703 12.622092247009277
    vertex -12.978372573852539 -48.4609375 12.85965633392334
  endloop
endfacet
facet normal 0.0 0.0 0.0
  outer loop
    vertex -12.978372573852539 -48.4609375 12.85965633392334
    vertex -12.817182540893555 -48.43274688720703 12.622092247009277
    vertex -13.499998092651367 -48.5 13.499998092651367
  endloop
endfacet
facet normal 0.0 0.0 0.0
  outer loop
    vertex -12.193717002868652 -48.34928894042969 12.484000205993652
    vertex -12.243483543395996 -48.34320068359375 12.45932674407959
    vertex -12.622092247009277 -48.43274688720703 12.817183494567871
  endloop
endfacet
facet normal 0.0 0.0 0.0
  outer loop
    vertex -12.622092247009277 -48.43274688720703 12.817183494567871
    vertex -12.243483543395996 -48.34320068359375 12.45932674407959
    vertex -12.864645004272461 -48.460357666015625 12.973471641540527
  endloop
endfacet
facet normal 0.0 0.0 0.0
  outer loop
    vertex -12.622092247009277 -48.43274688720703 12.817183494567871
    vertex -12.864645004272461 -48.460357666015625 12.973471641540527
    vertex -13.499998092651367 -48.5 13.499998092651367
  endloop
endfacet
facet normal 0.0 0.0 0.0
  outer loop
    vertex -12.193717002868652 -48.34928894042969 12.484000205993652
    vertex -11.777923583984375 -48.23358154296875 12.160605430603027
    vertex -12.243483543395996 -48.34320068359375 12.45932674407959
  endloop
endfacet
facet normal 0.0 0.0 0.0
  outer loop
    vertex -12.243483543395996 -48.34320068359375 12.45932674407959
    vertex -11.777923583984375 -48.23358154296875 12.160605430603027
    vertex -11.650535583496094 -48.151329040527344 11.969748497009277
  endloop
endfacet
facet normal 0.0 0.0 0.0
  outer loop
    vertex -12.243483543395996 -48.34320068359375 12.45932674407959
    vertex -11.650535583496094 -48.151329040527344 11.969748497009277
    vertex -11.706864356994629 -48.13763427734375 11.91983699798584
  endloop
endfacet
facet normal 0.0 0.0 0.0
  outer loop
    vertex -11.706864356994629 -48.13763427734375 11.91983699798584
    vertex -11.650535583496094 -48.151329040527344 11.969748497009277
    vertex -11.175353050231934 -47.86763000488281 11.454611778259277
  endloop
endfacet
facet normal 0.0 0.0 0.0
  outer loop
    vertex -11.706864356994629 -48.13763427734375 11.91983699798584
    vertex -11.175353050231934 -47.86763000488281 11.454611778259277
    vertex -11.224221229553223 -47.857810974121094 11.412222862243652
  endloop
endfacet
facet normal 0.0 0.0 0.0
  outer loop
    vertex -11.224221229553223 -47.857810974121094 11.412222862243652
    vertex -11.175353050231934 -47.86763000488281 11.454611778259277
    vertex -10.860862731933594 -47.60393524169922 11.081648826599121
  endloop
endfacet
facet normal 0.0 0.0 0.0
  outer loop
    vertex -11.777923583984375 -48.23358154296875 12.160605430603027
    vertex -11.378713607788086 -48.08672332763672 11.850111961364746
    vertex -11.650535583496094 -48.151329040527344 11.969748497009277
  endloop
endfacet
facet normal 0.0 0.0 0.0
  outer loop
    vertex -11.650535583496094 -48.151329040527344 11.969748497009277
    vertex -11.378713607788086 -48.08672332763672 11.850111961364746
    vertex -11.099010467529297 -47.89012145996094 11.516097068786621
  endloop
endfacet
facet normal 0.0 0.0 0.0
  outer loop
    vertex -11.650535583496094 -48.151329040527344 11.969748497009277
    vertex -11.099010467529297 -47.89012145996094 11.516097068786621
    vertex -11.175353050231934 -47.86763000488281 11.454611778259277
  endloop
endfacet
facet normal 0.0 0.0 0.0
  outer loop
    vertex -11.175353050231934 -47.86763000488281 11.454611778259277
    vertex -11.099010467529297 -47.89012145996094 11.516097068786621
    vertex -10.802140235900879 -47.616798400878906 11.129637718200684
  endloop
endfacet
facet normal 0.0 0.0 0.0
  outer loop
    vertex -11.175353050231934 -47.86763000488281 11.454611778259277
    vertex -10.802140235900879 -47.616798400878906 11.129637718200684
    vertex -10.860862731933594 -47.60393524169922 11.081648826599121
  endloop
endfacet
facet normal 0.0 0.0 0.0
  outer loop
    vertex -10.860862731933594 -47.60393524169922 11.081648826599121
    vertex -10.802140235900879 -47.616798400878906 11.129637718200684
    vertex -10.53523063659668 -47.31818389892578 10.786818504333496
  endloop
endfacet
facet normal 0.0 0.0 0.0
  outer loop
    vertex -11.378713607788086 -48.08672332763672 11.850111961364746
    vertex -10.999933242797852 -47.91014099121094 11.555502891540527
    vertex -11.099010467529297 -47.89012145996094 11.516097068786621
  endloop
endfacet
facet normal 0.0 0.0 0.0
  outer loop
    vertex -11.099010467529297 -47.89012145996094 11.516097068786621
    vertex -10.999933242797852 -47.91014099121094 11.555502891540527
    vertex -10.64522933959961 -47.705535888671875 11.279623985290527
  endloop
endfacet
facet normal 0.0 0.0 0.0
  outer loop
    vertex -11.099010467529297 -47.89012145996094 11.516097068786621
    vertex -10.64522933959961 -47.705535888671875 11.279623985290527
    vertex -10.709835052490234 -47.64619445800781 11.197402000427246
  endloop
endfacet
facet normal 0.0 0.0 0.0
  outer loop
    vertex -10.709835052490234 -47.64619445800781 11.197402000427246
    vertex -10.64522933959961 -47.705535888671875 11.279623985290527
    vertex -10.318018913269043 -47.474876403808594 11.02512264251709
  endloop
endfacet
facet normal 0.0 0.0 0.0
  outer loop
    vertex -10.709835052490234 -47.64619445800781 11.197402000427246
    vertex -10.318018913269043 -47.474876403808594 11.02512264251709
    vertex -10.357824325561523 -47.369346618652344 10.910574913024902
  endloop
endfacet
facet normal 0.0 0.0 0.0
  outer loop
    vertex -10.357824325561523 -47.369346618652344 10.910574913024902
    vertex -10.318018913269043 -47.474876403808594 11.02512264251709
    vertex -10.021451950073242 -47.220375061035156 10.794463157653809
  endloop
endfacet
facet normal 0.0 0.0 0.0
  outer loop
    vertex -10.357824325561523 -47.369346618652344 10.910574913024902
    vertex -10.021451950073242 -47.220375061035156 10.794463157653809
    vertex -10.091360092163086 -47.112266540527344 10.694579124450684
  endloop
endfacet
facet normal 0.0 0.0 0.0
  outer loop
    vertex -10.091360092163086 -47.112266540527344 10.694579124450684
    vertex -10.021451950073242 -47.220375061035156 10.794463157653809
    vertex -9.75838565826416 -46.944496154785156 10.589850425720215
  endloop
endfacet
facet normal 0.0 0.0 0.0
  outer loop
    vertex -10.091360092163086 -47.112266540527344 10.694579124450684
    vertex -9.75838565826416 -46.944496154785156 10.589850425720215
    vertex -9.856833457946777 -46.83808135986328 10.505454063415527
  endloop
endfacet
facet normal 0.0 0.0 0.0
  outer loop
    vertex -9.856833457946777 -46.83808135986328 10.505454063415527
    vertex -9.75838565826416 -46.944496154785156 10.589850425720215
    vertex -9.531353950500488 -46.64988708496094 10.413275718688965
  endloop
endfacet
facet normal 0.0 0.0 0.0
  outer loop
    vertex -9.856833457946777 -46.83808135986328 10.505454063415527
    vertex -9.531353950500488 -46.64988708496094 10.413275718688965
    vertex -9.656490325927734 -46.55006408691406 10.344832420349121
  endloop
endfacet
facet normal 0.0 0.0 0.0
  outer loop
    vertex -9.656490325927734 -46.55006408691406 10.344832420349121
    vertex -9.531353950500488 -46.64988708496094 10.413275718688965
    vertex -9.342541694641113 -46.339393615722656 10.266417503356934
  endloop
endfacet
facet normal 0.0 0.0 0.0
  outer loop
    vertex -9.656490325927734 -46.55006408691406 10.344832420349121
    vertex -9.342541694641113 -46.339393615722656 10.266417503356934
    vertex -9.491748809814453 -46.25163269042969 10.213507652282715
  endloop
endfacet
facet normal 0.0 0.0 0.0
  outer loop
    vertex -9.491748809814453 -46.25163269042969 10.213507652282715
    vertex -9.342541694641113 -46.339393615722656 10.266417503356934
    vertex -9.193767547607422 -46.01599884033203 10.150710105895996
  endloop
endfacet
facet normal 0.0 0.0 0.0
  outer loop
    vertex -9.491748809814453 -46.25163269042969 10.213507652282715
    vertex -9.193767547607422 -46.01599884033203 10.150710105895996
    vertex -9.363000869750977 -45.94513702392578 10.111441612243652
  endloop
endfacet
facet normal 0.0 0.0 0.0
  outer loop
    vertex -9.363000869750977 -45.94513702392578 10.111441612243652
    vertex -9.193767547607422 -46.01599884033203 10.150710105895996
    vertex -9.086465835571289 -45.68281555175781 10.067252159118652
  endloop
endfacet
facet normal 0.0 0.0 0.0
  outer loop
    vertex -9.363000869750977 -45.94513702392578 10.111441612243652
    vertex -9.086465835571289 -45.68281555175781 10.067252159118652
    vertex -9.270600318908691 -45.632850646972656 10.038596153259277
  endloop
endfacet
facet normal 0.0 0.0 0.0
  outer loop
    vertex -9.270600318908691 -45.632850646972656 10.038596153259277
    vertex -9.086465835571289 -45.68281555175781 10.067252159118652
    vertex -9.02166748046875 -45.34306335449219 10.016852378845215
  endloop
endfacet
facet normal 0.0 0.0 0.0
  outer loop
    vertex -9.270600318908691 -45.632850646972656 10.038596153259277
    vertex -9.02166748046875 -45.34306335449219 10.016852378845215
    vertex -9.214899063110352 -45.317047119140625 9.994917869567871
  endloop
endfacet
facet normal 0.0 0.0 0.0
  outer loop
    vertex -12.978372573852539 -48.4609375 12.85965633392334
    vertex -13.499998092651367 -48.5 13.499998092651367
    vertex -12.965174674987793 -48.459503173828125 12.873068809509277
  endloop
endfacet
facet normal 0.0 0.0 0.0
  outer loop
    vertex -12.894984245300293 -48.45794677734375 12.943488121032715
    vertex -13.499998092651367 -48.5 13.499998092651367
    vertex -12.883034706115723 -48.45867919921875 12.955336570739746
  endloop
endfacet
facet normal 0.0 0.0 0.0
  outer loop
    vertex -12.883034706115723 -48.45867919921875 12.955336570739746
    vertex -13.499998092651367 -48.5 13.499998092651367
    vertex -12.864645004272461 -48.460357666015625 12.973471641540527
  endloop
endfacet
facet normal 0.0 0.0 0.0
  outer loop
    vertex -10.015042304992676 -45.62150573730469 9.354910850524902
    vertex -9.972655296325684 -45.31102752685547 9.301779747009277
    vertex -10.004434585571289 -45.321022033691406 9.162718772888184
  endloop
endfacet
facet normal 0.0 0.0 0.0
  outer loop
    vertex -9.270600318908691 -45.632850646972656 10.038596153259277
    vertex -9.214899063110352 -45.317047119140625 9.994917869567871
    vertex -9.401610374450684 -45.30509948730469 9.93649959564209
  endloop
endfacet
facet normal 0.0 0.0 0.0
  outer loop
    vertex -9.401610374450684 -45.30509948730469 9.93649959564209
    vertex -9.515610694885254 -45.29979705810547 9.87949275970459
    vertex -9.45187759399414 -45.61034393310547 9.977904319763184
  endloop
endfacet
facet normal 0.0 0.0 0.0
  outer loop
    vertex -9.45187759399414 -45.61034393310547 9.977904319763184
    vertex -9.515610694885254 -45.29979705810547 9.87949275970459
    vertex -9.562819480895996 -45.600364685058594 9.920493125915527
  endloop
endfacet
facet normal 0.0 0.0 0.0
  outer loop
    vertex -9.45187759399414 -45.61034393310547 9.977904319763184
    vertex -9.562819480895996 -45.600364685058594 9.920493125915527
    vertex -9.535956382751465 -45.91393280029297 10.047675132751465
  endloop
endfacet
facet normal 0.0 0.0 0.0
  outer loop
    vertex -9.535956382751465 -45.91393280029297 10.047675132751465
    vertex -9.562819480895996 -45.600364685058594 9.920493125915527
    vertex -9.642184257507324 -45.900115966796875 9.989851951599121
  endloop
endfacet
facet normal 0.0 0.0 0.0
  outer loop
    vertex -9.535956382751465 -45.91393280029297 10.047675132751465
    vertex -9.642184257507324 -45.900115966796875 9.989851951599121
    vertex -9.654090881347656 -46.21405029296875 10.146437644958496
  endloop
endfacet
facet normal 0.0 0.0 0.0
  outer loop
    vertex -9.654090881347656 -46.21405029296875 10.146437644958496
    vertex -9.642184257507324 -45.900115966796875 9.989851951599121
    vertex -9.754262924194336 -46.197425842285156 10.088438987731934
  endloop
endfacet
facet normal 0.0 0.0 0.0
  outer loop
    vertex -9.654090881347656 -46.21405029296875 10.146437644958496
    vertex -9.754262924194336 -46.197425842285156 10.088438987731934
    vertex -9.806528091430664 -46.508888244628906 10.274825096130371
  endloop
endfacet
facet normal 0.0 0.0 0.0
  outer loop
    vertex -9.806528091430664 -46.508888244628906 10.274825096130371
    vertex -9.754262924194336 -46.197425842285156 10.088438987731934
    vertex -9.899612426757812 -46.490699768066406 10.217085838317871
  endloop
endfacet
facet normal 0.0 0.0 0.0
  outer loop
    vertex -9.806528091430664 -46.508888244628906 10.274825096130371
    vertex -9.899612426757812 -46.490699768066406 10.217085838317871
    vertex -9.993480682373047 -46.796478271484375 10.433432579040527
  endloop
endfacet
facet normal 0.0 0.0 0.0
  outer loop
    vertex -9.993480682373047 -46.796478271484375 10.433432579040527
    vertex -9.899612426757812 -46.490699768066406 10.217085838317871
    vertex -10.078763008117676 -46.77813720703125 10.376631736755371
  endloop
endfacet
facet normal 0.0 0.0 0.0
  outer loop
    vertex -9.993480682373047 -46.796478271484375 10.433432579040527
    vertex -10.078763008117676 -46.77813720703125 10.376631736755371
    vertex -10.214128494262695 -47.072776794433594 10.622015953063965
  endloop
endfacet
facet normal 0.0 0.0 0.0
  outer loop
    vertex -10.214128494262695 -47.072776794433594 10.622015953063965
    vertex -10.078763008117676 -46.77813720703125 10.376631736755371
    vertex -10.291218757629395 -47.05541229248047 10.567008018493652
  endloop
endfacet
facet normal 0.0 0.0 0.0
  outer loop
    vertex -10.214128494262695 -47.072776794433594 10.622015953063965
    vertex -10.291218757629395 -47.05541229248047 10.567008018493652
    vertex -10.466544151306152 -47.33378601074219 10.83914852142334
  endloop
endfacet
facet normal 0.0 0.0 0.0
  outer loop
    vertex -10.466544151306152 -47.33378601074219 10.83914852142334
    vertex -10.291218757629395 -47.05541229248047 10.567008018493652
    vertex -10.53523063659668 -47.31818389892578 10.786818504333496
  endloop
endfacet
facet normal 0.0 0.0 0.0
  outer loop
    vertex -10.466544151306152 -47.33378601074219 10.83914852142334
    vertex -10.53523063659668 -47.31818389892578 10.786818504333496
    vertex -10.802140235900879 -47.616798400878906 11.129637718200684
  endloop
endfacet
facet normal 0.0 0.0 0.0
  outer loop
    vertex -10.086111068725586 -45.929405212402344 9.443366050720215
    vertex -10.015042304992676 -45.62150573730469 9.354910850524902
    vertex -10.049064636230469 -45.640342712402344 9.220000267028809
  endloop
endfacet
facet normal 0.0 0.0 0.0
  outer loop
    vertex -10.049064636230469 -45.640342712402344 9.220000267028809
    vertex -10.015042304992676 -45.62150573730469 9.354910850524902
    vertex -10.004434585571289 -45.321022033691406 9.162718772888184
  endloop
endfacet
facet normal 0.0 0.0 0.0
  outer loop
    vertex -9.363000869750977 -45.94513702392578 10.111441612243652
    vertex -9.270600318908691 -45.632850646972656 10.038596153259277
    vertex -9.45187759399414 -45.61034393310547 9.977904319763184
  endloop
endfacet
facet normal 0.0 0.0 0.0
  outer loop
    vertex -9.45187759399414 -45.61034393310547 9.977904319763184
    vertex -9.270600318908691 -45.632850646972656 10.038596153259277
    vertex -9.401610374450684 -45.30509948730469 9.93649959564209
  endloop
endfacet
facet normal 0.0 0.0 0.0
  outer loop
    vertex -9.363000869750977 -45.94513702392578 10.111441612243652
    vertex -9.45187759399414 -45.61034393310547 9.977904319763184
    vertex -9.535956382751465 -45.91393280029297 10.047675132751465
  endloop
endfacet
facet normal 0.0 0.0 0.0
  outer loop
    vertex -10.186208724975586 -46.23267364501953 9.567099571228027
    vertex -10.086111068725586 -45.929405212402344 9.443366050720215
    vertex -10.12325382232666 -45.955543518066406 9.314803123474121
  endloop
endfacet
facet normal 0.0 0.0 0.0
  outer loop
    vertex -10.12325382232666 -45.955543518066406 9.314803123474121
    vertex -10.086111068725586 -45.929405212402344 9.443366050720215
    vertex -10.049064636230469 -45.640342712402344 9.220000267028809
  endloop
endfacet
facet normal 0.0 0.0 0.0
  outer loop
    vertex -9.491748809814453 -46.25163269042969 10.213507652282715
    vertex -9.363000869750977 -45.94513702392578 10.111441612243652
    vertex -9.535956382751465 -45.91393280029297 10.047675132751465
  endloop
endfacet
facet normal 0.0 0.0 0.0
  outer loop
    vertex -9.491748809814453 -46.25163269042969 10.213507652282715
    vertex -9.535956382751465 -45.91393280029297 10.047675132751465
    vertex -9.654090881347656 -46.21405029296875 10.146437644958496
  endloop
endfacet
facet normal 0.0 0.0 0.0
  outer loop
    vertex -10.315681457519531 -46.529273986816406 9.726042747497559
    vertex -10.186208724975586 -46.23267364501953 9.567099571228027
    vertex -10.226845741271973 -46.264183044433594 9.446608543395996
  endloop
endfacet
facet normal 0.0 0.0 0.0
  outer loop
    vertex -10.226845741271973 -46.264183044433594 9.446608543395996
    vertex -10.186208724975586 -46.23267364501953 9.567099571228027
    vertex -10.12325382232666 -45.955543518066406 9.314803123474121
  endloop
endfacet
facet normal 0.0 0.0 0.0
  outer loop
    vertex -9.656490325927734 -46.55006408691406 10.344832420349121
    vertex -9.491748809814453 -46.25163269042969 10.213507652282715
    vertex -9.654090881347656 -46.21405029296875 10.146437644958496
  endloop
endfacet
facet normal 0.0 0.0 0.0
  outer loop
    vertex -9.656490325927734 -46.55006408691406 10.344832420349121
    vertex -9.654090881347656 -46.21405029296875 10.146437644958496
    vertex -9.806528091430664 -46.508888244628906 10.274825096130371
  endloop
endfacet
facet normal 0.0 0.0 0.0
  outer loop
    vertex -10.474854469299316 -46.81706237792969 9.92008113861084
    vertex -10.315681457519531 -46.529273986816406 9.726042747497559
    vertex -10.3596830368042 -46.5638427734375 9.614874839782715
  endloop
endfacet
facet normal 0.0 0.0 0.0
  outer loop
    vertex -10.3596830368042 -46.5638427734375 9.614874839782715
    vertex -10.315681457519531 -46.529273986816406 9.726042747497559
    vertex -10.226845741271973 -46.264183044433594 9.446608543395996
  endloop
endfacet
facet normal 0.0 0.0 0.0
  outer loop
    vertex -9.856833457946777 -46.83808135986328 10.505454063415527
    vertex -9.656490325927734 -46.55006408691406 10.344832420349121
    vertex -9.806528091430664 -46.508888244628906 10.274825096130371
  endloop
endfacet
facet normal 0.0 0.0 0.0
  outer loop
    vertex -9.856833457946777 -46.83808135986328 10.505454063415527
    vertex -9.806528091430664 -46.508888244628906 10.274825096130371
    vertex -9.993480682373047 -46.796478271484375 10.433432579040527
  endloop
endfacet
facet normal 0.0 0.0 0.0
  outer loop
    vertex -10.663226127624512 -47.09230041503906 10.148100852966309
    vertex -10.474854469299316 -46.81706237792969 9.92008113861084
    vertex -10.52157974243164 -46.852027893066406 9.819037437438965
  endloop
endfacet
facet normal 0.0 0.0 0.0
  outer loop
    vertex -10.52157974243164 -46.852027893066406 9.819037437438965
    vertex -10.474854469299316 -46.81706237792969 9.92008113861084
    vertex -10.3596830368042 -46.5638427734375 9.614874839782715
  endloop
endfacet
facet normal 0.0 0.0 0.0
  outer loop
    vertex -10.091360092163086 -47.112266540527344 10.694579124450684
    vertex -9.856833457946777 -46.83808135986328 10.505454063415527
    vertex -9.993480682373047 -46.796478271484375 10.433432579040527
  endloop
endfacet
facet normal 0.0 0.0 0.0
  outer loop
    vertex -10.091360092163086 -47.112266540527344 10.694579124450684
    vertex -9.993480682373047 -46.796478271484375 10.433432579040527
    vertex -10.214128494262695 -47.072776794433594 10.622015953063965
  endloop
endfacet
facet normal 0.0 0.0 0.0
  outer loop
    vertex -10.879279136657715 -47.351348876953125 10.40799617767334
    vertex -10.663226127624512 -47.09230041503906 10.148100852966309
    vertex -10.711562156677246 -47.12553405761719 10.057509422302246
  endloop
endfacet
facet normal 0.0 0.0 0.0
  outer loop
    vertex -10.711562156677246 -47.12553405761719 10.057509422302246
    vertex -10.663226127624512 -47.09230041503906 10.148100852966309
    vertex -10.52157974243164 -46.852027893066406 9.819037437438965
  endloop
endfacet
facet normal 0.0 0.0 0.0
  outer loop
    vertex -10.357824325561523 -47.369346618652344 10.910574913024902
    vertex -10.091360092163086 -47.112266540527344 10.694579124450684
    vertex -10.214128494262695 -47.072776794433594 10.622015953063965
  endloop
endfacet
facet normal 0.0 0.0 0.0
  outer loop
    vertex -10.357824325561523 -47.369346618652344 10.910574913024902
    vertex -10.214128494262695 -47.072776794433594 10.622015953063965
    vertex -10.466544151306152 -47.33378601074219 10.83914852142334
  endloop
endfacet
facet normal 0.0 0.0 0.0
  outer loop
    vertex -11.167311668395996 -47.63130187988281 10.75235652923584
    vertex -10.879279136657715 -47.351348876953125 10.40799617767334
    vertex -10.927913665771484 -47.381317138671875 10.327933311462402
  endloop
endfacet
facet normal 0.0 0.0 0.0
  outer loop
    vertex -10.927913665771484 -47.381317138671875 10.327933311462402
    vertex -10.879279136657715 -47.351348876953125 10.40799617767334
    vertex -10.711562156677246 -47.12553405761719 10.057509422302246
  endloop
endfacet
facet normal 0.0 0.0 0.0
  outer loop
    vertex -10.709835052490234 -47.64619445800781 11.197402000427246
    vertex -10.357824325561523 -47.369346618652344 10.910574913024902
    vertex -10.466544151306152 -47.33378601074219 10.83914852142334
  endloop
endfacet
facet normal 0.0 0.0 0.0
  outer loop
    vertex -10.709835052490234 -47.64619445800781 11.197402000427246
    vertex -10.466544151306152 -47.33378601074219 10.83914852142334
    vertex -10.802140235900879 -47.616798400878906 11.129637718200684
  endloop
endfacet
facet normal 0.0 0.0 0.0
  outer loop
    vertex -11.488517761230469 -47.87872314453125 11.134123802185059
    vertex -11.167311668395996 -47.63130187988281 10.75235652923584
    vertex -11.214407920837402 -47.65612030029297 10.684538841247559
  endloop
endfacet
facet normal 0.0 0.0 0.0
  outer loop
    vertex -11.214407920837402 -47.65612030029297 10.684538841247559
    vertex -11.167311668395996 -47.63130187988281 10.75235652923584
    vertex -10.927913665771484 -47.381317138671875 10.327933311462402
  endloop
endfacet
facet normal 0.0 0.0 0.0
  outer loop
    vertex -11.099010467529297 -47.89012145996094 11.516097068786621
    vertex -10.709835052490234 -47.64619445800781 11.197402000427246
    vertex -10.802140235900879 -47.616798400878906 11.129637718200684
  endloop
endfacet
facet normal 0.0 0.0 0.0
  outer loop
    vertex -11.947142601013184 -48.144378662109375 11.676398277282715
    vertex -11.488517761230469 -47.87872314453125 11.134123802185059
    vertex -11.531923294067383 -47.897735595703125 11.078154563903809
  endloop
endfacet
facet normal 0.0 0.0 0.0
  outer loop
    vertex -11.531923294067383 -47.897735595703125 11.078154563903809
    vertex -11.488517761230469 -47.87872314453125 11.134123802185059
    vertex -11.214407920837402 -47.65612030029297 10.684538841247559
  endloop
endfacet
facet normal 0.0 0.0 0.0
  outer loop
    vertex -11.706864356994629 -48.13763427734375 11.91983699798584
    vertex -11.224221229553223 -47.857810974121094 11.412222862243652
    vertex -11.74316692352295 -48.131675720214844 11.886321067810059
  endloop
endfacet
facet normal 0.0 0.0 0.0
  outer loop
    vertex -12.443302154541016 -48.339942932128906 12.260481834411621
    vertex -11.947142601013184 -48.144378662109375 11.676398277282715
    vertex -11.982908248901367 -48.155975341796875 11.635199546813965
  endloop
endfacet
facet normal 0.0 0.0 0.0
  outer loop
    vertex -11.982908248901367 -48.155975341796875 11.635199546813965
    vertex -11.947142601013184 -48.144378662109375 11.676398277282715
    vertex -11.531923294067383 -47.897735595703125 11.078154563903809
  endloop
endfacet
facet normal 0.0 0.0 0.0
  outer loop
    vertex -11.706864356994629 -48.13763427734375 11.91983699798584
    vertex -11.74316692352295 -48.131675720214844 11.886321067810059
    vertex -12.280555725097656 -48.33678436279297 12.424178123474121
  endloop
endfacet
facet normal 0.0 0.0 0.0
  outer loop
    vertex -12.280555725097656 -48.33678436279297 12.424178123474121
    vertex -11.74316692352295 -48.131675720214844 11.886321067810059
    vertex -12.304570198059082 -48.33399963378906 12.401000022888184
  endloop
endfacet
facet normal 0.0 0.0 0.0
  outer loop
    vertex -12.280555725097656 -48.33678436279297 12.424178123474121
    vertex -12.304570198059082 -48.33399963378906 12.401000022888184
    vertex -12.883034706115723 -48.45867919921875 12.955336570739746
  endloop
endfacet
facet normal 0.0 0.0 0.0
  outer loop
    vertex -12.883034706115723 -48.45867919921875 12.955336570739746
    vertex -12.304570198059082 -48.33399963378906 12.401000022888184
    vertex -12.894984245300293 -48.45794677734375 12.943488121032715
  endloop
endfacet
facet normal 0.0 0.0 0.0
  outer loop
    vertex -12.965174674987793 -48.459503173828125 12.873068809509277
    vertex -12.443302154541016 -48.339942932128906 12.260481834411621
    vertex -12.468735694885254 -48.34538269042969 12.233412742614746
  endloop
endfacet
facet normal 0.0 0.0 0.0
  outer loop
    vertex -12.468735694885254 -48.34538269042969 12.233412742614746
    vertex -12.443302154541016 -48.339942932128906 12.260481834411621
    vertex -11.982908248901367 -48.155975341796875 11.635199546813965
  endloop
endfacet
facet normal 0.0 0.0 0.0
  outer loop
    vertex -12.978372573852539 -48.4609375 12.85965633392334
    vertex -12.965174674987793 -48.459503173828125 12.873068809509277
    vertex -12.468735694885254 -48.34538269042969 12.233412742614746
  endloop
endfacet
facet normal 0.0 0.0 0.0
  outer loop
    vertex -12.864645004272461 -48.460357666015625 12.973471641540527
    vertex -12.243483543395996 -48.34320068359375 12.45932674407959
    vertex -12.280555725097656 -48.33678436279297 12.424178123474121
  endloop
endfacet
facet normal 0.0 0.0 0.0
  outer loop
    vertex -12.280555725097656 -48.33678436279297 12.424178123474121
    vertex -12.243483543395996 -48.34320068359375 12.45932674407959
    vertex -11.706864356994629 -48.13763427734375 11.91983699798584
  endloop
endfacet
facet normal 0.0 0.0 0.0
  outer loop
    vertex -12.864645004272461 -48.460357666015625 12.973471641540527
    vertex -12.280555725097656 -48.33678436279297 12.424178123474121
    vertex -12.883034706115723 -48.45867919921875 12.955336570739746
  endloop
endfacet
facet normal 0.0 0.0 0.0
  outer loop
    vertex -13.499998092651367 -48.5 13.499998092651367
    vertex 13.499998092651367 -48.5 13.499999046325684
    vertex -1.790172774462917e-07 -48.43274688720703 12.817183494567871
  endloop
endfacet
facet normal 0.0 0.0 0.0
  outer loop
    vertex -1.790172774462917e-07 -48.43274688720703 12.817183494567871
    vertex 13.499998092651367 -48.5 13.499999046325684
    vertex 12.622092247009277 -48.43274688720703 12.817183494567871
  endloop
endfacet
facet normal 0.0 0.0 0.0
  outer loop
    vertex -1.790172774462917e-07 -48.43274688720703 12.817183494567871
    vertex 12.622092247009277 -48.43274688720703 12.817183494567871
    vertex 12.193717002868652 -48.34928894042969 12.484000205993652
  endloop
endfacet
facet normal 0.0 0.0 0.0
  outer loop
    vertex -1.790172774462917e-07 -48.43274688720703 12.817183494567871
    vertex 12.193717002868652 -48.34928894042969 12.484000205993652
    vertex -1.6101175503990817e-07 -48.23358154296875 12.160605430603027
  endloop
endfacet
facet normal 0.0 0.0 0.0
  outer loop
    vertex -1.6101175503990817e-07 -48.23358154296875 12.160605430603027
    vertex 12.193717002868652 -48.34928894042969 12.484000205993652
    vertex 11.777923583984375 -48.23358154296875 12.160605430603027
  endloop
endfacet
facet normal 0.0 0.0 0.0
  outer loop
    vertex -1.6101175503990817e-07 -48.23358154296875 12.160605430603027
    vertex 11.777923583984375 -48.23358154296875 12.160605430603027
    vertex 11.378713607788086 -48.08672332763672 11.850111961364746
  endloop
endfacet
facet normal 0.0 0.0 0.0
  outer loop
    vertex -1.6101175503990817e-07 -48.23358154296875 12.160605430603027
    vertex 11.378713607788086 -48.08672332763672 11.850111961364746
    vertex -1.4441786788665922e-07 -47.91014099121094 11.555502891540527
  endloop
endfacet
facet normal 0.0 0.0 0.0
  outer loop
    vertex -1.4441786788665922e-07 -47.91014099121094 11.555502891540527
    vertex 11.378713607788086 -48.08672332763672 11.850111961364746
    vertex 10.999933242797852 -47.91014099121094 11.555502891540527
  endloop
endfacet
facet normal 0.0 0.0 0.0
  outer loop
    vertex -1.4441786788665922e-07 -47.91014099121094 11.555502891540527
    vertex 10.999933242797852 -47.91014099121094 11.555502891540527
    vertex 10.64522933959961 -47.705535888671875 11.279623985290527
  endloop
endfacet
facet normal 0.0 0.0 0.0
  outer loop
    vertex -1.4441786788665922e-07 -47.91014099121094 11.555502891540527
    vertex 10.64522933959961 -47.705535888671875 11.279623985290527
    vertex -1.2987311492906883e-07 -47.474876403808594 11.02512264251709
  endloop
endfacet
facet normal 0.0 0.0 0.0
  outer loop
    vertex -1.2987311492906883e-07 -47.474876403808594 11.02512264251709
    vertex 10.64522933959961 -47.705535888671875 11.279623985290527
    vertex 10.318018913269043 -47.474876403808594 11.02512264251709
  endloop
endfacet
facet normal 0.0 0.0 0.0
  outer loop
    vertex -1.2987311492906883e-07 -47.474876403808594 11.02512264251709
    vertex 10.318018913269043 -47.474876403808594 11.02512264251709
    vertex 10.021451950073242 -47.220375061035156 10.794464111328125
  endloop
endfacet
facet normal 0.0 0.0 0.0
  outer loop
    vertex -1.2987311492906883e-07 -47.474876403808594 11.02512264251709
    vertex 10.021451950073242 -47.220375061035156 10.794464111328125
    vertex -1.1793652987535097e-07 -46.944496154785156 10.589850425720215
  endloop
endfacet
facet normal 0.0 0.0 0.0
  outer loop
    vertex -1.1793652987535097e-07 -46.944496154785156 10.589850425720215
    vertex 10.021451950073242 -47.220375061035156 10.794464111328125
    vertex 9.75838565826416 -46.944496154785156 10.589851379394531
  endloop
endfacet
facet normal 0.0 0.0 0.0
  outer loop
    vertex -1.1793652987535097e-07 -46.944496154785156 10.589850425720215
    vertex 9.75838565826416 -46.944496154785156 10.589851379394531
    vertex 9.531353950500488 -46.64988708496094 10.413276672363281
  endloop
endfacet
facet normal 0.0 0.0 0.0
  outer loop
    vertex -1.1793652987535097e-07 -46.944496154785156 10.589850425720215
    vertex 9.531353950500488 -46.64988708496094 10.413276672363281
    vertex -1.0906694569712272e-07 -46.339393615722656 10.266417503356934
  endloop
endfacet
facet normal 0.0 0.0 0.0
  outer loop
    vertex -1.0906694569712272e-07 -46.339393615722656 10.266417503356934
    vertex 9.531353950500488 -46.64988708496094 10.413276672363281
    vertex 9.342541694641113 -46.339393615722656 10.26641845703125
  endloop
endfacet
facet normal 0.0 0.0 0.0
  outer loop
    vertex -1.0906694569712272e-07 -46.339393615722656 10.266417503356934
    vertex 9.342541694641113 -46.339393615722656 10.26641845703125
    vertex 9.193767547607422 -46.01599884033203 10.150711059570312
  endloop
endfacet
facet normal 0.0 0.0 0.0
  outer loop
    vertex -1.0906694569712272e-07 -46.339393615722656 10.266417503356934
    vertex 9.193767547607422 -46.01599884033203 10.150711059570312
    vertex -1.0360518132301877e-07 -45.68281555175781 10.067252159118652
  endloop
endfacet
facet normal 0.0 0.0 0.0
  outer loop
    vertex -1.0360518132301877e-07 -45.68281555175781 10.067252159118652
    vertex 9.193767547607422 -46.01599884033203 10.150711059570312
    vertex 9.086465835571289 -45.68281555175781 10.067253112792969
  endloop
endfacet
facet normal 0.0 0.0 0.0
  outer loop
    vertex -1.0360518132301877e-07 -45.68281555175781 10.067252159118652
    vertex 9.086465835571289 -45.68281555175781 10.067253112792969
    vertex 9.02166748046875 -45.34306335449219 10.016853332519531
  endloop
endfacet
facet normal 0.0 0.0 0.0
  outer loop
    vertex 8.999999046325684 -45.0 10.0
    vertex -8.999999046325684 -45.0 9.999999046325684
    vertex 9.02166748046875 -45.34306335449219 10.016853332519531
  endloop
endfacet
facet normal 0.0 0.0 0.0
  outer loop
    vertex 9.02166748046875 -45.34306335449219 10.016853332519531
    vertex -8.999999046325684 -45.0 9.999999046325684
    vertex -9.02166748046875 -45.34306335449219 10.016852378845215
  endloop
endfacet
facet normal 0.0 0.0 0.0
  outer loop
    vertex 9.02166748046875 -45.34306335449219 10.016853332519531
    vertex -9.02166748046875 -45.34306335449219 10.016852378845215
    vertex -1.0360518132301877e-07 -45.68281555175781 10.067252159118652
  endloop
endfacet
facet normal 0.0 0.0 0.0
  outer loop
    vertex -1.0360518132301877e-07 -45.68281555175781 10.067252159118652
    vertex -9.02166748046875 -45.34306335449219 10.016852378845215
    vertex -9.086465835571289 -45.68281555175781 10.067252159118652
  endloop
endfacet
facet normal 0.0 0.0 0.0
  outer loop
    vertex -1.0360518132301877e-07 -45.68281555175781 10.067252159118652
    vertex -9.086465835571289 -45.68281555175781 10.067252159118652
    vertex -9.193767547607422 -46.01599884033203 10.150710105895996
  endloop
endfacet
facet normal 0.0 0.0 0.0
  outer loop
    vertex -1.0360518132301877e-07 -45.68281555175781 10.067252159118652
    vertex -9.193767547607422 -46.01599884033203 10.150710105895996
    vertex -1.0906694569712272e-07 -46.339393615722656 10.266417503356934
  endloop
endfacet
facet normal 0.0 0.0 0.0
  outer loop
    vertex -1.0906694569712272e-07 -46.339393615722656 10.266417503356934
    vertex -9.193767547607422 -46.01599884033203 10.150710105895996
    vertex -9.342541694641113 -46.339393615722656 10.266417503356934
  endloop
endfacet
facet normal 0.0 0.0 0.0
  outer loop
    vertex -1.0906694569712272e-07 -46.339393615722656 10.266417503356934
    vertex -9.342541694641113 -46.339393615722656 10.266417503356934
    vertex -9.531353950500488 -46.64988708496094 10.413275718688965
  endloop
endfacet
facet normal 0.0 0.0 0.0
  outer loop
    vertex -1.0906694569712272e-07 -46.339393615722656 10.266417503356934
    vertex -9.531353950500488 -46.64988708496094 10.413275718688965
    vertex -1.1793652987535097e-07 -46.944496154785156 10.589850425720215
  endloop
endfacet
facet normal 0.0 0.0 0.0
  outer loop
    vertex -1.1793652987535097e-07 -46.944496154785156 10.589850425720215
    vertex -9.531353950500488 -46.64988708496094 10.413275718688965
    vertex -9.75838565826416 -46.944496154785156 10.589850425720215
  endloop
endfacet
facet normal 0.0 0.0 0.0
  outer loop
    vertex -1.1793652987535097e-07 -46.944496154785156 10.589850425720215
    vertex -9.75838565826416 -46.944496154785156 10.589850425720215
    vertex -10.021451950073242 -47.220375061035156 10.794463157653809
  endloop
endfacet
facet normal 0.0 0.0 0.0
  outer loop
    vertex -1.1793652987535097e-07 -46.944496154785156 10.589850425720215
    vertex -10.021451950073242 -47.220375061035156 10.794463157653809
    vertex -1.2987311492906883e-07 -47.474876403808594 11.02512264251709
  endloop
endfacet
facet normal 0.0 0.0 0.0
  outer loop
    vertex -1.2987311492906883e-07 -47.474876403808594 11.02512264251709
    vertex -10.021451950073242 -47.220375061035156 10.794463157653809
    vertex -10.318018913269043 -47.474876403808594 11.02512264251709
  endloop
endfacet
facet normal 0.0 0.0 0.0
  outer loop
    vertex -1.2987311492906883e-07 -47.474876403808594 11.02512264251709
    vertex -10.318018913269043 -47.474876403808594 11.02512264251709
    vertex -10.64522933959961 -47.705535888671875 11.279623985290527
  endloop
endfacet
facet normal 0.0 0.0 0.0
  outer loop
    vertex -1.2987311492906883e-07 -47.474876403808594 11.02512264251709
    vertex -10.64522933959961 -47.705535888671875 11.279623985290527
    vertex -1.4441786788665922e-07 -47.91014099121094 11.555502891540527
  endloop
endfacet
facet normal 0.0 0.0 0.0
  outer loop
    vertex -1.4441786788665922e-07 -47.91014099121094 11.555502891540527
    vertex -10.64522933959961 -47.705535888671875 11.279623985290527
    vertex -10.999933242797852 -47.91014099121094 11.555502891540527
  endloop
endfacet
facet normal 0.0 0.0 0.0
  outer loop
    vertex -1.4441786788665922e-07 -47.91014099121094 11.555502891540527
    vertex -10.999933242797852 -47.91014099121094 11.555502891540527
    vertex -11.378713607788086 -48.08672332763672 11.850111961364746
  endloop
endfacet
facet normal 0.0 0.0 0.0
  outer loop
    vertex -1.4441786788665922e-07 -47.91014099121094 11.555502891540527
    vertex -11.378713607788086 -48.08672332763672 11.850111961364746
    vertex -1.6101175503990817e-07 -48.23358154296875 12.160605430603027
  endloop
endfacet
facet normal 0.0 0.0 0.0
  outer loop
    vertex -1.6101175503990817e-07 -48.23358154296875 12.160605430603027
    vertex -11.378713607788086 -48.08672332763672 11.850111961364746
    vertex -11.777923583984375 -48.23358154296875 12.160605430603027
  endloop
endfacet
facet normal 0.0 0.0 0.0
  outer loop
    vertex -1.6101175503990817e-07 -48.23358154296875 12.160605430603027
    vertex -11.777923583984375 -48.23358154296875 12.160605430603027
    vertex -12.193717002868652 -48.34928894042969 12.484000205993652
  endloop
endfacet
facet normal 0.0 0.0 0.0
  outer loop
    vertex -1.6101175503990817e-07 -48.23358154296875 12.160605430603027
    vertex -12.193717002868652 -48.34928894042969 12.484000205993652
    vertex -1.790172774462917e-07 -48.43274688720703 12.817183494567871
  endloop
endfacet
facet normal 0.0 0.0 0.0
  outer loop
    vertex -1.790172774462917e-07 -48.43274688720703 12.817183494567871
    vertex -12.193717002868652 -48.34928894042969 12.484000205993652
    vertex -12.622092247009277 -48.43274688720703 12.817183494567871
  endloop
endfacet
facet normal 0.0 0.0 0.0
  outer loop
    vertex -1.790172774462917e-07 -48.43274688720703 12.817183494567871
    vertex -12.622092247009277 -48.43274688720703 12.817183494567871
    vertex -13.499998092651367 -48.5 13.499998092651367
  endloop
endfacet
facet normal 0.0 0.0 0.0
  outer loop
    vertex -11.98236083984375 -49.5 18.068143844604492
    vertex -11.855087280273438 -48.5 17.07013511657715
    vertex -12.499998092651367 -49.5 17.999998092651367
  endloop
endfacet
facet normal 0.0 0.0 0.0
  outer loop
    vertex -12.499998092651367 -49.5 17.999998092651367
    vertex -11.855087280273438 -48.5 17.07013511657715
    vertex -12.499998092651367 -48.5 16.999998092651367
  endloop
endfacet
facet normal 0.0 0.0 0.0
  outer loop
    vertex -12.499998092651367 -49.5 17.999998092651367
    vertex -12.499998092651367 -48.5 16.999998092651367
    vertex -13.144909858703613 -48.5 17.07013511657715
  endloop
endfacet
facet normal 0.0 0.0 0.0
  outer loop
    vertex -11.855087280273438 -48.5 17.07013511657715
    vertex -11.98236083984375 -49.5 18.068143844604492
    vertex -11.240331649780273 -48.5 17.277273178100586
  endloop
endfacet
facet normal 0.0 0.0 0.0
  outer loop
    vertex -11.240331649780273 -48.5 17.277273178100586
    vertex -11.98236083984375 -49.5 18.068143844604492
    vertex -11.499999046325684 -49.5 18.267942428588867
  endloop
endfacet
facet normal 0.0 0.0 0.0
  outer loop
    vertex -11.240331649780273 -48.5 17.277273178100586
    vertex -11.499999046325684 -49.5 18.267942428588867
    vertex -10.684476852416992 -48.5 17.61171531677246
  endloop
endfacet
facet normal 0.0 0.0 0.0
  outer loop
    vertex -10.684476852416992 -48.5 17.61171531677246
    vertex -11.499999046325684 -49.5 18.267942428588867
    vertex -11.085785865783691 -49.5 18.585783004760742
  endloop
endfacet
facet normal 0.0 0.0 0.0
  outer loop
    vertex -10.684476852416992 -48.5 17.61171531677246
    vertex -11.085785865783691 -49.5 18.585783004760742
    vertex -10.213512420654297 -48.5 18.057836532592773
  endloop
endfacet
facet normal 0.0 0.0 0.0
  outer loop
    vertex -10.213512420654297 -48.5 18.057836532592773
    vertex -11.085785865783691 -49.5 18.585783004760742
    vertex -10.767948150634766 -49.5 18.999998092651367
  endloop
endfacet
facet normal 0.0 0.0 0.0
  outer loop
    vertex -10.213512420654297 -48.5 18.057836532592773
    vertex -10.767948150634766 -49.5 18.999998092651367
    vertex -9.849462509155273 -48.5 18.594770431518555
  endloop
endfacet
facet normal 0.0 0.0 0.0
  outer loop
    vertex -9.849462509155273 -48.5 18.594770431518555
    vertex -10.767948150634766 -49.5 18.999998092651367
    vertex -10.568147659301758 -49.5 19.482358932495117
  endloop
endfacet
facet normal 0.0 0.0 0.0
  outer loop
    vertex -9.849462509155273 -48.5 18.594770431518555
    vertex -10.568147659301758 -49.5 19.482358932495117
    vertex -9.609349250793457 -48.5 19.19740867614746
  endloop
endfacet
facet normal 0.0 0.0 0.0
  outer loop
    vertex -9.609349250793457 -48.5 19.19740867614746
    vertex -10.568147659301758 -49.5 19.482358932495117
    vertex -9.504398345947266 -48.5 19.837583541870117
  endloop
endfacet
facet normal 0.0 0.0 0.0
  outer loop
    vertex -9.504398345947266 -48.5 19.837583541870117
    vertex -10.568147659301758 -49.5 19.482358932495117
    vertex -10.499999046325684 -49.5 19.999998092651367
  endloop
endfacet
facet normal 0.0 0.0 0.0
  outer loop
    vertex -9.504398345947266 -48.5 19.837583541870117
    vertex -10.499999046325684 -49.5 19.999998092651367
    vertex -9.539519309997559 -48.5 20.485342025756836
  endloop
endfacet
facet normal 0.0 0.0 0.0
  outer loop
    vertex -9.539519309997559 -48.5 20.485342025756836
    vertex -10.499999046325684 -49.5 19.999998092651367
    vertex -10.568147659301758 -49.5 20.517637252807617
  endloop
endfacet
facet normal 0.0 0.0 0.0
  outer loop
    vertex -9.539519309997559 -48.5 20.485342025756836
    vertex -10.568147659301758 -49.5 20.517637252807617
    vertex -9.713068962097168 -48.5 21.110410690307617
  endloop
endfacet
facet normal 0.0 0.0 0.0
  outer loop
    vertex -9.713068962097168 -48.5 21.110410690307617
    vertex -10.568147659301758 -49.5 20.517637252807617
    vertex -10.767948150634766 -49.5 20.999998092651367
  endloop
endfacet
facet normal 0.0 0.0 0.0
  outer loop
    vertex -9.713068962097168 -48.5 21.110410690307617
    vertex -10.767948150634766 -49.5 20.999998092651367
    vertex -10.016932487487793 -48.5 21.683561325073242
  endloop
endfacet
facet normal 0.0 0.0 0.0
  outer loop
    vertex -10.016932487487793 -48.5 21.683561325073242
    vertex -10.767948150634766 -49.5 20.999998092651367
    vertex -11.085785865783691 -49.5 21.414213180541992
  endloop
endfacet
facet normal 0.0 0.0 0.0
  outer loop
    vertex -10.016932487487793 -48.5 21.683561325073242
    vertex -11.085785865783691 -49.5 21.414213180541992
    vertex -10.436901092529297 -48.5 22.1779842376709
  endloop
endfacet
facet normal 0.0 0.0 0.0
  outer loop
    vertex -10.436901092529297 -48.5 22.1779842376709
    vertex -11.085785865783691 -49.5 21.414213180541992
    vertex -11.499999046325684 -49.5 21.732046127319336
  endloop
endfacet
facet normal 0.0 0.0 0.0
  outer loop
    vertex -10.436901092529297 -48.5 22.1779842376709
    vertex -11.499999046325684 -49.5 21.732046127319336
    vertex -10.953337669372559 -48.5 22.57056999206543
  endloop
endfacet
facet normal 0.0 0.0 0.0
  outer loop
    vertex -10.953337669372559 -48.5 22.57056999206543
    vertex -11.499999046325684 -49.5 21.732046127319336
    vertex -11.542094230651855 -48.5 22.842954635620117
  endloop
endfacet
facet normal 0.0 0.0 0.0
  outer loop
    vertex -11.542094230651855 -48.5 22.842954635620117
    vertex -11.499999046325684 -49.5 21.732046127319336
    vertex -11.98236083984375 -49.5 21.931852340698242
  endloop
endfacet
facet normal 0.0 0.0 0.0
  outer loop
    vertex -11.542094230651855 -48.5 22.842954635620117
    vertex -11.98236083984375 -49.5 21.931852340698242
    vertex -12.175641059875488 -48.5 22.982412338256836
  endloop
endfacet
facet normal 0.0 0.0 0.0
  outer loop
    vertex -12.175641059875488 -48.5 22.982412338256836
    vertex -11.98236083984375 -49.5 21.931852340698242
    vertex -12.499998092651367 -49.5 21.999998092651367
  endloop
endfacet
facet normal 0.0 0.0 0.0
  outer loop
    vertex -12.175641059875488 -48.5 22.982412338256836
    vertex -12.499998092651367 -49.5 21.999998092651367
    vertex -12.824355125427246 -48.5 22.982412338256836
  endloop
endfacet
facet normal 0.0 0.0 0.0
  outer loop
    vertex -12.824355125427246 -48.5 22.982412338256836
    vertex -12.499998092651367 -49.5 21.999998092651367
    vertex -13.0176362991333 -49.5 21.931852340698242
  endloop
endfacet
facet normal 0.0 0.0 0.0
  outer loop
    vertex -12.824355125427246 -48.5 22.982412338256836
    vertex -13.0176362991333 -49.5 21.931852340698242
    vertex -13.457902908325195 -48.5 22.842954635620117
  endloop
endfacet
facet normal 0.0 0.0 0.0
  outer loop
    vertex -13.457902908325195 -48.5 22.842954635620117
    vertex -13.0176362991333 -49.5 21.931852340698242
    vertex -13.499998092651367 -49.5 21.732046127319336
  endloop
endfacet
facet normal 0.0 0.0 0.0
  outer loop
    vertex -13.457902908325195 -48.5 22.842954635620117
    vertex -13.499998092651367 -49.5 21.732046127319336
    vertex -14.046659469604492 -48.5 22.57056999206543
  endloop
endfacet
facet normal 0.0 0.0 0.0
  outer loop
    vertex -14.046659469604492 -48.5 22.57056999206543
    vertex -13.499998092651367 -49.5 21.732046127319336
    vertex -14.563096046447754 -48.5 22.1779842376709
  endloop
endfacet
facet normal 0.0 0.0 0.0
  outer loop
    vertex -14.563096046447754 -48.5 22.1779842376709
    vertex -13.499998092651367 -49.5 21.732046127319336
    vertex -13.91421127319336 -49.5 21.414213180541992
  endloop
endfacet
facet normal 0.0 0.0 0.0
  outer loop
    vertex -14.563096046447754 -48.5 22.1779842376709
    vertex -13.91421127319336 -49.5 21.414213180541992
    vertex -14.983064651489258 -48.5 21.683561325073242
  endloop
endfacet
facet normal 0.0 0.0 0.0
  outer loop
    vertex -14.983064651489258 -48.5 21.683561325073242
    vertex -13.91421127319336 -49.5 21.414213180541992
    vertex -14.232048988342285 -49.5 20.999998092651367
  endloop
endfacet
facet normal 0.0 0.0 0.0
  outer loop
    vertex -14.983064651489258 -48.5 21.683561325073242
    vertex -14.232048988342285 -49.5 20.999998092651367
    vertex -15.286928176879883 -48.5 21.110410690307617
  endloop
endfacet
facet normal 0.0 0.0 0.0
  outer loop
    vertex -15.286928176879883 -48.5 21.110410690307617
    vertex -14.232048988342285 -49.5 20.999998092651367
    vertex -14.431849479675293 -49.5 20.517637252807617
  endloop
endfacet
facet normal 0.0 0.0 0.0
  outer loop
    vertex -15.286928176879883 -48.5 21.110410690307617
    vertex -14.431849479675293 -49.5 20.517637252807617
    vertex -15.460477828979492 -48.5 20.485342025756836
  endloop
endfacet
facet normal 0.0 0.0 0.0
  outer loop
    vertex -15.460477828979492 -48.5 20.485342025756836
    vertex -14.431849479675293 -49.5 20.517637252807617
    vertex -14.499998092651367 -49.5 19.999998092651367
  endloop
endfacet
facet normal 0.0 0.0 0.0
  outer loop
    vertex -15.460477828979492 -48.5 20.485342025756836
    vertex -14.499998092651367 -49.5 19.999998092651367
    vertex -15.495598793029785 -48.5 19.837583541870117
  endloop
endfacet
facet normal 0.0 0.0 0.0
  outer loop
    vertex -15.495598793029785 -48.5 19.837583541870117
    vertex -14.499998092651367 -49.5 19.999998092651367
    vertex -14.431849479675293 -49.5 19.482358932495117
  endloop
endfacet
facet normal 0.0 0.0 0.0
  outer loop
    vertex -15.495598793029785 -48.5 19.837583541870117
    vertex -14.431849479675293 -49.5 19.482358932495117
    vertex -15.390647888183594 -48.5 19.19740867614746
  endloop
endfacet
facet normal 0.0 0.0 0.0
  outer loop
    vertex -15.390647888183594 -48.5 19.19740867614746
    vertex -14.431849479675293 -49.5 19.482358932495117
    vertex -15.150534629821777 -48.5 18.594770431518555
  endloop
endfacet
facet normal 0.0 0.0 0.0
  outer loop
    vertex -15.150534629821777 -48.5 18.594770431518555
    vertex -14.431849479675293 -49.5 19.482358932495117
    vertex -14.232048988342285 -49.5 18.999998092651367
  endloop
endfacet
facet normal 0.0 0.0 0.0
  outer loop
    vertex -15.150534629821777 -48.5 18.594770431518555
    vertex -14.232048988342285 -49.5 18.999998092651367
    vertex -14.786484718322754 -48.5 18.057836532592773
  endloop
endfacet
facet normal 0.0 0.0 0.0
  outer loop
    vertex -14.786484718322754 -48.5 18.057836532592773
    vertex -14.232048988342285 -49.5 18.999998092651367
    vertex -13.91421127319336 -49.5 18.585783004760742
  endloop
endfacet
facet normal 0.0 0.0 0.0
  outer loop
    vertex -14.786484718322754 -48.5 18.057836532592773
    vertex -13.91421127319336 -49.5 18.585783004760742
    vertex -14.315520286560059 -48.5 17.61171531677246
  endloop
endfacet
facet normal 0.0 0.0 0.0
  outer loop
    vertex -14.315520286560059 -48.5 17.61171531677246
    vertex -13.91421127319336 -49.5 18.585783004760742
    vertex -13.499998092651367 -49.5 18.267942428588867
  endloop
endfacet
facet normal 0.0 0.0 0.0
  outer loop
    vertex -14.315520286560059 -48.5 17.61171531677246
    vertex -13.499998092651367 -49.5 18.267942428588867
    vertex -13.759665489196777 -48.5 17.277273178100586
  endloop
endfacet
facet normal 0.0 0.0 0.0
  outer loop
    vertex -13.759665489196777 -48.5 17.277273178100586
    vertex -13.499998092651367 -49.5 18.267942428588867
    vertex -13.0176362991333 -49.5 18.068143844604492
  endloop
endfacet
facet normal 0.0 0.0 0.0
  outer loop
    vertex -13.759665489196777 -48.5 17.277273178100586
    vertex -13.0176362991333 -49.5 18.068143844604492
    vertex -13.144909858703613 -48.5 17.07013511657715
  endloop
endfacet
facet normal 0.0 0.0 0.0
  outer loop
    vertex -13.144909858703613 -48.5 17.07013511657715
    vertex -13.0176362991333 -49.5 18.068143844604492
    vertex -12.499998092651367 -49.5 17.999998092651367
  endloop
endfacet
facet normal 0.0 0.0 0.0
  outer loop
    vertex -11.98236083984375 -50.5 18.068143844604492
    vertex -11.98236083984375 -49.5 18.068143844604492
    vertex -12.499998092651367 -50.5 17.999998092651367
  endloop
endfacet
facet normal 0.0 0.0 0.0
  outer loop
    vertex -12.499998092651367 -50.5 17.999998092651367
    vertex -11.98236083984375 -49.5 18.068143844604492
    vertex -12.499998092651367 -49.5 17.999998092651367
  endloop
endfacet
facet normal 0.0 0.0 0.0
  outer loop
    vertex -12.499998092651367 -50.5 17.999998092651367
    vertex -12.499998092651367 -49.5 17.999998092651367
    vertex -13.0176362991333 -50.5 18.068143844604492
  endloop
endfacet
facet normal 0.0 0.0 0.0
  outer loop
    vertex -13.0176362991333 -50.5 18.068143844604492
    vertex -12.499998092651367 -49.5 17.999998092651367
    vertex -13.0176362991333 -49.5 18.068143844604492
  endloop
endfacet
facet normal 0.0 0.0 0.0
  outer loop
    vertex -13.0176362991333 -50.5 18.068143844604492
    vertex -13.0176362991333 -49.5 18.068143844604492
    vertex -13.499998092651367 -50.5 18.267942428588867
  endloop
endfacet
facet normal 0.0 0.0 0.0
  outer loop
    vertex -13.499998092651367 -50.5 18.267942428588867
    vertex -13.0176362991333 -49.5 18.068143844604492
    vertex -13.499998092651367 -49.5 18.267942428588867
  endloop
endfacet
facet normal 0.0 0.0 0.0
  outer loop
    vertex -13.499998092651367 -50.5 18.267942428588867
    vertex -13.499998092651367 -49.5 18.267942428588867
    vertex -13.91421127319336 -50.5 18.585783004760742
  endloop
endfacet
facet normal 0.0 0.0 0.0
  outer loop
    vertex -13.91421127319336 -50.5 18.585783004760742
    vertex -13.499998092651367 -49.5 18.267942428588867
    vertex -13.91421127319336 -49.5 18.585783004760742
  endloop
endfacet
facet normal 0.0 0.0 0.0
  outer loop
    vertex -13.91421127319336 -50.5 18.585783004760742
    vertex -13.91421127319336 -49.5 18.585783004760742
    vertex -14.232048988342285 -50.5 18.999998092651367
  endloop
endfacet
facet normal 0.0 0.0 0.0
  outer loop
    vertex -14.232048988342285 -50.5 18.999998092651367
    vertex -13.91421127319336 -49.5 18.585783004760742
    vertex -14.232048988342285 -49.5 18.999998092651367
  endloop
endfacet
facet normal 0.0 0.0 0.0
  outer loop
    vertex -14.232048988342285 -50.5 18.999998092651367
    vertex -14.232048988342285 -49.5 18.999998092651367
    vertex -14.431849479675293 -50.5 19.482358932495117
  endloop
endfacet
facet normal 0.0 0.0 0.0
  outer loop
    vertex -14.431849479675293 -50.5 19.482358932495117
    vertex -14.232048988342285 -49.5 18.999998092651367
    vertex -14.431849479675293 -49.5 19.482358932495117
  endloop
endfacet
facet normal 0.0 0.0 0.0
  outer loop
    vertex -14.431849479675293 -50.5 19.482358932495117
    vertex -14.431849479675293 -49.5 19.482358932495117
    vertex -14.499998092651367 -50.5 19.999998092651367
  endloop
endfacet
facet normal 0.0 0.0 0.0
  outer loop
    vertex -14.499998092651367 -50.5 19.999998092651367
    vertex -14.431849479675293 -49.5 19.482358932495117
    vertex -14.499998092651367 -49.5 19.999998092651367
  endloop
endfacet
facet normal 0.0 0.0 0.0
  outer loop
    vertex -14.499998092651367 -50.5 19.999998092651367
    vertex -14.499998092651367 -49.5 19.999998092651367
    vertex -14.431849479675293 -50.5 20.517637252807617
  endloop
endfacet
facet normal 0.0 0.0 0.0
  outer loop
    vertex -14.431849479675293 -50.5 20.517637252807617
    vertex -14.499998092651367 -49.5 19.999998092651367
    vertex -14.431849479675293 -49.5 20.517637252807617
  endloop
endfacet
facet normal 0.0 0.0 0.0
  outer loop
    vertex -14.431849479675293 -50.5 20.517637252807617
    vertex -14.431849479675293 -49.5 20.517637252807617
    vertex -14.232048988342285 -50.5 20.999998092651367
  endloop
endfacet
facet normal 0.0 0.0 0.0
  outer loop
    vertex -14.232048988342285 -50.5 20.999998092651367
    vertex -14.431849479675293 -49.5 20.517637252807617
    vertex -14.232048988342285 -49.5 20.999998092651367
  endloop
endfacet
facet normal 0.0 0.0 0.0
  outer loop
    vertex -14.232048988342285 -50.5 20.999998092651367
    vertex -14.232048988342285 -49.5 20.999998092651367
    vertex -13.91421127319336 -50.5 21.414213180541992
  endloop
endfacet
facet normal 0.0 0.0 0.0
  outer loop
    vertex -13.91421127319336 -50.5 21.414213180541992
    vertex -14.232048988342285 -49.5 20.999998092651367
    vertex -13.91421127319336 -49.5 21.414213180541992
  endloop
endfacet
facet normal 0.0 0.0 0.0
  outer loop
    vertex -13.91421127319336 -50.5 21.414213180541992
    vertex -13.91421127319336 -49.5 21.414213180541992
    vertex -13.499998092651367 -50.5 21.732046127319336
  endloop
endfacet
facet normal 0.0 0.0 0.0
  outer loop
    vertex -13.499998092651367 -50.5 21.732046127319336
    vertex -13.91421127319336 -49.5 21.414213180541992
    vertex -13.499998092651367 -49.5 21.732046127319336
  endloop
endfacet
facet normal 0.0 0.0 0.0
  outer loop
    vertex -13.499998092651367 -50.5 21.732046127319336
    vertex -13.499998092651367 -49.5 21.732046127319336
    vertex -13.0176362991333 -50.5 21.931852340698242
  endloop
endfacet
facet normal 0.0 0.0 0.0
  outer loop
    vertex -13.0176362991333 -50.5 21.931852340698242
    vertex -13.499998092651367 -49.5 21.732046127319336
    vertex -13.0176362991333 -49.5 21.931852340698242
  endloop
endfacet
facet normal 0.0 0.0 0.0
  outer loop
    vertex -13.0176362991333 -50.5 21.931852340698242
    vertex -13.0176362991333 -49.5 21.931852340698242
    vertex -12.499998092651367 -50.5 21.999998092651367
  endloop
endfacet
facet normal 0.0 0.0 0.0
  outer loop
    vertex -12.499998092651367 -50.5 21.999998092651367
    vertex -13.0176362991333 -49.5 21.931852340698242
    vertex -12.499998092651367 -49.5 21.999998092651367
  endloop
endfacet
facet normal 0.0 0.0 0.0
  outer loop
    vertex -12.499998092651367 -50.5 21.999998092651367
    vertex -12.499998092651367 -49.5 21.999998092651367
    vertex -11.98236083984375 -50.5 21.931852340698242
  endloop
endfacet
facet normal 0.0 0.0 0.0
  outer loop
    vertex -11.98236083984375 -50.5 21.931852340698242
    vertex -12.499998092651367 -49.5 21.999998092651367
    vertex -11.98236083984375 -49.5 21.931852340698242
  endloop
endfacet
facet normal 0.0 0.0 0.0
  outer loop
    vertex -11.98236083984375 -50.5 21.931852340698242
    vertex -11.98236083984375 -49.5 21.931852340698242
    vertex -11.499999046325684 -50.5 21.732046127319336
  endloop
endfacet
facet normal 0.0 0.0 0.0
  outer loop
    vertex -11.499999046325684 -50.5 21.732046127319336
    vertex -11.98236083984375 -49.5 21.931852340698242
    vertex -11.499999046325684 -49.5 21.732046127319336
  endloop
endfacet
facet normal 0.0 0.0 0.0
  outer loop
    vertex -11.499999046325684 -50.5 21.732046127319336
    vertex -11.499999046325684 -49.5 21.732046127319336
    vertex -11.085785865783691 -50.5 21.414213180541992
  endloop
endfacet
facet normal 0.0 0.0 0.0
  outer loop
    vertex -11.085785865783691 -50.5 21.414213180541992
    vertex -11.499999046325684 -49.5 21.732046127319336
    vertex -11.085785865783691 -49.5 21.414213180541992
  endloop
endfacet
facet normal 0.0 0.0 0.0
  outer loop
    vertex -11.085785865783691 -50.5 21.414213180541992
    vertex -11.085785865783691 -49.5 21.414213180541992
    vertex -10.767948150634766 -50.5 20.999998092651367
  endloop
endfacet
facet normal 0.0 0.0 0.0
  outer loop
    vertex -10.767948150634766 -50.5 20.999998092651367
    vertex -11.085785865783691 -49.5 21.414213180541992
    vertex -10.767948150634766 -49.5 20.999998092651367
  endloop
endfacet
facet normal 0.0 0.0 0.0
  outer loop
    vertex -10.767948150634766 -50.5 20.999998092651367
    vertex -10.767948150634766 -49.5 20.999998092651367
    vertex -10.568147659301758 -50.5 20.517637252807617
  endloop
endfacet
facet normal 0.0 0.0 0.0
  outer loop
    vertex -10.568147659301758 -50.5 20.517637252807617
    vertex -10.767948150634766 -49.5 20.999998092651367
    vertex -10.568147659301758 -49.5 20.517637252807617
  endloop
endfacet
facet normal 0.0 0.0 0.0
  outer loop
    vertex -10.568147659301758 -50.5 20.517637252807617
    vertex -10.568147659301758 -49.5 20.517637252807617
    vertex -10.499999046325684 -50.5 19.999998092651367
  endloop
endfacet
facet normal 0.0 0.0 0.0
  outer loop
    vertex -10.499999046325684 -50.5 19.999998092651367
    vertex -10.568147659301758 -49.5 20.517637252807617
    vertex -10.499999046325684 -49.5 19.999998092651367
  endloop
endfacet
facet normal 0.0 0.0 0.0
  outer loop
    vertex -10.499999046325684 -50.5 19.999998092651367
    vertex -10.499999046325684 -49.5 19.999998092651367
    vertex -10.568147659301758 -50.5 19.482358932495117
  endloop
endfacet
facet normal 0.0 0.0 0.0
  outer loop
    vertex -10.568147659301758 -50.5 19.482358932495117
    vertex -10.499999046325684 -49.5 19.999998092651367
    vertex -10.568147659301758 -49.5 19.482358932495117
  endloop
endfacet
facet normal 0.0 0.0 0.0
  outer loop
    vertex -10.568147659301758 -50.5 19.482358932495117
    vertex -10.568147659301758 -49.5 19.482358932495117
    vertex -10.767948150634766 -50.5 18.999998092651367
  endloop
endfacet
facet normal 0.0 0.0 0.0
  outer loop
    vertex -10.767948150634766 -50.5 18.999998092651367
    vertex -10.568147659301758 -49.5 19.482358932495117
    vertex -10.767948150634766 -49.5 18.999998092651367
  endloop
endfacet
facet normal 0.0 0.0 0.0
  outer loop
    vertex -10.767948150634766 -50.5 18.999998092651367
    vertex -10.767948150634766 -49.5 18.999998092651367
    vertex -11.085785865783691 -50.5 18.585783004760742
  endloop
endfacet
facet normal 0.0 0.0 0.0
  outer loop
    vertex -11.085785865783691 -50.5 18.585783004760742
    vertex -10.767948150634766 -49.5 18.999998092651367
    vertex -11.085785865783691 -49.5 18.585783004760742
  endloop
endfacet
facet normal 0.0 0.0 0.0
  outer loop
    vertex -11.085785865783691 -50.5 18.585783004760742
    vertex -11.085785865783691 -49.5 18.585783004760742
    vertex -11.499999046325684 -50.5 18.267942428588867
  endloop
endfacet
facet normal 0.0 0.0 0.0
  outer loop
    vertex -11.499999046325684 -50.5 18.267942428588867
    vertex -11.085785865783691 -49.5 18.585783004760742
    vertex -11.499999046325684 -49.5 18.267942428588867
  endloop
endfacet
facet normal 0.0 0.0 0.0
  outer loop
    vertex -11.499999046325684 -50.5 18.267942428588867
    vertex -11.499999046325684 -49.5 18.267942428588867
    vertex -11.98236083984375 -50.5 18.068143844604492
  endloop
endfacet
facet normal 0.0 0.0 0.0
  outer loop
    vertex -11.98236083984375 -50.5 18.068143844604492
    vertex -11.499999046325684 -49.5 18.267942428588867
    vertex -11.98236083984375 -49.5 18.068143844604492
  endloop
endfacet
facet normal 0.0 0.0 0.0
  outer loop
    vertex 13.0176362991333 -49.5 18.068145751953125
    vertex 13.144909858703613 -48.5 17.07013702392578
    vertex 12.499998092651367 -49.5 18.0
  endloop
endfacet
facet normal 0.0 0.0 0.0
  outer loop
    vertex 12.499998092651367 -49.5 18.0
    vertex 13.144909858703613 -48.5 17.07013702392578
    vertex 12.499998092651367 -48.5 17.0
  endloop
endfacet
facet normal 0.0 0.0 0.0
  outer loop
    vertex 12.499998092651367 -49.5 18.0
    vertex 12.499998092651367 -48.5 17.0
    vertex 11.855087280273438 -48.5 17.07013702392578
  endloop
endfacet
facet normal 0.0 0.0 0.0
  outer loop
    vertex 13.144909858703613 -48.5 17.07013702392578
    vertex 13.0176362991333 -49.5 18.068145751953125
    vertex 13.759665489196777 -48.5 17.27727508544922
  endloop
endfacet
facet normal 0.0 0.0 0.0
  outer loop
    vertex 13.759665489196777 -48.5 17.27727508544922
    vertex 13.0176362991333 -49.5 18.068145751953125
    vertex 13.499998092651367 -49.5 18.2679443359375
  endloop
endfacet
facet normal 0.0 0.0 0.0
  outer loop
    vertex 13.759665489196777 -48.5 17.27727508544922
    vertex 13.499998092651367 -49.5 18.2679443359375
    vertex 14.315520286560059 -48.5 17.611717224121094
  endloop
endfacet
facet normal 0.0 0.0 0.0
  outer loop
    vertex 14.315520286560059 -48.5 17.611717224121094
    vertex 13.499998092651367 -49.5 18.2679443359375
    vertex 13.91421127319336 -49.5 18.585783004760742
  endloop
endfacet
facet normal 0.0 0.0 0.0
  outer loop
    vertex 14.315520286560059 -48.5 17.611717224121094
    vertex 13.91421127319336 -49.5 18.585783004760742
    vertex 14.786484718322754 -48.5 18.057838439941406
  endloop
endfacet
facet normal 0.0 0.0 0.0
  outer loop
    vertex 14.786484718322754 -48.5 18.057838439941406
    vertex 13.91421127319336 -49.5 18.585783004760742
    vertex 14.232048988342285 -49.5 18.999998092651367
  endloop
endfacet
facet normal 0.0 0.0 0.0
  outer loop
    vertex 14.786484718322754 -48.5 18.057838439941406
    vertex 14.232048988342285 -49.5 18.999998092651367
    vertex 15.150534629821777 -48.5 18.594770431518555
  endloop
endfacet
facet normal 0.0 0.0 0.0
  outer loop
    vertex 15.150534629821777 -48.5 18.594770431518555
    vertex 14.232048988342285 -49.5 18.999998092651367
    vertex 14.431849479675293 -49.5 19.482358932495117
  endloop
endfacet
facet normal 0.0 0.0 0.0
  outer loop
    vertex 15.150534629821777 -48.5 18.594770431518555
    vertex 14.431849479675293 -49.5 19.482358932495117
    vertex 15.390647888183594 -48.5 19.19740867614746
  endloop
endfacet
facet normal 0.0 0.0 0.0
  outer loop
    vertex 15.390647888183594 -48.5 19.19740867614746
    vertex 14.431849479675293 -49.5 19.482358932495117
    vertex 15.495598793029785 -48.5 19.837583541870117
  endloop
endfacet
facet normal 0.0 0.0 0.0
  outer loop
    vertex 15.495598793029785 -48.5 19.837583541870117
    vertex 14.431849479675293 -49.5 19.482358932495117
    vertex 14.499998092651367 -49.5 19.999998092651367
  endloop
endfacet
facet normal 0.0 0.0 0.0
  outer loop
    vertex 15.495598793029785 -48.5 19.837583541870117
    vertex 14.499998092651367 -49.5 19.999998092651367
    vertex 15.460477828979492 -48.5 20.485342025756836
  endloop
endfacet
facet normal 0.0 0.0 0.0
  outer loop
    vertex 15.460477828979492 -48.5 20.485342025756836
    vertex 14.499998092651367 -49.5 19.999998092651367
    vertex 14.431849479675293 -49.5 20.517637252807617
  endloop
endfacet
facet normal 0.0 0.0 0.0
  outer loop
    vertex 15.460477828979492 -48.5 20.485342025756836
    vertex 14.431849479675293 -49.5 20.517637252807617
    vertex 15.286928176879883 -48.5 21.110410690307617
  endloop
endfacet
facet normal 0.0 0.0 0.0
  outer loop
    vertex 15.286928176879883 -48.5 21.110410690307617
    vertex 14.431849479675293 -49.5 20.517637252807617
    vertex 14.232048988342285 -49.5 20.999998092651367
  endloop
endfacet
facet normal 0.0 0.0 0.0
  outer loop
    vertex 15.286928176879883 -48.5 21.110410690307617
    vertex 14.232048988342285 -49.5 20.999998092651367
    vertex 14.983064651489258 -48.5 21.683561325073242
  endloop
endfacet
facet normal 0.0 0.0 0.0
  outer loop
    vertex 14.983064651489258 -48.5 21.683561325073242
    vertex 14.232048988342285 -49.5 20.999998092651367
    vertex 13.91421127319336 -49.5 21.414213180541992
  endloop
endfacet
facet normal 0.0 0.0 0.0
  outer loop
    vertex 14.983064651489258 -48.5 21.683561325073242
    vertex 13.91421127319336 -49.5 21.414213180541992
    vertex 14.563096046447754 -48.5 22.1779842376709
  endloop
endfacet
facet normal 0.0 0.0 0.0
  outer loop
    vertex 14.563096046447754 -48.5 22.1779842376709
    vertex 13.91421127319336 -49.5 21.414213180541992
    vertex 13.499998092651367 -49.5 21.732046127319336
  endloop
endfacet
facet normal 0.0 0.0 0.0
  outer loop
    vertex 14.563096046447754 -48.5 22.1779842376709
    vertex 13.499998092651367 -49.5 21.732046127319336
    vertex 14.046659469604492 -48.5 22.57056999206543
  endloop
endfacet
facet normal 0.0 0.0 0.0
  outer loop
    vertex 14.046659469604492 -48.5 22.57056999206543
    vertex 13.499998092651367 -49.5 21.732046127319336
    vertex 13.457902908325195 -48.5 22.842954635620117
  endloop
endfacet
facet normal 0.0 0.0 0.0
  outer loop
    vertex 13.457902908325195 -48.5 22.842954635620117
    vertex 13.499998092651367 -49.5 21.732046127319336
    vertex 13.0176362991333 -49.5 21.931852340698242
  endloop
endfacet
facet normal 0.0 0.0 0.0
  outer loop
    vertex 13.457902908325195 -48.5 22.842954635620117
    vertex 13.0176362991333 -49.5 21.931852340698242
    vertex 12.824355125427246 -48.5 22.982412338256836
  endloop
endfacet
facet normal 0.0 0.0 0.0
  outer loop
    vertex 12.824355125427246 -48.5 22.982412338256836
    vertex 13.0176362991333 -49.5 21.931852340698242
    vertex 12.499998092651367 -49.5 21.999998092651367
  endloop
endfacet
facet normal 0.0 0.0 0.0
  outer loop
    vertex 12.824355125427246 -48.5 22.982412338256836
    vertex 12.499998092651367 -49.5 21.999998092651367
    vertex 12.175641059875488 -48.5 22.982412338256836
  endloop
endfacet
facet normal 0.0 0.0 0.0
  outer loop
    vertex 12.175641059875488 -48.5 22.982412338256836
    vertex 12.499998092651367 -49.5 21.999998092651367
    vertex 11.98236083984375 -49.5 21.931852340698242
  endloop
endfacet
facet normal 0.0 0.0 0.0
  outer loop
    vertex 12.175641059875488 -48.5 22.982412338256836
    vertex 11.98236083984375 -49.5 21.931852340698242
    vertex 11.542094230651855 -48.5 22.842954635620117
  endloop
endfacet
facet normal 0.0 0.0 0.0
  outer loop
    vertex 11.542094230651855 -48.5 22.842954635620117
    vertex 11.98236083984375 -49.5 21.931852340698242
    vertex 11.499999046325684 -49.5 21.732046127319336
  endloop
endfacet
facet normal 0.0 0.0 0.0
  outer loop
    vertex 11.542094230651855 -48.5 22.842954635620117
    vertex 11.499999046325684 -49.5 21.732046127319336
    vertex 10.953337669372559 -48.5 22.57056999206543
  endloop
endfacet
facet normal 0.0 0.0 0.0
  outer loop
    vertex 10.953337669372559 -48.5 22.57056999206543
    vertex 11.499999046325684 -49.5 21.732046127319336
    vertex 10.436901092529297 -48.5 22.1779842376709
  endloop
endfacet
facet normal 0.0 0.0 0.0
  outer loop
    vertex 10.436901092529297 -48.5 22.1779842376709
    vertex 11.499999046325684 -49.5 21.732046127319336
    vertex 11.085785865783691 -49.5 21.414213180541992
  endloop
endfacet
facet normal 0.0 0.0 0.0
  outer loop
    vertex 10.436901092529297 -48.5 22.1779842376709
    vertex 11.085785865783691 -49.5 21.414213180541992
    vertex 10.016932487487793 -48.5 21.683561325073242
  endloop
endfacet
facet normal 0.0 0.0 0.0
  outer loop
    vertex 10.016932487487793 -48.5 21.683561325073242
    vertex 11.085785865783691 -49.5 21.414213180541992
    vertex 10.767948150634766 -49.5 20.999998092651367
  endloop
endfacet
facet normal 0.0 0.0 0.0
  outer loop
    vertex 10.016932487487793 -48.5 21.683561325073242
    vertex 10.767948150634766 -49.5 20.999998092651367
    vertex 9.713068962097168 -48.5 21.110410690307617
  endloop
endfacet
facet normal 0.0 0.0 0.0
  outer loop
    vertex 9.713068962097168 -48.5 21.110410690307617
    vertex 10.767948150634766 -49.5 20.999998092651367
    vertex 10.568147659301758 -49.5 20.517637252807617
  endloop
endfacet
facet normal 0.0 0.0 0.0
  outer loop
    vertex 9.713068962097168 -48.5 21.110410690307617
    vertex 10.568147659301758 -49.5 20.517637252807617
    vertex 9.539519309997559 -48.5 20.485342025756836
  endloop
endfacet
facet normal 0.0 0.0 0.0
  outer loop
    vertex 9.539519309997559 -48.5 20.485342025756836
    vertex 10.568147659301758 -49.5 20.517637252807617
    vertex 10.499999046325684 -49.5 19.999998092651367
  endloop
endfacet
facet normal 0.0 0.0 0.0
  outer loop
    vertex 9.539519309997559 -48.5 20.485342025756836
    vertex 10.499999046325684 -49.5 19.999998092651367
    vertex 9.504398345947266 -48.5 19.837583541870117
  endloop
endfacet
facet normal 0.0 0.0 0.0
  outer loop
    vertex 9.504398345947266 -48.5 19.837583541870117
    vertex 10.499999046325684 -49.5 19.999998092651367
    vertex 10.568147659301758 -49.5 19.482358932495117
  endloop
endfacet
facet normal 0.0 0.0 0.0
  outer loop
    vertex 9.504398345947266 -48.5 19.837583541870117
    vertex 10.568147659301758 -49.5 19.482358932495117
    vertex 9.609349250793457 -48.5 19.19740867614746
  endloop
endfacet
facet normal 0.0 0.0 0.0
  outer loop
    vertex 9.609349250793457 -48.5 19.19740867614746
    vertex 10.568147659301758 -49.5 19.482358932495117
    vertex 9.849462509155273 -48.5 18.594770431518555
  endloop
endfacet
facet normal 0.0 0.0 0.0
  outer loop
    vertex 9.849462509155273 -48.5 18.594770431518555
    vertex 10.568147659301758 -49.5 19.482358932495117
    vertex 10.767948150634766 -49.5 18.999998092651367
  endloop
endfacet
facet normal 0.0 0.0 0.0
  outer loop
    vertex 9.849462509155273 -48.5 18.594770431518555
    vertex 10.767948150634766 -49.5 18.999998092651367
    vertex 10.213512420654297 -48.5 18.057838439941406
  endloop
endfacet
facet normal 0.0 0.0 0.0
  outer loop
    vertex 10.213512420654297 -48.5 18.057838439941406
    vertex 10.767948150634766 -49.5 18.999998092651367
    vertex 11.085785865783691 -49.5 18.585783004760742
  endloop
endfacet
facet normal 0.0 0.0 0.0
  outer loop
    vertex 10.213512420654297 -48.5 18.057838439941406
    vertex 11.085785865783691 -49.5 18.585783004760742
    vertex 10.684476852416992 -48.5 17.611717224121094
  endloop
endfacet
facet normal 0.0 0.0 0.0
  outer loop
    vertex 10.684476852416992 -48.5 17.611717224121094
    vertex 11.085785865783691 -49.5 18.585783004760742
    vertex 11.499999046325684 -49.5 18.2679443359375
  endloop
endfacet
facet normal 0.0 0.0 0.0
  outer loop
    vertex 10.684476852416992 -48.5 17.611717224121094
    vertex 11.499999046325684 -49.5 18.2679443359375
    vertex 11.240331649780273 -48.5 17.27727508544922
  endloop
endfacet
facet normal 0.0 0.0 0.0
  outer loop
    vertex 11.240331649780273 -48.5 17.27727508544922
    vertex 11.499999046325684 -49.5 18.2679443359375
    vertex 11.98236083984375 -49.5 18.068145751953125
  endloop
endfacet
facet normal 0.0 0.0 0.0
  outer loop
    vertex 11.240331649780273 -48.5 17.27727508544922
    vertex 11.98236083984375 -49.5 18.068145751953125
    vertex 11.855087280273438 -48.5 17.07013702392578
  endloop
endfacet
facet normal 0.0 0.0 0.0
  outer loop
    vertex 11.855087280273438 -48.5 17.07013702392578
    vertex 11.98236083984375 -49.5 18.068145751953125
    vertex 12.499998092651367 -49.5 18.0
  endloop
endfacet
facet normal 0.0 0.0 0.0
  outer loop
    vertex 13.0176362991333 -50.5 18.068145751953125
    vertex 13.0176362991333 -49.5 18.068145751953125
    vertex 12.499998092651367 -50.5 18.0
  endloop
endfacet
facet normal 0.0 0.0 0.0
  outer loop
    vertex 12.499998092651367 -50.5 18.0
    vertex 13.0176362991333 -49.5 18.068145751953125
    vertex 12.499998092651367 -49.5 18.0
  endloop
endfacet
facet normal 0.0 0.0 0.0
  outer loop
    vertex 12.499998092651367 -50.5 18.0
    vertex 12.499998092651367 -49.5 18.0
    vertex 11.98236083984375 -50.5 18.068145751953125
  endloop
endfacet
facet normal 0.0 0.0 0.0
  outer loop
    vertex 11.98236083984375 -50.5 18.068145751953125
    vertex 12.499998092651367 -49.5 18.0
    vertex 11.98236083984375 -49.5 18.068145751953125
  endloop
endfacet
facet normal 0.0 0.0 0.0
  outer loop
    vertex 11.98236083984375 -50.5 18.068145751953125
    vertex 11.98236083984375 -49.5 18.068145751953125
    vertex 11.499999046325684 -50.5 18.2679443359375
  endloop
endfacet
facet normal 0.0 0.0 0.0
  outer loop
    vertex 11.499999046325684 -50.5 18.2679443359375
    vertex 11.98236083984375 -49.5 18.068145751953125
    vertex 11.499999046325684 -49.5 18.2679443359375
  endloop
endfacet
facet normal 0.0 0.0 0.0
  outer loop
    vertex 11.499999046325684 -50.5 18.2679443359375
    vertex 11.499999046325684 -49.5 18.2679443359375
    vertex 11.085785865783691 -50.5 18.585783004760742
  endloop
endfacet
facet normal 0.0 0.0 0.0
  outer loop
    vertex 11.085785865783691 -50.5 18.585783004760742
    vertex 11.499999046325684 -49.5 18.2679443359375
    vertex 11.085785865783691 -49.5 18.585783004760742
  endloop
endfacet
facet normal 0.0 0.0 0.0
  outer loop
    vertex 11.085785865783691 -50.5 18.585783004760742
    vertex 11.085785865783691 -49.5 18.585783004760742
    vertex 10.767948150634766 -50.5 18.999998092651367
  endloop
endfacet
facet normal 0.0 0.0 0.0
  outer loop
    vertex 10.767948150634766 -50.5 18.999998092651367
    vertex 11.085785865783691 -49.5 18.585783004760742
    vertex 10.767948150634766 -49.5 18.999998092651367
  endloop
endfacet
facet normal 0.0 0.0 0.0
  outer loop
    vertex 10.767948150634766 -50.5 18.999998092651367
    vertex 10.767948150634766 -49.5 18.999998092651367
    vertex 10.568147659301758 -50.5 19.482358932495117
  endloop
endfacet
facet normal 0.0 0.0 0.0
  outer loop
    vertex 10.568147659301758 -50.5 19.482358932495117
    vertex 10.767948150634766 -49.5 18.999998092651367
    vertex 10.568147659301758 -49.5 19.482358932495117
  endloop
endfacet
facet normal 0.0 0.0 0.0
  outer loop
    vertex 10.568147659301758 -50.5 19.482358932495117
    vertex 10.568147659301758 -49.5 19.482358932495117
    vertex 10.499999046325684 -50.5 19.999998092651367
  endloop
endfacet
facet normal 0.0 0.0 0.0
  outer loop
    vertex 10.499999046325684 -50.5 19.999998092651367
    vertex 10.568147659301758 -49.5 19.482358932495117
    vertex 10.499999046325684 -49.5 19.999998092651367
  endloop
endfacet
facet normal 0.0 0.0 0.0
  outer loop
    vertex 10.499999046325684 -50.5 19.999998092651367
    vertex 10.499999046325684 -49.5 19.999998092651367
    vertex 10.568147659301758 -50.5 20.517637252807617
  endloop
endfacet
facet normal 0.0 0.0 0.0
  outer loop
    vertex 10.568147659301758 -50.5 20.517637252807617
    vertex 10.499999046325684 -49.5 19.999998092651367
    vertex 10.568147659301758 -49.5 20.517637252807617
  endloop
endfacet
facet normal 0.0 0.0 0.0
  outer loop
    vertex 10.568147659301758 -50.5 20.517637252807617
    vertex 10.568147659301758 -49.5 20.517637252807617
    vertex 10.767948150634766 -50.5 20.999998092651367
  endloop
endfacet
facet normal 0.0 0.0 0.0
  outer loop
    vertex 10.767948150634766 -50.5 20.999998092651367
    vertex 10.568147659301758 -49.5 20.517637252807617
    vertex 10.767948150634766 -49.5 20.999998092651367
  endloop
endfacet
facet normal 0.0 0.0 0.0
  outer loop
    vertex 10.767948150634766 -50.5 20.999998092651367
    vertex 10.767948150634766 -49.5 20.999998092651367
    vertex 11.085785865783691 -50.5 21.414213180541992
  endloop
endfacet
facet normal 0.0 0.0 0.0
  outer loop
    vertex 11.085785865783691 -50.5 21.414213180541992
    vertex 10.767948150634766 -49.5 20.999998092651367
    vertex 11.085785865783691 -49.5 21.414213180541992
  endloop
endfacet
facet normal 0.0 0.0 0.0
  outer loop
    vertex 11.085785865783691 -50.5 21.414213180541992
    vertex 11.085785865783691 -49.5 21.414213180541992
    vertex 11.499999046325684 -50.5 21.732046127319336
  endloop
endfacet
facet normal 0.0 0.0 0.0
  outer loop
    vertex 11.499999046325684 -50.5 21.732046127319336
    vertex 11.085785865783691 -49.5 21.414213180541992
    vertex 11.499999046325684 -49.5 21.732046127319336
  endloop
endfacet
facet normal 0.0 0.0 0.0
  outer loop
    vertex 11.499999046325684 -50.5 21.732046127319336
    vertex 11.499999046325684 -49.5 21.732046127319336
    vertex 11.98236083984375 -50.5 21.931852340698242
  endloop
endfacet
facet normal 0.0 0.0 0.0
  outer loop
    vertex 11.98236083984375 -50.5 21.931852340698242
    vertex 11.499999046325684 -49.5 21.732046127319336
    vertex 11.98236083984375 -49.5 21.931852340698242
  endloop
endfacet
facet normal 0.0 0.0 0.0
  outer loop
    vertex 11.98236083984375 -50.5 21.931852340698242
    vertex 11.98236083984375 -49.5 21.931852340698242
    vertex 12.499998092651367 -50.5 21.999998092651367
  endloop
endfacet
facet normal 0.0 0.0 0.0
  outer loop
    vertex 12.499998092651367 -50.5 21.999998092651367
    vertex 11.98236083984375 -49.5 21.931852340698242
    vertex 12.499998092651367 -49.5 21.999998092651367
  endloop
endfacet
facet normal 0.0 0.0 0.0
  outer loop
    vertex 12.499998092651367 -50.5 21.999998092651367
    vertex 12.499998092651367 -49.5 21.999998092651367
    vertex 13.0176362991333 -50.5 21.931852340698242
  endloop
endfacet
facet normal 0.0 0.0 0.0
  outer loop
    vertex 13.0176362991333 -50.5 21.931852340698242
    vertex 12.499998092651367 -49.5 21.999998092651367
    vertex 13.0176362991333 -49.5 21.931852340698242
  endloop
endfacet
facet normal 0.0 0.0 0.0
  outer loop
    vertex 13.0176362991333 -50.5 21.931852340698242
    vertex 13.0176362991333 -49.5 21.931852340698242
    vertex 13.499998092651367 -50.5 21.732046127319336
  endloop
endfacet
facet normal 0.0 0.0 0.0
  outer loop
    vertex 13.499998092651367 -50.5 21.732046127319336
    vertex 13.0176362991333 -49.5 21.931852340698242
    vertex 13.499998092651367 -49.5 21.732046127319336
  endloop
endfacet
facet normal 0.0 0.0 0.0
  outer loop
    vertex 13.499998092651367 -50.5 21.732046127319336
    vertex 13.499998092651367 -49.5 21.732046127319336
    vertex 13.91421127319336 -50.5 21.414213180541992
  endloop
endfacet
facet normal 0.0 0.0 0.0
  outer loop
    vertex 13.91421127319336 -50.5 21.414213180541992
    vertex 13.499998092651367 -49.5 21.732046127319336
    vertex 13.91421127319336 -49.5 21.414213180541992
  endloop
endfacet
facet normal 0.0 0.0 0.0
  outer loop
    vertex 13.91421127319336 -50.5 21.414213180541992
    vertex 13.91421127319336 -49.5 21.414213180541992
    vertex 14.232048988342285 -50.5 20.999998092651367
  endloop
endfacet
facet normal 0.0 0.0 0.0
  outer loop
    vertex 14.232048988342285 -50.5 20.999998092651367
    vertex 13.91421127319336 -49.5 21.414213180541992
    vertex 14.232048988342285 -49.5 20.999998092651367
  endloop
endfacet
facet normal 0.0 0.0 0.0
  outer loop
    vertex 14.232048988342285 -50.5 20.999998092651367
    vertex 14.232048988342285 -49.5 20.999998092651367
    vertex 14.431849479675293 -50.5 20.517637252807617
  endloop
endfacet
facet normal 0.0 0.0 0.0
  outer loop
    vertex 14.431849479675293 -50.5 20.517637252807617
    vertex 14.232048988342285 -49.5 20.999998092651367
    vertex 14.431849479675293 -49.5 20.517637252807617
  endloop
endfacet
facet normal 0.0 0.0 0.0
  outer loop
    vertex 14.431849479675293 -50.5 20.517637252807617
    vertex 14.431849479675293 -49.5 20.517637252807617
    vertex 14.499998092651367 -50.5 19.999998092651367
  endloop
endfacet
facet normal 0.0 0.0 0.0
  outer loop
    vertex 14.499998092651367 -50.5 19.999998092651367
    vertex 14.431849479675293 -49.5 20.517637252807617
    vertex 14.499998092651367 -49.5 19.999998092651367
  endloop
endfacet
facet normal 0.0 0.0 0.0
  outer loop
    vertex 14.499998092651367 -50.5 19.999998092651367
    vertex 14.499998092651367 -49.5 19.999998092651367
    vertex 14.431849479675293 -50.5 19.482358932495117
  endloop
endfacet
facet normal 0.0 0.0 0.0
  outer loop
    vertex 14.431849479675293 -50.5 19.482358932495117
    vertex 14.499998092651367 -49.5 19.999998092651367
    vertex 14.431849479675293 -49.5 19.482358932495117
  endloop
endfacet
facet normal 0.0 0.0 0.0
  outer loop
    vertex 14.431849479675293 -50.5 19.482358932495117
    vertex 14.431849479675293 -49.5 19.482358932495117
    vertex 14.232048988342285 -50.5 18.999998092651367
  endloop
endfacet
facet normal 0.0 0.0 0.0
  outer loop
    vertex 14.232048988342285 -50.5 18.999998092651367
    vertex 14.431849479675293 -49.5 19.482358932495117
    vertex 14.232048988342285 -49.5 18.999998092651367
  endloop
endfacet
facet normal 0.0 0.0 0.0
  outer loop
    vertex 14.232048988342285 -50.5 18.999998092651367
    vertex 14.232048988342285 -49.5 18.999998092651367
    vertex 13.91421127319336 -50.5 18.585783004760742
  endloop
endfacet
facet normal 0.0 0.0 0.0
  outer loop
    vertex 13.91421127319336 -50.5 18.585783004760742
    vertex 14.232048988342285 -49.5 18.999998092651367
    vertex 13.91421127319336 -49.5 18.585783004760742
  endloop
endfacet
facet normal 0.0 0.0 0.0
  outer loop
    vertex 13.91421127319336 -50.5 18.585783004760742
    vertex 13.91421127319336 -49.5 18.585783004760742
    vertex 13.499998092651367 -50.5 18.2679443359375
  endloop
endfacet
facet normal 0.0 0.0 0.0
  outer loop
    vertex 13.499998092651367 -50.5 18.2679443359375
    vertex 13.91421127319336 -49.5 18.585783004760742
    vertex 13.499998092651367 -49.5 18.2679443359375
  endloop
endfacet
facet normal 0.0 0.0 0.0
  outer loop
    vertex 13.499998092651367 -50.5 18.2679443359375
    vertex 13.499998092651367 -49.5 18.2679443359375
    vertex 13.0176362991333 -50.5 18.068145751953125
  endloop
endfacet
facet normal 0.0 0.0 0.0
  outer loop
    vertex 13.0176362991333 -50.5 18.068145751953125
    vertex 13.499998092651367 -49.5 18.2679443359375
    vertex 13.0176362991333 -49.5 18.068145751953125
  endloop
endfacet
facet normal 0.0 0.0 0.0
  outer loop
    vertex 6.999999523162842 38.0 9.5367431640625e-07
    vertex 6.999999046325684 38.0 9.0
    vertex 6.932748317718506 38.68281555175781 9.5367431640625e-07
  endloop
endfacet
facet normal 0.0 0.0 0.0
  outer loop
    vertex 6.932748317718506 38.68281555175781 9.5367431640625e-07
    vertex 6.999999046325684 38.0 9.0
    vertex 6.932747840881348 38.68281555175781 9.0
  endloop
endfacet
facet normal 0.0 0.0 0.0
  outer loop
    vertex 6.932748317718506 38.68281555175781 9.5367431640625e-07
    vertex 6.932747840881348 38.68281555175781 9.0
    vertex 6.733578205108643 39.339393615722656 9.5367431640625e-07
  endloop
endfacet
facet normal 0.0 0.0 0.0
  outer loop
    vertex 6.733578205108643 39.339393615722656 9.5367431640625e-07
    vertex 6.932747840881348 38.68281555175781 9.0
    vertex 6.733577728271484 39.339393615722656 9.0
  endloop
endfacet
facet normal 0.0 0.0 0.0
  outer loop
    vertex 6.733578205108643 39.339393615722656 9.5367431640625e-07
    vertex 6.733577728271484 39.339393615722656 9.0
    vertex 6.4101433753967285 39.944496154785156 9.5367431640625e-07
  endloop
endfacet
facet normal 0.0 0.0 0.0
  outer loop
    vertex 6.4101433753967285 39.944496154785156 9.5367431640625e-07
    vertex 6.733577728271484 39.339393615722656 9.0
    vertex 6.41014289855957 39.944496154785156 9.0
  endloop
endfacet
facet normal 0.0 0.0 0.0
  outer loop
    vertex 6.4101433753967285 39.944496154785156 9.5367431640625e-07
    vertex 6.41014289855957 39.944496154785156 9.0
    vertex 5.974874019622803 40.47487258911133 9.5367431640625e-07
  endloop
endfacet
facet normal 0.0 0.0 0.0
  outer loop
    vertex 5.974874019622803 40.47487258911133 9.5367431640625e-07
    vertex 6.41014289855957 39.944496154785156 9.0
    vertex 5.9748735427856445 40.47487258911133 9.0
  endloop
endfacet
facet normal 0.0 0.0 0.0
  outer loop
    vertex 5.974874019622803 40.47487258911133 9.5367431640625e-07
    vertex 5.9748735427856445 40.47487258911133 9.0
    vertex 5.444496154785156 40.9101448059082 9.5367431640625e-07
  endloop
endfacet
facet normal 0.0 0.0 0.0
  outer loop
    vertex 5.444496154785156 40.9101448059082 9.5367431640625e-07
    vertex 5.9748735427856445 40.47487258911133 9.0
    vertex 5.444495677947998 40.9101448059082 9.0
  endloop
endfacet
facet normal 0.0 0.0 0.0
  outer loop
    vertex 5.444496154785156 40.9101448059082 9.5367431640625e-07
    vertex 5.444495677947998 40.9101448059082 9.0
    vertex 4.839392185211182 41.233577728271484 9.5367431640625e-07
  endloop
endfacet
facet normal 0.0 0.0 0.0
  outer loop
    vertex 4.839392185211182 41.233577728271484 9.5367431640625e-07
    vertex 5.444495677947998 40.9101448059082 9.0
    vertex 4.839391708374023 41.233577728271484 9.0
  endloop
endfacet
facet normal 0.0 0.0 0.0
  outer loop
    vertex 4.839392185211182 41.233577728271484 9.5367431640625e-07
    vertex 4.839391708374023 41.233577728271484 9.0
    vertex 4.182816505432129 41.43274688720703 9.5367431640625e-07
  endloop
endfacet
facet normal 0.0 0.0 0.0
  outer loop
    vertex 4.182816505432129 41.43274688720703 9.5367431640625e-07
    vertex 4.839391708374023 41.233577728271484 9.0
    vertex 4.182816028594971 41.43274688720703 9.0
  endloop
endfacet
facet normal 0.0 0.0 0.0
  outer loop
    vertex 4.182816505432129 41.43274688720703 9.5367431640625e-07
    vertex 4.182816028594971 41.43274688720703 9.0
    vertex 3.499999761581421 41.5 9.5367431640625e-07
  endloop
endfacet
facet normal 0.0 0.0 0.0
  outer loop
    vertex 3.499999761581421 41.5 9.5367431640625e-07
    vertex 4.182816028594971 41.43274688720703 9.0
    vertex 3.499999523162842 41.5 9.0
  endloop
endfacet
facet normal 0.0 0.0 0.0
  outer loop
    vertex 6.999999523162842 12.512348175048828 3.647430419921875
    vertex 6.999999523162842 21.78765296936035 3.647430419921875
    vertex 6.999999523162842 12.150001525878906 3.5997314453125
  endloop
endfacet
facet normal 0.0 0.0 0.0
  outer loop
    vertex 6.999999523162842 12.150001525878906 3.5997314453125
    vertex 6.999999523162842 21.78765296936035 3.647430419921875
    vertex 6.999999523162842 22.149999618530273 3.5997314453125
  endloop
endfacet
facet normal 0.0 0.0 0.0
  outer loop
    vertex 6.999999523162842 12.150001525878906 3.5997314453125
    vertex 6.999999523162842 22.149999618530273 3.5997314453125
    vertex 6.999999523162842 38.0 9.5367431640625e-07
  endloop
endfacet
facet normal 0.0 0.0 0.0
  outer loop
    vertex 6.999999523162842 38.0 9.5367431640625e-07
    vertex 6.999999523162842 22.149999618530273 3.5997314453125
    vertex 6.999999523162842 22.512346267700195 3.647430419921875
  endloop
endfacet
facet normal 0.0 0.0 0.0
  outer loop
    vertex 6.999999523162842 38.0 9.5367431640625e-07
    vertex 6.999999523162842 22.512346267700195 3.647430419921875
    vertex 6.999999523162842 22.850000381469727 3.78729248046875
  endloop
endfacet
facet normal 0.0 0.0 0.0
  outer loop
    vertex 6.999999523162842 21.78765296936035 3.647430419921875
    vertex 6.999999523162842 12.512348175048828 3.647430419921875
    vertex 6.999999523162842 21.450000762939453 3.78729248046875
  endloop
endfacet
facet normal 0.0 0.0 0.0
  outer loop
    vertex 6.999999523162842 21.450000762939453 3.78729248046875
    vertex 6.999999523162842 12.512348175048828 3.647430419921875
    vertex 6.999999523162842 12.849998474121094 3.78729248046875
  endloop
endfacet
facet normal 0.0 0.0 0.0
  outer loop
    vertex 6.999999523162842 21.450000762939453 3.78729248046875
    vertex 6.999999523162842 12.849998474121094 3.78729248046875
    vertex 6.999999046325684 21.160051345825195 4.0097808837890625
  endloop
endfacet
facet normal 0.0 0.0 0.0
  outer loop
    vertex 6.999999046325684 21.160051345825195 4.0097808837890625
    vertex 6.999999523162842 12.849998474121094 3.78729248046875
    vertex 6.999999046325684 13.139949798583984 4.0097808837890625
  endloop
endfacet
facet normal 0.0 0.0 0.0
  outer loop
    vertex 6.999999046325684 21.160051345825195 4.0097808837890625
    vertex 6.999999046325684 13.139949798583984 4.0097808837890625
    vertex 6.999999046325684 20.937564849853516 4.2997283935546875
  endloop
endfacet
facet normal 0.0 0.0 0.0
  outer loop
    vertex 6.999999046325684 20.937564849853516 4.2997283935546875
    vertex 6.999999046325684 13.139949798583984 4.0097808837890625
    vertex 6.999999046325684 13.362434387207031 4.2997283935546875
  endloop
endfacet
facet normal 0.0 0.0 0.0
  outer loop
    vertex 6.999999046325684 20.937564849853516 4.2997283935546875
    vertex 6.999999046325684 13.362434387207031 4.2997283935546875
    vertex 6.999999046325684 20.797704696655273 4.637382507324219
  endloop
endfacet
facet normal 0.0 0.0 0.0
  outer loop
    vertex 6.999999046325684 20.797704696655273 4.637382507324219
    vertex 6.999999046325684 13.362434387207031 4.2997283935546875
    vertex 6.999999046325684 13.502296447753906 4.637382507324219
  endloop
endfacet
facet normal 0.0 0.0 0.0
  outer loop
    vertex 6.999999046325684 20.797704696655273 4.637382507324219
    vertex 6.999999046325684 13.502296447753906 4.637382507324219
    vertex 6.999999046325684 20.75 4.999725341796875
  endloop
endfacet
facet normal 0.0 0.0 0.0
  outer loop
    vertex 6.999999046325684 20.75 4.999725341796875
    vertex 6.999999046325684 13.502296447753906 4.637382507324219
    vertex 6.999999046325684 13.549999237060547 4.999725341796875
  endloop
endfacet
facet normal 0.0 0.0 0.0
  outer loop
    vertex 6.999999046325684 20.75 4.999725341796875
    vertex 6.999999046325684 13.549999237060547 4.999725341796875
    vertex 6.999999046325684 20.797704696655273 5.3620758056640625
  endloop
endfacet
facet normal 0.0 0.0 0.0
  outer loop
    vertex 6.999999046325684 20.797704696655273 5.3620758056640625
    vertex 6.999999046325684 13.549999237060547 4.999725341796875
    vertex 6.999999046325684 13.502296447753906 5.3620758056640625
  endloop
endfacet
facet normal 0.0 0.0 0.0
  outer loop
    vertex 6.999999046325684 20.797704696655273 5.3620758056640625
    vertex 6.999999046325684 13.502296447753906 5.3620758056640625
    vertex 6.999999046325684 20.937564849853516 5.699729919433594
  endloop
endfacet
facet normal 0.0 0.0 0.0
  outer loop
    vertex 6.999999046325684 20.937564849853516 5.699729919433594
    vertex 6.999999046325684 13.502296447753906 5.3620758056640625
    vertex 6.999999046325684 13.362434387207031 5.699729919433594
  endloop
endfacet
facet normal 0.0 0.0 0.0
  outer loop
    vertex 6.999999046325684 20.937564849853516 5.699729919433594
    vertex 6.999999046325684 13.362434387207031 5.699729919433594
    vertex 6.999999046325684 21.160051345825195 5.989677429199219
  endloop
endfacet
facet normal 0.0 0.0 0.0
  outer loop
    vertex 6.999999046325684 21.160051345825195 5.989677429199219
    vertex 6.999999046325684 13.362434387207031 5.699729919433594
    vertex 6.999999046325684 13.139949798583984 5.989677429199219
  endloop
endfacet
facet normal 0.0 0.0 0.0
  outer loop
    vertex 6.999999046325684 21.160051345825195 5.989677429199219
    vertex 6.999999046325684 13.139949798583984 5.989677429199219
    vertex 6.999999046325684 21.450000762939453 6.212165832519531
  endloop
endfacet
facet normal 0.0 0.0 0.0
  outer loop
    vertex 6.999999046325684 21.450000762939453 6.212165832519531
    vertex 6.999999046325684 13.139949798583984 5.989677429199219
    vertex 6.999999046325684 12.849998474121094 6.212165832519531
  endloop
endfacet
facet normal 0.0 0.0 0.0
  outer loop
    vertex 6.999999046325684 21.450000762939453 6.212165832519531
    vertex 6.999999046325684 12.849998474121094 6.212165832519531
    vertex 6.999999046325684 21.78765296936035 6.352027893066406
  endloop
endfacet
facet normal 0.0 0.0 0.0
  outer loop
    vertex 6.999999046325684 21.78765296936035 6.352027893066406
    vertex 6.999999046325684 12.849998474121094 6.212165832519531
    vertex 6.999999046325684 12.512348175048828 6.352027893066406
  endloop
endfacet
facet normal 0.0 0.0 0.0
  outer loop
    vertex 6.999999046325684 21.78765296936035 6.352027893066406
    vertex 6.999999046325684 12.512348175048828 6.352027893066406
    vertex 6.999999046325684 22.149999618530273 6.399726867675781
  endloop
endfacet
facet normal 0.0 0.0 0.0
  outer loop
    vertex 6.999999046325684 22.149999618530273 6.399726867675781
    vertex 6.999999046325684 12.512348175048828 6.352027893066406
    vertex 6.999999046325684 12.150001525878906 6.399726867675781
  endloop
endfacet
facet normal 0.0 0.0 0.0
  outer loop
    vertex 6.999999046325684 22.149999618530273 6.399726867675781
    vertex 6.999999046325684 12.150001525878906 6.399726867675781
    vertex 6.999999046325684 38.0 9.0
  endloop
endfacet
facet normal 0.0 0.0 0.0
  outer loop
    vertex 6.999999046325684 38.0 9.0
    vertex 6.999999046325684 12.150001525878906 6.399726867675781
    vertex 6.999999046325684 -40.0 9.0
  endloop
endfacet
facet normal 0.0 0.0 0.0
  outer loop
    vertex 6.999999046325684 -40.0 9.0
    vertex 6.999999046325684 12.150001525878906 6.399726867675781
    vertex 6.999999046325684 11.787654876708984 6.352027893066406
  endloop
endfacet
facet normal 0.0 0.0 0.0
  outer loop
    vertex 6.999999046325684 -40.0 9.0
    vertex 6.999999046325684 11.787654876708984 6.352027893066406
    vertex 6.999999046325684 11.450000762939453 6.212165832519531
  endloop
endfacet
facet normal 0.0 0.0 0.0
  outer loop
    vertex 6.999999046325684 11.450000762939453 6.212165832519531
    vertex 6.999999046325684 11.160049438476562 5.989677429199219
    vertex 6.999999046325684 -40.0 9.0
  endloop
endfacet
facet normal 0.0 0.0 0.0
  outer loop
    vertex 6.999999046325684 -40.0 9.0
    vertex 6.999999046325684 11.160049438476562 5.989677429199219
    vertex 6.999999046325684 10.937564849853516 5.699729919433594
  endloop
endfacet
facet normal 0.0 0.0 0.0
  outer loop
    vertex 6.999999046325684 -40.0 9.0
    vertex 6.999999046325684 10.937564849853516 5.699729919433594
    vertex 6.999999046325684 10.79770278930664 5.3620758056640625
  endloop
endfacet
facet normal 0.0 0.0 0.0
  outer loop
    vertex 6.999999046325684 10.79770278930664 5.3620758056640625
    vertex 6.999999046325684 10.75 4.999725341796875
    vertex 6.999999046325684 -40.0 9.0
  endloop
endfacet
facet normal 0.0 0.0 0.0
  outer loop
    vertex 6.999999046325684 -40.0 9.0
    vertex 6.999999046325684 10.75 4.999725341796875
    vertex 6.999999046325684 10.79770278930664 4.637382507324219
  endloop
endfacet
facet normal 0.0 0.0 0.0
  outer loop
    vertex 6.999999046325684 -40.0 9.0
    vertex 6.999999046325684 10.79770278930664 4.637382507324219
    vertex 6.999999523162842 -40.0 9.5367431640625e-07
  endloop
endfacet
facet normal 0.0 0.0 0.0
  outer loop
    vertex 6.999999523162842 -40.0 9.5367431640625e-07
    vertex 6.999999046325684 10.79770278930664 4.637382507324219
    vertex 6.999999046325684 10.937564849853516 4.2997283935546875
  endloop
endfacet
facet normal 0.0 0.0 0.0
  outer loop
    vertex 6.999999523162842 -40.0 9.5367431640625e-07
    vertex 6.999999046325684 10.937564849853516 4.2997283935546875
    vertex 6.999999046325684 11.160049438476562 4.0097808837890625
  endloop
endfacet
facet normal 0.0 0.0 0.0
  outer loop
    vertex 6.999999046325684 11.160049438476562 4.0097808837890625
    vertex 6.999999523162842 11.450000762939453 3.78729248046875
    vertex 6.999999523162842 -40.0 9.5367431640625e-07
  endloop
endfacet
facet normal 0.0 0.0 0.0
  outer loop
    vertex 6.999999523162842 -40.0 9.5367431640625e-07
    vertex 6.999999523162842 11.450000762939453 3.78729248046875
    vertex 6.999999523162842 11.787654876708984 3.647430419921875
  endloop
endfacet
facet normal 0.0 0.0 0.0
  outer loop
    vertex 6.999999523162842 -40.0 9.5367431640625e-07
    vertex 6.999999523162842 11.787654876708984 3.647430419921875
    vertex 6.999999523162842 12.150001525878906 3.5997314453125
  endloop
endfacet
facet normal 0.0 0.0 0.0
  outer loop
    vertex 6.999999523162842 22.850000381469727 3.78729248046875
    vertex 6.999999046325684 23.139949798583984 4.0097808837890625
    vertex 6.999999523162842 38.0 9.5367431640625e-07
  endloop
endfacet
facet normal 0.0 0.0 0.0
  outer loop
    vertex 6.999999523162842 38.0 9.5367431640625e-07
    vertex 6.999999046325684 23.139949798583984 4.0097808837890625
    vertex 6.999999046325684 23.362436294555664 4.2997283935546875
  endloop
endfacet
facet normal 0.0 0.0 0.0
  outer loop
    vertex 6.999999523162842 38.0 9.5367431640625e-07
    vertex 6.999999046325684 23.362436294555664 4.2997283935546875
    vertex 6.999999046325684 23.502296447753906 4.637382507324219
  endloop
endfacet
facet normal 0.0 0.0 0.0
  outer loop
    vertex 6.999999523162842 38.0 9.5367431640625e-07
    vertex 6.999999046325684 23.502296447753906 4.637382507324219
    vertex 6.999999046325684 38.0 9.0
  endloop
endfacet
facet normal 0.0 0.0 0.0
  outer loop
    vertex 6.999999046325684 38.0 9.0
    vertex 6.999999046325684 23.502296447753906 4.637382507324219
    vertex 6.999999046325684 23.549999237060547 4.999725341796875
  endloop
endfacet
facet normal 0.0 0.0 0.0
  outer loop
    vertex 6.999999046325684 38.0 9.0
    vertex 6.999999046325684 23.549999237060547 4.999725341796875
    vertex 6.999999046325684 23.502296447753906 5.3620758056640625
  endloop
endfacet
facet normal 0.0 0.0 0.0
  outer loop
    vertex 6.999999046325684 23.502296447753906 5.3620758056640625
    vertex 6.999999046325684 23.362436294555664 5.699729919433594
    vertex 6.999999046325684 38.0 9.0
  endloop
endfacet
facet normal 0.0 0.0 0.0
  outer loop
    vertex 6.999999046325684 38.0 9.0
    vertex 6.999999046325684 23.362436294555664 5.699729919433594
    vertex 6.999999046325684 23.139949798583984 5.989677429199219
  endloop
endfacet
facet normal 0.0 0.0 0.0
  outer loop
    vertex 6.999999046325684 38.0 9.0
    vertex 6.999999046325684 23.139949798583984 5.989677429199219
    vertex 6.999999046325684 22.850000381469727 6.212165832519531
  endloop
endfacet
facet normal 0.0 0.0 0.0
  outer loop
    vertex 6.999999046325684 22.850000381469727 6.212165832519531
    vertex 6.999999046325684 22.512346267700195 6.352027893066406
    vertex 6.999999046325684 38.0 9.0
  endloop
endfacet
facet normal 0.0 0.0 0.0
  outer loop
    vertex 6.999999046325684 38.0 9.0
    vertex 6.999999046325684 22.512346267700195 6.352027893066406
    vertex 6.999999046325684 22.149999618530273 6.399726867675781
  endloop
endfacet
facet normal 0.0 0.0 0.0
  outer loop
    vertex 6.999999523162842 38.0 9.5367431640625e-07
    vertex 6.999999523162842 -40.0 9.5367431640625e-07
    vertex 6.999999523162842 12.150001525878906 3.5997314453125
  endloop
endfacet
facet normal 0.0 0.0 0.0
  outer loop
    vertex 3.499999761581421 -43.5 9.5367431640625e-07
    vertex 3.499999523162842 -43.5 9.0
    vertex 4.182816505432129 -43.43274688720703 9.5367431640625e-07
  endloop
endfacet
facet normal 0.0 0.0 0.0
  outer loop
    vertex 4.182816505432129 -43.43274688720703 9.5367431640625e-07
    vertex 3.499999523162842 -43.5 9.0
    vertex 4.182816028594971 -43.43274688720703 9.0
  endloop
endfacet
facet normal 0.0 0.0 0.0
  outer loop
    vertex 4.182816505432129 -43.43274688720703 9.5367431640625e-07
    vertex 4.182816028594971 -43.43274688720703 9.0
    vertex 4.839392185211182 -43.23358154296875 9.5367431640625e-07
  endloop
endfacet
facet normal 0.0 0.0 0.0
  outer loop
    vertex 4.839392185211182 -43.23358154296875 9.5367431640625e-07
    vertex 4.182816028594971 -43.43274688720703 9.0
    vertex 4.839391708374023 -43.23358154296875 9.0
  endloop
endfacet
facet normal 0.0 0.0 0.0
  outer loop
    vertex 4.839392185211182 -43.23358154296875 9.5367431640625e-07
    vertex 4.839391708374023 -43.23358154296875 9.0
    vertex 5.444496154785156 -42.91014099121094 9.5367431640625e-07
  endloop
endfacet
facet normal 0.0 0.0 0.0
  outer loop
    vertex 5.444496154785156 -42.91014099121094 9.5367431640625e-07
    vertex 4.839391708374023 -43.23358154296875 9.0
    vertex 5.444495677947998 -42.91014099121094 9.0
  endloop
endfacet
facet normal 0.0 0.0 0.0
  outer loop
    vertex 5.444496154785156 -42.91014099121094 9.5367431640625e-07
    vertex 5.444495677947998 -42.91014099121094 9.0
    vertex 5.974874019622803 -42.474876403808594 9.5367431640625e-07
  endloop
endfacet
facet normal 0.0 0.0 0.0
  outer loop
    vertex 5.974874019622803 -42.474876403808594 9.5367431640625e-07
    vertex 5.444495677947998 -42.91014099121094 9.0
    vertex 5.9748735427856445 -42.474876403808594 9.0
  endloop
endfacet
facet normal 0.0 0.0 0.0
  outer loop
    vertex 5.974874019622803 -42.474876403808594 9.5367431640625e-07
    vertex 5.9748735427856445 -42.474876403808594 9.0
    vertex 6.4101433753967285 -41.944496154785156 9.5367431640625e-07
  endloop
endfacet
facet normal 0.0 0.0 0.0
  outer loop
    vertex 6.4101433753967285 -41.944496154785156 9.5367431640625e-07
    vertex 5.9748735427856445 -42.474876403808594 9.0
    vertex 6.41014289855957 -41.944496154785156 9.0
  endloop
endfacet
facet normal 0.0 0.0 0.0
  outer loop
    vertex 6.4101433753967285 -41.944496154785156 9.5367431640625e-07
    vertex 6.41014289855957 -41.944496154785156 9.0
    vertex 6.733578205108643 -41.339393615722656 9.5367431640625e-07
  endloop
endfacet
facet normal 0.0 0.0 0.0
  outer loop
    vertex 6.733578205108643 -41.339393615722656 9.5367431640625e-07
    vertex 6.41014289855957 -41.944496154785156 9.0
    vertex 6.733577728271484 -41.339393615722656 9.0
  endloop
endfacet
facet normal 0.0 0.0 0.0
  outer loop
    vertex 6.733578205108643 -41.339393615722656 9.5367431640625e-07
    vertex 6.733577728271484 -41.339393615722656 9.0
    vertex 6.932748317718506 -40.68281555175781 9.5367431640625e-07
  endloop
endfacet
facet normal 0.0 0.0 0.0
  outer loop
    vertex 6.932748317718506 -40.68281555175781 9.5367431640625e-07
    vertex 6.733577728271484 -41.339393615722656 9.0
    vertex 6.932747840881348 -40.68281555175781 9.0
  endloop
endfacet
facet normal 0.0 0.0 0.0
  outer loop
    vertex 6.932748317718506 -40.68281555175781 9.5367431640625e-07
    vertex 6.932747840881348 -40.68281555175781 9.0
    vertex 6.999999523162842 -40.0 9.5367431640625e-07
  endloop
endfacet
facet normal 0.0 0.0 0.0
  outer loop
    vertex 6.999999523162842 -40.0 9.5367431640625e-07
    vertex 6.932747840881348 -40.68281555175781 9.0
    vertex 6.999999046325684 -40.0 9.0
  endloop
endfacet
facet normal 0.0 0.0 0.0
  outer loop
    vertex -3.5 -43.5 9.0
    vertex 3.499999523162842 -43.5 9.0
    vertex -3.499999761581421 -43.5 9.5367431640625e-07
  endloop
endfacet
facet normal 0.0 0.0 0.0
  outer loop
    vertex -3.499999761581421 -43.5 9.5367431640625e-07
    vertex 3.499999523162842 -43.5 9.0
    vertex 3.499999761581421 -43.5 9.5367431640625e-07
  endloop
endfacet
facet normal 0.0 0.0 0.0
  outer loop
    vertex -16.499998092651367 -50.5 24.999996185302734
    vertex -16.499998092651367 -49.5 24.999996185302734
    vertex -17.18281364440918 -50.5 24.932743072509766
  endloop
endfacet
facet normal 0.0 0.0 0.0
  outer loop
    vertex -17.18281364440918 -50.5 24.932743072509766
    vertex -16.499998092651367 -49.5 24.999996185302734
    vertex -17.18281364440918 -49.5 24.932743072509766
  endloop
endfacet
facet normal 0.0 0.0 0.0
  outer loop
    vertex -17.18281364440918 -50.5 24.932743072509766
    vertex -17.18281364440918 -49.5 24.932743072509766
    vertex -17.83938980102539 -50.5 24.733577728271484
  endloop
endfacet
facet normal 0.0 0.0 0.0
  outer loop
    vertex -17.83938980102539 -50.5 24.733577728271484
    vertex -17.18281364440918 -49.5 24.932743072509766
    vertex -17.83938980102539 -49.5 24.733577728271484
  endloop
endfacet
facet normal 0.0 0.0 0.0
  outer loop
    vertex -17.83938980102539 -50.5 24.733577728271484
    vertex -17.83938980102539 -49.5 24.733577728271484
    vertex -18.444494247436523 -50.5 24.410144805908203
  endloop
endfacet
facet normal 0.0 0.0 0.0
  outer loop
    vertex -18.444494247436523 -50.5 24.410144805908203
    vertex -17.83938980102539 -49.5 24.733577728271484
    vertex -18.444494247436523 -49.5 24.410144805908203
  endloop
endfacet
facet normal 0.0 0.0 0.0
  outer loop
    vertex -18.444494247436523 -50.5 24.410144805908203
    vertex -18.444494247436523 -49.5 24.410144805908203
    vertex -18.974872589111328 -50.5 23.974872589111328
  endloop
endfacet
facet normal 0.0 0.0 0.0
  outer loop
    vertex -18.974872589111328 -50.5 23.974872589111328
    vertex -18.444494247436523 -49.5 24.410144805908203
    vertex -18.974872589111328 -49.5 23.974872589111328
  endloop
endfacet
facet normal 0.0 0.0 0.0
  outer loop
    vertex -18.974872589111328 -50.5 23.974872589111328
    vertex -18.974872589111328 -49.5 23.974872589111328
    vertex -19.410140991210938 -50.5 23.44449234008789
  endloop
endfacet
facet normal 0.0 0.0 0.0
  outer loop
    vertex -19.410140991210938 -50.5 23.44449234008789
    vertex -18.974872589111328 -49.5 23.974872589111328
    vertex -19.410140991210938 -49.5 23.44449234008789
  endloop
endfacet
facet normal 0.0 0.0 0.0
  outer loop
    vertex -19.410140991210938 -50.5 23.44449234008789
    vertex -19.410140991210938 -49.5 23.44449234008789
    vertex -19.73357582092285 -50.5 22.83938980102539
  endloop
endfacet
facet normal 0.0 0.0 0.0
  outer loop
    vertex -19.73357582092285 -50.5 22.83938980102539
    vertex -19.410140991210938 -49.5 23.44449234008789
    vertex -19.73357582092285 -49.5 22.83938980102539
  endloop
endfacet
facet normal 0.0 0.0 0.0
  outer loop
    vertex -19.73357582092285 -50.5 22.83938980102539
    vertex -19.73357582092285 -49.5 22.83938980102539
    vertex -19.93274688720703 -50.5 22.182811737060547
  endloop
endfacet
facet normal 0.0 0.0 0.0
  outer loop
    vertex -19.93274688720703 -50.5 22.182811737060547
    vertex -19.73357582092285 -49.5 22.83938980102539
    vertex -19.93274688720703 -49.5 22.182811737060547
  endloop
endfacet
facet normal 0.0 0.0 0.0
  outer loop
    vertex -19.93274688720703 -50.5 22.182811737060547
    vertex -19.93274688720703 -49.5 22.182811737060547
    vertex -19.999998092651367 -50.5 21.499996185302734
  endloop
endfacet
facet normal 0.0 0.0 0.0
  outer loop
    vertex -19.999998092651367 -50.5 21.499996185302734
    vertex -19.93274688720703 -49.5 22.182811737060547
    vertex -19.999998092651367 -49.5 21.499996185302734
  endloop
endfacet
facet normal 0.0 0.0 0.0
  outer loop
    vertex 16.499998092651367 -49.5 24.999996185302734
    vertex -16.499998092651367 -49.5 24.999996185302734
    vertex 16.499998092651367 -50.5 24.999996185302734
  endloop
endfacet
facet normal 0.0 0.0 0.0
  outer loop
    vertex 16.499998092651367 -50.5 24.999996185302734
    vertex -16.499998092651367 -49.5 24.999996185302734
    vertex -16.499998092651367 -50.5 24.999996185302734
  endloop
endfacet
facet normal 0.0 0.0 0.0
  outer loop
    vertex 19.999998092651367 -50.5 21.5
    vertex 19.999998092651367 -49.5 21.5
    vertex 19.93274688720703 -50.5 22.182815551757812
  endloop
endfacet
facet normal 0.0 0.0 0.0
  outer loop
    vertex 19.93274688720703 -50.5 22.182815551757812
    vertex 19.999998092651367 -49.5 21.5
    vertex 19.93274688720703 -49.5 22.182815551757812
  endloop
endfacet
facet normal 0.0 0.0 0.0
  outer loop
    vertex 19.93274688720703 -50.5 22.182815551757812
    vertex 19.93274688720703 -49.5 22.182815551757812
    vertex 19.73357582092285 -50.5 22.839393615722656
  endloop
endfacet
facet normal 0.0 0.0 0.0
  outer loop
    vertex 19.73357582092285 -50.5 22.839393615722656
    vertex 19.93274688720703 -49.5 22.182815551757812
    vertex 19.73357582092285 -49.5 22.839393615722656
  endloop
endfacet
facet normal 0.0 0.0 0.0
  outer loop
    vertex 19.73357582092285 -50.5 22.839393615722656
    vertex 19.73357582092285 -49.5 22.839393615722656
    vertex 19.410140991210938 -50.5 23.444496154785156
  endloop
endfacet
facet normal 0.0 0.0 0.0
  outer loop
    vertex 19.410140991210938 -50.5 23.444496154785156
    vertex 19.73357582092285 -49.5 22.839393615722656
    vertex 19.410140991210938 -49.5 23.444496154785156
  endloop
endfacet
facet normal 0.0 0.0 0.0
  outer loop
    vertex 19.410140991210938 -50.5 23.444496154785156
    vertex 19.410140991210938 -49.5 23.444496154785156
    vertex 18.974872589111328 -50.5 23.974876403808594
  endloop
endfacet
facet normal 0.0 0.0 0.0
  outer loop
    vertex 18.974872589111328 -50.5 23.974876403808594
    vertex 19.410140991210938 -49.5 23.444496154785156
    vertex 18.974872589111328 -49.5 23.974876403808594
  endloop
endfacet
facet normal 0.0 0.0 0.0
  outer loop
    vertex 18.974872589111328 -50.5 23.974876403808594
    vertex 18.974872589111328 -49.5 23.974876403808594
    vertex 18.444494247436523 -50.5 24.41014862060547
  endloop
endfacet
facet normal 0.0 0.0 0.0
  outer loop
    vertex 18.444494247436523 -50.5 24.41014862060547
    vertex 18.974872589111328 -49.5 23.974876403808594
    vertex 18.444494247436523 -49.5 24.41014862060547
  endloop
endfacet
facet normal 0.0 0.0 0.0
  outer loop
    vertex 18.444494247436523 -50.5 24.41014862060547
    vertex 18.444494247436523 -49.5 24.41014862060547
    vertex 17.83938980102539 -50.5 24.733579635620117
  endloop
endfacet
facet normal 0.0 0.0 0.0
  outer loop
    vertex 17.83938980102539 -50.5 24.733579635620117
    vertex 18.444494247436523 -49.5 24.41014862060547
    vertex 17.83938980102539 -49.5 24.733579635620117
  endloop
endfacet
facet normal 0.0 0.0 0.0
  outer loop
    vertex 17.83938980102539 -50.5 24.733579635620117
    vertex 17.83938980102539 -49.5 24.733579635620117
    vertex 17.18281364440918 -50.5 24.932743072509766
  endloop
endfacet
facet normal 0.0 0.0 0.0
  outer loop
    vertex 17.18281364440918 -50.5 24.932743072509766
    vertex 17.83938980102539 -49.5 24.733579635620117
    vertex 17.18281364440918 -49.5 24.932743072509766
  endloop
endfacet
facet normal 0.0 0.0 0.0
  outer loop
    vertex 17.18281364440918 -50.5 24.932743072509766
    vertex 17.18281364440918 -49.5 24.932743072509766
    vertex 16.499998092651367 -50.5 24.999996185302734
  endloop
endfacet
facet normal 0.0 0.0 0.0
  outer loop
    vertex 16.499998092651367 -50.5 24.999996185302734
    vertex 17.18281364440918 -49.5 24.932743072509766
    vertex 16.499998092651367 -49.5 24.999996185302734
  endloop
endfacet
facet normal 0.0 0.0 0.0
  outer loop
    vertex 9.999999046325684 -45.0 9.0
    vertex 10.016852378845215 -45.34306335449219 9.02166748046875
    vertex 9.999999046325684 -45.0 9.5367431640625e-07
  endloop
endfacet
facet normal 0.0 0.0 0.0
  outer loop
    vertex 9.999999046325684 -45.0 9.5367431640625e-07
    vertex 10.016852378845215 -45.34306335449219 9.02166748046875
    vertex 10.06725025177002 -45.68281555175781 9.5367431640625e-07
  endloop
endfacet
facet normal 0.0 0.0 0.0
  outer loop
    vertex 10.06725025177002 -45.68281555175781 9.5367431640625e-07
    vertex 10.016852378845215 -45.34306335449219 9.02166748046875
    vertex 10.06725025177002 -45.68281555175781 9.086463928222656
  endloop
endfacet
facet normal 0.0 0.0 0.0
  outer loop
    vertex 10.06725025177002 -45.68281555175781 9.5367431640625e-07
    vertex 10.06725025177002 -45.68281555175781 9.086463928222656
    vertex 10.150708198547363 -46.01599884033203 9.193763732910156
  endloop
endfacet
facet normal 0.0 0.0 0.0
  outer loop
    vertex 10.06725025177002 -45.68281555175781 9.5367431640625e-07
    vertex 10.150708198547363 -46.01599884033203 9.193763732910156
    vertex 10.266420364379883 -46.339393615722656 9.5367431640625e-07
  endloop
endfacet
facet normal 0.0 0.0 0.0
  outer loop
    vertex 10.266420364379883 -46.339393615722656 9.5367431640625e-07
    vertex 10.150708198547363 -46.01599884033203 9.193763732910156
    vertex 10.266420364379883 -46.339393615722656 9.342544555664062
  endloop
endfacet
facet normal 0.0 0.0 0.0
  outer loop
    vertex 10.266420364379883 -46.339393615722656 9.5367431640625e-07
    vertex 10.266420364379883 -46.339393615722656 9.342544555664062
    vertex 10.413274765014648 -46.64988708496094 9.531356811523438
  endloop
endfacet
facet normal 0.0 0.0 0.0
  outer loop
    vertex 10.266420364379883 -46.339393615722656 9.5367431640625e-07
    vertex 10.413274765014648 -46.64988708496094 9.531356811523438
    vertex 10.589855194091797 -46.944496154785156 9.5367431640625e-07
  endloop
endfacet
facet normal 0.0 0.0 0.0
  outer loop
    vertex 10.589855194091797 -46.944496154785156 9.5367431640625e-07
    vertex 10.413274765014648 -46.64988708496094 9.531356811523438
    vertex 10.589855194091797 -46.944496154785156 9.758384704589844
  endloop
endfacet
facet normal 0.0 0.0 0.0
  outer loop
    vertex 10.589855194091797 -46.944496154785156 9.5367431640625e-07
    vertex 10.589855194091797 -46.944496154785156 9.758384704589844
    vertex 10.794462203979492 -47.220375061035156 10.021453857421875
  endloop
endfacet
facet normal 0.0 0.0 0.0
  outer loop
    vertex 10.589855194091797 -46.944496154785156 9.5367431640625e-07
    vertex 10.794462203979492 -47.220375061035156 10.021453857421875
    vertex 11.025125503540039 -47.474876403808594 9.5367431640625e-07
  endloop
endfacet
facet normal 0.0 0.0 0.0
  outer loop
    vertex 11.025125503540039 -47.474876403808594 9.5367431640625e-07
    vertex 10.794462203979492 -47.220375061035156 10.021453857421875
    vertex 11.025125503540039 -47.474876403808594 10.318016052246094
  endloop
endfacet
facet normal 0.0 0.0 0.0
  outer loop
    vertex 11.025125503540039 -47.474876403808594 9.5367431640625e-07
    vertex 11.025125503540039 -47.474876403808594 10.318016052246094
    vertex 11.279623031616211 -47.705535888671875 10.645225524902344
  endloop
endfacet
facet normal 0.0 0.0 0.0
  outer loop
    vertex 11.025125503540039 -47.474876403808594 9.5367431640625e-07
    vertex 11.279623031616211 -47.705535888671875 10.645225524902344
    vertex 11.555503845214844 -47.91014099121094 9.5367431640625e-07
  endloop
endfacet
facet normal 0.0 0.0 0.0
  outer loop
    vertex 11.555503845214844 -47.91014099121094 9.5367431640625e-07
    vertex 11.279623031616211 -47.705535888671875 10.645225524902344
    vertex 11.555503845214844 -47.91014099121094 10.999931335449219
  endloop
endfacet
facet normal 0.0 0.0 0.0
  outer loop
    vertex 11.555503845214844 -47.91014099121094 9.5367431640625e-07
    vertex 11.555503845214844 -47.91014099121094 10.999931335449219
    vertex 11.85011100769043 -48.08672332763672 11.378715515136719
  endloop
endfacet
facet normal 0.0 0.0 0.0
  outer loop
    vertex 11.555503845214844 -47.91014099121094 9.5367431640625e-07
    vertex 11.85011100769043 -48.08672332763672 11.378715515136719
    vertex 12.160606384277344 -48.23358154296875 9.5367431640625e-07
  endloop
endfacet
facet normal 0.0 0.0 0.0
  outer loop
    vertex 12.160606384277344 -48.23358154296875 9.5367431640625e-07
    vertex 11.85011100769043 -48.08672332763672 11.378715515136719
    vertex 12.160606384277344 -48.23358154296875 11.777922630310059
  endloop
endfacet
facet normal 0.0 0.0 0.0
  outer loop
    vertex 12.160606384277344 -48.23358154296875 9.5367431640625e-07
    vertex 12.160606384277344 -48.23358154296875 11.777922630310059
    vertex 12.484002113342285 -48.34928894042969 12.193717002868652
  endloop
endfacet
facet normal 0.0 0.0 0.0
  outer loop
    vertex 12.160606384277344 -48.23358154296875 9.5367431640625e-07
    vertex 12.484002113342285 -48.34928894042969 12.193717002868652
    vertex 12.817182540893555 -48.43274688720703 9.5367431640625e-07
  endloop
endfacet
facet normal 0.0 0.0 0.0
  outer loop
    vertex 12.817182540893555 -48.43274688720703 9.5367431640625e-07
    vertex 12.484002113342285 -48.34928894042969 12.193717002868652
    vertex 12.817182540893555 -48.43274688720703 12.622092247009277
  endloop
endfacet
facet normal 0.0 0.0 0.0
  outer loop
    vertex 12.817182540893555 -48.43274688720703 9.5367431640625e-07
    vertex 12.817182540893555 -48.43274688720703 12.622092247009277
    vertex 13.499998092651367 -48.5 9.5367431640625e-07
  endloop
endfacet
facet normal 0.0 0.0 0.0
  outer loop
    vertex 13.499998092651367 -48.5 9.5367431640625e-07
    vertex 12.817182540893555 -48.43274688720703 12.622092247009277
    vertex 13.499998092651367 -48.5 13.499999046325684
  endloop
endfacet
facet normal 0.0 0.0 0.0
  outer loop
    vertex -13.499998092651367 -48.5 13.499998092651367
    vertex -12.817182540893555 -48.43274688720703 12.622092247009277
    vertex -13.499998092651367 -48.5 9.5367431640625e-07
  endloop
endfacet
facet normal 0.0 0.0 0.0
  outer loop
    vertex -13.499998092651367 -48.5 9.5367431640625e-07
    vertex -12.817182540893555 -48.43274688720703 12.622092247009277
    vertex -12.817182540893555 -48.43274688720703 9.5367431640625e-07
  endloop
endfacet
facet normal 0.0 0.0 0.0
  outer loop
    vertex -12.817182540893555 -48.43274688720703 9.5367431640625e-07
    vertex -12.817182540893555 -48.43274688720703 12.622092247009277
    vertex -12.484002113342285 -48.34928894042969 12.193717002868652
  endloop
endfacet
facet normal 0.0 0.0 0.0
  outer loop
    vertex -12.817182540893555 -48.43274688720703 9.5367431640625e-07
    vertex -12.484002113342285 -48.34928894042969 12.193717002868652
    vertex -12.160606384277344 -48.23358154296875 9.5367431640625e-07
  endloop
endfacet
facet normal 0.0 0.0 0.0
  outer loop
    vertex -12.160606384277344 -48.23358154296875 9.5367431640625e-07
    vertex -12.484002113342285 -48.34928894042969 12.193717002868652
    vertex -12.160606384277344 -48.23358154296875 11.777922630310059
  endloop
endfacet
facet normal 0.0 0.0 0.0
  outer loop
    vertex -12.160606384277344 -48.23358154296875 9.5367431640625e-07
    vertex -12.160606384277344 -48.23358154296875 11.777922630310059
    vertex -11.85011100769043 -48.08672332763672 11.378714561462402
  endloop
endfacet
facet normal 0.0 0.0 0.0
  outer loop
    vertex -12.160606384277344 -48.23358154296875 9.5367431640625e-07
    vertex -11.85011100769043 -48.08672332763672 11.378714561462402
    vertex -11.555503845214844 -47.91014099121094 9.5367431640625e-07
  endloop
endfacet
facet normal 0.0 0.0 0.0
  outer loop
    vertex -11.555503845214844 -47.91014099121094 9.5367431640625e-07
    vertex -11.85011100769043 -48.08672332763672 11.378714561462402
    vertex -11.555503845214844 -47.91014099121094 10.999930381774902
  endloop
endfacet
facet normal 0.0 0.0 0.0
  outer loop
    vertex -11.555503845214844 -47.91014099121094 9.5367431640625e-07
    vertex -11.555503845214844 -47.91014099121094 10.999930381774902
    vertex -11.279623031616211 -47.705535888671875 10.645224571228027
  endloop
endfacet
facet normal 0.0 0.0 0.0
  outer loop
    vertex -11.555503845214844 -47.91014099121094 9.5367431640625e-07
    vertex -11.279623031616211 -47.705535888671875 10.645224571228027
    vertex -11.025125503540039 -47.474876403808594 9.5367431640625e-07
  endloop
endfacet
facet normal 0.0 0.0 0.0
  outer loop
    vertex -11.025125503540039 -47.474876403808594 9.5367431640625e-07
    vertex -11.279623031616211 -47.705535888671875 10.645224571228027
    vertex -11.025125503540039 -47.474876403808594 10.318015098571777
  endloop
endfacet
facet normal 0.0 0.0 0.0
  outer loop
    vertex -11.025125503540039 -47.474876403808594 9.5367431640625e-07
    vertex -11.025125503540039 -47.474876403808594 10.318015098571777
    vertex -10.794462203979492 -47.220375061035156 10.021452903747559
  endloop
endfacet
facet normal 0.0 0.0 0.0
  outer loop
    vertex -11.025125503540039 -47.474876403808594 9.5367431640625e-07
    vertex -10.794462203979492 -47.220375061035156 10.021452903747559
    vertex -10.589855194091797 -46.944496154785156 9.5367431640625e-07
  endloop
endfacet
facet normal 0.0 0.0 0.0
  outer loop
    vertex -10.589855194091797 -46.944496154785156 9.5367431640625e-07
    vertex -10.794462203979492 -47.220375061035156 10.021452903747559
    vertex -10.589855194091797 -46.944496154785156 9.758383750915527
  endloop
endfacet
facet normal 0.0 0.0 0.0
  outer loop
    vertex -10.589855194091797 -46.944496154785156 9.5367431640625e-07
    vertex -10.589855194091797 -46.944496154785156 9.758383750915527
    vertex -10.413274765014648 -46.64988708496094 9.531355857849121
  endloop
endfacet
facet normal 0.0 0.0 0.0
  outer loop
    vertex -10.589855194091797 -46.944496154785156 9.5367431640625e-07
    vertex -10.413274765014648 -46.64988708496094 9.531355857849121
    vertex -10.266420364379883 -46.339393615722656 9.5367431640625e-07
  endloop
endfacet
facet normal 0.0 0.0 0.0
  outer loop
    vertex -10.266420364379883 -46.339393615722656 9.5367431640625e-07
    vertex -10.413274765014648 -46.64988708496094 9.531355857849121
    vertex -10.266420364379883 -46.339393615722656 9.342543601989746
  endloop
endfacet
facet normal 0.0 0.0 0.0
  outer loop
    vertex -10.266420364379883 -46.339393615722656 9.5367431640625e-07
    vertex -10.266420364379883 -46.339393615722656 9.342543601989746
    vertex -10.150708198547363 -46.01599884033203 9.19376277923584
  endloop
endfacet
facet normal 0.0 0.0 0.0
  outer loop
    vertex -10.266420364379883 -46.339393615722656 9.5367431640625e-07
    vertex -10.150708198547363 -46.01599884033203 9.19376277923584
    vertex -10.06725025177002 -45.68281555175781 9.5367431640625e-07
  endloop
endfacet
facet normal 0.0 0.0 0.0
  outer loop
    vertex -10.06725025177002 -45.68281555175781 9.5367431640625e-07
    vertex -10.150708198547363 -46.01599884033203 9.19376277923584
    vertex -10.06725025177002 -45.68281555175781 9.08646297454834
  endloop
endfacet
facet normal 0.0 0.0 0.0
  outer loop
    vertex -10.06725025177002 -45.68281555175781 9.5367431640625e-07
    vertex -10.06725025177002 -45.68281555175781 9.08646297454834
    vertex -10.016852378845215 -45.34306335449219 9.021666526794434
  endloop
endfacet
facet normal 0.0 0.0 0.0
  outer loop
    vertex -9.999999046325684 -45.0 8.999999046325684
    vertex -9.999999046325684 -45.0 9.5367431640625e-07
    vertex -10.016852378845215 -45.34306335449219 9.021666526794434
  endloop
endfacet
facet normal 0.0 0.0 0.0
  outer loop
    vertex -10.016852378845215 -45.34306335449219 9.021666526794434
    vertex -9.999999046325684 -45.0 9.5367431640625e-07
    vertex -10.06725025177002 -45.68281555175781 9.5367431640625e-07
  endloop
endfacet
facet normal 0.0 0.0 0.0
  outer loop
    vertex 19.999998092651367 -49.5 1.9073486328125e-06
    vertex 19.999998092651367 -49.5 21.5
    vertex 19.999998092651367 -50.5 1.9073486328125e-06
  endloop
endfacet
facet normal 0.0 0.0 0.0
  outer loop
    vertex 19.999998092651367 -50.5 1.9073486328125e-06
    vertex 19.999998092651367 -49.5 21.5
    vertex 19.999998092651367 -50.5 21.5
  endloop
endfacet
facet normal 0.0 0.0 0.0
  outer loop
    vertex -17.18281364440918 -50.5 24.932743072509766
    vertex -13.499998092651367 -50.5 21.732046127319336
    vertex -16.499998092651367 -50.5 24.999996185302734
  endloop
endfacet
facet normal 0.0 0.0 0.0
  outer loop
    vertex -16.499998092651367 -50.5 24.999996185302734
    vertex -13.499998092651367 -50.5 21.732046127319336
    vertex -13.0176362991333 -50.5 21.931852340698242
  endloop
endfacet
facet normal 0.0 0.0 0.0
  outer loop
    vertex -16.499998092651367 -50.5 24.999996185302734
    vertex -13.0176362991333 -50.5 21.931852340698242
    vertex -12.499998092651367 -50.5 21.999998092651367
  endloop
endfacet
facet normal 0.0 0.0 0.0
  outer loop
    vertex -17.18281364440918 -50.5 24.932743072509766
    vertex -17.83938980102539 -50.5 24.733577728271484
    vertex -13.499998092651367 -50.5 21.732046127319336
  endloop
endfacet
facet normal 0.0 0.0 0.0
  outer loop
    vertex -13.499998092651367 -50.5 21.732046127319336
    vertex -17.83938980102539 -50.5 24.733577728271484
    vertex -18.444494247436523 -50.5 24.410144805908203
  endloop
endfacet
facet normal 0.0 0.0 0.0
  outer loop
    vertex -13.499998092651367 -50.5 21.732046127319336
    vertex -18.444494247436523 -50.5 24.410144805908203
    vertex -18.974872589111328 -50.5 23.974872589111328
  endloop
endfacet
facet normal 0.0 0.0 0.0
  outer loop
    vertex -13.499998092651367 -50.5 21.732046127319336
    vertex -18.974872589111328 -50.5 23.974872589111328
    vertex -13.91421127319336 -50.5 21.414213180541992
  endloop
endfacet
facet normal 0.0 0.0 0.0
  outer loop
    vertex -13.91421127319336 -50.5 21.414213180541992
    vertex -18.974872589111328 -50.5 23.974872589111328
    vertex -19.410140991210938 -50.5 23.44449234008789
  endloop
endfacet
facet normal 0.0 0.0 0.0
  outer loop
    vertex -13.91421127319336 -50.5 21.414213180541992
    vertex -19.410140991210938 -50.5 23.44449234008789
    vertex -19.73357582092285 -50.5 22.83938980102539
  endloop
endfacet
facet normal 0.0 0.0 0.0
  outer loop
    vertex -19.73357582092285 -50.5 22.83938980102539
    vertex -19.93274688720703 -50.5 22.182811737060547
    vertex -13.91421127319336 -50.5 21.414213180541992
  endloop
endfacet
facet normal 0.0 0.0 0.0
  outer loop
    vertex -13.91421127319336 -50.5 21.414213180541992
    vertex -19.93274688720703 -50.5 22.182811737060547
    vertex -14.232048988342285 -50.5 20.999998092651367
  endloop
endfacet
facet normal 0.0 0.0 0.0
  outer loop
    vertex -14.232048988342285 -50.5 20.999998092651367
    vertex -19.93274688720703 -50.5 22.182811737060547
    vertex -19.999998092651367 -50.5 21.499996185302734
  endloop
endfacet
facet normal 0.0 0.0 0.0
  outer loop
    vertex -14.232048988342285 -50.5 20.999998092651367
    vertex -19.999998092651367 -50.5 21.499996185302734
    vertex -14.431849479675293 -50.5 20.517637252807617
  endloop
endfacet
facet normal 0.0 0.0 0.0
  outer loop
    vertex -14.431849479675293 -50.5 20.517637252807617
    vertex -19.999998092651367 -50.5 21.499996185302734
    vertex -14.499998092651367 -50.5 19.999998092651367
  endloop
endfacet
facet normal 0.0 0.0 0.0
  outer loop
    vertex -14.499998092651367 -50.5 19.999998092651367
    vertex -19.999998092651367 -50.5 21.499996185302734
    vertex -14.431849479675293 -50.5 19.482358932495117
  endloop
endfacet
facet normal 0.0 0.0 0.0
  outer loop
    vertex -14.431849479675293 -50.5 19.482358932495117
    vertex -19.999998092651367 -50.5 21.499996185302734
    vertex -14.232048988342285 -50.5 18.999998092651367
  endloop
endfacet
facet normal 0.0 0.0 0.0
  outer loop
    vertex -14.232048988342285 -50.5 18.999998092651367
    vertex -19.999998092651367 -50.5 21.499996185302734
    vertex -13.91421127319336 -50.5 18.585783004760742
  endloop
endfacet
facet normal 0.0 0.0 0.0
  outer loop
    vertex -13.91421127319336 -50.5 18.585783004760742
    vertex -19.999998092651367 -50.5 21.499996185302734
    vertex -13.499998092651367 -50.5 18.267942428588867
  endloop
endfacet
facet normal 0.0 0.0 0.0
  outer loop
    vertex -13.499998092651367 -50.5 18.267942428588867
    vertex -19.999998092651367 -50.5 21.499996185302734
    vertex -19.999998092651367 -50.5 0.0
  endloop
endfacet
facet normal 0.0 0.0 0.0
  outer loop
    vertex -13.499998092651367 -50.5 18.267942428588867
    vertex -19.999998092651367 -50.5 0.0
    vertex -13.0176362991333 -50.5 18.068143844604492
  endloop
endfacet
facet normal 0.0 0.0 0.0
  outer loop
    vertex -13.0176362991333 -50.5 18.068143844604492
    vertex -19.999998092651367 -50.5 0.0
    vertex -12.499998092651367 -50.5 17.999998092651367
  endloop
endfacet
facet normal 0.0 0.0 0.0
  outer loop
    vertex -12.499998092651367 -50.5 17.999998092651367
    vertex -19.999998092651367 -50.5 0.0
    vertex -11.98236083984375 -50.5 18.068143844604492
  endloop
endfacet
facet normal 0.0 0.0 0.0
  outer loop
    vertex -11.98236083984375 -50.5 18.068143844604492
    vertex -19.999998092651367 -50.5 0.0
    vertex 19.999998092651367 -50.5 1.9073486328125e-06
  endloop
endfacet
facet normal 0.0 0.0 0.0
  outer loop
    vertex -11.98236083984375 -50.5 18.068143844604492
    vertex 19.999998092651367 -50.5 1.9073486328125e-06
    vertex 11.98236083984375 -50.5 18.068145751953125
  endloop
endfacet
facet normal 0.0 0.0 0.0
  outer loop
    vertex 11.98236083984375 -50.5 18.068145751953125
    vertex 19.999998092651367 -50.5 1.9073486328125e-06
    vertex 12.499998092651367 -50.5 18.0
  endloop
endfacet
facet normal 0.0 0.0 0.0
  outer loop
    vertex 12.499998092651367 -50.5 18.0
    vertex 19.999998092651367 -50.5 1.9073486328125e-06
    vertex 13.0176362991333 -50.5 18.068145751953125
  endloop
endfacet
facet normal 0.0 0.0 0.0
  outer loop
    vertex 13.0176362991333 -50.5 18.068145751953125
    vertex 19.999998092651367 -50.5 1.9073486328125e-06
    vertex 13.499998092651367 -50.5 18.2679443359375
  endloop
endfacet
facet normal 0.0 0.0 0.0
  outer loop
    vertex 13.499998092651367 -50.5 18.2679443359375
    vertex 19.999998092651367 -50.5 1.9073486328125e-06
    vertex 19.999998092651367 -50.5 21.5
  endloop
endfacet
facet normal 0.0 0.0 0.0
  outer loop
    vertex 13.499998092651367 -50.5 18.2679443359375
    vertex 19.999998092651367 -50.5 21.5
    vertex 13.91421127319336 -50.5 18.585783004760742
  endloop
endfacet
facet normal 0.0 0.0 0.0
  outer loop
    vertex 13.91421127319336 -50.5 18.585783004760742
    vertex 19.999998092651367 -50.5 21.5
    vertex 14.232048988342285 -50.5 18.999998092651367
  endloop
endfacet
facet normal 0.0 0.0 0.0
  outer loop
    vertex 14.232048988342285 -50.5 18.999998092651367
    vertex 19.999998092651367 -50.5 21.5
    vertex 14.431849479675293 -50.5 19.482358932495117
  endloop
endfacet
facet normal 0.0 0.0 0.0
  outer loop
    vertex 14.431849479675293 -50.5 19.482358932495117
    vertex 19.999998092651367 -50.5 21.5
    vertex 14.499998092651367 -50.5 19.999998092651367
  endloop
endfacet
facet normal 0.0 0.0 0.0
  outer loop
    vertex 14.499998092651367 -50.5 19.999998092651367
    vertex 19.999998092651367 -50.5 21.5
    vertex 14.431849479675293 -50.5 20.517637252807617
  endloop
endfacet
facet normal 0.0 0.0 0.0
  outer loop
    vertex 14.431849479675293 -50.5 20.517637252807617
    vertex 19.999998092651367 -50.5 21.5
    vertex 14.232048988342285 -50.5 20.999998092651367
  endloop
endfacet
facet normal 0.0 0.0 0.0
  outer loop
    vertex 14.232048988342285 -50.5 20.999998092651367
    vertex 19.999998092651367 -50.5 21.5
    vertex 19.93274688720703 -50.5 22.182815551757812
  endloop
endfacet
facet normal 0.0 0.0 0.0
  outer loop
    vertex 14.232048988342285 -50.5 20.999998092651367
    vertex 19.93274688720703 -50.5 22.182815551757812
    vertex 13.91421127319336 -50.5 21.414213180541992
  endloop
endfacet
facet normal 0.0 0.0 0.0
  outer loop
    vertex 13.91421127319336 -50.5 21.414213180541992
    vertex 19.93274688720703 -50.5 22.182815551757812
    vertex 19.73357582092285 -50.5 22.839393615722656
  endloop
endfacet
facet normal 0.0 0.0 0.0
  outer loop
    vertex 13.91421127319336 -50.5 21.414213180541992
    vertex 19.73357582092285 -50.5 22.839393615722656
    vertex 19.410140991210938 -50.5 23.444496154785156
  endloop
endfacet
facet normal 0.0 0.0 0.0
  outer loop
    vertex 19.410140991210938 -50.5 23.444496154785156
    vertex 18.974872589111328 -50.5 23.974876403808594
    vertex 13.91421127319336 -50.5 21.414213180541992
  endloop
endfacet
facet normal 0.0 0.0 0.0
  outer loop
    vertex 13.91421127319336 -50.5 21.414213180541992
    vertex 18.974872589111328 -50.5 23.974876403808594
    vertex 13.499998092651367 -50.5 21.732046127319336
  endloop
endfacet
facet normal 0.0 0.0 0.0
  outer loop
    vertex 13.499998092651367 -50.5 21.732046127319336
    vertex 18.974872589111328 -50.5 23.974876403808594
    vertex 18.444494247436523 -50.5 24.41014862060547
  endloop
endfacet
facet normal 0.0 0.0 0.0
  outer loop
    vertex 13.499998092651367 -50.5 21.732046127319336
    vertex 18.444494247436523 -50.5 24.41014862060547
    vertex 17.83938980102539 -50.5 24.733579635620117
  endloop
endfacet
facet normal 0.0 0.0 0.0
  outer loop
    vertex 17.83938980102539 -50.5 24.733579635620117
    vertex 17.18281364440918 -50.5 24.932743072509766
    vertex 13.499998092651367 -50.5 21.732046127319336
  endloop
endfacet
facet normal 0.0 0.0 0.0
  outer loop
    vertex 13.499998092651367 -50.5 21.732046127319336
    vertex 17.18281364440918 -50.5 24.932743072509766
    vertex 16.499998092651367 -50.5 24.999996185302734
  endloop
endfacet
facet normal 0.0 0.0 0.0
  outer loop
    vertex 13.499998092651367 -50.5 21.732046127319336
    vertex 16.499998092651367 -50.5 24.999996185302734
    vertex 13.0176362991333 -50.5 21.931852340698242
  endloop
endfacet
facet normal 0.0 0.0 0.0
  outer loop
    vertex 13.0176362991333 -50.5 21.931852340698242
    vertex 16.499998092651367 -50.5 24.999996185302734
    vertex 12.499998092651367 -50.5 21.999998092651367
  endloop
endfacet
facet normal 0.0 0.0 0.0
  outer loop
    vertex 12.499998092651367 -50.5 21.999998092651367
    vertex 16.499998092651367 -50.5 24.999996185302734
    vertex 11.98236083984375 -50.5 21.931852340698242
  endloop
endfacet
facet normal 0.0 0.0 0.0
  outer loop
    vertex 11.98236083984375 -50.5 21.931852340698242
    vertex 16.499998092651367 -50.5 24.999996185302734
    vertex 11.499999046325684 -50.5 21.732046127319336
  endloop
endfacet
facet normal 0.0 0.0 0.0
  outer loop
    vertex 11.499999046325684 -50.5 21.732046127319336
    vertex 16.499998092651367 -50.5 24.999996185302734
    vertex -16.499998092651367 -50.5 24.999996185302734
  endloop
endfacet
facet normal 0.0 0.0 0.0
  outer loop
    vertex 11.499999046325684 -50.5 21.732046127319336
    vertex -16.499998092651367 -50.5 24.999996185302734
    vertex -11.499999046325684 -50.5 21.732046127319336
  endloop
endfacet
facet normal 0.0 0.0 0.0
  outer loop
    vertex -11.499999046325684 -50.5 21.732046127319336
    vertex -16.499998092651367 -50.5 24.999996185302734
    vertex -11.98236083984375 -50.5 21.931852340698242
  endloop
endfacet
facet normal 0.0 0.0 0.0
  outer loop
    vertex -11.98236083984375 -50.5 21.931852340698242
    vertex -16.499998092651367 -50.5 24.999996185302734
    vertex -12.499998092651367 -50.5 21.999998092651367
  endloop
endfacet
facet normal 0.0 0.0 0.0
  outer loop
    vertex 11.499999046325684 -50.5 21.732046127319336
    vertex -11.499999046325684 -50.5 21.732046127319336
    vertex 11.085785865783691 -50.5 21.414213180541992
  endloop
endfacet
facet normal 0.0 0.0 0.0
  outer loop
    vertex 11.085785865783691 -50.5 21.414213180541992
    vertex -11.499999046325684 -50.5 21.732046127319336
    vertex -11.085785865783691 -50.5 21.414213180541992
  endloop
endfacet
facet normal 0.0 0.0 0.0
  outer loop
    vertex 11.085785865783691 -50.5 21.414213180541992
    vertex -11.085785865783691 -50.5 21.414213180541992
    vertex 10.767948150634766 -50.5 20.999998092651367
  endloop
endfacet
facet normal 0.0 0.0 0.0
  outer loop
    vertex 10.767948150634766 -50.5 20.999998092651367
    vertex -11.085785865783691 -50.5 21.414213180541992
    vertex -10.767948150634766 -50.5 20.999998092651367
  endloop
endfacet
facet normal 0.0 0.0 0.0
  outer loop
    vertex 10.767948150634766 -50.5 20.999998092651367
    vertex -10.767948150634766 -50.5 20.999998092651367
    vertex 10.568147659301758 -50.5 20.517637252807617
  endloop
endfacet
facet normal 0.0 0.0 0.0
  outer loop
    vertex 10.568147659301758 -50.5 20.517637252807617
    vertex -10.767948150634766 -50.5 20.999998092651367
    vertex -10.568147659301758 -50.5 20.517637252807617
  endloop
endfacet
facet normal 0.0 0.0 0.0
  outer loop
    vertex 10.568147659301758 -50.5 20.517637252807617
    vertex -10.568147659301758 -50.5 20.517637252807617
    vertex 10.499999046325684 -50.5 19.999998092651367
  endloop
endfacet
facet normal 0.0 0.0 0.0
  outer loop
    vertex 10.499999046325684 -50.5 19.999998092651367
    vertex -10.568147659301758 -50.5 20.517637252807617
    vertex -10.499999046325684 -50.5 19.999998092651367
  endloop
endfacet
facet normal 0.0 0.0 0.0
  outer loop
    vertex 10.499999046325684 -50.5 19.999998092651367
    vertex -10.499999046325684 -50.5 19.999998092651367
    vertex 10.568147659301758 -50.5 19.482358932495117
  endloop
endfacet
facet normal 0.0 0.0 0.0
  outer loop
    vertex 10.568147659301758 -50.5 19.482358932495117
    vertex -10.499999046325684 -50.5 19.999998092651367
    vertex -10.568147659301758 -50.5 19.482358932495117
  endloop
endfacet
facet normal 0.0 0.0 0.0
  outer loop
    vertex 10.568147659301758 -50.5 19.482358932495117
    vertex -10.568147659301758 -50.5 19.482358932495117
    vertex 10.767948150634766 -50.5 18.999998092651367
  endloop
endfacet
facet normal 0.0 0.0 0.0
  outer loop
    vertex 10.767948150634766 -50.5 18.999998092651367
    vertex -10.568147659301758 -50.5 19.482358932495117
    vertex -10.767948150634766 -50.5 18.999998092651367
  endloop
endfacet
facet normal 0.0 0.0 0.0
  outer loop
    vertex 10.767948150634766 -50.5 18.999998092651367
    vertex -10.767948150634766 -50.5 18.999998092651367
    vertex 11.085785865783691 -50.5 18.585783004760742
  endloop
endfacet
facet normal 0.0 0.0 0.0
  outer loop
    vertex 11.085785865783691 -50.5 18.585783004760742
    vertex -10.767948150634766 -50.5 18.999998092651367
    vertex -11.085785865783691 -50.5 18.585783004760742
  endloop
endfacet
facet normal 0.0 0.0 0.0
  outer loop
    vertex 11.085785865783691 -50.5 18.585783004760742
    vertex -11.085785865783691 -50.5 18.585783004760742
    vertex 11.499999046325684 -50.5 18.2679443359375
  endloop
endfacet
facet normal 0.0 0.0 0.0
  outer loop
    vertex 11.499999046325684 -50.5 18.2679443359375
    vertex -11.085785865783691 -50.5 18.585783004760742
    vertex -11.499999046325684 -50.5 18.267942428588867
  endloop
endfacet
facet normal 0.0 0.0 0.0
  outer loop
    vertex 11.499999046325684 -50.5 18.2679443359375
    vertex -11.499999046325684 -50.5 18.267942428588867
    vertex 11.98236083984375 -50.5 18.068145751953125
  endloop
endfacet
facet normal 0.0 0.0 0.0
  outer loop
    vertex 11.98236083984375 -50.5 18.068145751953125
    vertex -11.499999046325684 -50.5 18.267942428588867
    vertex -11.98236083984375 -50.5 18.068143844604492
  endloop
endfacet
facet normal 0.0 0.0 0.0
  outer loop
    vertex 13.499998092651367 -48.5 9.5367431640625e-07
    vertex 18.999998092651367 -48.5 1.9073486328125e-06
    vertex 19.999998092651367 -50.5 1.9073486328125e-06
  endloop
endfacet
facet normal 0.0 0.0 0.0
  outer loop
    vertex 19.999998092651367 -50.5 1.9073486328125e-06
    vertex 18.999998092651367 -48.5 1.9073486328125e-06
    vertex 19.258817672729492 -48.53407287597656 1.9073486328125e-06
  endloop
endfacet
facet normal 0.0 0.0 0.0
  outer loop
    vertex 19.999998092651367 -50.5 1.9073486328125e-06
    vertex 19.258817672729492 -48.53407287597656 1.9073486328125e-06
    vertex 19.499998092651367 -48.63397216796875 1.9073486328125e-06
  endloop
endfacet
facet normal 0.0 0.0 0.0
  outer loop
    vertex 19.499998092651367 -48.63397216796875 1.9073486328125e-06
    vertex 19.70710563659668 -48.79289245605469 1.9073486328125e-06
    vertex 19.999998092651367 -50.5 1.9073486328125e-06
  endloop
endfacet
facet normal 0.0 0.0 0.0
  outer loop
    vertex 19.999998092651367 -50.5 1.9073486328125e-06
    vertex 19.70710563659668 -48.79289245605469 1.9073486328125e-06
    vertex 19.866024017333984 -49.0 1.9073486328125e-06
  endloop
endfacet
facet normal 0.0 0.0 0.0
  outer loop
    vertex 19.999998092651367 -50.5 1.9073486328125e-06
    vertex 19.866024017333984 -49.0 1.9073486328125e-06
    vertex 19.999998092651367 -49.5 1.9073486328125e-06
  endloop
endfacet
facet normal 0.0 0.0 0.0
  outer loop
    vertex 19.999998092651367 -49.5 1.9073486328125e-06
    vertex 19.866024017333984 -49.0 1.9073486328125e-06
    vertex 19.965923309326172 -49.241180419921875 1.9073486328125e-06
  endloop
endfacet
facet normal 0.0 0.0 0.0
  outer loop
    vertex 13.499998092651367 -48.5 9.5367431640625e-07
    vertex 19.999998092651367 -50.5 1.9073486328125e-06
    vertex 12.817182540893555 -48.43274688720703 9.5367431640625e-07
  endloop
endfacet
facet normal 0.0 0.0 0.0
  outer loop
    vertex 12.817182540893555 -48.43274688720703 9.5367431640625e-07
    vertex 19.999998092651367 -50.5 1.9073486328125e-06
    vertex -19.999998092651367 -50.5 0.0
  endloop
endfacet
facet normal 0.0 0.0 0.0
  outer loop
    vertex 12.817182540893555 -48.43274688720703 9.5367431640625e-07
    vertex -19.999998092651367 -50.5 0.0
    vertex -12.817182540893555 -48.43274688720703 9.5367431640625e-07
  endloop
endfacet
facet normal 0.0 0.0 0.0
  outer loop
    vertex -12.817182540893555 -48.43274688720703 9.5367431640625e-07
    vertex -19.999998092651367 -50.5 0.0
    vertex -13.499998092651367 -48.5 9.5367431640625e-07
  endloop
endfacet
facet normal 0.0 0.0 0.0
  outer loop
    vertex -13.499998092651367 -48.5 9.5367431640625e-07
    vertex -19.999998092651367 -50.5 0.0
    vertex -18.999998092651367 -48.5 0.0
  endloop
endfacet
facet normal 0.0 0.0 0.0
  outer loop
    vertex -18.999998092651367 -48.5 0.0
    vertex -19.999998092651367 -50.5 0.0
    vertex -19.258817672729492 -48.53407287597656 0.0
  endloop
endfacet
facet normal 0.0 0.0 0.0
  outer loop
    vertex -19.258817672729492 -48.53407287597656 0.0
    vertex -19.999998092651367 -50.5 0.0
    vertex -19.499998092651367 -48.63397216796875 0.0
  endloop
endfacet
facet normal 0.0 0.0 0.0
  outer loop
    vertex -19.499998092651367 -48.63397216796875 0.0
    vertex -19.999998092651367 -50.5 0.0
    vertex -19.70710563659668 -48.79289245605469 0.0
  endloop
endfacet
facet normal 0.0 0.0 0.0
  outer loop
    vertex -19.70710563659668 -48.79289245605469 0.0
    vertex -19.999998092651367 -50.5 0.0
    vertex -19.866024017333984 -49.0 0.0
  endloop
endfacet
facet normal 0.0 0.0 0.0
  outer loop
    vertex -19.866024017333984 -49.0 0.0
    vertex -19.999998092651367 -50.5 0.0
    vertex -19.999998092651367 -49.5 0.0
  endloop
endfacet
facet normal 0.0 0.0 0.0
  outer loop
    vertex -19.866024017333984 -49.0 0.0
    vertex -19.999998092651367 -49.5 0.0
    vertex -19.965923309326172 -49.241180419921875 0.0
  endloop
endfacet
facet normal 0.0 0.0 0.0
  outer loop
    vertex 12.817182540893555 -48.43274688720703 9.5367431640625e-07
    vertex -12.817182540893555 -48.43274688720703 9.5367431640625e-07
    vertex 12.160606384277344 -48.23358154296875 9.5367431640625e-07
  endloop
endfacet
facet normal 0.0 0.0 0.0
  outer loop
    vertex 12.160606384277344 -48.23358154296875 9.5367431640625e-07
    vertex -12.817182540893555 -48.43274688720703 9.5367431640625e-07
    vertex -12.160606384277344 -48.23358154296875 9.5367431640625e-07
  endloop
endfacet
facet normal 0.0 0.0 0.0
  outer loop
    vertex 12.160606384277344 -48.23358154296875 9.5367431640625e-07
    vertex -12.160606384277344 -48.23358154296875 9.5367431640625e-07
    vertex 11.555503845214844 -47.91014099121094 9.5367431640625e-07
  endloop
endfacet
facet normal 0.0 0.0 0.0
  outer loop
    vertex 11.555503845214844 -47.91014099121094 9.5367431640625e-07
    vertex -12.160606384277344 -48.23358154296875 9.5367431640625e-07
    vertex -11.555503845214844 -47.91014099121094 9.5367431640625e-07
  endloop
endfacet
facet normal 0.0 0.0 0.0
  outer loop
    vertex 11.555503845214844 -47.91014099121094 9.5367431640625e-07
    vertex -11.555503845214844 -47.91014099121094 9.5367431640625e-07
    vertex 11.025125503540039 -47.474876403808594 9.5367431640625e-07
  endloop
endfacet
facet normal 0.0 0.0 0.0
  outer loop
    vertex 11.025125503540039 -47.474876403808594 9.5367431640625e-07
    vertex -11.555503845214844 -47.91014099121094 9.5367431640625e-07
    vertex -11.025125503540039 -47.474876403808594 9.5367431640625e-07
  endloop
endfacet
facet normal 0.0 0.0 0.0
  outer loop
    vertex 11.025125503540039 -47.474876403808594 9.5367431640625e-07
    vertex -11.025125503540039 -47.474876403808594 9.5367431640625e-07
    vertex 3.499999761581421 -43.5 9.5367431640625e-07
  endloop
endfacet
facet normal 0.0 0.0 0.0
  outer loop
    vertex 3.499999761581421 -43.5 9.5367431640625e-07
    vertex -11.025125503540039 -47.474876403808594 9.5367431640625e-07
    vertex -3.499999761581421 -43.5 9.5367431640625e-07
  endloop
endfacet
facet normal 0.0 0.0 0.0
  outer loop
    vertex -3.499999761581421 -43.5 9.5367431640625e-07
    vertex -11.025125503540039 -47.474876403808594 9.5367431640625e-07
    vertex -10.589855194091797 -46.944496154785156 9.5367431640625e-07
  endloop
endfacet
facet normal 0.0 0.0 0.0
  outer loop
    vertex -3.499999761581421 -43.5 9.5367431640625e-07
    vertex -10.589855194091797 -46.944496154785156 9.5367431640625e-07
    vertex -4.1828155517578125 -43.43274688720703 9.5367431640625e-07
  endloop
endfacet
facet normal 0.0 0.0 0.0
  outer loop
    vertex -4.1828155517578125 -43.43274688720703 9.5367431640625e-07
    vertex -10.589855194091797 -46.944496154785156 9.5367431640625e-07
    vertex -4.839391231536865 -43.23358154296875 9.5367431640625e-07
  endloop
endfacet
facet normal 0.0 0.0 0.0
  outer loop
    vertex -4.839391231536865 -43.23358154296875 9.5367431640625e-07
    vertex -10.589855194091797 -46.944496154785156 9.5367431640625e-07
    vertex -10.266420364379883 -46.339393615722656 9.5367431640625e-07
  endloop
endfacet
facet normal 0.0 0.0 0.0
  outer loop
    vertex -4.839391231536865 -43.23358154296875 9.5367431640625e-07
    vertex -10.266420364379883 -46.339393615722656 9.5367431640625e-07
    vertex -5.44449520111084 -42.91014099121094 9.5367431640625e-07
  endloop
endfacet
facet normal 0.0 0.0 0.0
  outer loop
    vertex -5.44449520111084 -42.91014099121094 9.5367431640625e-07
    vertex -10.266420364379883 -46.339393615722656 9.5367431640625e-07
    vertex -5.974873065948486 -42.474876403808594 9.5367431640625e-07
  endloop
endfacet
facet normal 0.0 0.0 0.0
  outer loop
    vertex -5.974873065948486 -42.474876403808594 9.5367431640625e-07
    vertex -10.266420364379883 -46.339393615722656 9.5367431640625e-07
    vertex -10.06725025177002 -45.68281555175781 9.5367431640625e-07
  endloop
endfacet
facet normal 0.0 0.0 0.0
  outer loop
    vertex -5.974873065948486 -42.474876403808594 9.5367431640625e-07
    vertex -10.06725025177002 -45.68281555175781 9.5367431640625e-07
    vertex -6.410142421722412 -41.944496154785156 9.5367431640625e-07
  endloop
endfacet
facet normal 0.0 0.0 0.0
  outer loop
    vertex -6.410142421722412 -41.944496154785156 9.5367431640625e-07
    vertex -10.06725025177002 -45.68281555175781 9.5367431640625e-07
    vertex -9.999999046325684 -45.0 9.5367431640625e-07
  endloop
endfacet
facet normal 0.0 0.0 0.0
  outer loop
    vertex -6.410142421722412 -41.944496154785156 9.5367431640625e-07
    vertex -9.999999046325684 -45.0 9.5367431640625e-07
    vertex -6.733577251434326 -41.339393615722656 9.5367431640625e-07
  endloop
endfacet
facet normal 0.0 0.0 0.0
  outer loop
    vertex -6.733577251434326 -41.339393615722656 9.5367431640625e-07
    vertex -9.999999046325684 -45.0 9.5367431640625e-07
    vertex -6.9327473640441895 -40.68281555175781 9.5367431640625e-07
  endloop
endfacet
facet normal 0.0 0.0 0.0
  outer loop
    vertex -6.9327473640441895 -40.68281555175781 9.5367431640625e-07
    vertex -9.999999046325684 -45.0 9.5367431640625e-07
    vertex -6.999998569488525 -40.0 9.5367431640625e-07
  endloop
endfacet
facet normal 0.0 0.0 0.0
  outer loop
    vertex -6.999998569488525 -40.0 9.5367431640625e-07
    vertex -9.999999046325684 -45.0 9.5367431640625e-07
    vertex -6.999998569488525 38.0 9.5367431640625e-07
  endloop
endfacet
facet normal 0.0 0.0 0.0
  outer loop
    vertex -6.999998569488525 38.0 9.5367431640625e-07
    vertex -9.999999046325684 -45.0 9.5367431640625e-07
    vertex -9.999999046325684 50.5 9.5367431640625e-07
  endloop
endfacet
facet normal 0.0 0.0 0.0
  outer loop
    vertex -6.999998569488525 38.0 9.5367431640625e-07
    vertex -9.999999046325684 50.5 9.5367431640625e-07
    vertex -6.9327473640441895 38.68281555175781 9.5367431640625e-07
  endloop
endfacet
facet normal 0.0 0.0 0.0
  outer loop
    vertex -6.9327473640441895 38.68281555175781 9.5367431640625e-07
    vertex -9.999999046325684 50.5 9.5367431640625e-07
    vertex -6.733577251434326 39.339393615722656 9.5367431640625e-07
  endloop
endfacet
facet normal 0.0 0.0 0.0
  outer loop
    vertex -6.733577251434326 39.339393615722656 9.5367431640625e-07
    vertex -9.999999046325684 50.5 9.5367431640625e-07
    vertex -6.410142421722412 39.944496154785156 9.5367431640625e-07
  endloop
endfacet
facet normal 0.0 0.0 0.0
  outer loop
    vertex -6.410142421722412 39.944496154785156 9.5367431640625e-07
    vertex -9.999999046325684 50.5 9.5367431640625e-07
    vertex -5.974873065948486 40.47487258911133 9.5367431640625e-07
  endloop
endfacet
facet normal 0.0 0.0 0.0
  outer loop
    vertex -5.974873065948486 40.47487258911133 9.5367431640625e-07
    vertex -9.999999046325684 50.5 9.5367431640625e-07
    vertex -5.44449520111084 40.9101448059082 9.5367431640625e-07
  endloop
endfacet
facet normal 0.0 0.0 0.0
  outer loop
    vertex -5.44449520111084 40.9101448059082 9.5367431640625e-07
    vertex -9.999999046325684 50.5 9.5367431640625e-07
    vertex -4.839391231536865 41.233577728271484 9.5367431640625e-07
  endloop
endfacet
facet normal 0.0 0.0 0.0
  outer loop
    vertex -4.839391231536865 41.233577728271484 9.5367431640625e-07
    vertex -9.999999046325684 50.5 9.5367431640625e-07
    vertex -4.1828155517578125 41.43274688720703 9.5367431640625e-07
  endloop
endfacet
facet normal 0.0 0.0 0.0
  outer loop
    vertex -4.1828155517578125 41.43274688720703 9.5367431640625e-07
    vertex -9.999999046325684 50.5 9.5367431640625e-07
    vertex -3.499999761581421 41.5 9.5367431640625e-07
  endloop
endfacet
facet normal 0.0 0.0 0.0
  outer loop
    vertex -3.499999761581421 41.5 9.5367431640625e-07
    vertex -9.999999046325684 50.5 9.5367431640625e-07
    vertex 9.999999046325684 50.5 9.5367431640625e-07
  endloop
endfacet
facet normal 0.0 0.0 0.0
  outer loop
    vertex -3.499999761581421 41.5 9.5367431640625e-07
    vertex 9.999999046325684 50.5 9.5367431640625e-07
    vertex 3.499999761581421 41.5 9.5367431640625e-07
  endloop
endfacet
facet normal 0.0 0.0 0.0
  outer loop
    vertex 3.499999761581421 41.5 9.5367431640625e-07
    vertex 9.999999046325684 50.5 9.5367431640625e-07
    vertex 4.182816505432129 41.43274688720703 9.5367431640625e-07
  endloop
endfacet
facet normal 0.0 0.0 0.0
  outer loop
    vertex 4.182816505432129 41.43274688720703 9.5367431640625e-07
    vertex 9.999999046325684 50.5 9.5367431640625e-07
    vertex 4.839392185211182 41.233577728271484 9.5367431640625e-07
  endloop
endfacet
facet normal 0.0 0.0 0.0
  outer loop
    vertex 4.839392185211182 41.233577728271484 9.5367431640625e-07
    vertex 9.999999046325684 50.5 9.5367431640625e-07
    vertex 5.444496154785156 40.9101448059082 9.5367431640625e-07
  endloop
endfacet
facet normal 0.0 0.0 0.0
  outer loop
    vertex 5.444496154785156 40.9101448059082 9.5367431640625e-07
    vertex 9.999999046325684 50.5 9.5367431640625e-07
    vertex 5.974874019622803 40.47487258911133 9.5367431640625e-07
  endloop
endfacet
facet normal 0.0 0.0 0.0
  outer loop
    vertex 5.974874019622803 40.47487258911133 9.5367431640625e-07
    vertex 9.999999046325684 50.5 9.5367431640625e-07
    vertex 6.4101433753967285 39.944496154785156 9.5367431640625e-07
  endloop
endfacet
facet normal 0.0 0.0 0.0
  outer loop
    vertex 6.4101433753967285 39.944496154785156 9.5367431640625e-07
    vertex 9.999999046325684 50.5 9.5367431640625e-07
    vertex 6.733578205108643 39.339393615722656 9.5367431640625e-07
  endloop
endfacet
facet normal 0.0 0.0 0.0
  outer loop
    vertex 6.733578205108643 39.339393615722656 9.5367431640625e-07
    vertex 9.999999046325684 50.5 9.5367431640625e-07
    vertex 6.932748317718506 38.68281555175781 9.5367431640625e-07
  endloop
endfacet
facet normal 0.0 0.0 0.0
  outer loop
    vertex 6.932748317718506 38.68281555175781 9.5367431640625e-07
    vertex 9.999999046325684 50.5 9.5367431640625e-07
    vertex 6.999999523162842 38.0 9.5367431640625e-07
  endloop
endfacet
facet normal 0.0 0.0 0.0
  outer loop
    vertex 6.999999523162842 38.0 9.5367431640625e-07
    vertex 9.999999046325684 50.5 9.5367431640625e-07
    vertex 9.999999046325684 -45.0 9.5367431640625e-07
  endloop
endfacet
facet normal 0.0 0.0 0.0
  outer loop
    vertex 6.999999523162842 38.0 9.5367431640625e-07
    vertex 9.999999046325684 -45.0 9.5367431640625e-07
    vertex 6.999999523162842 -40.0 9.5367431640625e-07
  endloop
endfacet
facet normal 0.0 0.0 0.0
  outer loop
    vertex 6.999999523162842 -40.0 9.5367431640625e-07
    vertex 9.999999046325684 -45.0 9.5367431640625e-07
    vertex 6.932748317718506 -40.68281555175781 9.5367431640625e-07
  endloop
endfacet
facet normal 0.0 0.0 0.0
  outer loop
    vertex 6.932748317718506 -40.68281555175781 9.5367431640625e-07
    vertex 9.999999046325684 -45.0 9.5367431640625e-07
    vertex 6.733578205108643 -41.339393615722656 9.5367431640625e-07
  endloop
endfacet
facet normal 0.0 0.0 0.0
  outer loop
    vertex 6.733578205108643 -41.339393615722656 9.5367431640625e-07
    vertex 9.999999046325684 -45.0 9.5367431640625e-07
    vertex 6.4101433753967285 -41.944496154785156 9.5367431640625e-07
  endloop
endfacet
facet normal 0.0 0.0 0.0
  outer loop
    vertex 6.4101433753967285 -41.944496154785156 9.5367431640625e-07
    vertex 9.999999046325684 -45.0 9.5367431640625e-07
    vertex 10.06725025177002 -45.68281555175781 9.5367431640625e-07
  endloop
endfacet
facet normal 0.0 0.0 0.0
  outer loop
    vertex 6.4101433753967285 -41.944496154785156 9.5367431640625e-07
    vertex 10.06725025177002 -45.68281555175781 9.5367431640625e-07
    vertex 5.974874019622803 -42.474876403808594 9.5367431640625e-07
  endloop
endfacet
facet normal 0.0 0.0 0.0
  outer loop
    vertex 5.974874019622803 -42.474876403808594 9.5367431640625e-07
    vertex 10.06725025177002 -45.68281555175781 9.5367431640625e-07
    vertex 10.266420364379883 -46.339393615722656 9.5367431640625e-07
  endloop
endfacet
facet normal 0.0 0.0 0.0
  outer loop
    vertex 5.974874019622803 -42.474876403808594 9.5367431640625e-07
    vertex 10.266420364379883 -46.339393615722656 9.5367431640625e-07
    vertex 5.444496154785156 -42.91014099121094 9.5367431640625e-07
  endloop
endfacet
facet normal 0.0 0.0 0.0
  outer loop
    vertex 5.444496154785156 -42.91014099121094 9.5367431640625e-07
    vertex 10.266420364379883 -46.339393615722656 9.5367431640625e-07
    vertex 4.839392185211182 -43.23358154296875 9.5367431640625e-07
  endloop
endfacet
facet normal 0.0 0.0 0.0
  outer loop
    vertex 4.839392185211182 -43.23358154296875 9.5367431640625e-07
    vertex 10.266420364379883 -46.339393615722656 9.5367431640625e-07
    vertex 10.589855194091797 -46.944496154785156 9.5367431640625e-07
  endloop
endfacet
facet normal 0.0 0.0 0.0
  outer loop
    vertex 4.839392185211182 -43.23358154296875 9.5367431640625e-07
    vertex 10.589855194091797 -46.944496154785156 9.5367431640625e-07
    vertex 4.182816505432129 -43.43274688720703 9.5367431640625e-07
  endloop
endfacet
facet normal 0.0 0.0 0.0
  outer loop
    vertex 4.182816505432129 -43.43274688720703 9.5367431640625e-07
    vertex 10.589855194091797 -46.944496154785156 9.5367431640625e-07
    vertex 3.499999761581421 -43.5 9.5367431640625e-07
  endloop
endfacet
facet normal 0.0 0.0 0.0
  outer loop
    vertex 3.499999761581421 -43.5 9.5367431640625e-07
    vertex 10.589855194091797 -46.944496154785156 9.5367431640625e-07
    vertex 11.025125503540039 -47.474876403808594 9.5367431640625e-07
  endloop
endfacet
endsolid Uranium STLWriter Mon 11 May 2020 17:04:54
